id,priority_bucket,label,proved_entity_names,kinds,source_references,parts,vertices,triangles,auxiliary_data,clut_animations,readiness,blockers,shape_sha256,source_geometry_sha256
model-1485e1a04dd1940a,1-party,Dart,Dart,field-unresolved | party-field | world-map-party,451,15,293,484,False,False,research-required,Geometry replacement hook for field-unresolved | Geometry replacement hook for party-field | Geometry replacement hook for world-map-party | Topology needs inspection before surface refinement,049834fd7fdfe9e906ef9ee750983571c099fbf7e3b837df0d3680f17e3950d2,1485e1a04dd1940af2502f58fd3cf7e4b5ec428a35746526be1913a235d5ba7d
model-bcdd895126f2c3af,1-party,Rose,Rose,field-unresolved | party-field | world-map-party,122,17,297,485,False,False,research-required,Geometry replacement hook for field-unresolved | Geometry replacement hook for party-field | Geometry replacement hook for world-map-party,027f9b22d2dc0c872578ae0c8699f12e765af553cfbe20b3e4e0cbfc0ecce0cc,bcdd895126f2c3afa88fd332ca80bd485822bfd4079b218e4beaec33ae0c56c0
model-eaad0a4cfa98b71d,1-party,Lavitz,Lavitz,field-unresolved | party-field | world-map-party,119,15,268,448,False,False,research-required,Geometry replacement hook for field-unresolved | Geometry replacement hook for party-field | Geometry replacement hook for world-map-party,d05afe08c926cc6b5dfa969fda10e69bb3028b7c21328beadb0284bb83561f4e,eaad0a4cfa98b71d797e18d6aba0425fda465a401de26a4b7201d6c5c0ba54ff
model-ca3929aa6eb098e2,1-party,Shana,Shana,field-unresolved | party-field | world-map-party,114,15,297,490,False,False,research-required,Geometry replacement hook for field-unresolved | Geometry replacement hook for party-field | Geometry replacement hook for world-map-party,76487effe95e16b5cfecf5bfadab96db1dfe84759073ef5dcca595fc81fe34b5,ca3929aa6eb098e2f58b2730c47fc6e91e7fe1c6f38e32575f1f5cf854d9ee1f
model-1f8c77153a2bec70,1-party,Haschel,Haschel,field-unresolved | party-field | world-map-party,48,15,297,461,False,False,research-required,Geometry replacement hook for field-unresolved | Geometry replacement hook for party-field | Geometry replacement hook for world-map-party,a8d92441b234dc5a0ba760d8612b6dda51c9b26cb5083b552484df3fc4f2fcba,1f8c77153a2bec70f6696b8e10bfef094af417d2ad949365221cf55a1a22531c
model-24a9ab0146182850,1-party,Albert,Albert,field-unresolved | party-field | world-map-party,44,22,341,542,False,False,research-required,Geometry replacement hook for field-unresolved | Geometry replacement hook for party-field | Geometry replacement hook for world-map-party | Topology needs inspection before surface refinement,42890e81f6733b5f8e5b0dcd2539782e52cfe3af9073e9ef9801096e0f27f59e,24a9ab014618285009d9d1d6c208e90df439ed2279814adca01418d6a603dfb6
model-f4e798035d85c577,1-party,Kongol,Kongol,field-unresolved | party-field | world-map-party,44,17,328,510,False,False,research-required,Geometry replacement hook for field-unresolved | Geometry replacement hook for party-field | Geometry replacement hook for world-map-party | Topology needs inspection before surface refinement,eb4dced1e6ad8c0b0df5007f2e22389fe94b48eccabf513369d2519e6f89de13,f4e798035d85c577aff81a130bc780d3bbc055d70f632b8a793cfa1a3156ceb5
model-f9381aab4dea2e4a,1-party,Meru,Meru,field-unresolved | party-field | world-map-party,43,27,386,541,False,False,research-required,Geometry replacement hook for field-unresolved | Geometry replacement hook for party-field | Geometry replacement hook for world-map-party | Topology needs inspection before surface refinement,be4e660bbd090b8fdefe13d5dbde8ddd8802baabe74b09b8e642d3197eb9272c,f9381aab4dea2e4ac018ec84ea7bb1d71d0e765af9bd29b5c5e6c5c892992b59
model-b132b7c8de8a41ed,1-party,Miranda,Miranda,field-unresolved | party-field | world-map-party,29,15,313,504,False,False,research-required,Geometry replacement hook for field-unresolved | Geometry replacement hook for party-field | Geometry replacement hook for world-map-party,f0eab22d16bd7416dfed091177481fb0c6a477d177d3bcfcf13ab51e9f49e9bf,b132b7c8de8a41edafa1464821d263a0ef1e22455693448d7cd6de676ea4b12f
model-7d61feebbc1db9c7,1-party,Field object · Giganto Home / Nest of Dragon,,field-unresolved | world-map-party,13,15,286,468,False,False,research-required,Actor/prop identity needs confirmation; scene/effect names are context only | Geometry replacement hook for field-unresolved | Geometry replacement hook for world-map-party | Topology needs inspection before surface refinement,0f98081073fb456fd3bf2db023b997dd8e3bb4e1e7a7fd89657fa4b808c9b5c4,7d61feebbc1db9c7203c09cbacadfdeafaca5682fdfd57a7127af77edf4ce532
model-fc386a7c3a74ee42,2-story-npcs,Claire,Claire,field-unresolved | story-npc,4,18,300,462,False,False,research-required,Geometry replacement hook for field-unresolved | Geometry replacement hook for story-npc,9b60f64fe2f8d1d6726a6087167b69bf56ff2dd0419eac14198f0de5644e3486,fc386a7c3a74ee426f4c4ac106391afc51d12a1c83661c635081962b13ba7430
model-5b8e12f3eceb4f35,3-bosses-story-combatants,Light Sword / Michael (arm) / Michael (core) / Polter Armor / Polter Sword / S Virage(arm) / S Virage(body) / Shadow Blade,Light Sword | Michael (arm) | Michael (core) | Polter Armor | Polter Sword | S Virage(arm) | S Virage(body) | Shadow Blade,story-combatant,8,1,4,2,False,False,authoring-candidate,,e62171ccf4cbdbe5abf70ec595ddbc8c8543b2b1ab6520950f19f009fcc7b3ef,5b8e12f3eceb4f35907529c0880c1c4f68a802d32d59fd6c24eeb93e7df4f011
model-2274ec8d764f33a0,3-bosses-story-combatants,Albert,Albert,story-combatant | unresolved-container,4,21,509,874,False,False,research-required,Geometry replacement hook for unresolved-container | Topology needs inspection before surface refinement,878542f81c5b58266e9846f339a81f083b85718c6967ca7b29b6005cf8931a5d,2274ec8d764f33a0f84514c30be135937feddb03e5bb339e6f372b4818599f4d
model-4be582faf385940e,3-bosses-story-combatants,Hellena Warden,Hellena Warden,enemy | story-combatant,3,16,184,307,False,False,research-required,Topology needs inspection before surface refinement,f7539b7252cd5ca24729798c60dc600f34181640f927d5241085b2ddb881fa60,4be582faf385940e4a0f3f94f71b23a0a807e2d0e9a17d8a200269fdfa1945c8
model-b6fb1f5d4fcdd0cc,3-bosses-story-combatants,Mappi,Mappi,story-combatant | unresolved-container,3,23,371,621,False,False,research-required,Geometry replacement hook for unresolved-container | Topology needs inspection before surface refinement,8f216940bf72c08f317e7c0af572b04b7d275e41d55753c5af3c3c948c41082a,b6fb1f5d4fcdd0ccc289ed165d1cee7bcf7876259e0f7aa45adc267496d422f3
model-e85ba5343315bbf6,3-bosses-story-combatants,Tentacle,Tentacle,story-combatant,3,1,4,2,False,False,authoring-candidate,,f382311f28c4c1e0b8f64a9ca72c9cad2a38772d3de2de379b51bbeb1cb25ba6,e85ba5343315bbf6fe77adf39099d697883629d612e067f8dd5c7a0cb7493cd9
model-a91e2229269d5aa9,3-bosses-story-combatants,Crafty Thief,Crafty Thief,enemy | story-combatant,2,25,243,364,False,False,research-required,Topology needs inspection before surface refinement,b7961f9437635193c6c303dbbf3ac9cfb762ca8f38e56ec1cac968a827392626,a91e2229269d5aa95f213822100f20f97041a727e3b1087ad7b0876f275c3502
model-6d327e530d94bd87,3-bosses-story-combatants,Divine Ball / Divine Cannon,Divine Ball | Divine Cannon,story-combatant,2,1,4,2,False,False,authoring-candidate,,2a169a560717b6a687a47e2e59697bd3852a7148d147a9b7bc388999542b57ea,6d327e530d94bd875f1925ef24ac2262b7a99ba6558a039cfbc31305a2d89b5f
model-40c76cdd48d9baed,3-bosses-story-combatants,Divine Dragon,Divine Dragon,boss | unresolved-container,2,54,1066,1605,False,False,research-required,Geometry replacement hook for unresolved-container,14fdda961e054390f79e37de619b24121d20a12a9580d5bc42253af255fbc22a,40c76cdd48d9baed40515a8460aa8cd0a3df330ca2cbcc1b771d520fd3e9b646
model-5890c523d7420142,3-bosses-story-combatants,Gehrich,Gehrich,boss | unresolved-container,2,22,467,846,False,False,research-required,Geometry replacement hook for unresolved-container | Topology needs inspection before surface refinement,3feba67bbd3d848fd4cc6cc3d42cdf34dd447a3634a55357a0e970baff115562,5890c523d7420142fb3cef6c14d00d2aa2320e2895d10b7a20015c2d2b898ec4
model-f2431b5621f11357,3-bosses-story-combatants,Ghost Commander / Ghost Knight,Ghost Commander | Ghost Knight,story-combatant,2,22,228,326,False,False,authoring-candidate,,0325200489f67ba7df52efc40865bc733ef57daebbd22c6b7b7d4f71eb80383d,f2431b5621f11357bd34f3fee3eadc28322353603f83d7c4184d985f91b13873
model-64b6a906a68c8e62,3-bosses-story-combatants,Magician Faust,Magician Faust,story-combatant,2,20,517,916,True,False,research-required,Auxiliary/animated palette contract must be supported before replacement,5c0c2d7a1a758cac8ee1dde40b974af903043039dec16d9d43fdc30b6cf2b806,64b6a906a68c8e62201a3213e63e7e1c223092f2d91fdedb7a881aa4226bc617
model-419b762eadd66d5e,3-bosses-story-combatants,Melbu Frahma,Melbu Frahma,story-combatant,2,9,102,150,False,False,authoring-candidate,,b5180bbdfb8bb7cc7a7af1fd4101d562a7e3dd19af58c5e85383c54de497b728,419b762eadd66d5eeea30a0c9382cf92937516058f3c95a12d13d7c6f51f4eb6
model-6b63b98e615e0919,3-bosses-story-combatants,Melbu Frahma,Melbu Frahma,story-combatant | unresolved-container,2,40,631,1057,False,False,research-required,Geometry replacement hook for unresolved-container,84bd9487788b0b83fff9abed2d09e3dbf3fb724551b856974c39d6fd3017d7bf,6b63b98e615e0919c379c0781f31b168f3e9d3bd3861df06685a1d4012310160
model-a24fba3639dbd4f1,3-bosses-story-combatants,Melbu Frahma,Melbu Frahma,story-combatant | unresolved-container,2,12,278,502,False,False,research-required,Geometry replacement hook for unresolved-container,3d61fe0f0640ccd7f721a431a64461b8fc267caa87ceee5c5ce0a2b7bd8e9865,a24fba3639dbd4f124b65ce95ca73eff14b977eea33f3464667454e7388b889c
model-a924beb63ceb6375,3-bosses-story-combatants,Melbu Frahma,Melbu Frahma,story-combatant | unresolved-container,2,1,95,138,True,False,research-required,Auxiliary/animated palette contract must be supported before replacement | Geometry replacement hook for unresolved-container,2b649dbc883fd0cf1097c46b998931f1a8132b726b35c54a0f101f11fd3de4d5,a924beb63ceb63752060d0482e6d11556afdac4407784ba3a492518cda3d62b9
model-b58f0a5a78d67ead,3-bosses-story-combatants,Melbu Frahma,Melbu Frahma,story-combatant | unresolved-container,2,20,770,1461,False,False,research-required,Geometry replacement hook for unresolved-container,b8fe0d21f813d760d3d7bdb46b0759126e39460b727f1789b9d0f287e805318e,b58f0a5a78d67ead96bf6e986566a2a2cfbeaf3657da6768f1af284bd901a1b9
model-01732940ca2df9d9,3-bosses-story-combatants,S Virage(arm) / S Virage(body),S Virage(arm) | S Virage(body),story-combatant,2,1,4,2,False,False,authoring-candidate,,0609608bb89e035ab12701a20b4f85fb6769b4532d467b3f6ac1c584e895fe69,01732940ca2df9d9d37391bda369243b309ed26e3ed0d6230dde9493a8809d25
model-2e2f8ea7ef4daa83,3-bosses-story-combatants,Sandora Elite,Sandora Elite,story-combatant,2,25,346,520,False,False,authoring-candidate,,2b7c642a739670aa4a5339364a61c87aab5b58bcd256de5658b823b45d97c67e,2e2f8ea7ef4daa83cb69f5db3617d83c7b64f33267243ce39296fb297cdbddc7
model-f784def80238f22a,3-bosses-story-combatants,Senior Warden,Senior Warden,enemy | story-combatant,2,16,238,412,False,False,authoring-candidate,,f7b2329154739495a487ab85a73d998978f014bf3764c21d0692717841502be2,f784def80238f22add36816c3c07dbf60b629b34058bc1f176d2e307d3df7009
model-29d866e17f79c71e,3-bosses-story-combatants,Virage(arm) / Virage(body),Virage(arm) | Virage(body),story-combatant,2,1,4,2,False,False,authoring-candidate,,cef24b89af8e572feb14667996a4a7c269713d1f21ed281f4ec1ad41ca4f0fcc,29d866e17f79c71e44b21ca169fefcd7fdc00aefd8ca7e4732585613cba0eff0
model-5db5698868d2511c,3-bosses-story-combatants,Virage(arm) / Virage(body),Virage(arm) | Virage(body),story-combatant,2,1,4,2,False,False,authoring-candidate,,1765955ae1f6ffd1863366ca00bd160387991260459ff35b971b13521dbd3476,5db5698868d2511c3340fbfd2c7e867917a725d24ba7c7c7feaf1caa7a85fe1a
model-a532f54f2b4d4084,3-bosses-story-combatants,Virage(arm) / Virage(body),Virage(arm) | Virage(body),story-combatant,2,2,8,4,False,False,authoring-candidate,,fe64c33383dbadcd418ef455f9f6386306962441ebb29eb529a21000f518055b,a532f54f2b4d408415d33f3283e0a7eaf10c6c53afcad52b8d933c01794f0bd7
model-cfb1b37db9474d27,3-bosses-story-combatants,Virage(head),Virage(head),boss,2,41,865,1512,False,False,research-required,Topology needs inspection before surface refinement,fd2b7a6460c245adf5fa8c4c0e87f0e7859fc8dd1fc70dff54fc144f80b8a6bc,cfb1b37db9474d27113fe0fc688b2306ed23926efcfc761a70cbf67e6681f7a0
model-79f05fab3dafd9ff,3-bosses-story-combatants,Archangel,Archangel,story-combatant,1,56,869,1430,True,False,research-required,Auxiliary/animated palette contract must be supported before replacement | Topology needs inspection before surface refinement,8d25b25bb8484c38a09b8f9356f9c4875eaa72e128b5795832bea061fb51de5c,79f05fab3dafd9ffd4a71210791ad67363baded840eec7005d741b09f8439dc7
model-8e2fc4cf1ee4c979,3-bosses-story-combatants,Atlow,Atlow,story-combatant,1,43,584,918,False,False,authoring-candidate,,b948463cc1d747d107d83e5b5bb75ea34b0e2a9c3b3a31ea545054417c3cb9f4,8e2fc4cf1ee4c9791825b5b597a824d8c7a64ba2ce7b67eb5b9da8b6fffa77cb
model-a3252f95e23a1202,3-bosses-story-combatants,Belzac,Belzac,story-combatant,1,31,511,848,False,False,authoring-candidate,,d3a535e6d0ce353ee88c69ad2291ef0df2c801bdeffea66f0a5afee13b636b1c,a3252f95e23a1202577cace22be3e910678c2875f28dd7be0f031f4b59f604ac
model-c70ba607e6101bea,3-bosses-story-combatants,Bomb Star,Bomb Star,story-combatant,1,20,580,1037,False,False,authoring-candidate,,dd71189862bd00e60ffd5f8056966c457ab8e7eb03aaeb0e077e01b8623ad468,c70ba607e6101beae045eb811d41097bdf80767e7461cfcf8a0a1b7cc1d4e2a2
model-3e713e72d8cf1711,3-bosses-story-combatants,Bursting Ball,Bursting Ball,story-combatant,1,2,51,71,True,False,research-required,Auxiliary/animated palette contract must be supported before replacement,6f6f5699de2186ef0812e5875cf1d4a0819bfa10b271a15448b37da09e8d155b,3e713e72d8cf1711fed794ed83eb5fb7c4b26b8c2684c6724f918c7233ca3db8
model-4c95936a968a777e,3-bosses-story-combatants,Claire,Claire,story-combatant,1,15,421,730,False,False,authoring-candidate,,ca6d2cae9ff8887ed82af0d09c93575331785e92b15b0fbf660251665edc13ea,4c95936a968a777e10f4a32e83d16d252b04a80b0dfeaf87b9b118f27c068d35
model-b86eeb30430df25f,3-bosses-story-combatants,Claire,Claire,story-combatant,1,15,421,730,False,False,authoring-candidate,,97fe915774695a6c5b7a21545ccca6164bec8b36ef3a62fd25c9e51b646d7356,b86eeb30430df25f6d73c6935eb3713ff167396ac2bbffd84f04b5219b867add
model-118f54e6aa85b9b6,3-bosses-story-combatants,Cleone,Cleone,story-combatant,1,6,204,176,False,False,authoring-candidate,,402a446016f2ef6740e05e5433b0671d3690d32028c813026662e19be12723ac,118f54e6aa85b9b60d059b2987e1431bf11adb8776eb3ca44fb6733a20c20420
model-50f7a889cc6d9dc3,3-bosses-story-combatants,Commander,Commander,story-combatant,1,29,348,463,False,False,authoring-candidate,,f0954ef54c9a2096a12e26382839f41fe307eda629b8f24cf2783e569fc85176,50f7a889cc6d9dc385b62777ccef23d75b4dfd77d37720c115cd930576f89b7f
model-73d58352a3644d5a,3-bosses-story-combatants,Damia,Damia,story-combatant,1,29,543,896,False,False,authoring-candidate,,d33ef3778986b3915f5830d512337f120d50e9d7c5761d50d15b0c3b3703844a,73d58352a3644d5afb955c4353e7079f16cb077fde68c1e078ad246e9edebe9c
model-cb083bf483c485aa,3-bosses-story-combatants,Danton,Danton,story-combatant,1,26,572,929,False,False,authoring-candidate,,7eeaecb0af4fa994c061d1d68201a16dbc7bd0b894491aec6cb6d01980d6f6f4,cb083bf483c485aa4a5a296ec5fb8fed3b59d0d2f704fea0d9a6780dc3f4449d
model-81f61bd9e376f949,3-bosses-story-combatants,Dark Doel,Dark Doel,story-combatant,1,22,626,1112,False,False,research-required,Topology needs inspection before surface refinement,85cd2e55fd155514d76a72bd16e6cf845bb289b6ff2e346ed07c19c71af2fba0,81f61bd9e376f94920a43f6108fe57e08d16325c289b0da4315dd1aa8ac7e950
model-ac7cc93c72813eee,3-bosses-story-combatants,Death Rose,Death Rose,story-combatant,1,57,1076,1561,False,False,research-required,Topology needs inspection before surface refinement,f9094fcb5c5fc47054fa19934658bf4b5d153a77c8c915c3664dcf8ac70de6af,ac7cc93c72813eee558624f405c70d68140ca46edccd393d5e188ba2af92d7b5
model-e97ee1997eaefba7,3-bosses-story-combatants,Divine Dragoon Ghost,Divine Dragoon Ghost,story-combatant,1,54,1066,1611,True,False,research-required,Auxiliary/animated palette contract must be supported before replacement | Topology needs inspection before surface refinement,1d41fdd653d46d2ebb694c1a9b275ef4aed76891820e879ebf1452811ef1fc53,e97ee1997eaefba7cb96b762a212e1ffee20ee2b6c6ba632257a3dd2010d0fe1
model-0335e6566976b83a,3-bosses-story-combatants,Dragon Spirit,Dragon Spirit,story-combatant,1,14,308,468,False,False,research-required,Topology needs inspection before surface refinement,0b9ea786de95ff940ec3064f4cdb10e27efafe95713e1edbaac21818d59da205,0335e6566976b83ab9421f539cd4c05f1444e7ba83340aac62a12833c4a7d81f
model-4599a3954d6531ab,3-bosses-story-combatants,Dragon Spirit,Dragon Spirit,story-combatant,1,14,308,468,False,False,research-required,Topology needs inspection before surface refinement,e40f753a1a024f52be2704e1811711632124b545bac87d69919b8b957b9a63ee,4599a3954d6531ab67b6d7e7dac0ed871082a6aee7c07dee411dc6507112395c
model-f290b1e07dc88a9f,3-bosses-story-combatants,Dragon Spirit,Dragon Spirit,story-combatant,1,14,308,468,False,False,research-required,Topology needs inspection before surface refinement,8f1b2f1863fdd01665f389144ad69410f61a8b0c8d0d797a7656b562af60ae04,f290b1e07dc88a9f56e6c486f06fc053ff41894e1efa7dae154f980c75b38385
model-f54c22407f5d153a,3-bosses-story-combatants,Dragoon Doel,Dragoon Doel,boss,1,30,938,1531,True,False,research-required,Auxiliary/animated palette contract must be supported before replacement | Topology needs inspection before surface refinement,9c30b3954a4197c7b8e94ef5ee74ab4a47377238bc2c86dee88ee8844d866d77,f54c22407f5d153a7247fea08b10fdaaf5104418ca46a9832575480bbdf2dbb4
model-2dcd3fb8e30e2079,3-bosses-story-combatants,Drake the Bandit,Drake the Bandit,story-combatant,1,24,379,608,False,False,authoring-candidate,,50f0759e184ec090a5496de32198368afbf762dd80ec45d0164b129d062b361b,2dcd3fb8e30e2079604278d628351e329e5ec85f69f845bb297245501248c4e0
model-0a57b1bc133754b9,3-bosses-story-combatants,Emperor Doel,Emperor Doel,story-combatant,1,22,564,1012,False,False,research-required,Topology needs inspection before surface refinement,c600439fd2e5f802b0b3188447871f72b9c204255b27cb7bc9d5b23c55022ea9,0a57b1bc133754b9d05e56a65726c5d1cdc4e1c9d3d2dba63f6f19d14984784d
model-5692516762b11710,3-bosses-story-combatants,Feyrbrand,Feyrbrand,story-combatant,1,51,464,674,False,False,research-required,Topology needs inspection before surface refinement,5d75776b1ec316761fad36dfed31d0b028565f44c0ed006f15fb0d0b5fa0c16f,5692516762b11710b19e28e98f0b2cec22cfa4cbc8702241429dcd83458e2aff
model-dae411be44e51dbc,3-bosses-story-combatants,Fire Bird,Fire Bird,story-combatant,1,35,857,674,True,False,research-required,Auxiliary/animated palette contract must be supported before replacement,3e28c891988f080a967619a48df93ebf1d341bed02addca33c574c2eefac265b,dae411be44e51dbcb6d4decad48261dbab4e3b52f4fe5bcf11ea32ba352fd02a
model-07756d25c43d8faa,3-bosses-story-combatants,Fruegel,Fruegel,boss,1,26,487,702,False,False,research-required,Topology needs inspection before surface refinement,1510a0d9b8cf44d810f099c692b967986339dbdf11e42421dad8ae7dfb4af8f6,07756d25c43d8faa5b8c61532e7624fb08b5d1eda6216ffe24a318bc6c2772d6
model-d07d625b469f2619,3-bosses-story-combatants,Fruegel,Fruegel,story-combatant,1,24,455,646,False,False,research-required,Topology needs inspection before surface refinement,3777f6c000330a572acb9b113c3a31fd5a7da73295db7c27aa821aefc478548e,d07d625b469f2619d53acf88f4feb6f3abb69e89ab60bd7b95c8476fab6f38f4
model-d4a87b698feb9ffe,3-bosses-story-combatants,Ghost Regole,Ghost Regole,story-combatant,1,47,551,794,True,False,research-required,Auxiliary/animated palette contract must be supported before replacement | Topology needs inspection before surface refinement,e4bb537f554746f4acf16183471840c9ae50eac05865385630752108bde23a4c,d4a87b698feb9ffeec77160e8126ceee2358b938563f35c93fe949c0c60dbc48
model-011052210fc41d43,3-bosses-story-combatants,GhostFB,GhostFB,story-combatant,1,51,464,678,True,False,research-required,Auxiliary/animated palette contract must be supported before replacement | Topology needs inspection before surface refinement,bde07774feee2e817ed0c157840bfdc36bd2fc8341ec9f44cf3ea8b9c774944d,011052210fc41d4327d6efd0ec07d05a11d1b26fe1cb036d83715fe8df76f554
model-da7c3365a32b7e0f,3-bosses-story-combatants,Gorgaga,Gorgaga,story-combatant,1,28,555,956,False,False,authoring-candidate,,62caa215052b7558cce56e3d43dd16a299110ccab7f57a2ebe15077193c8391f,da7c3365a32b7e0f761120c1958868b715e9f311135fd1cc3959c65f7bdc365e
model-41b024db8946e088,3-bosses-story-combatants,Grand Jewel,Grand Jewel,story-combatant,1,4,587,1067,True,False,research-required,Auxiliary/animated palette contract must be supported before replacement,5c3740e6fe12399da4507d0ef6c74b2a0042afc457317c2b5ba556eb67b0b9df,41b024db8946e088baf479417872fb74e1991c5a5f7a1c30dc7d574f3d1ba742
model-41a4bf49a95650cd,3-bosses-story-combatants,Greham,Greham,story-combatant,1,29,552,965,False,False,research-required,Topology needs inspection before surface refinement,5e9520d66dab4057af933f897ec93c2c82385d6fe1248423afafeb0072440277,41a4bf49a95650cd98502f6dfeb8be9ec691a29d9288684e8bafef8e0e8c7f41
model-356e1acdee82bad3,3-bosses-story-combatants,Guftas,Guftas,story-combatant,1,24,268,404,False,False,authoring-candidate,,4d6aa36b0bceed69ada1d8df316a7a52b454847f72682f46445e1ab6bbd3a99e,356e1acdee82bad3e744c376746bfcffa2814412825502c972ef3ec415f89597
model-68625b7e3238956f,3-bosses-story-combatants,Heart,Heart,story-combatant,1,1,4,2,False,False,authoring-candidate,,629b1f4ad624de868efcae79eee73a5ea25c9c505502e4832ebecdac0b6c92fa,68625b7e3238956f607b17a3ce6950b2b5fb15652b2f09aae7f6b0de44a5e333
model-4279b9ec13df8c72,3-bosses-story-combatants,Imago,Imago,story-combatant,1,40,498,753,False,False,authoring-candidate,,bf6f7b912ad1632b53cca22f4e30b1a843a33a47b2f0835ea8e316209d8c42a0,4279b9ec13df8c725808445a4c03f0e451fdf247d95a85df3fb4390b1046326b
model-621d6288fc06088c,3-bosses-story-combatants,Indora,Indora,story-combatant,1,26,887,1340,False,False,authoring-candidate,,d9939b1add91984072c42be77bc60c55b566a5cf80707f868c04ad8e0c603d5d,621d6288fc06088c1a74a306ca4d9990b8cd3eb252148650afac05a830715ad9
model-b56af0982faf969f,3-bosses-story-combatants,Jiango,Jiango,story-combatant,1,55,933,1440,False,False,authoring-candidate,,a877676ff82fc1a8764fc0fd783d2bf7ca24b2f95d2a9a1816bd9806335cc500,b56af0982faf969fd755f2168d9d9c0126e5ed0cf6b96d4717a6cd0124a86279
model-0ccc55be3f019f44,3-bosses-story-combatants,Kamuy,Kamuy,story-combatant,1,34,515,761,False,False,authoring-candidate,,8d32b4e62275535ee4338866cb28daa926114d17f98238aad080cb6355ece99c,0ccc55be3f019f443c6ebadd4c9f18b239f3752bd87c56d539e5473d8ebc7707
model-c03332e2f527e725,3-bosses-story-combatants,Kamuy's tree,Kamuy's tree,story-combatant,1,37,455,681,False,False,research-required,Topology needs inspection before surface refinement,87549c340af30c408cce695362ee1297f1ce49d9d19ac844858bed5f46d0dfbb,c03332e2f527e725a02a89db1255e6423bfeb704b9191a577fe5f3353b7ba21a
model-a15b37c1dccbe3a2,3-bosses-story-combatants,Kanzas,Kanzas,story-combatant,1,25,467,808,False,False,authoring-candidate,,aac61627106afc7118190ea49d70088767c37fe93c885cdcda1af73beb39d454,a15b37c1dccbe3a20afb0c0327a68c7297c423b7968c02fc857e4f65ed36018b
model-04ef6bb9394e9b92,3-bosses-story-combatants,Knight of Sandora,Knight of Sandora,story-combatant,1,17,213,341,False,False,authoring-candidate,,cd2aae2f2c50b5be5442c296f46a5a269a95cbaabd0b03c65acf14e90b252f62,04ef6bb9394e9b92c97276b2a7b28878594865d639cb8971194c90d3712736d5
model-6ad31b8362e1fa9c,3-bosses-story-combatants,Kongol,Kongol,boss,1,18,457,795,False,False,research-required,Topology needs inspection before surface refinement,af11bc48979d5f11a912cd3a295ac4238a5d32d54ea6646c8b8fedee6f969b26,6ad31b8362e1fa9c50fe6884ed0170a771dd0e096bb24b041cf254813136769b
model-9e2477f51f4aed52,3-bosses-story-combatants,Kubila,Kubila,story-combatant,1,18,283,488,False,False,authoring-candidate,,42cf5ca87e4d6c95ce51c90195bc20bc2ac89a3759f242fc8b183c5ad2faac9e,9e2477f51f4aed52dbd48244c2c028c243c46f6cc334de68f7d8e584a78649fe
model-98d7fb1c746e20d8,3-bosses-story-combatants,Last Kraken,Last Kraken,story-combatant,1,59,737,1050,False,False,research-required,Topology needs inspection before surface refinement,e55fe9cee958716d1955619ece7607fe06a45cbb219e43b611c4bd52ac0a0b58,98d7fb1c746e20d8f7fc1a75104515c0ac75738c7c79712e4f58763c03c775cd
model-589572155715c298,3-bosses-story-combatants,Lavitz's Spirit,Lavitz's Spirit,story-combatant,1,21,407,727,False,False,research-required,Topology needs inspection before surface refinement,8d2a2de73616171be05237f112b490d2e27ecd6772e0401301b033f6340d81d3,589572155715c2983e2d57463767e9d4dc8051ac95540ee5b80d932970cabaa4
model-14a68bd8b27c5102,3-bosses-story-combatants,Lenus,Lenus,story-combatant,1,19,434,755,True,False,research-required,Auxiliary/animated palette contract must be supported before replacement | Topology needs inspection before surface refinement,6b3b3ae8ab93df87f04ab4d00296eb9fa0cf5f95b4a6cfd372849841e27a6f70,14a68bd8b27c5102b030bf91c960b69a2f8f121e8e016c4c44bd74ce6534a814
model-f7c8147575b66f4a,3-bosses-story-combatants,Lenus,Lenus,boss,1,29,516,812,False,False,research-required,Topology needs inspection before surface refinement,3fa3fc95a2c22458e350354aab8ecd416f9331ee0355d4fbf7d2cf0a6783ad20,f7c8147575b66f4ae8afed1efb2ef2c5f8a3626e15cef71453b2bb745f0a0852
model-0d7e83c669bc67d6,3-bosses-story-combatants,Lloyd,Lloyd,boss,1,23,577,951,True,False,research-required,Auxiliary/animated palette contract must be supported before replacement | Topology needs inspection before surface refinement,d0791a206cd3a40aea158bde0d7bf101a9f7bfe2f920407321ba70a5357b9341,0d7e83c669bc67d61538c09fff6bd32bbc1330e5fa0c92f0817d185ce6780c4a
model-8826a14d665f68e9,3-bosses-story-combatants,Lloyd,Lloyd,story-combatant,1,16,485,903,False,False,research-required,Topology needs inspection before surface refinement,ed49294ab4551506f280f9a6b4dd4a0dc436c78f6df9aa02c3cf7daa9a031305,8826a14d665f68e9482a8948da4b2133ed873466b51bdb572d6c00044936833a
model-7bdfeb07390ac7d9,3-bosses-story-combatants,Mappi,Mappi,boss,1,22,349,599,False,False,research-required,Topology needs inspection before surface refinement,120d7a0da8131e5eb822a156bea8c7a234d740abab873aadddb95ddc5a228b9c,7bdfeb07390ac7d9032fc490db2397a8c471ea50b04da02c67679f2f5a9511a7
model-5d5b6c5dc54d3923,3-bosses-story-combatants,Master Tasman,Master Tasman,story-combatant,1,18,446,818,False,False,research-required,Topology needs inspection before surface refinement,65005f63ed10aa2c454c352d38d0c5b64417f8601475202b151111744a0e2184,5d5b6c5dc54d392399c68ed4d4a1839f82087e9b894b80b38dda28b66f4d3554
model-4dad0e8959373c94,3-bosses-story-combatants,Mazo,Mazo,story-combatant,1,6,79,134,False,False,authoring-candidate,,6243167e9bee542b7f6898518664ef3cbd57a1b82e98e5b0e2c1f61807b8a1af,4dad0e8959373c94149889845c15e95f75abca422c619b26d5e707ae1115d9d8
model-a1193fb5989f11b2,3-bosses-story-combatants,Melbu Frahma,Melbu Frahma,story-combatant,1,20,580,1037,False,False,authoring-candidate,,2b768bdd3e0806c3f35f1a11c418830ded5cd6924a9d449f556b7d79e86c68ad,a1193fb5989f11b282587f10b89e98f56ed2e76a93915cd9f4d8a8f63443647a
model-ba87e46eafcb3e7d,3-bosses-story-combatants,Merchant,Merchant,story-combatant,1,21,505,844,False,False,research-required,Topology needs inspection before surface refinement,035208256db48937cc7f5541312aa6d1da1a912fd55fb63e7ad96f9853df6576,ba87e46eafcb3e7d855ba0b60e8e377e0a6d9661c1803f6ffd2d5f1a95eeb1de
model-6389c800b81ec23e,3-bosses-story-combatants,Michael,Michael,story-combatant,1,35,752,1364,False,False,research-required,Topology needs inspection before surface refinement,04b8af3132de1630313d6a4a7def00c0a2951b2b5f9ec23731e6aa1a8e509c3a,6389c800b81ec23e11d0c743caed461fabb82f672238afd6935b348a7d47e2c9
model-b4393447186696fb,3-bosses-story-combatants,Polter Helm,Polter Helm,story-combatant,1,28,668,1159,False,False,authoring-candidate,,6907507d0ccc1c05538080b84e18b8b9bd8ca99da4db80a4bb69c88e7afbb329,b4393447186696fb9e8aabe17c1d8ad5ab0f216276e63fd306c434ba0e294c98
model-86752eb233748625,3-bosses-story-combatants,Pupa,Pupa,story-combatant,1,6,110,192,False,False,authoring-candidate,,c72dd93dd577dbb027829e5c1b218081faa006f1807a6f0e233dcb21e9fa2634,86752eb233748625705cbd9af4954604d18faedc8232b37a5e99fc6641d58af2
model-a608155ad3c413b7,3-bosses-story-combatants,Regole,Regole,story-combatant,1,47,551,780,False,False,authoring-candidate,,1401df8c9c6355cb2fc8b060298da7fbc93563d1489a5ef2e27cef15076374f9,a608155ad3c413b7375211a14e261c6f2cb6ef25242b91a9af443d954becac3b
model-666534c678a3189a,3-bosses-story-combatants,Rodriguez,Rodriguez,story-combatant,1,30,300,420,False,False,research-required,Topology needs inspection before surface refinement,249a1c95d1e40e8ddc2727f558fbf275581b95aa399fa6b7bfd1cbb8671d2388,666534c678a3189a45fc7f789576d4a17771e9b21a25c6c7b3dd25232e996262
model-1f285eed90bdc910,3-bosses-story-combatants,S Virage(head),S Virage(head),story-combatant,1,43,883,1541,False,False,authoring-candidate,,422668fcdec381a3eba1ae29045b4a8326d79be6649b6ff1bf0a8c70d757c1bc,1f285eed90bdc9108336d22d873a8f7771f7c274fe7a40371dd447072ce025dd
model-284401f8bb06afa1,3-bosses-story-combatants,S Virage(head),S Virage(head),story-combatant,1,38,787,1375,False,False,authoring-candidate,,2cf8e3e2c7e2662a0f5d9f10a5aac2e66d97a5f5702f9b5e942132931ed383a1,284401f8bb06afa1a1452412dfbfd9c9cfd7ad2f84404f2b18cad3e4fec39336
model-d9099d620da7a426,3-bosses-story-combatants,Selebus,Selebus,story-combatant,1,19,328,578,False,False,authoring-candidate,,6195105e942b712ec683aaf0374d3acd86ff0ab2fa716c9114b5d02b8a3ae47d,d9099d620da7a42627bcbb663a486ac33c3f801bbf59b9b6fd08a0d55c4cb74c
model-c8b29b77b94af1eb,3-bosses-story-combatants,Serfius,Serfius,story-combatant,1,21,416,714,False,False,authoring-candidate,,e340e62b093a660dd5229f6fc67773263f7bfe6591b22df243d2eac0646f8c99,c8b29b77b94af1eb74a7c018a647df359aa5b21d6ce1eb4b9dd0e15a89bb472a
model-17df425562d4c64f,3-bosses-story-combatants,Shirley,Shirley,story-combatant,1,20,499,919,False,False,research-required,Topology needs inspection before surface refinement,e8f92ed8ec05452c5b98bf64699cd7abfb57a39311995ec8a89f6e58de40218e,17df425562d4c64f113c0c5c5d33a9ed564cf3699a2a2b5673e902bbae4412c7
model-66e5df06c0ca1e0f,3-bosses-story-combatants,Snow Cannon,Snow Cannon,story-combatant,1,6,37,50,False,False,authoring-candidate,,b471ef6c23e8b5de51967f3928e4ebcefe5ff3859fce90003fb6ffd70bf8b17b,66e5df06c0ca1e0fc1b410afbcb5f8731302866ab8e449c7e6c38870b93bae4b
model-0090b554714da840,3-bosses-story-combatants,Syuveil,Syuveil,story-combatant,1,29,564,950,False,False,authoring-candidate,,c4439f97c404e48a1ca973160e7995b28a3778b2050931d02ecfb5a63ca38635,0090b554714da840d299e63368ca3ca810c2bff9148468b1a8cdb335d4140783
model-de851ba8a425ee47,3-bosses-story-combatants,Tentacle,Tentacle,story-combatant,1,1,4,2,False,False,authoring-candidate,,92cb4b6356a5930a6e13569ca0f1510b32cf1a4dcffbdf686bdcb5b0aee69ec0,de851ba8a425ee4717dc53bafc9ab92e5b2d9a10caf9a523c5f54e21d70c43f5
model-503746668cdda0fa,3-bosses-story-combatants,Urobolus,Urobolus,boss,1,24,867,1632,False,False,research-required,Topology needs inspection before surface refinement,c62cee6ad2a4c791d7c29ea51646a412d4dd404e77ef5d1510abe053559e8c32,503746668cdda0faa73d8100b57701959cf239b2072863b2dd171b2853e0fe80
model-ac0c60158ced66d4,3-bosses-story-combatants,Vector,Vector,story-combatant,1,27,376,612,False,False,authoring-candidate,,62d21de69a793908ed03a3c23f5d5e71462bbb5d0bb49d802f560c4cd60b5d9c,ac0c60158ced66d4aee49080e5d3ed3a9ca00273c6d3b1fc3bc410d26ab9725b
model-c6aaa184997556e2,3-bosses-story-combatants,Virage(head),Virage(head),boss,1,25,587,1048,False,False,research-required,Topology needs inspection before surface refinement,9d8ba21557db6e2615cf0818b406d53d4e14b3a0b7250935a26f5030a57e3398,c6aaa184997556e232a1bcec1fea21176b0479b49383c69e25dc7d52a3b9ed50
model-c8a59655ae574030,3-bosses-story-combatants,Volcano Ball,Volcano Ball,story-combatant,1,2,46,52,True,False,research-required,Auxiliary/animated palette contract must be supported before replacement,86c3e796e84d0b25b25253f41a54f66fd13d0660689c87a5e24b00a4e394c1f2,c8a59655ae574030c4457d685b49ff37a0ee1d260d01fe2002584ff1954a39c4
model-b4ea978a376a10a5,3-bosses-story-combatants,Wire,Wire,story-combatant,1,10,100,80,False,False,authoring-candidate,,d62290abafcef4bd791d78d3cd2bff4ae3b09dcd92168df85fc3d4cc3c600ac0,b4ea978a376a10a540da4c121220ab40950307a0bbac1e30bbe8c3652b3f530f
model-35c1948ed5c7ccb6,3-bosses-story-combatants,Zackwell,Zackwell,boss,1,41,582,935,False,False,authoring-candidate,,8d0558251c94bdbe015e8324ac479303d2a963b7b387aabc9d2c1e74a3dcfeae,35c1948ed5c7ccb694e6982f12a39cb1d4729d6352478f8e04d55ad7c0a2a745
model-6c3fad0e7dc741a9,3-bosses-story-combatants,Zieg Feld,Zieg Feld,boss,1,29,634,1100,True,False,research-required,Auxiliary/animated palette contract must be supported before replacement | Topology needs inspection before surface refinement,efe3a9fffd8c9d919492839786341b606e579712127d394c19f3438b34fe0480,6c3fad0e7dc741a9de53f8e41aabb6002a5513dbd535893d8ecd4b1204ff0d09
model-57707f47f3f0e7cc,3-bosses-story-combatants,Unnamed combatant 397,,story-combatant,2,9,102,150,False,False,research-required,Actor/prop identity needs confirmation; scene/effect names are context only,514ab122947de22c6c41b3889b6bebe101912b718475ea6db7a8a80fdcecbd96,57707f47f3f0e7ccef0eea8fd17b6e9e13e4e13dce8b910fc36cc87b48689770
model-713fb9f4314cc888,3-bosses-story-combatants,Unnamed combatant 276,,story-combatant,1,1,4,2,False,False,research-required,Actor/prop identity needs confirmation; scene/effect names are context only,31bb20d002e9b46692fa716f0904a4ea386b231d9c3f5ef32b4e2cf0dc9d89a7,713fb9f4314cc88818e6b6d87d545f589e55cbfd7c9b741c2a05c060ab18dccd
model-9a1254629c6e6762,3-bosses-story-combatants,Unnamed combatant 355,,story-combatant,1,20,580,1037,False,False,research-required,Actor/prop identity needs confirmation; scene/effect names are context only,2b768bdd3e0806c3f35f1a11c418830ded5cd6924a9d449f556b7d79e86c68ad,9a1254629c6e6762b463eb3c546cb1763bd842eb4dc058fd16ecff2a66d0d054
model-b91ddafba6033b7f,3-bosses-story-combatants,Unnamed combatant 367,,story-combatant,1,1,4,2,False,False,research-required,Actor/prop identity needs confirmation; scene/effect names are context only,94becb94239274cd9438e20961c2d30d2e528f36145f0430b79c0088e82bfe3c,b91ddafba6033b7f100588b5fb90ba33fdbcdf3ff78aa1cd2e36e6182799c753
model-e527da4c7299b064,3-bosses-story-combatants,Unnamed combatant 372,,story-combatant,1,1,4,2,False,False,research-required,Actor/prop identity needs confirmation; scene/effect names are context only,09b3d10cc912811d3442b21bcb4ec6483e32a20d2b145bf2eed8ad82452a563c,e527da4c7299b06413429b7ed4707e83e49ca787c59ff5559891ab16ad7428cf
model-d8300168f4775b4c,3-bosses-story-combatants,Unnamed combatant 386,,story-combatant,1,6,810,1200,True,False,research-required,Actor/prop identity needs confirmation; scene/effect names are context only | Auxiliary/animated palette contract must be supported before replacement | Topology needs inspection before surface refinement,9af71f9cff70ad38c0b7a47fdc859f3730bbebb7e0fa749ceb5d1115a9814e40,d8300168f4775b4c7e8cd57d56f639da7460d446e451392d23e4eb1f01f064c7
model-e093b3fa79e8cac4,3-bosses-story-combatants,Unnamed combatant 394,,story-combatant,1,16,190,316,False,False,research-required,Actor/prop identity needs confirmation; scene/effect names are context only,f2b9a208aabb8ff27c47762f5b9c90174754318632d606982cd5602558fe01ed,e093b3fa79e8cac4d7c859f46e9f46bc884d6619b13a91cc6dfdd2fbfa7ea2cd
model-10a46f8b3f9d0b26,4-enemies,Madman / Red Hot / Slime,Madman | Red Hot | Slime,enemy,7,17,177,274,True,False,research-required,Auxiliary/animated palette contract must be supported before replacement,ed953f43568b24af3b58f2a8415b55c637dbaa93f8db85cf88e3abbf61688877,10a46f8b3f9d0b2673b910f0ff65885733eb46be4a45f628191842aa93fdbd7d
model-0effa3d208091cdc,4-enemies,Fire Spirit / Specter,Fire Spirit | Specter,enemy,6,38,360,480,True,False,research-required,Auxiliary/animated palette contract must be supported before replacement,b60a9ef08700ebc8a1ab920c4599ba22fdda64c16a20eeffd175948f54d86737,0effa3d208091cdc9274730e199fe30f6adfd894c0d686e9f0c7365ee3c22a5b
model-3fdda5bee92d1ac7,4-enemies,Magma Fish,Magma Fish,enemy,4,11,255,296,True,False,research-required,Auxiliary/animated palette contract must be supported before replacement | Topology needs inspection before surface refinement,35dc4742229f43bd0ff416b98c7cd2d9dd60df0acf26e36759ff3705170f30c3,3fdda5bee92d1ac733b8e3b70a46f594b510c1131e07e8f850ee89d3789f58d1
model-3a30a65a3ba77047,4-enemies,Will-o'-Wisp,Will-o'-Wisp,enemy,4,5,133,188,True,False,research-required,Auxiliary/animated palette contract must be supported before replacement,adf38e7fc96a6342dd48e5a7009412c2b04107a4ab7bcbd30dc0af86f4e2b236,3a30a65a3ba770475775126742bf11ad64a8d0ea70c87c3e20441b764b2157be
model-473b3c8e48a54a34,4-enemies,Human Hunter / Terminator,Human Hunter | Terminator,enemy,3,17,434,529,False,False,authoring-candidate,,8b27d9de42fc8f31a7103180e76c9eb947d649e73dbb55235996d1facc3da0f0,473b3c8e48a54a34802579031f658fa20e832d1aa3977dbcb89cb223c29df6d8
model-db74925e16d33186,4-enemies,Salamander,Salamander,enemy,3,23,415,520,True,False,research-required,Auxiliary/animated palette contract must be supported before replacement,8255671cf6a42d50f2ffdff8a45bff253fb5a47a3019b7cc02c86e6d414d5142,db74925e16d33186838addb32e18f84e7a732ea3a5079cc6376b1473ee9dbbd5
model-965a3a0b8fcd0e58,4-enemies,Cursed Jar / Lucky Jar,Cursed Jar | Lucky Jar,enemy,2,2,117,188,False,False,authoring-candidate,,4d6caac5583a0ee6919a39eff2b977efacfb6ef1fb1e33f36b1189209064077d,965a3a0b8fcd0e586f214a3f76030702c5e35f190b2d72b511447e879a35f305
model-d44abde53487ab51,4-enemies,Gnome,Gnome,enemy,2,20,340,447,False,False,authoring-candidate,,75ad7a975c1b360881410f6106c5a8a1aed17f475b6b2f197da9713c1edc149c,d44abde53487ab51084a42ff07cac5b1cd46f9231e7f3fb88553980cc46e4e17
model-12e7d9a072887009,4-enemies,Madman,Madman,enemy,2,17,177,274,True,False,research-required,Auxiliary/animated palette contract must be supported before replacement,db4121e7e833d6f8c86db6bea282d90356f5bd6e06944e8d861123b56e8160c0,12e7d9a0728870090c4844adf81d093bde1089040f2e2ddf7c83faf6b5e8a88c
model-05d971bd7ca98411,4-enemies,Red Bird / Yellow Bird,Red Bird | Yellow Bird,enemy,2,30,252,285,False,False,authoring-candidate,,0b81a8286ae5eb949f52ad82bb0412cc0072b1c31e0ee8361300f74ab6c42747,05d971bd7ca984118802e5c9bc62179c9b48e75d5910d425370eb74af3dfe6a3
model-c83959e6df629f8f,4-enemies,Sandora Soldier,Sandora Soldier,enemy,2,17,205,326,False,False,authoring-candidate,,b6f7d8cd28fb4b9952ecfb1468a1542478ebe45ff5d6a21360f0d2aa71a0b9bf,c83959e6df629f8f92f604b96881b746b6812dc697f2a2b90c4c9f810de12671
model-cab4513c96535571,4-enemies,Air Combat,Air Combat,enemy,1,31,359,524,False,False,authoring-candidate,,8e0be5a61baf53c5352e733b867b13f81c7f80963f63ed16fa5760f728697986,cab4513c965355712742c821c52dac56dded55d697cbd165a54059e4dbf6b6bc
model-7cf11b7e800b7369,4-enemies,Aqua King,Aqua King,enemy,1,21,310,485,False,False,research-required,Topology needs inspection before surface refinement,9fe73d764904337bd39ce201ac14bdbea8aff0f4e3aa7f7922bfb50989bace68,7cf11b7e800b736972e5a91ae6a6101144350aa8c5b772053964d25ec269609d
model-b8379d1d44af60d8,4-enemies,Arrow Shooter,Arrow Shooter,enemy,1,34,463,656,False,False,authoring-candidate,,b463bef83f860226e991f2140b54e647d257003da6325520235c033ada8960ad,b8379d1d44af60d873c9e9c8bb854fe8bff852f8d57ae78b81aa93bc231ea96d
model-6269206aaae1d232,4-enemies,Assassin Cock,Assassin Cock,enemy,1,21,197,281,False,False,research-required,Topology needs inspection before surface refinement,13419fc8b81997e1aae761cf0639e2a37203ee8dade8c6691ac771286d962c1a,6269206aaae1d2329a78c0ab2b82e9e18c5dac1cf52d6a8c206cec63444463b4
model-c666472376f7edfb,4-enemies,Baby Dragon,Baby Dragon,enemy,1,22,234,360,False,False,research-required,Topology needs inspection before surface refinement,f629ffc517d8b195139059c7c7a7078398bd27aca3d1f7a8c7770b01ff2270a1,c666472376f7edfbefcad83affd92b0f2da26e0b130535bb44c4ecdb4f6b0885
model-6c4ffcc22735f155,4-enemies,Basilisk,Basilisk,enemy,1,31,316,493,False,False,research-required,Topology needs inspection before surface refinement,51c91a35497742ba1ba6d3641a87f3a3942223d42be76efeb4e18f2eae4c7ada,6c4ffcc22735f155932c48f9f44ae18a93cbbeeaaffb4320f54a2b1b8325e318
model-f4ebc6a2d4d9db90,4-enemies,Beastie Dragon,Beastie Dragon,enemy,1,27,282,440,False,False,research-required,Topology needs inspection before surface refinement,7268adde3a34f7845ff4d4c1e7737f6701bda234584a088b45c1f21a2d40033c,f4ebc6a2d4d9db90c248c846e60fdd34accdf0a704182f542197de97d152d1b6
model-7ec32c23c9ba5408,4-enemies,Berserk Mouse,Berserk Mouse,enemy,1,22,205,288,False,False,authoring-candidate,,677c7720852b1c2d3cfd3057fb2a2d50d1dede253c55ea14c94480fc7378a6b9,7ec32c23c9ba540813abe634d5191bd3e3da8794b8e35fc52d052f318f9f5602
model-f31d03b40f902e88,4-enemies,Berserker,Berserker,enemy,1,17,264,419,False,False,authoring-candidate,,9eeae660cdc4519bd8889a533a7746c957bc4adcc7c1acb5597de85944ceea33,f31d03b40f902e88db8be11aa640c62137cbec64d01c801cab6c6c01b581fdd5
model-7a2b90c19bc75fec,4-enemies,Blue Bird,Blue Bird,enemy,1,30,252,285,False,False,authoring-candidate,,782de253415f31684aba2416f7ca17e37680cff65cbe3f77b1bd553e26fddab4,7a2b90c19bc75fecee8d17a420bbbd70073beb9455f935769b9f464f20728465
model-0a3333a3d253d1cc,4-enemies,Cactus,Cactus,enemy,1,18,505,475,False,False,authoring-candidate,,0752c8265fc66b9cf633734f554ba890543aa823d822aefbafc53fa4b9ded9e8,0a3333a3d253d1ccfab3048331e3a48f8c58cf6c6d421116979dc4804b703fd0
model-02e7917595a00e7e,4-enemies,Canbria Dayfly,Canbria Dayfly,enemy,1,28,270,323,False,False,authoring-candidate,,a947e759cbd0864b34bb5de59b745bb93f3c2479dbfb8975310cfa12441f817f,02e7917595a00e7e6492af2fedec12e68a21d1b95592920864bf0366a7e1e1a1
model-2123bbb460fdd178,4-enemies,Commander,Commander,enemy,1,29,348,463,False,False,authoring-candidate,,f0954ef54c9a2096a12e26382839f41fe307eda629b8f24cf2783e569fc85176,2123bbb460fdd1780643b4e9683f9d4cd304f5b76013d7ad21712d5350f3aedd
model-fac975c061708a7d,4-enemies,Crescent Bee,Crescent Bee,enemy,1,22,231,230,False,False,authoring-candidate,,a0d1d0bd6d2ad7d01e4c547435284532daf3553cb6def7a27fda671963eb865f,fac975c061708a7d5108126029e86e787dca5ccb2f47ba317b7423724ef0ebaf
model-aacf5a8078623534,4-enemies,Crocodile,Crocodile,enemy,1,22,339,432,False,False,authoring-candidate,,7ceda0274eb26ed6bf08b45735473408c142da2815c9ef146d9200c758a86d1c,aacf5a8078623534ee37d5dc18a2eeefa0d147e8f42857cb44debdf5b5f2bd0a
model-265a3637769a46b9,4-enemies,Crystal Golem,Crystal Golem,enemy,1,19,381,606,False,False,authoring-candidate,,581103880373d4c55601482d76ab1b845277fd559745438521fa3b30783f1f57,265a3637769a46b9b36e216300faa4df0df383cb770d1efe148f45d04f719b53
model-e08e306919b91d86,4-enemies,Cute Cat,Cute Cat,enemy,1,32,315,418,False,False,authoring-candidate,,11183af7ca86928ef3c0c05e343f3b8a08c172abad95ec1a14f1a5eb1b2967be,e08e306919b91d861a6656b84c993d32f7c6cd01ff4b036ce42c729c387066ed
model-967f781280f2d51c,4-enemies,Dark Elf,Dark Elf,enemy,1,24,317,465,False,False,research-required,Topology needs inspection before surface refinement,cbc83424a7f8b67cc9991dae8b4ebd59a9141a7e1a244a5f9c86e39bbaf89774,967f781280f2d51ce6dcae12b1e544a93f91351006882b387890b2a8244bb820
model-06d1d71c972f5fc0,4-enemies,Deadly Spider,Deadly Spider,enemy,1,36,434,544,False,False,authoring-candidate,,4596faaa4a576f3406d81ba759cc3dc88d04b13dfcc68d220cdefa6fc479957c,06d1d71c972f5fc05511f6d619a78832ce16287f3bee3231f3562793a1caf596
model-80eac9eb092fcd79,4-enemies,Death,Death,enemy,1,25,350,484,False,False,authoring-candidate,,ce78cdcf3392309d86791af39895e87ad9856b5dda2658c6286523b603416dfb,80eac9eb092fcd798f28e14d9bcb970723dc4f804edfab04d6fbddce24701091
model-94c1c9e4119c4242,4-enemies,Death Purger,Death Purger,enemy,1,25,350,484,False,False,authoring-candidate,,2c326374ec0e9bda43300ac4d0e1a6ada97e6ed9d8670e2cbee2a07b3ef950db,94c1c9e4119c42427aeda9343dfc0882f4ba4c8860708750f01f09b50b559d97
model-05eff163f50bb5b2,4-enemies,Dragon Soldier,Dragon Soldier,enemy,1,30,302,448,False,False,research-required,Topology needs inspection before surface refinement,64628800e550117bd0c78086aa830328b8d6ee4f0c220dc109ba2df78a7f07ad,05eff163f50bb5b2a7d12ccc4fae909af4d3e50aac6406a072352fa536d5eee0
model-ae81c52953b46933,4-enemies,Dragonfly,Dragonfly,enemy,1,26,596,743,False,False,research-required,Topology needs inspection before surface refinement,b3ca167113041bf139732450ec2ce775153eb0d034264953e0ff60313612a481,ae81c52953b469331fe1972e8e92dac4574635f4085a22dbe78b7e63614293ae
model-fd03a31e55d16929,4-enemies,Earth Shaker,Earth Shaker,enemy,1,17,267,398,False,False,authoring-candidate,,1def9765af19b7cb22242801c0205cef691751dae16b2a9ddb1e5480ed807d1c,fd03a31e55d169296ab91afb05f5da88e9c5cd86c3f8248e952de441ef782ba7
model-0c698658a906694b,4-enemies,Erupting Chick,Erupting Chick,enemy,1,15,104,138,False,False,authoring-candidate,,8d81cb71ba64a00d4dea21567f39560df653f5b1f2b57ccd182d6d78c8fb51c1,0c698658a906694bf2d1594063aa8e1e6f8573b3c7aa6241888ae9107023b49f
model-8716f43188f8e403,4-enemies,Fairy,Fairy,enemy,1,25,254,330,False,False,authoring-candidate,,bed70ce79fe638847912a7c3d8818fd36a34085bba85c3b59d762ca28f254635,8716f43188f8e4035b278a777f09e528cfec43087533429bdf2942345b42c896
model-c803eb6ba59b7c00,4-enemies,Flabby Troll,Flabby Troll,enemy,1,25,322,510,False,False,authoring-candidate,,5005ba68fa1411a0c592794c0aa7f67d7b17b02c859514d248c53e27756ee302,c803eb6ba59b7c000085c6e454c451e7eabcc095da9022b77fc4bf1bfb79746d
model-7365f05e8eda1a41,4-enemies,Flying Rat,Flying Rat,enemy,1,30,210,299,False,False,research-required,Topology needs inspection before surface refinement,cdb685e586846a45a0fa7b0b8cf2ea3b19af70bebe546cc456c18fdb6dd5b737,7365f05e8eda1a4140cb58d283632b2004503cda7fc9916a915eeaf27efcd0b1
model-eb3931c7296391c6,4-enemies,Forest Runner,Forest Runner,enemy,1,32,239,345,False,False,research-required,Topology needs inspection before surface refinement,f0f129c97edb1f3725d0cabbc0a8f57d0cbbaea8a6cb508cef63e58cc17a91d1,eb3931c7296391c643b8675c701ad80850884b00c634f84e714245224a9b39f4
model-9d0587b32bf09a89,4-enemies,Fowl Fighter,Fowl Fighter,enemy,1,21,197,281,False,False,research-required,Topology needs inspection before surface refinement,ebcdd8c68fa0c350807250e338f242648254d85464ce323bbd84318d01b42195,9d0587b32bf09a89469dd132772e97119682969067cc0d4c115bcbdfdc374800
model-7f9dc575dd3a3cb6,4-enemies,Freeze Knight,Freeze Knight,enemy,1,12,163,228,False,False,authoring-candidate,,6a1923f432c090aa5ab20f333be302461367a7bbde32109b1bf0dabaf50b65e8,7f9dc575dd3a3cb6422c854896c71816246bf7108bfacc1c6c5e3a1538f43f1e
model-864e0de58186168c,4-enemies,Frilled Lizard,Frilled Lizard,enemy,1,27,279,354,False,False,authoring-candidate,,1d4145bb6f4467fee3c1bd60dd64f2c3059d6ffb4de0c06d8f2df42336d83020,864e0de58186168c3213543b3f401759652bdd224e876c074fc2aea72be61768
model-2bc0fa61b6c6641e,4-enemies,Gangster,Gangster,enemy,1,26,275,439,False,False,authoring-candidate,,90896d05302c536d83c09030bb88540a468c60d257d535aa0d4d07019b1f79cb,2bc0fa61b6c6641eb5ba2be39bfe55a7ae8bed94b0e26ed686647713c6067116
model-dfd6b6ab05de832a,4-enemies,Gargoyle,Gargoyle,enemy,1,33,385,515,False,False,authoring-candidate,,d34206ba2126c9ea8b5ade43c69ea42efebc673be908f1026312b85ca3b78f51,dfd6b6ab05de832ad2cf9a874600475fbf6d564cfea2227d426f9283751c1b13
model-31ccf25c6a024438,4-enemies,Glare,Glare,enemy,1,21,213,306,False,False,authoring-candidate,,964a29f3379ea0bc4984b595881ab1162db77821e97f3fa4ac644e1f985e8cf8,31ccf25c6a02443898ede30ff56e075e5d180e8134f55155eaf4587ef76f2345
model-60bd743ca54a19a4,4-enemies,Goblin,Goblin,enemy,1,18,235,366,False,False,authoring-candidate,,4405897157318607e08bef067173c4c939d7d8ab74dea638ced7bb79553a36be,60bd743ca54a19a4bb9f8dc03cd0380acb6e9fe33c1d722404b5d859a6998fd4
model-73314d106c6ddd59,4-enemies,Guillotine,Guillotine,enemy,1,35,358,436,False,False,authoring-candidate,,33e8e4a94bfb96f48a49b01a499111c3866f385941c99997577f8fe38cc7d33c,73314d106c6ddd59100bff34ef0bcb31463272bcdd3867e550e4739af6b28391
model-ac34e09ab68bfc96,4-enemies,Harpy,Harpy,enemy,1,25,232,320,False,False,authoring-candidate,,21b9ed7ce2aa795490535aced6ab78feeb69dbbd33df4eaa5db733c50bee44c0,ac34e09ab68bfc962ab4303560b6d47600671f8998b032eaa234f9d5540d3937
model-791b7cde5a129c1b,4-enemies,Hell Hound,Hell Hound,enemy,1,18,190,283,False,False,authoring-candidate,,2b8a8c367fe36786240ce98b39d895805f90ef9ba0c4a2b8fdb66e0b438ec419,791b7cde5a129c1bd6ac4bf6e5af2503017a9f907a20067c79564fccc83ce26a
model-2d0358edb578e176,4-enemies,Hyper Skeleton,Hyper Skeleton,enemy,1,28,321,481,False,False,authoring-candidate,,38df66926f269e857e14376458c0c05c904ffb98279da3481a9c064d6261c96c,2d0358edb578e176b4c9a28694e93643a6ad04125b046b7bda357f6ab9c6362f
model-b6e3db69ffc8a7cc,4-enemies,Killer Bird,Killer Bird,enemy,1,10,93,134,False,False,research-required,Topology needs inspection before surface refinement,4288c1ec89150d583ae6d95d605b531033e00ca4eba16ff665b6a347624e7ce3,b6e3db69ffc8a7ccb87e37c1a365ef634d1f6e4808c837ad4f459c72c2d0722f
model-b843076f8cbd3fe8,4-enemies,Knight of Sandora,Knight of Sandora,enemy,1,17,205,326,False,False,authoring-candidate,,45c65a4ddb4db0dee89e30d28b5667b56759caa437fe3167e05b322ade663fa8,b843076f8cbd3fe82ae0316579d255cc4d511b8d93a6c99c0922c2e6a4274153
model-dc835f25b30600ad,4-enemies,Land Skater,Land Skater,enemy,1,23,211,288,False,False,research-required,Topology needs inspection before surface refinement,8badbec75b345950963d4e97d6c2b5b04de963fe2d4ca4ea1dce181d59909df1,dc835f25b30600ada3681f6cde2aac47297b25395c72b3b7866f2b9002787b65
model-bf3cb9e45a5a9d06,4-enemies,Living Statue,Living Statue,enemy,1,21,234,374,False,False,authoring-candidate,,2df3bac3d4dad9244c9d5439f34d9f30902ac1932f6811cbe50271fc6a62045e,bf3cb9e45a5a9d068cecd584c4cc0b6d9e5e1e36887a10654b8e35ba07d48efc
model-8c2f26f8a61ee45b,4-enemies,Lizard Man,Lizard Man,enemy,1,20,333,444,False,False,authoring-candidate,,32f18d91dccc66afa7ed401442da7b3696b68fd981df4a5d0da9d5f486d00355,8c2f26f8a61ee45b79c27aeb79f9ec284c4caf86926c8533cb4f5bb4b06c2236
model-34e3e1d9cf35bf9c,4-enemies,Loner Knight,Loner Knight,enemy,1,37,331,455,False,False,authoring-candidate,,f7826dd604fbdd83f8b96611d046d2dccdec2f28fd1570c4ae053b428de49da8,34e3e1d9cf35bf9cecac5cacc02449a2903d0233482dacd08aa0febc8aacceae
model-edc0db76a8643456,4-enemies,Mad Skull,Mad Skull,enemy,1,30,271,342,False,False,authoring-candidate,,8a4a4fb72ee8efe91181511d5cf21c7c3e5532aaad0d5f6ce7e81fdbd2470f5c,edc0db76a86434562e9dcbea66068d5a7cc1fb84ae4e94cde41b3b8a18a4c609
model-66912382ddfd00bb,4-enemies,Magician Bogy,Magician Bogy,enemy,1,25,292,405,False,False,authoring-candidate,,0829d6bd3c0637e9e9cede6f9288aed0f0b7429665228c42612ce0d91b120660,66912382ddfd00bbef2d28af5b782a67eef1838f62da45d46fe9d04c3357ea33
model-fae9bba6f2124066,4-enemies,Mammoth,Mammoth,enemy,1,30,500,768,False,False,authoring-candidate,,52b34b2c7946b5584a240024b1c9c41e25226ceba154faff466d25e9f7943821,fae9bba6f2124066bd7137e17aee320c27f7973fb980b5ac604949415071ea6c
model-6ccb87ab6af43d04,4-enemies,Man Eating Bud,Man Eating Bud,enemy,1,46,426,600,False,False,authoring-candidate,,ccc9d88edcd8ad59c9e1c64806f719c13bc14b79d0b88edede159a28fcf5a580,6ccb87ab6af43d046d047a89b1c7384f53c6af127b12919c1abb1e1aa5de9b76
model-4c197a2c1266f8fd,4-enemies,Mandrake,Mandrake,enemy,1,32,229,339,False,False,research-required,Topology needs inspection before surface refinement,6620b11382a8d1d3c8ba6c92c81a0732da5d9da9c12f08b358ae9cb14fe83131,4c197a2c1266f8fd8688851921234a9dcb37961ff3f14be49a6f2a524600ed69
model-5fdd1c416ea4017c,4-enemies,Manticore,Manticore,enemy,1,30,354,509,False,False,authoring-candidate,,0d4941ef63d70afe6c017e0b0e61ac8aa016fae62e599f17d7325f849cfefc75,5fdd1c416ea4017c4d11ca46e8897ddfeb77dc8ae81917a1db741e2ba29e81f5
model-b80285fc926500a5,4-enemies,Mantis,Mantis,enemy,1,27,287,399,False,False,research-required,Topology needs inspection before surface refinement,24addcc57856ead7be34784d121433694fc975e6c41ed96b287e0561ce1dce11,b80285fc926500a51967351a33aab6607e8bf2906c18b623ffb3d33c90bdec5e
model-cc12e09be768fddf,4-enemies,Maximum Volt,Maximum Volt,enemy,1,23,364,518,False,False,authoring-candidate,,4f5a869b2cbacd30d73240160e65e490a55ab60f903f437bb2b986b510024dd5,cc12e09be768fddf24e1cd9e104a9614711af9ba9e6e75f5492cecb07b94e69f
model-fe9a56c1337750cb,4-enemies,Mega Sea Dragon,Mega Sea Dragon,enemy,1,20,228,284,True,False,research-required,Auxiliary/animated palette contract must be supported before replacement,6b224d4eff07883eeafe8956c3e067acb70b46bdde748b7c0707fa6d4199f1b4,fe9a56c1337750cb6e6318e54603b33ec2730f777afff59d39175a667d5a2ff8
model-7707839573274fe4,4-enemies,Mermaid,Mermaid,enemy,1,31,307,480,False,False,research-required,Topology needs inspection before surface refinement,76b1b1b63a8f5f30838f7d1f47be31c7223091f443d4854e356572ffea6eae05,7707839573274fe41fb400adc698d0089086a95b9ccca8dbd627045eb8f2cbac
model-106aea68af180e10,4-enemies,Merman,Merman,enemy,1,21,310,485,False,False,research-required,Topology needs inspection before surface refinement,ddc3db216499acfbfb39d2b1e1686e9a110db8b44dee1d1f9f5a37ffb5975748,106aea68af180e10d46162987bac77b1097e40dceb56337b9f431e67b3bf4cf5
model-0d1133712eec11ce,4-enemies,Metal Fang,Metal Fang,enemy,1,21,354,522,False,False,authoring-candidate,,87c4f439d72589296bb5e5983196eec8a97c3a77b16ea7c4b4b67633e7a16778,0d1133712eec11ce5e360460c408b03fdf26544f764e34cdfcaa813daa3335a9
model-4dfd477aa643bd4c,4-enemies,Minotaur,Minotaur,enemy,1,21,362,546,False,False,authoring-candidate,,7a96059a8668c69509598225c77ca8d4d369d4dae2470bb013cfce6453d91107,4dfd477aa643bd4c14ab72bbce9cebca411c154325a6bfbcf5405b9aa5434d4b
model-e0965567f871c698,4-enemies,Mole,Mole,enemy,1,16,228,333,False,False,authoring-candidate,,d4531bd6f764ffd018b4e83642623894602397d659dc4ea0d99d9862d8885069,e0965567f871c69817aabfafdea71108bbd32995ea01f80e382db5744356ac83
model-c0dc1b860ce54fa4,4-enemies,Moss Dresser,Moss Dresser,enemy,1,34,335,486,False,False,authoring-candidate,,79cdfb738b16f6b16f9b80bd1b8006b69ee668372870b9e0e3ef28c1dbc02c62,c0dc1b860ce54fa442d533100a0f50acb5127de1df2dff332b5939674bbe0933
model-b3b248ae3501a380,4-enemies,Mountain Ape,Mountain Ape,enemy,1,18,359,553,False,False,research-required,Topology needs inspection before surface refinement,afbc1f6a0f6534d662125ac5537321c95d5e45cfe5ee4b235fd85c1029fbdcbd,b3b248ae3501a380816c200eca219a87cdb2438c4795e8e9eda94fafe37d87a8
model-352a163bfa30f20d,4-enemies,Mr. Bone,Mr. Bone,enemy,1,33,329,436,False,False,authoring-candidate,,369fc2d38129336244803856c6d1b17a15e50fffd7e02898ddafab6d95416915,352a163bfa30f20d16d3733c4ae3e2b2f955edc88e59d0d6a302e7d97616f9b8
model-da4bba6cee0933c8,4-enemies,Myconido,Myconido,enemy,1,12,181,303,False,False,authoring-candidate,,238de1f7a95929c9d01c14f50445c6b7f2d7578e73b20e638245b44ed928440a,da4bba6cee0933c8f405f1f9ce0e5c9779ac1804759dedbcc87147681f2fd25d
model-805cd0ea1ff706de,4-enemies,OOPARTS,OOPARTS,enemy,1,19,322,384,False,False,authoring-candidate,,0b89899f24ced0111a1125088a4dad79b571d311baeb0d30e391bcb2dc0794de,805cd0ea1ff706dee41c3bae11d8ca6a4f4604c7d1ca524089e75ec08997d755
model-28441c0bdfe12fb0,4-enemies,Orc,Orc,enemy,1,21,235,360,False,False,research-required,Topology needs inspection before surface refinement,cda6b2e98a035e6ef800dfdf082e248e4b452d79659885bc7f6dec70c3dd5c4a,28441c0bdfe12fb0db86de6603efdb97a1513c63d870c80e6aa13c246c687d7c
model-f68c93e21c064896,4-enemies,Piggy,Piggy,enemy,1,21,235,360,False,False,research-required,Topology needs inspection before surface refinement,0ec56bc949f9e3ee02a46d0639a81d3b2902bf047d1a88af346df8ebb84d7d40,f68c93e21c064896a646effc6b3cf2eb309e9b96d36e7db6dc1a831206690fb9
model-92caf154aa6ba888,4-enemies,Potbelly,Potbelly,enemy,1,19,171,246,False,False,authoring-candidate,,b6fb4500887785e56a4d1dc66861374f94fa14dc89d4a31803d715bf7de5c9f9,92caf154aa6ba888997f7e499597074d16b04a73bea605559f3615aa87c97242
model-286da4b34e29eaea,4-enemies,Professor,Professor,enemy,1,26,264,387,False,False,research-required,Topology needs inspection before surface refinement,f58606a886c4698358b5768cc13f54054579080e517cd5981f75995832fc119c,286da4b34e29eaea492c9e0dde0be6f5d6a660399ffa03324381e542f0b8b856
model-150d2956d093d023,4-enemies,Psyche Druid,Psyche Druid,enemy,1,31,347,568,False,False,research-required,Topology needs inspection before surface refinement,d77599a14ff81cf014ea8d0aa6170b9c9e98296ebed3b5994248f8be8b6c442d,150d2956d093d023598eb38871937d1ef317e57f201445ffc69de541fdd62005
model-b1eadc734c61e250,4-enemies,Puck,Puck,enemy,1,20,211,321,False,False,authoring-candidate,,ae81fad923afb60a23708ccbb7ad6c1a7f6ba2d1f0e663fb9c5efa64fb2e3119,b1eadc734c61e25048043c4024f48912131f13360ed7795fe8cb3f32243badde
model-3386b7e5b58231b1,4-enemies,Rainbow Bird,Rainbow Bird,enemy,1,30,252,285,False,False,authoring-candidate,,19685786d822c033ec65797629c4e6918563a816595c5d3e212eeea7a950a8ec,3386b7e5b58231b15f64f638af742874a700f39894176d22fbce89db6bc1760b
model-66a6c6156d765b43,4-enemies,Roc,Roc,enemy,1,27,353,542,False,False,authoring-candidate,,9bb6b07bce12c1bde3360f8303b0e70a3ea299c2f3bf3dbefed25c9166ff40dd,66a6c6156d765b43097ec8e1398489d404e1c9862af0d76c220b34500ae2ce23
model-b6936e0bcd8f0167,4-enemies,Rocky Turtle,Rocky Turtle,enemy,1,16,248,397,False,False,authoring-candidate,,565f3896607c33bfc8e0e7ed5815ecf0ce6909d3aba5e7f16e4fe636bda1164b,b6936e0bcd8f016766bf5718c3dc5ccb2bc6277a88e5e5e539628967e6417247
model-2c54a80bdda305c5,4-enemies,Roulette Face,Roulette Face,enemy,1,17,380,318,False,False,authoring-candidate,,1bd0ce8c3501fdbe3dc60418fa6ea62607435de075d9b010613e7946d9f4d267,2c54a80bdda305c5f859ee485caffaced2374d39c7fe8d3c3f544c03cb75f7ff
model-a3d08b27263ba0d0,4-enemies,Run Fast,Run Fast,enemy,1,24,254,383,False,False,authoring-candidate,,5f72920abee42075ee707916887620333e74222d311255adc27d39f8498e034f,a3d08b27263ba0d04fd29c4aab892e4f5c05f9a9c01a2e6dee11bd9a87c3bf3e
model-8877bab891556689,4-enemies,Sandora Elite,Sandora Elite,enemy,1,25,346,520,False,False,authoring-candidate,,2b7c642a739670aa4a5339364a61c87aab5b58bcd256de5658b823b45d97c67e,8877bab89155668912b3bbfe84e56d14e7c048dbca81d282f568abcca0d85376
model-1cad78df1c3e414e,4-enemies,Sandora Soldier,Sandora Soldier,enemy,1,17,205,326,False,False,authoring-candidate,,b6f7d8cd28fb4b9952ecfb1468a1542478ebe45ff5d6a21360f0d2aa71a0b9bf,1cad78df1c3e414e8eb5738e8cd0d6061cc107055c5f074ea2ef8261f42f0b6f
model-72118e7b23adda4a,4-enemies,Sandworm,Sandworm,enemy,1,19,464,508,False,False,authoring-candidate,,d4dbfea1bdd9ac345d3dd0902f54a397e1589aa3bdb174c024309e23b1867f4c,72118e7b23adda4a49874b8a4f39f6f95f718d041bfa0dadaa8000b9aca64700
model-e0ead14b94af1187,4-enemies,Scissorhands,Scissorhands,enemy,1,30,300,420,False,False,research-required,Topology needs inspection before surface refinement,8c04e6aa2c16a1fae808d63d459f9b25fc39b575d9018734dab7ea829b38f3f8,e0ead14b94af118764ccfb2b7fde7fc994d2ffe8e9c8e15cad2fea64d7c80a38
model-37313d86d5e003ae,4-enemies,Scorpion,Scorpion,enemy,1,30,300,420,False,False,research-required,Topology needs inspection before surface refinement,9332c5fedaa21d68733c554c13e49f716479294f7621457ea5344bcb84d17f33,37313d86d5e003ae779726308d8737d154a1c2191e15c7e0e96398a1d24d0b0c
model-7862d9635f7f5112,4-enemies,Screaming Bat,Screaming Bat,enemy,1,12,130,142,False,False,authoring-candidate,,d86b229f80f47950abfa19c4df3e623c87f61b08132aa2fc3f0bd6f98dfa33f0,7862d9635f7f511289f14c055feaf15c39ad80a621c89849f5bc099cbc2e5dfe
model-c49110efdf49073e,4-enemies,Screw Shell,Screw Shell,enemy,1,21,258,387,False,False,authoring-candidate,,e1f6b1bd41f73384c07d323b3f5e68e84e8755d7b9bad92dcbd888d9c70ac073,c49110efdf49073edf612c93c6a8da4171df0a3f2d52b904641791753f0e5391
model-e0c3fb3135ac2ab0,4-enemies,Scud Shark,Scud Shark,enemy,1,18,237,319,False,False,authoring-candidate,,e61cdfbe4217e123ec64ccf750a977f8cfee2e0aa841dc66d2c094c6e7a1c8be,e0c3fb3135ac2ab0e72bf01d8c9ea373fb8b3d4aa98dcfb323600d20dded68f0
model-69b5f4a99eaf30a1,4-enemies,Sea Dragon,Sea Dragon,enemy,1,20,228,284,True,False,research-required,Auxiliary/animated palette contract must be supported before replacement,8fa43a55b19174b19996487f8c2e89af66fc787941793cfe6893bce1c50aece4,69b5f4a99eaf30a16ab368dc6d01fff07b0c24424d3466df2d72296901a59bef
model-3bc2399cdab5f656,4-enemies,Sea Piranha,Sea Piranha,enemy,1,10,198,230,False,False,authoring-candidate,,65fa88caa40adffc106596134a154c295014139973a0673aa4f561462924da97,3bc2399cdab5f656f766eba88065027df702478132811eecb4d344a7abcf284b
model-4357be36483791b6,4-enemies,Skeleton,Skeleton,enemy,1,33,329,436,False,False,authoring-candidate,,51b328d05f21c246e3e90c1f0cb995d968ddc37c44660dec875844bc43ac6ef1,4357be36483791b6a7f4df8a832eed41d8bb6fd330ce16a33eff9c677f8e2fb3
model-6cf58ba4dc07127d,4-enemies,Sky Chaser,Sky Chaser,enemy,1,27,353,542,False,False,authoring-candidate,,94c0f80f81635a5bc4efd43785f40c0d1d72fb1e28d9fced8fa723c739d2548c,6cf58ba4dc07127d62f5331b065eea3ad5a17220b80e11bcb135e4c1d52a432e
model-46d7363259c5888f,4-enemies,Slug,Slug,enemy,1,18,220,362,False,False,authoring-candidate,,d28c9f1ebaf82c808508cd8d831a7c7e11aa97fa29fd6706880d8a68bdf92482,46d7363259c5888ffa10bd3e2383f04f6ebfd6cb19e39dd5928e710aa8ec4825
model-8381d89461b97451,4-enemies,Spider Urchin,Spider Urchin,enemy,1,21,224,262,False,False,authoring-candidate,,fd2f204d5c44a697834b7a8dddc55687deead3c3b8932a2b88150c573ae5885c,8381d89461b974513b07b211186c551b372b90e8893eedeee6abc1908fe3d7cc
model-76d7ea2d438ef085,4-enemies,Spiky Beetle,Spiky Beetle,enemy,1,19,203,322,False,False,authoring-candidate,,1ac0a2d77cf47b1ddeadafcde75f7f83de19915409fd79d60ddf93584fde0fbd,76d7ea2d438ef08555ab2f5427ea7e79584d13ee49a6e5d77ffd21d6bcc6a196
model-1d48b410ead0b2c2,4-enemies,Spinninghead,Spinninghead,enemy,1,17,380,318,False,False,authoring-candidate,,9997aa7d0a107fcb064648d4b7d8d7567134374f313b2dae56e03ba3ccaa7592,1d48b410ead0b2c2f2f824d1bff89cb87e425fc022f535357bbad6342dc79741
model-505c40eb7e34d9e2,4-enemies,Spring Hitter,Spring Hitter,enemy,1,28,259,370,False,False,research-required,Topology needs inspection before surface refinement,3787d411f96e1ae9045534b0d5ac16988d61cf5a0324d2b0533fb93389633e42,505c40eb7e34d9e25d6db3a47cd47d50903f9d65703db8632a44f65393d94153
model-eb962bd31c1171f0,4-enemies,Stern Fish,Stern Fish,enemy,1,24,326,490,False,False,research-required,Topology needs inspection before surface refinement,31039f7e02b8a180ab1364a38f16578da9187748458d15d1564edf59b4e5a297,eb962bd31c1171f0eb64f37f0d85e56be5cedfdb4f3342036e0a6a649733b8de
model-a4964a528b197acc,4-enemies,Stinger,Stinger,enemy,1,22,231,230,False,False,authoring-candidate,,1179f349b9f8db100402b52fd8de2f00bf397b093002abc821ca152ad47443f4,a4964a528b197acc7d635a6e28a082b746a61f6dba9c7a9b976759a5467d5682
model-93094d34168522a9,4-enemies,Strong Man,Strong Man,enemy,1,17,336,526,False,False,authoring-candidate,,bd020acedeb1dab46e5f6aeaaab5f560bc78da63a709a69a9e7a6644176c51a1,93094d34168522a912868b2fe22df1b70186f0d42a3eea768a094e5210b13b00
model-8082069cde356252,4-enemies,Succubus,Succubus,enemy,1,17,324,520,False,False,authoring-candidate,,e1cfe328b8a8c057ddd805183c93cc80fac71f8f6bab282042faa19a80111e6c,8082069cde3562523d60181987d245cc9bcc3e28f25592ee8123f05f01fb79e0
model-65e91a735d177010,4-enemies,Swift Dragon,Swift Dragon,enemy,1,22,234,360,False,False,research-required,Topology needs inspection before surface refinement,93e49f9f990bdfa155fd14e01999eb9110a9a6fdad2209db463d6aa97546a99c,65e91a735d177010ec2bd0c93b92f6d86b986058d9c6b2a4b8aa30dd934ae3d8
model-24d0f184356f32b7,4-enemies,Toad Stool,Toad Stool,enemy,1,12,181,303,False,False,authoring-candidate,,449da907c5d97c2aca8830dc6c74f6edbf2fb89b24fafab3d78935e7d47e3ba3,24d0f184356f32b7ae43e1f4b1d44b723eef32d8b3e132df758c189733aa3903
model-24c1782c27cb7689,4-enemies,Trap Plant,Trap Plant,enemy,1,46,426,600,False,False,authoring-candidate,,ccc9d88edcd8ad59c9e1c64806f719c13bc14b79d0b88edede159a28fcf5a580,24c1782c27cb7689a14c2ef31ded49ca6feb2cd13a5b2efbd22b94786ad31e01
model-e87c635fdce25ee6,4-enemies,Trent,Trent,enemy,1,34,335,486,False,False,authoring-candidate,,93f5fb53d427db2700c02c0a7022024b032fb3699b95950592d2f6cd779fc6a3,e87c635fdce25ee667c9167c65123370f57c5e4c0176b1e5c18d3e5fab0f322c
model-33cdb1fd50beb992,4-enemies,Triceratops,Triceratops,enemy,1,26,447,711,False,False,research-required,Topology needs inspection before surface refinement,2e09c8e87f59aa7aa4c2650ab7332c772b3bb509e3df76a0470ed6179948e8ec,33cdb1fd50beb99281544d02700225082626e3fa09b0153d782528409fea68b6
model-14b46d5b9ca447d2,4-enemies,Tricky Bat,Tricky Bat,enemy,1,12,130,142,False,False,authoring-candidate,,d86b229f80f47950abfa19c4df3e623c87f61b08132aa2fc3f0bd6f98dfa33f0,14b46d5b9ca447d2f07832bd4e2eac30736ad14bead713cc5d4da5d2e4065225
model-2d311f3dd9741072,4-enemies,Ugly Balloon,Ugly Balloon,enemy,1,13,240,347,False,False,authoring-candidate,,8dc531af155b3432e0b2a4d13e68fff71c4592155ad7f0b70b2507769a04c7cf,2d311f3dd9741072ca10d7b7f0307a71332ffd7f11f1adbe6e0375007fa68e24
model-f673e49319ab37ce,4-enemies,Undead,Undead,enemy,1,21,223,364,False,False,research-required,Topology needs inspection before surface refinement,f0556ad941575d608dfa7d94c1d0e707f1be9fa84c39ba3634717e950c505db7,f673e49319ab37ce43f30f08a5b45df9b91eb2945eeae3723f023c4ad33aff86
model-95e7322bc98fb29b,4-enemies,Unicorn,Unicorn,enemy,1,27,377,489,False,False,authoring-candidate,,d8e108e87dcaf71cc038f7b87918b3073a50bfbda7d3366483fcd43aff666cf1,95e7322bc98fb29bd2dd96ad5b4f916ebc78df346ecc50ec240b9f926b847f75
model-e5bab5fb3cedd68f,4-enemies,Vampire Kiwi,Vampire Kiwi,enemy,1,10,93,134,False,False,research-required,Topology needs inspection before surface refinement,c45f3e0a534431dbcd69b2eeb860fa9cae0345be57b3f38b32f5d0664cb29dca,e5bab5fb3cedd68fb2aa4a5b5edf00417420daa8363bdc63e7565d5f2e566186
model-fcd777188de11252,4-enemies,White Ape,White Ape,enemy,1,18,359,553,False,False,research-required,Topology needs inspection before surface refinement,979925e0aad3e842ac14916a78ff09ba00416623d1db211ff55a30756639d9fa,fcd777188de11252f23e8e8f7ef9ad85ad8c61c6b43061c8abefaea64e03f0e7
model-1702ca630e5bcd44,4-enemies,Wildman,Wildman,enemy,1,19,359,528,False,False,authoring-candidate,,acbceb4e9d2ed85377b2d761a6c5ac84f3316d7e22d36c4ef9cc09fd49b0a8ad,1702ca630e5bcd4459ecdb549c6a87314ff9ec243b1d4e5a7c8793869a1458c8
model-8875d23b10df2575,4-enemies,Windy Weasel,Windy Weasel,enemy,1,26,266,372,False,False,authoring-candidate,,8946ea0b3a5472c0125a59509fc86f6413925485cf3a02312ba082fdbf681377,8875d23b10df2575267cf941a036a678bec94e2b2ccc37cc1aecb1f0d4b3ae05
model-85f0d33aae2f1b04,4-enemies,Witch,Witch,enemy,1,14,287,433,False,False,authoring-candidate,,b1d5f6e7da6376add0c124cf8694d6dc6088e9591e089fd4517b73cbc99800ce,85f0d33aae2f1b040832720e6814d782cc461cf7ac96429bb150d23aeeb81879
model-91f4f216f9a3bc68,4-enemies,Wounded Bear,Wounded Bear,enemy,1,27,290,456,False,False,research-required,Topology needs inspection before surface refinement,812ddfd330a98d3e7515e8ff0a2122b8571c036b6f21d21721bb8d9d74bd29ec,91f4f216f9a3bc68d261b61c230a57aa096c6a32b5145fc2f7e6d6d47f2b25ff
model-0a0a3e4077ae70d0,4-enemies,Wyvern,Wyvern,enemy,1,31,359,524,False,False,authoring-candidate,,cc74f302013d46a089157362edad9a5c68211a84b28cb50f0ef07cde9f1df19f,0a0a3e4077ae70d05053355804d75dbd90b555a4dc0985a7abac2518d7b185cc
model-a05dd8864d39013c,4-enemies,Unnamed combatant 191,,enemy,1,24,317,465,False,False,research-required,Actor/prop identity needs confirmation; scene/effect names are context only | Topology needs inspection before surface refinement,d4702431ba4d50d7dcde1b74c360ac1a208017257858f8412ed998f8dee13a68,a05dd8864d39013c6192d0241a1a7732120e911de689bd10fce32f2699faf9b7
model-4df0ee994f6b006e,5-scenes-props-effects,Coolon,Coolon,world-map-vehicle,1,12,155,262,False,False,research-required,Geometry replacement hook for world-map-vehicle,42635cdeadf744c14bb5869401f79f5ab95324407c3f8e336ea87f72d06be90d,4df0ee994f6b006e4bf3f8d496264c10316793f6cc9175e3cc993dd389273de7
model-8edf9818749947ab,5-scenes-props-effects,Queen Fury,Queen Fury,world-map-vehicle,1,16,421,597,False,False,research-required,Geometry replacement hook for world-map-vehicle | Topology needs inspection before surface refinement,365f79cbdc9119a9021d045e66ef8935a041f6a1b4d8cc9d0a3b8060b4a4ddf8,8edf9818749947abd084b1b0e063f44417e5efa034b5591f2266e8914a120801
model-4a62eccf67ab1c9d,5-scenes-props-effects,Battle stage 71,,battle-stage,8,1,443,506,True,False,research-required,Actor/prop identity needs confirmation; scene/effect names are context only | Auxiliary/animated palette contract must be supported before replacement | Geometry replacement hook for battle-stage,a7d73f9dd09fbc7fe573155d002ae5c5cf64593576f07be896157b44c1517d5f,4a62eccf67ab1c9ddd51964ee2187d14ad6ae6663accf1a4320dfea0abe20a08
model-092116ea14fc2407,5-scenes-props-effects,Battle stage 18,,battle-stage,2,1,231,389,True,False,research-required,Actor/prop identity needs confirmation; scene/effect names are context only | Auxiliary/animated palette contract must be supported before replacement | Geometry replacement hook for battle-stage | Topology needs inspection before surface refinement,d687dcdccd15edc11fc7d6244c7f5fbff8f879f5bc29716d2fcb4171af621a86,092116ea14fc240730aaee9acd2b983adad342aa47253fe597a20ddfad6603cf
model-8f97f07976288324,5-scenes-props-effects,Field 3D scene overlay,,prop | unresolved-container,2,1,279,293,True,True,research-required,Actor/prop identity needs confirmation; scene/effect names are context only | Auxiliary/animated palette contract must be supported before replacement | Geometry replacement hook for prop | Geometry replacement hook for unresolved-container,3acdd60f9a6f69eadda9f139fd038f9b480e306823eb1d0929d6bc1a4775a4a0,8f97f079762883240af8286b9a6215dc80ad5dcef70f3d6932ce3c64fce03765
model-b205bb16364b1b27,5-scenes-props-effects,Field 3D scene overlay,,prop,2,1,160,138,True,True,research-required,Actor/prop identity needs confirmation; scene/effect names are context only | Auxiliary/animated palette contract must be supported before replacement | Geometry replacement hook for prop,7e1b96b2820e862477788eebfacebdc721b4c5abed354cce9340decd26e5d35f,b205bb16364b1b272472ad312e557937e7b3a7c4bd1bed385486858d69933a83
model-d82a722a0c5a198b,5-scenes-props-effects,Melbu 3,,battle-stage,2,1,647,955,True,False,research-required,Actor/prop identity needs confirmation; scene/effect names are context only | Auxiliary/animated palette contract must be supported before replacement | Geometry replacement hook for battle-stage | Topology needs inspection before surface refinement,e8a3af4eb3c5c2cb25743dd8a89091745319fe4d6f28d5c35fb0ddc28cc0a4a9,d82a722a0c5a198bdb5c67ccec0d888ab3367d28895b5e662e5fdc85d4cd4d5f
model-c340ab23ca76ca68,5-scenes-props-effects,Additional save-point resource (not loaded by current SMap),,prop,1,1,12,6,False,False,research-required,Actor/prop identity needs confirmation; scene/effect names are context only | Geometry replacement hook for prop,5bf6b1b9ad72687fe53e96b3ef590596cabc153588c335a0261c5bf9b02cc813,c340ab23ca76ca68e8065c3e343dca0436d79d67a3183b530a96e2cd3e78dbc1
model-7946be1c4d9fe738,5-scenes-props-effects,Battle stage 0,,battle-stage,1,2,1422,959,False,False,research-required,Actor/prop identity needs confirmation; scene/effect names are context only | Geometry replacement hook for battle-stage,33c5c93c06bf698027a4e0da04b904b3510c8feaca138cc9613abeb825f8933d,7946be1c4d9fe738e39db5eb2f275c84d03afd1f077a78e3ea93e3c74d81bcbf
model-5de2d8b80857845a,5-scenes-props-effects,Battle stage 1,,battle-stage,1,1,592,927,True,False,research-required,Actor/prop identity needs confirmation; scene/effect names are context only | Auxiliary/animated palette contract must be supported before replacement | Geometry replacement hook for battle-stage | Topology needs inspection before surface refinement,8ac6fe047eb8e83eeb758f5bed6ca57c520ecf0f2be1b8399c526903ac12d171,5de2d8b80857845ad10be8e40617e2bc78477789bcfa5859b6365687a6066d33
model-3af59872976f3987,5-scenes-props-effects,Battle stage 10,,battle-stage,1,2,1180,916,True,False,research-required,Actor/prop identity needs confirmation; scene/effect names are context only | Auxiliary/animated palette contract must be supported before replacement | Geometry replacement hook for battle-stage,5e920c675bfe757a3a3571a885b3c961441e79af4baa6e66b9d67d271f628122,3af59872976f398791aa5f8b18bfe7aa88bf1ae9b63a2f5085a94b157674a59b
model-ab88ce316643085d,5-scenes-props-effects,Battle stage 11,,battle-stage,1,1,548,883,True,False,research-required,Actor/prop identity needs confirmation; scene/effect names are context only | Auxiliary/animated palette contract must be supported before replacement | Geometry replacement hook for battle-stage,40218be700613e49087e88f69b5095ff8e5b4078edf80f44274adbde578c82fc,ab88ce316643085df04d588886917f9e64e4ec2234de523cc38dba55a748f095
model-7aca34b505a35c2a,5-scenes-props-effects,Battle stage 12,,battle-stage,1,1,588,911,True,False,research-required,Actor/prop identity needs confirmation; scene/effect names are context only | Auxiliary/animated palette contract must be supported before replacement | Geometry replacement hook for battle-stage,8336814a9db2f87f2ba96d948a57ebb2a81b87c7baac748326a388727b386402,7aca34b505a35c2a0502a433c31665de2737a2f583057910d317285357ee6dd7
model-67f266fb5622677e,5-scenes-props-effects,Battle stage 13,,battle-stage,1,8,5232,873,True,False,research-required,Actor/prop identity needs confirmation; scene/effect names are context only | Auxiliary/animated palette contract must be supported before replacement | Geometry replacement hook for battle-stage,b01aa062c2f8cb915a3dea40f993f9016c41cc8c1e98837ce0be8c94099d5261,67f266fb5622677e631390746bf0f40024e7c7bd8f31310b93be94188088e049
model-e1e25879b35e73eb,5-scenes-props-effects,Battle stage 14,,battle-stage,1,8,4736,900,False,False,research-required,Actor/prop identity needs confirmation; scene/effect names are context only | Geometry replacement hook for battle-stage | Topology needs inspection before surface refinement,26e12297a088f1441115e751b7671796c747479bb11455d4cf374126fe6761f3,e1e25879b35e73ebe179174d82cbeb193caf462b9aa060b98f71fb24b6e2c786
model-8d6cac38d6671208,5-scenes-props-effects,Battle stage 15,,battle-stage,1,3,2187,915,True,False,research-required,Actor/prop identity needs confirmation; scene/effect names are context only | Auxiliary/animated palette contract must be supported before replacement | Geometry replacement hook for battle-stage,8cb99d80f10ac61cbf38a9a2bc87a9a12c5576b57cca8d7785de7ae6d50edf58,8d6cac38d66712088b7e4d6e98477bb5798f62101f3c10b3680d869cfa9cc817
model-01bbe63186b1f7cd,5-scenes-props-effects,Battle stage 16,,battle-stage,1,1,583,950,True,False,research-required,Actor/prop identity needs confirmation; scene/effect names are context only | Auxiliary/animated palette contract must be supported before replacement | Geometry replacement hook for battle-stage,9c82199616e1ef09f5d82e9518f1d7d0bf6dbcf1087467989e61c3fec7bbd614,01bbe63186b1f7cd0ec09c5505b1110b4928168b7167121f3219184e300ed408
model-dc0d82acd9459c79,5-scenes-props-effects,Battle stage 17,,battle-stage,1,1,625,938,True,False,research-required,Actor/prop identity needs confirmation; scene/effect names are context only | Auxiliary/animated palette contract must be supported before replacement | Geometry replacement hook for battle-stage | Topology needs inspection before surface refinement,a018a6d49237b607d6c873c53fc81e324b061c020f3d9efdda868f0dcef93d21,dc0d82acd9459c79f282cbdd1b656948c560375f21e785c461a3c6c36b54474e
model-a74a45ec2d572493,5-scenes-props-effects,Battle stage 2,,battle-stage,1,9,8208,962,True,False,research-required,Actor/prop identity needs confirmation; scene/effect names are context only | Auxiliary/animated palette contract must be supported before replacement | Geometry replacement hook for battle-stage,641190887f115150eab8bd5184eba7711783cb4abb723360aa8dcc7214193b55,a74a45ec2d5724935a9bc7b22040e8640fe3513378b6a9de5c9555980b4733b2
model-228d897b0ebb979b,5-scenes-props-effects,Battle stage 21,,battle-stage,1,8,716,1008,False,False,research-required,Actor/prop identity needs confirmation; scene/effect names are context only | Geometry replacement hook for battle-stage | Topology needs inspection before surface refinement,b38587027a09b08a46075a156c99b5a6f3177079cbaba3d0a3396f863a5686f3,228d897b0ebb979b1aa65ee560e50ab310682f498c38f41db21eb9418e383d80
model-c2294dc69f4ae1d9,5-scenes-props-effects,Battle stage 22,,battle-stage,1,10,8630,1008,True,False,research-required,Actor/prop identity needs confirmation; scene/effect names are context only | Auxiliary/animated palette contract must be supported before replacement | Geometry replacement hook for battle-stage,763ccbe8ea95132e66280d5e9aff4e263447fd567c7f4b6898248cabd395e2f7,c2294dc69f4ae1d9bb7b241ed44981a71e3bb71a7aaefbc4e809c21e5c516c27
model-6ad6c9c47f981271,5-scenes-props-effects,Battle stage 23,,battle-stage,1,4,2356,873,False,False,research-required,Actor/prop identity needs confirmation; scene/effect names are context only | Geometry replacement hook for battle-stage,6f7547090129f2abbe86d3bd7c66ee1092066234ed0e12b2eb51e0b71e8d19e3,6ad6c9c47f981271de5904b9f07908da673a3be65f762f42d62d28f9833d6a37
model-81f7257fb3b9ea60,5-scenes-props-effects,Battle stage 24,,battle-stage,1,2,1488,1003,True,False,research-required,Actor/prop identity needs confirmation; scene/effect names are context only | Auxiliary/animated palette contract must be supported before replacement | Geometry replacement hook for battle-stage | Topology needs inspection before surface refinement,8525d2e1e1ba6e2bbd59ea1498c176d45a5cab58117ff44fbfdcf765808e96b4,81f7257fb3b9ea605a3d5cf240b419e1b0e2ca9a3b8e455e435383a3850cd525
model-f51426ab63243790,5-scenes-props-effects,Battle stage 26,,battle-stage,1,1,698,873,True,False,research-required,Actor/prop identity needs confirmation; scene/effect names are context only | Auxiliary/animated palette contract must be supported before replacement | Geometry replacement hook for battle-stage,2b39eccfe84daea5d152a1e8a3d7127ec719a5771b06ce6ff38a2a6457fcef9d,f51426ab63243790f712bf1e96a65a7e69d18930823bd80a3c4599afd38cc548
model-6076d01562403228,5-scenes-props-effects,Battle stage 27,,battle-stage,1,4,2664,877,True,False,research-required,Actor/prop identity needs confirmation; scene/effect names are context only | Auxiliary/animated palette contract must be supported before replacement | Geometry replacement hook for battle-stage,4319d9dc57cc9501509e227a9c2bfcafdba7ce07bd4307aaed6aef2966508e85,6076d0156240322827a90ea42f06db476151f2c84c97049f8a4e85e603a86e84
model-9dfa8832da2b0b7a,5-scenes-props-effects,Battle stage 28,,battle-stage,1,1,615,928,False,False,research-required,Actor/prop identity needs confirmation; scene/effect names are context only | Geometry replacement hook for battle-stage | Topology needs inspection before surface refinement,8b7231c771102a3d8dd767a3f1c03fb54620b6aa77b135ebc9a08393956e18d7,9dfa8832da2b0b7aaca2eaec2c81628712fb9c1672e79e1a4c78a3bcf55b6d45
model-144adb4c83f33eea,5-scenes-props-effects,Battle stage 29,,battle-stage,1,3,2097,923,True,False,research-required,Actor/prop identity needs confirmation; scene/effect names are context only | Auxiliary/animated palette contract must be supported before replacement | Geometry replacement hook for battle-stage | Topology needs inspection before surface refinement,ba44d587ec16abfb8c84ad95ab69c06ef7b430e6c38c26a9683f590a918a7cae,144adb4c83f33eeae1056b759c592bd227bf7522e2e4df3090eeb968b460cb98
model-978e43d2d37ae67e,5-scenes-props-effects,Battle stage 3,,battle-stage,1,1,684,933,True,False,research-required,Actor/prop identity needs confirmation; scene/effect names are context only | Auxiliary/animated palette contract must be supported before replacement | Geometry replacement hook for battle-stage,600f5dab28599de4c1d640ae58cb2471dcc2b1c0f46edc998bf12707c5242c83,978e43d2d37ae67e96c574247e97e86714716a9d38e7cc0e26e24e91d390ed8c
model-79398165285eeb4c,5-scenes-props-effects,Battle stage 30,,battle-stage,1,1,606,903,False,False,research-required,Actor/prop identity needs confirmation; scene/effect names are context only | Geometry replacement hook for battle-stage,ea4d8cc5b2e0764c076965a975f7ef53a3fd44da265a658bd5fe318b846dde8a,79398165285eeb4c2a635942aa95de738a7fd5d9197bb1573194d12503c12a70
model-99d21653f92e410d,5-scenes-props-effects,Battle stage 31,,battle-stage,1,3,2094,974,True,False,research-required,Actor/prop identity needs confirmation; scene/effect names are context only | Auxiliary/animated palette contract must be supported before replacement | Geometry replacement hook for battle-stage | Topology needs inspection before surface refinement,471804bf21138ddf54715ecbfd306ec87a8a28efed8095df02e974361f55cbf0,99d21653f92e410db137746c377ef3e9e9f33cf7fef580bb74caae54d78938d1
model-b67f89c75b60fc1b,5-scenes-props-effects,Battle stage 33,,battle-stage,1,2,1270,964,True,False,research-required,Actor/prop identity needs confirmation; scene/effect names are context only | Auxiliary/animated palette contract must be supported before replacement | Geometry replacement hook for battle-stage | Topology needs inspection before surface refinement,5028311bd85475207b1b85fe52a7e5fc03670f2de2632cb4916e18a2e04e5f2e,b67f89c75b60fc1b9742d967c22c832edabe826cb0f5428791e04c91952c3d5a
model-ecfbecccff2a17e1,5-scenes-props-effects,Battle stage 35,,battle-stage,1,1,479,783,True,False,research-required,Actor/prop identity needs confirmation; scene/effect names are context only | Auxiliary/animated palette contract must be supported before replacement | Geometry replacement hook for battle-stage,37da3268354eef4515bdd793d936512de93f8be03e81651d5d523e7b238a8d24,ecfbecccff2a17e13c3a9eb04abf807f25939effadd605edff68145d4bd98991
model-b32cfeff263bc083,5-scenes-props-effects,Battle stage 36,,battle-stage,1,1,493,789,False,False,research-required,Actor/prop identity needs confirmation; scene/effect names are context only | Geometry replacement hook for battle-stage,3d327350b471144cdd247700dedd006b4f9b97948da60305b88515f83e66aaee,b32cfeff263bc0835e32928bc2d5dbe4e0dd06c2c42be16e777f55a488a6a4a6
model-eaf9ef93de27f58f,5-scenes-props-effects,Battle stage 37,,battle-stage,1,6,4176,989,True,False,research-required,Actor/prop identity needs confirmation; scene/effect names are context only | Auxiliary/animated palette contract must be supported before replacement | Geometry replacement hook for battle-stage,0a6dd4d69184eecad4cb3d2b5461535ff14e10d7e45e01e2eb173e22e511cf5f,eaf9ef93de27f58f18a6b12ff0d79aa4d69d7c811626249ceee65cb782c7f42b
model-61fc6e1cba1755e4,5-scenes-props-effects,Battle stage 38,,battle-stage,1,9,6975,950,True,False,research-required,Actor/prop identity needs confirmation; scene/effect names are context only | Auxiliary/animated palette contract must be supported before replacement | Geometry replacement hook for battle-stage,87bd66ea54082fb44c0c9b74858fbbdcf283ed6b4579a875f61edb27f22800bd,61fc6e1cba1755e46f1246a604274d344c8e2c5028c9160c8bcfdf80142ea61c
model-41ed12bafdbbfa28,5-scenes-props-effects,Battle stage 39,,battle-stage,1,7,3696,824,True,False,research-required,Actor/prop identity needs confirmation; scene/effect names are context only | Auxiliary/animated palette contract must be supported before replacement | Geometry replacement hook for battle-stage,4122b6ac1718354e76cd8339869759ba7ff9073f0d762536c0c1a93f3e0b9711,41ed12bafdbbfa28228a37524f0a36de3443cb20aeded3c77af65661b1c32497
model-346cbba0bbafb6ed,5-scenes-props-effects,Battle stage 4,,battle-stage,1,1,744,981,True,False,research-required,Actor/prop identity needs confirmation; scene/effect names are context only | Auxiliary/animated palette contract must be supported before replacement | Geometry replacement hook for battle-stage,57e64089ecc603a54fb3c8e306c07898076676b689715ce5c8a38577ed5a0051,346cbba0bbafb6ed56dde8c9fff4cbf2c0c489391fa4da18d2f9252d689b65b0
model-cc5d4fc384d52c0a,5-scenes-props-effects,Battle stage 40,,battle-stage,1,10,6380,880,True,False,research-required,Actor/prop identity needs confirmation; scene/effect names are context only | Auxiliary/animated palette contract must be supported before replacement | Geometry replacement hook for battle-stage,e996b8e238e6548086f6e24e368c58096c0e0785e5b0c907fbfcad4eed52f1ab,cc5d4fc384d52c0ad704b77e7c139314bf4192e8a06ead395e8ee1ad1e07a0a6
model-732968687e04e3fd,5-scenes-props-effects,Battle stage 41,,battle-stage,1,1,685,984,True,False,research-required,Actor/prop identity needs confirmation; scene/effect names are context only | Auxiliary/animated palette contract must be supported before replacement | Geometry replacement hook for battle-stage,3c848fd1db03fb0a35975e2016a8cab592898326f3cbc1acd10f739135c12d2f,732968687e04e3fd2ea54a99f161abc5509a2d98dc038931beda17e844af0690
model-8909ac53f7650efa,5-scenes-props-effects,Battle stage 42,,battle-stage,1,1,508,795,False,False,research-required,Actor/prop identity needs confirmation; scene/effect names are context only | Geometry replacement hook for battle-stage,f6581d5d64a194e8ed6a52b0767bbd18b57e53caa656676ccc65dd1bae7c1649,8909ac53f7650efa4de4eec38ada7ec44926806f9e9ccf16889f2315f0cb7cdf
model-1c1e8089f0220c32,5-scenes-props-effects,Battle stage 44,,battle-stage,1,1,616,921,False,False,research-required,Actor/prop identity needs confirmation; scene/effect names are context only | Geometry replacement hook for battle-stage,36d0d48316f6b1d50ebe397ab7580627937567e2468f4524d53b69700e2c15f6,1c1e8089f0220c328f3365abd482406dc5b347569c5d8ac36351fd6717720e6e
model-77c08f1719e21f55,5-scenes-props-effects,Battle stage 45,,battle-stage,1,1,539,900,True,False,research-required,Actor/prop identity needs confirmation; scene/effect names are context only | Auxiliary/animated palette contract must be supported before replacement | Geometry replacement hook for battle-stage,1f00372797ca9f66b06f9a394cdd5095afb0bc19d6835b2470edbfdcd20dc17e,77c08f1719e21f55e92aebf99ccf39f7289525aa8dab75d1fe427d37583b13c1
model-84571ead941fc430,5-scenes-props-effects,Battle stage 46,,battle-stage,1,4,1872,835,False,False,research-required,Actor/prop identity needs confirmation; scene/effect names are context only | Geometry replacement hook for battle-stage,26070accbc819be5e5776e1d222a1fa0c56e2b4b0d8e88e2bbb9db136b90c442,84571ead941fc4308a9be1d3e09c24aa848366649084e64c57386a27bb89b8ff
model-b258931e4fe75e11,5-scenes-props-effects,Battle stage 47,,battle-stage,1,1,605,951,True,False,research-required,Actor/prop identity needs confirmation; scene/effect names are context only | Auxiliary/animated palette contract must be supported before replacement | Geometry replacement hook for battle-stage,02c626c277471239f45bfa9027a7b87b6e90fbf1e7153ad4726e6abf6aacea7c,b258931e4fe75e110a9417e1ab47293006b45359479454bb7ad48cc422603526
model-e025d6e49ad8f9af,5-scenes-props-effects,Battle stage 49,,battle-stage,1,1,542,808,True,False,research-required,Actor/prop identity needs confirmation; scene/effect names are context only | Auxiliary/animated palette contract must be supported before replacement | Geometry replacement hook for battle-stage,b977c3a5fd274078b36bb978ed164ef2fd4af6464449364b546f12bde4053e31,e025d6e49ad8f9af39b77969ad8b221d51027abfe973bbcd69feae279a6c2f8b
model-ccfdc945313bb401,5-scenes-props-effects,Battle stage 5,,battle-stage,1,1,608,946,True,False,research-required,Actor/prop identity needs confirmation; scene/effect names are context only | Auxiliary/animated palette contract must be supported before replacement | Geometry replacement hook for battle-stage,8140827d8cb7014533292298ec8c336cf69cbdbaa134a57eb7200ac52418b231,ccfdc945313bb401866b49be1fd8359fee394ca4d2cc41e436f4db9bf8814870
model-c4df592082219b97,5-scenes-props-effects,Battle stage 50,,battle-stage,1,1,559,873,False,False,research-required,Actor/prop identity needs confirmation; scene/effect names are context only | Geometry replacement hook for battle-stage | Topology needs inspection before surface refinement,8ac81f2c67295f4cb4ce1dca4f9f6264b40d10aa96460ea4fad4559d3085bbc8,c4df592082219b977556a212279f54a9d1144a96c744ce33446ad6241dc42b57
model-386628667a0ca98c,5-scenes-props-effects,Battle stage 51,,battle-stage,1,1,637,878,True,False,research-required,Actor/prop identity needs confirmation; scene/effect names are context only | Auxiliary/animated palette contract must be supported before replacement | Geometry replacement hook for battle-stage | Topology needs inspection before surface refinement,ce811ba12ed356e7338b4ad210fd24de2f2e038b055dc909cbb352f3b2cc04e0,386628667a0ca98c1122a6321d4cfdd91603a73861a78e2658fa934203f3bb72
model-ca86e91854ee97f4,5-scenes-props-effects,Battle stage 53,,battle-stage,1,1,635,978,True,False,research-required,Actor/prop identity needs confirmation; scene/effect names are context only | Auxiliary/animated palette contract must be supported before replacement | Geometry replacement hook for battle-stage,95ccd6ac092a903e4fca7954bed91812f4c9e93a0372d3dd81a3b5c4bc93cbed,ca86e91854ee97f41d5a44d99801e1fefc61a8f2fccc4c12be4e4d08a84fd549
model-cb14c241876182b7,5-scenes-props-effects,Battle stage 54,,battle-stage,1,10,6460,912,True,False,research-required,Actor/prop identity needs confirmation; scene/effect names are context only | Auxiliary/animated palette contract must be supported before replacement | Geometry replacement hook for battle-stage,d538144c6f0652e83b5de62fbb787269c784a606790dbd38feb930bcdae268b6,cb14c241876182b7e1e932ec015264c26c8c8a8e36016d33e7cb030d450f51ee
model-941eed91d923d560,5-scenes-props-effects,Battle stage 55,,battle-stage,1,1,613,920,True,False,research-required,Actor/prop identity needs confirmation; scene/effect names are context only | Auxiliary/animated palette contract must be supported before replacement | Geometry replacement hook for battle-stage | Topology needs inspection before surface refinement,e37fa9eacc592db77040badfc5f6cdda954fdbe4d1e00cfc935609a4a596772a,941eed91d923d560b9003b3cf61d9313c861f435f0c0defb951b64c9511e5822
model-427f88f7f48123e6,5-scenes-props-effects,Battle stage 56,,battle-stage,1,1,594,864,False,False,research-required,Actor/prop identity needs confirmation; scene/effect names are context only | Geometry replacement hook for battle-stage,08fd769c42080431128ed7204e9af113df6619cc58ab0f1b035db4c13414bb59,427f88f7f48123e6ee95abf34e2a714a1bdb3c48695922c03c1c8cbad4bf6dad
model-399a267afb7734e6,5-scenes-props-effects,Battle stage 58,,battle-stage,1,1,589,867,True,False,research-required,Actor/prop identity needs confirmation; scene/effect names are context only | Auxiliary/animated palette contract must be supported before replacement | Geometry replacement hook for battle-stage,77ba90af22a303812edebba45f23cf762e495272d31218ae20d107c27dcc9405,399a267afb7734e6774466c3cd48141ad8c932120b65ad608caf3c91d73e3156
model-fba55701cf222ce2,5-scenes-props-effects,Battle stage 59,,battle-stage,1,1,810,940,True,False,research-required,Actor/prop identity needs confirmation; scene/effect names are context only | Auxiliary/animated palette contract must be supported before replacement | Geometry replacement hook for battle-stage,d6360b7daa8ee95f77bac1127ba25c14ab3f5ae761c0e5b5c806a5b892768a3a,fba55701cf222ce22f25d09988735bd0ef10e4ad239b7b343864efd67b59b020
model-0a7df8b8fb0b84b1,5-scenes-props-effects,Battle stage 6,,battle-stage,1,1,617,844,False,False,research-required,Actor/prop identity needs confirmation; scene/effect names are context only | Geometry replacement hook for battle-stage,4accc743052261953125b4a5ba4089ed79c1fecc75177e01b4d27caac3c5f978,0a7df8b8fb0b84b16044b93b240f53d06049fd8be1d815543ce90d48ebf49aef
model-06748c8e45e7a8dd,5-scenes-props-effects,Battle stage 60,,battle-stage,1,1,766,1006,True,False,research-required,Actor/prop identity needs confirmation; scene/effect names are context only | Auxiliary/animated palette contract must be supported before replacement | Geometry replacement hook for battle-stage | Topology needs inspection before surface refinement,12cb9c8be5aeddcaa92bffd132b3daa34c3830e4b81a1ecb2c0f5f4c1cd1de84,06748c8e45e7a8dd02150ab31c89f2df9db0e42f5c832940871ba99f79a35379
model-f8abe5d477db0ead,5-scenes-props-effects,Battle stage 61,,battle-stage,1,3,1986,978,True,False,research-required,Actor/prop identity needs confirmation; scene/effect names are context only | Auxiliary/animated palette contract must be supported before replacement | Geometry replacement hook for battle-stage | Topology needs inspection before surface refinement,3c8a5e1ce0dd9f8c27f89f33e0a461046a48e96c67dbee05ead4dc8bd71d9f20,f8abe5d477db0ead6d9d5c193b767a11448349e61a0aa9156f9a0b7736962d39
model-ca53ac4ad14594ca,5-scenes-props-effects,Battle stage 62,,battle-stage,1,1,460,774,True,False,research-required,Actor/prop identity needs confirmation; scene/effect names are context only | Auxiliary/animated palette contract must be supported before replacement | Geometry replacement hook for battle-stage,3f95a0e7497e8cadf9148a3465bfa2695e157f2beb6ea341f9b67f363ea6548a,ca53ac4ad14594ca3b705c52152745b8c04d353fa165ae9cfc4b1ac40730f96f
model-7612104fcd2be6d9,5-scenes-props-effects,Battle stage 63,,battle-stage,1,1,793,1007,False,False,research-required,Actor/prop identity needs confirmation; scene/effect names are context only | Geometry replacement hook for battle-stage,dc4886ba08bac2827d6725f9adf2358e25da36c5a25f566d1f47bd553f8ad843,7612104fcd2be6d991bf3bf22bcffeb5317d71f871be177955f437803b01ed5d
model-ddada3638d61dfd5,5-scenes-props-effects,Battle stage 64,,battle-stage,1,4,3040,973,True,False,research-required,Actor/prop identity needs confirmation; scene/effect names are context only | Auxiliary/animated palette contract must be supported before replacement | Geometry replacement hook for battle-stage,2b6b8836d6f1f4d0ba528e4276a744a9a7525b921c105d2486b08d0ea8337c9b,ddada3638d61dfd5da226d174fa82b4aa16781a75d757f56fa19f97bbcf7f013
model-030996c9ca1cf7f1,5-scenes-props-effects,Battle stage 65,,battle-stage,1,2,1444,954,True,False,research-required,Actor/prop identity needs confirmation; scene/effect names are context only | Auxiliary/animated palette contract must be supported before replacement | Geometry replacement hook for battle-stage | Topology needs inspection before surface refinement,f9fe6902ea2593702b905cf4119efef28f8fa76478eda8fa3842ef31b682287a,030996c9ca1cf7f1fdcf894902919d1a8c312bf42265ea90cd4cd8ef7bcb6f3a
model-dd10ed39bd737be4,5-scenes-props-effects,Battle stage 66,,battle-stage,1,1,583,896,False,False,research-required,Actor/prop identity needs confirmation; scene/effect names are context only | Geometry replacement hook for battle-stage | Topology needs inspection before surface refinement,f6adbfa5b46f86bd885c41acef49f5dcb27317405d01d84423c4958c6cdc0f50,dd10ed39bd737be4c8e4b3fa5ae439db24ce4d6fe12e35b6c14eb05551a8c38c
model-3ce050016fd2fcab,5-scenes-props-effects,Battle stage 68,,battle-stage,1,1,734,954,True,False,research-required,Actor/prop identity needs confirmation; scene/effect names are context only | Auxiliary/animated palette contract must be supported before replacement | Geometry replacement hook for battle-stage,17245c8d859b69e1fe0a201ba498584e48b944e8c25182599b3beae632d450e2,3ce050016fd2fcab08ccc9604a912f5f2d771cd35846ae930928d74c7c50ace9
model-c2d2f2066b2b4938,5-scenes-props-effects,Battle stage 69,,battle-stage,1,1,529,850,False,False,research-required,Actor/prop identity needs confirmation; scene/effect names are context only | Geometry replacement hook for battle-stage | Topology needs inspection before surface refinement,b8ad70516ba9ce3b7cc045d97277253cbc1d4e3a7cb784cc926702a7a59d96ec,c2d2f2066b2b4938e80142c1fcaf01652a8220e76caaff8912ae4c2cc3ed626e
model-e14b571db0b74152,5-scenes-props-effects,Battle stage 7,,battle-stage,1,1,554,913,True,False,research-required,Actor/prop identity needs confirmation; scene/effect names are context only | Auxiliary/animated palette contract must be supported before replacement | Geometry replacement hook for battle-stage,d31453f2c22400fc9a9db2438a5301e1300d36147f6fe2a4a263245796839b1a,e14b571db0b741523555eba893a63e881d35ec21edb803d4297703fe25e1df34
model-211548cfcc8b8d36,5-scenes-props-effects,Battle stage 70,,battle-stage,1,3,1464,843,True,False,research-required,Actor/prop identity needs confirmation; scene/effect names are context only | Auxiliary/animated palette contract must be supported before replacement | Geometry replacement hook for battle-stage | Topology needs inspection before surface refinement,c3bf8fed0227c8d4190cd81e4a74c9042be4be52af8a69a6beed45db6725983d,211548cfcc8b8d361118c98a983ea7ad0dc36bbbea938e47001c5c07833a5169
model-d1e8101b3a819873,5-scenes-props-effects,Battle stage 79,,battle-stage,1,2,1104,860,False,False,research-required,Actor/prop identity needs confirmation; scene/effect names are context only | Geometry replacement hook for battle-stage | Topology needs inspection before surface refinement,0be5e6a523824bb08028314467a1bd8db0cfc5ef93bc609e5653798e6f93e558,d1e8101b3a81987336f9e862ac80ed71a33fc79f557dbb857e4686d3e9a7f3a8
model-4d0224e719290fe3,5-scenes-props-effects,Battle stage 8,,battle-stage,1,4,1848,857,True,False,research-required,Actor/prop identity needs confirmation; scene/effect names are context only | Auxiliary/animated palette contract must be supported before replacement | Geometry replacement hook for battle-stage,fdf5c941791f6082292b3e104c1b605a0d7eb49f3a4f6fec637922606e604089,4d0224e719290fe350f357079df25fd805d974b8943004da1ef8cd2558a7ca7e
model-5df84d4ffe3a475e,5-scenes-props-effects,Battle stage 80,,battle-stage,1,1,552,860,False,False,research-required,Actor/prop identity needs confirmation; scene/effect names are context only | Geometry replacement hook for battle-stage | Topology needs inspection before surface refinement,ce9995dbb0a4721889618bb02d90897700faf5c27570190c39b65930102edf37,5df84d4ffe3a475ecf01eac8eb4ba74918f361a5399f1e36950c8f9109c9f598
model-5a7a0731b54e189a,5-scenes-props-effects,Battle stage 81,,battle-stage,1,1,592,898,True,False,research-required,Actor/prop identity needs confirmation; scene/effect names are context only | Auxiliary/animated palette contract must be supported before replacement | Geometry replacement hook for battle-stage,b3d5912282aeac99912880c2f7f40c9d0f60ad8c58ebb238d44a02751518172c,5a7a0731b54e189a99fb9383c9ac5e6697ae6215c47950f6ec77130c1d753b9a
model-17e08e94bcef1a6c,5-scenes-props-effects,Battle stage 82,,battle-stage,1,3,2004,916,True,False,research-required,Actor/prop identity needs confirmation; scene/effect names are context only | Auxiliary/animated palette contract must be supported before replacement | Geometry replacement hook for battle-stage | Topology needs inspection before surface refinement,408e979e0a48337a2361b04f85b59f8d4cdb649b445a013ab1570d0654800c41,17e08e94bcef1a6ce28349e45ebbd414a224eb085a7cb349248e49790d76a2cf
model-9ec8e0f3232214a2,5-scenes-props-effects,Battle stage 83,,battle-stage,1,1,535,824,True,False,research-required,Actor/prop identity needs confirmation; scene/effect names are context only | Auxiliary/animated palette contract must be supported before replacement | Geometry replacement hook for battle-stage,f841558a5e49053fdd789f853419b236750f5981ae54ca225e7a1e0aa12953ff,9ec8e0f3232214a210a8d4c4b5cbe5bf057c9e54007984ceeeca1086247ef2e0
model-13c83025a883207a,5-scenes-props-effects,Battle stage 84,,battle-stage,1,2,1248,886,True,False,research-required,Actor/prop identity needs confirmation; scene/effect names are context only | Auxiliary/animated palette contract must be supported before replacement | Geometry replacement hook for battle-stage,3d37a4088db5d1ae47296b997b43ca3d55798b24a599986dccb26db03c0d1836,13c83025a883207a227cab3496d279667f516776d4630eab380c779dc3d3b942
model-54283925939b1372,5-scenes-props-effects,Battle stage 85,,battle-stage,1,1,835,934,True,False,research-required,Actor/prop identity needs confirmation; scene/effect names are context only | Auxiliary/animated palette contract must be supported before replacement | Geometry replacement hook for battle-stage,2fc9c9bc72126b295568121118e5343577b177303d410d2b8dd59d8ce50c7ba9,54283925939b1372abdb5a06b11fc6bd89b13f1b9411ade5221ca364b52801b2
model-3766ee5dc24bc032,5-scenes-props-effects,Battle stage 86,,battle-stage,1,9,5859,902,True,False,research-required,Actor/prop identity needs confirmation; scene/effect names are context only | Auxiliary/animated palette contract must be supported before replacement | Geometry replacement hook for battle-stage,f5077b30ac6616f7ca93b69b33f0658a1648cf579dbc6edbeaebc31aca17e779,3766ee5dc24bc0328cfd53df2abe80844cfd9239d509d994253ebb68c57654ed
model-01f2bc1a1a58691d,5-scenes-props-effects,Battle stage 87,,battle-stage,1,9,5715,921,False,False,research-required,Actor/prop identity needs confirmation; scene/effect names are context only | Geometry replacement hook for battle-stage,f4e4794fbd04f5c067b2f7945d0ce2740081defad5e281976d459160522464d4,01f2bc1a1a58691de752ec7050c368040a9a4c5759002561bceef7955a64ac59
model-9c4857d4bef16f1f,5-scenes-props-effects,Battle stage 88,,battle-stage,1,9,6534,909,True,False,research-required,Actor/prop identity needs confirmation; scene/effect names are context only | Auxiliary/animated palette contract must be supported before replacement | Geometry replacement hook for battle-stage,f59d614d723ab671394e873d3fa4c90bee673877ed353efc368c130777b68ab7,9c4857d4bef16f1f76c0907db9681788553fe34c06b6833a85d4fa542cad8670
model-af585360fc2cccdc,5-scenes-props-effects,Battle stage 89,,battle-stage,1,4,1596,632,False,False,research-required,Actor/prop identity needs confirmation; scene/effect names are context only | Geometry replacement hook for battle-stage,24fe82220a741bc605a8b781d563eab072a830dfff940a2403d38af34c587fbf,af585360fc2cccdc501ce963edcdbc531e6083522a1995f8a3dc7abf4795aba0
model-7d8fef3782ec2903,5-scenes-props-effects,Battle stage 9,,battle-stage,1,1,756,967,True,False,research-required,Actor/prop identity needs confirmation; scene/effect names are context only | Auxiliary/animated palette contract must be supported before replacement | Geometry replacement hook for battle-stage,41f18eaf48f023a8390288d5c4fd341a063c2d3aa27e47538cf651eb0d9f3868,7d8fef3782ec2903de5ae8461611c005ecb5a12467ab14c6c7b7195b56287694
model-5be67a58ea95c38b,5-scenes-props-effects,Battle stage 90,,battle-stage,1,1,716,958,True,False,research-required,Actor/prop identity needs confirmation; scene/effect names are context only | Auxiliary/animated palette contract must be supported before replacement | Geometry replacement hook for battle-stage | Topology needs inspection before surface refinement,02293ca743692c1dc03577b6d2b7fe4b8369bff0703214c6dfb09cc12bda5d18,5be67a58ea95c38b8594433b32a89e54cab56b58c8a7465e8528eafa5fd8ea94
model-abcc51ed73b88421,5-scenes-props-effects,Battle stage 91,,battle-stage,1,1,588,911,True,False,research-required,Actor/prop identity needs confirmation; scene/effect names are context only | Auxiliary/animated palette contract must be supported before replacement | Geometry replacement hook for battle-stage,88aeed22be04acdbb34e23d9c3534febc0b11ab1b276136644532985fadebf05,abcc51ed73b88421787ce1bb35050203abc16ac8427898bc2092d9fe9a7504e7
model-dddd2bd18c922c92,5-scenes-props-effects,Battle stage 92,,battle-stage,1,7,3794,842,False,False,research-required,Actor/prop identity needs confirmation; scene/effect names are context only | Geometry replacement hook for battle-stage | Topology needs inspection before surface refinement,e7fd808b687ab4d2789291bc0ea5ead7d7676daf4fe6b3d7f3f97666976e5981,dddd2bd18c922c92680c55ca9fea9419b8593be3e2af9527b1d1b4c2d56d83cc
model-0024a8f1c52151f8,5-scenes-props-effects,Field 3D scene overlay,,prop,1,1,149,137,True,True,research-required,Actor/prop identity needs confirmation; scene/effect names are context only | Auxiliary/animated palette contract must be supported before replacement | Geometry replacement hook for prop,4c74cd13bfcf6da85bd0c830cf09fc2d8a4077d20badf2418e55def5c9074829,0024a8f1c52151f8292de95ff1b98043b4ace2fa4e1bce6df76ca72246abdef2
model-00be68d98fbc82fe,5-scenes-props-effects,Field 3D scene overlay,,prop,1,1,18,16,True,True,research-required,Actor/prop identity needs confirmation; scene/effect names are context only | Auxiliary/animated palette contract must be supported before replacement | Geometry replacement hook for prop,e97534f61dcc57b574544cae60404f1e1011d9fbe1c8fc16977f2b8a1caff609,00be68d98fbc82feafd82a6accfa7c5dcde330d73baed63b88513c1f24d6e14e
model-00d6cd3ad72f7d09,5-scenes-props-effects,Field 3D scene overlay,,prop,1,1,309,295,True,True,research-required,Actor/prop identity needs confirmation; scene/effect names are context only | Auxiliary/animated palette contract must be supported before replacement | Geometry replacement hook for prop,294a8d93a167a9df7498437a664d5892df2a29b2296307e81a5ddc10d26b32e1,00d6cd3ad72f7d090e9fd86b11ab43219df9a8f987d4a2f34e8f21afc5e967b6
model-0155851b33c656f2,5-scenes-props-effects,Field 3D scene overlay,,prop,1,1,244,224,True,True,research-required,Actor/prop identity needs confirmation; scene/effect names are context only | Auxiliary/animated palette contract must be supported before replacement | Geometry replacement hook for prop,54b93bd80db88dee24874810dc228f3dceb27077e12339a3fe774df99747e5e5,0155851b33c656f28747facee4e38fa9730ce3071f3e82bde39a2c4e495bff69
model-02d3781767f342ac,5-scenes-props-effects,Field 3D scene overlay,,prop,1,1,256,240,True,True,research-required,Actor/prop identity needs confirmation; scene/effect names are context only | Auxiliary/animated palette contract must be supported before replacement | Geometry replacement hook for prop,7e8885f21d62897868d9c62c51e2b75f5eb1ad1ffa12b3d7f67ba3837d8ad8ca,02d3781767f342ac75f50435208c3e1331ca805b07e7b3ab0900836a4c6ecc69
model-03c8d673227ea63b,5-scenes-props-effects,Field 3D scene overlay,,prop,1,1,51,48,True,True,research-required,Actor/prop identity needs confirmation; scene/effect names are context only | Auxiliary/animated palette contract must be supported before replacement | Geometry replacement hook for prop,384c9ce5aaf707a873837c75bdc04db1e6102f854f4595ba42e7a6e78446abbf,03c8d673227ea63b62b451d01c696ff3edfb3e7447d6f4ef70288d2c48385d53
model-04b95936d1fbd756,5-scenes-props-effects,Field 3D scene overlay,,prop,1,1,210,186,True,True,research-required,Actor/prop identity needs confirmation; scene/effect names are context only | Auxiliary/animated palette contract must be supported before replacement | Geometry replacement hook for prop,7d35bb9080d7ba1af42cfe38caff7bd89b020b7c220c878b0e50a62c024e90cb,04b95936d1fbd756c7afbfa40d395691a29aca54d03606d19e933bb6be05953c
model-051b10ce966da3cb,5-scenes-props-effects,Field 3D scene overlay,,prop,1,1,215,220,True,True,research-required,Actor/prop identity needs confirmation; scene/effect names are context only | Auxiliary/animated palette contract must be supported before replacement | Geometry replacement hook for prop,13e5298a3a43057717ad1fea97f1d27f446f810c43d2dfdc382a70ab608058cc,051b10ce966da3cbb090654ccb83d8eefe9cdf46af20b3ec3eaba6237e7679b0
model-052c8662450d08b7,5-scenes-props-effects,Field 3D scene overlay,,prop,1,1,273,276,True,True,research-required,Actor/prop identity needs confirmation; scene/effect names are context only | Auxiliary/animated palette contract must be supported before replacement | Geometry replacement hook for prop,feb81888382559704da538632559d354952d30ffebe4ff61e600fdb1ca71e5be,052c8662450d08b70fff104c59a2b3c3801e169e4d593b904c3b7aca4d6c51db
model-07e5c6dfb49d0f68,5-scenes-props-effects,Field 3D scene overlay,,prop,1,1,63,64,True,True,research-required,Actor/prop identity needs confirmation; scene/effect names are context only | Auxiliary/animated palette contract must be supported before replacement | Geometry replacement hook for prop,ad18eb0186835ebabd994789b743f2f4345d777937708746e1f9902bdcbff1a6,07e5c6dfb49d0f6821a8b5d9a8ecb9f1906ba7d0a37d4871bdc885322c2144ae
model-07fc5d8960d1cce8,5-scenes-props-effects,Field 3D scene overlay,,prop,1,1,363,304,True,True,research-required,Actor/prop identity needs confirmation; scene/effect names are context only | Auxiliary/animated palette contract must be supported before replacement | Geometry replacement hook for prop,907ec18c61f8e10533bee5920f19999f12b43b28a178415044ee615b33dcb7a1,07fc5d8960d1cce8a113a863570f1a21609c39387eb45131319d9c69b17fd5db
model-08f08a5c6e964ff6,5-scenes-props-effects,Field 3D scene overlay,,prop,1,1,216,264,True,True,research-required,Actor/prop identity needs confirmation; scene/effect names are context only | Auxiliary/animated palette contract must be supported before replacement | Geometry replacement hook for prop,55322a7f7b1145703efd08d268ac37f9ffe45474d8e922e346ba7163454e9448,08f08a5c6e964ff6bb5aeb97cab8de36be80556c9df86b2973df3d7928dce132
model-091c88e672ac142a,5-scenes-props-effects,Field 3D scene overlay,,prop,1,1,250,222,True,True,research-required,Actor/prop identity needs confirmation; scene/effect names are context only | Auxiliary/animated palette contract must be supported before replacement | Geometry replacement hook for prop,f24eee922bc7cbfc2b38f6a923e47bae6c5686602b3b3205b20df316292afeba,091c88e672ac142a0bc75becf647b33b0cdab0ea3db075dbe0e4f67400bb07de
model-097438ca9a4dd632,5-scenes-props-effects,Field 3D scene overlay,,prop,1,1,275,392,True,True,research-required,Actor/prop identity needs confirmation; scene/effect names are context only | Auxiliary/animated palette contract must be supported before replacement | Geometry replacement hook for prop,160ff3f9cbcded8449eae8bcdf88722c4bde549e202a9f301d5141e1a4b93d01,097438ca9a4dd632d05072b3d096c71d18a9ee269fae640bf3fca31aefe11edf
model-0a4faccca6e15320,5-scenes-props-effects,Field 3D scene overlay,,prop,1,1,96,88,True,True,research-required,Actor/prop identity needs confirmation; scene/effect names are context only | Auxiliary/animated palette contract must be supported before replacement | Geometry replacement hook for prop,2c808b57e33cda23c868eb6b764ae5a9ac1dc0ffe06283ed5bf47ffb19641e91,0a4faccca6e153202c6c70ca4303ae649e108e22e9ca2f11413a71e430ffad25
model-0b1b9c8a406dc8b6,5-scenes-props-effects,Field 3D scene overlay,,prop,1,1,18,16,True,True,research-required,Actor/prop identity needs confirmation; scene/effect names are context only | Auxiliary/animated palette contract must be supported before replacement | Geometry replacement hook for prop,32c1f3f0b71d2a010d987dc8fc5a2f7bbf2caa6f4ad58699a7f52c9b4a945b05,0b1b9c8a406dc8b69acc89b2914b2f8d3f3169fee70d25f33e0a3557fdb54175
model-0cbebeb2ae53ed2e,5-scenes-props-effects,Field 3D scene overlay,,prop,1,1,244,264,True,True,research-required,Actor/prop identity needs confirmation; scene/effect names are context only | Auxiliary/animated palette contract must be supported before replacement | Geometry replacement hook for prop,921416843239e0ec6a5500d49aecb1d2ac1e125c7c72799cb76cbd0ef77228a3,0cbebeb2ae53ed2e9c5adbed537de49e0861571bc75b934324d81e1736983b7e
model-0dd5cabb915fd6d0,5-scenes-props-effects,Field 3D scene overlay,,prop,1,1,130,162,True,True,research-required,Actor/prop identity needs confirmation; scene/effect names are context only | Auxiliary/animated palette contract must be supported before replacement | Geometry replacement hook for prop,77dfec0f290380cd8d6451f1fb73a36810eb9edd079f8e0c0a3ddbfcce87ccff,0dd5cabb915fd6d0337612313f4509a12a42c836028dbb1adec711aff014cbb9
model-0e952e6e77df3b14,5-scenes-props-effects,Field 3D scene overlay,,prop,1,1,261,316,True,True,research-required,Actor/prop identity needs confirmation; scene/effect names are context only | Auxiliary/animated palette contract must be supported before replacement | Geometry replacement hook for prop,5ac1aa6850ab65f8084b3bd8ca3b48f082a42475e304a6a1a3b745b8019bc6fb,0e952e6e77df3b1485d227e05040de98aa247c26453f119bc99c8581d97afd9b
model-0f03f7bb9e5bd5e3,5-scenes-props-effects,Field 3D scene overlay,,prop,1,1,193,194,True,True,research-required,Actor/prop identity needs confirmation; scene/effect names are context only | Auxiliary/animated palette contract must be supported before replacement | Geometry replacement hook for prop,e56a55d9872756e3ba9a37bd1ff4d20e4ce5643dca36dc11bc5ce68648a449a1,0f03f7bb9e5bd5e30e28e98e8d5c6df24fe34a6c926c490c8b5cd5f0a271084b
model-0f07c095baebd881,5-scenes-props-effects,Field 3D scene overlay,,prop,1,1,403,406,True,True,research-required,Actor/prop identity needs confirmation; scene/effect names are context only | Auxiliary/animated palette contract must be supported before replacement | Geometry replacement hook for prop,9baedb68cd4f04d254404eedc8a7278fd4e183642556a5c513a7d850046d0e40,0f07c095baebd881b8aab57bf5f5926df8f3593eb0175830acd543aca8e46483
model-0fe6c617f7ddc1c9,5-scenes-props-effects,Field 3D scene overlay,,prop,1,1,385,320,True,True,research-required,Actor/prop identity needs confirmation; scene/effect names are context only | Auxiliary/animated palette contract must be supported before replacement | Geometry replacement hook for prop,d0e8b80585dd7ab5c6bb6c9be70de9c582b7a9a3f3041f956fe5bf6447dfdff9,0fe6c617f7ddc1c9e698c226ac87fb9e659f9ed782714194adadb6e284d65f98
model-1048e0e5cdb80112,5-scenes-props-effects,Field 3D scene overlay,,prop,1,1,232,224,True,True,research-required,Actor/prop identity needs confirmation; scene/effect names are context only | Auxiliary/animated palette contract must be supported before replacement | Geometry replacement hook for prop,6bf3018124517c45d8568c793c1cc45a89fc476f153725584221ae62fcf9e39d,1048e0e5cdb80112b872681edb3bb63eb9bfd54926a8a45a7a4abacc476d4382
model-107a3eec9f540930,5-scenes-props-effects,Field 3D scene overlay,,prop,1,1,157,144,True,True,research-required,Actor/prop identity needs confirmation; scene/effect names are context only | Auxiliary/animated palette contract must be supported before replacement | Geometry replacement hook for prop,8b9e5a04e314b273cf51dc7d8cf82df4c111e363f679323b9b0a35782aded20c,107a3eec9f540930080a25db08e975927d54563fd4fb68a0d5ea62c6c16e3f84
model-111957768ea68aa1,5-scenes-props-effects,Field 3D scene overlay,,prop,1,1,46,52,True,True,research-required,Actor/prop identity needs confirmation; scene/effect names are context only | Auxiliary/animated palette contract must be supported before replacement | Geometry replacement hook for prop,73efe6c77e1ca6556c857df1c8f874f4cbd337ebc7c0841bd86f5b429ade2949,111957768ea68aa185105926e4df9e65318c0e648460d49564a80dcc70b36694
model-11388695efb8d3a8,5-scenes-props-effects,Field 3D scene overlay,,prop,1,1,66,60,True,True,research-required,Actor/prop identity needs confirmation; scene/effect names are context only | Auxiliary/animated palette contract must be supported before replacement | Geometry replacement hook for prop,cb1b5e9b0310c7a3e8b6a698b1ec9efb0a24b6817ee8d48622a0adf600275874,11388695efb8d3a8d0899a2d506b4b38c60275e985d78f924248dd54fc7d8e3d
model-11cebaf463d904b9,5-scenes-props-effects,Field 3D scene overlay,,prop,1,1,216,222,True,True,research-required,Actor/prop identity needs confirmation; scene/effect names are context only | Auxiliary/animated palette contract must be supported before replacement | Geometry replacement hook for prop,da99f62144a0d4ac955a2fc21ab72596387be8b586871f809b38f4c5827cd9d3,11cebaf463d904b910d0f9481e3af1dece8306aadc53552e4e4068b6e0c01b69
model-13af5123ce5aefc1,5-scenes-props-effects,Field 3D scene overlay,,prop,1,1,179,180,True,True,research-required,Actor/prop identity needs confirmation; scene/effect names are context only | Auxiliary/animated palette contract must be supported before replacement | Geometry replacement hook for prop,e8ab84bad25e45f810548dce3b0ad7582a9c0d00348586ebcecc0ca6c9e45bf5,13af5123ce5aefc176366548722f144483ba3209dfed74dbf1a8a75d2508f0d8
model-1657967ee202e400,5-scenes-props-effects,Field 3D scene overlay,,prop,1,1,249,228,True,True,research-required,Actor/prop identity needs confirmation; scene/effect names are context only | Auxiliary/animated palette contract must be supported before replacement | Geometry replacement hook for prop,af4e3abfa804c72628bd92027e35722d19efebaea27f637e34fab0a8448f8c7f,1657967ee202e4004011df20eb0c632510a79059e484ebec33b1676702505c0f
model-1803a634b42e7fb1,5-scenes-props-effects,Field 3D scene overlay,,prop,1,1,621,644,True,True,research-required,Actor/prop identity needs confirmation; scene/effect names are context only | Auxiliary/animated palette contract must be supported before replacement | Geometry replacement hook for prop,0cd421365b181848e48d007a0105651549399a521b714caff901cdcc77f20795,1803a634b42e7fb16376c0c2ef728a15042f57d7b6bab137882176d226db5607
model-186bdadc171954f9,5-scenes-props-effects,Field 3D scene overlay,,prop,1,1,218,198,True,True,research-required,Actor/prop identity needs confirmation; scene/effect names are context only | Auxiliary/animated palette contract must be supported before replacement | Geometry replacement hook for prop,380fcd30cb21436aec47af996f5b5966536c6a582a73511de794e29ab470e54c,186bdadc171954f94f3efc6234937db19c121f26e3f9e2d6193906f05a371069
model-19738c901676bcdb,5-scenes-props-effects,Field 3D scene overlay,,prop,1,1,72,66,True,True,research-required,Actor/prop identity needs confirmation; scene/effect names are context only | Auxiliary/animated palette contract must be supported before replacement | Geometry replacement hook for prop,a52e5558e1110fca6094888143481e78043ee18ce7e6e29c6be891892404cb9e,19738c901676bcdb4677e4f70546b88260b29b0463a6873670bd55e8321742e2
model-1994d6d36199a10b,5-scenes-props-effects,Field 3D scene overlay,,prop,1,1,96,80,True,True,research-required,Actor/prop identity needs confirmation; scene/effect names are context only | Auxiliary/animated palette contract must be supported before replacement | Geometry replacement hook for prop,fff4e7489ca903db4cbbfbd97e7069c7e6a432f92a0d11fb74a3affe9ba7f8a0,1994d6d36199a10b82fe8976ff568046b5148bf5503a074ac405c1460046e830
model-1998988fd267b9f1,5-scenes-props-effects,Field 3D scene overlay,,prop,1,1,436,390,True,True,research-required,Actor/prop identity needs confirmation; scene/effect names are context only | Auxiliary/animated palette contract must be supported before replacement | Geometry replacement hook for prop,f230bbfae6367689043a1b506ea2625c38001e09ffd18f328d2cf0c630f72668,1998988fd267b9f18a63d3a9c18a9b2ef433e23c5595fb7e3e678d2d424ac0fe
model-19e182b7dea2e018,5-scenes-props-effects,Field 3D scene overlay,,prop,1,1,128,144,True,True,research-required,Actor/prop identity needs confirmation; scene/effect names are context only | Auxiliary/animated palette contract must be supported before replacement | Geometry replacement hook for prop,4fd39c818e5bb691e660fc4f17405fad87e4977fd3681e3de53f9c7d6ebba811,19e182b7dea2e018a03aedfca5e1dd87a7c1bfeaa4e9368970ea7d2634daa0d1
model-1a3524124b3a3685,5-scenes-props-effects,Field 3D scene overlay,,prop,1,1,278,296,True,True,research-required,Actor/prop identity needs confirmation; scene/effect names are context only | Auxiliary/animated palette contract must be supported before replacement | Geometry replacement hook for prop,305f2af5bd48287b2af8c1ab398e1cf77cb2826b136f2b6a790071a108e85434,1a3524124b3a3685f0572548cd54d417e87a2189d679ad8a8ab2ae997ba6d5aa
model-1ab877511c89d28a,5-scenes-props-effects,Field 3D scene overlay,,prop,1,1,183,180,True,True,research-required,Actor/prop identity needs confirmation; scene/effect names are context only | Auxiliary/animated palette contract must be supported before replacement | Geometry replacement hook for prop,24b30dad5823f5ab3dc8ad8bcb7526490ab302329496350a6701c14bc0c3a8f1,1ab877511c89d28afecd17aad048a7d299bc50ff8f1db0d38d66cba467b50d24
model-1acafac947d5c0de,5-scenes-props-effects,Field 3D scene overlay,,prop,1,1,548,496,True,True,research-required,Actor/prop identity needs confirmation; scene/effect names are context only | Auxiliary/animated palette contract must be supported before replacement | Geometry replacement hook for prop,9b1a54fe23b960c2cdefc56b3bed895eab9ce76740cfe80b7c124598002bbf00,1acafac947d5c0de8c8b3fea39d852339c8646ef8e59ac1e52140b7c717b3fa3
model-1ba0c68e656526ef,5-scenes-props-effects,Field 3D scene overlay,,prop,1,1,310,314,True,True,research-required,Actor/prop identity needs confirmation; scene/effect names are context only | Auxiliary/animated palette contract must be supported before replacement | Geometry replacement hook for prop,80bd18e859008e21322eb7371b17d915b6ab3b3d7bc0a72ac741dbbf5919e5d4,1ba0c68e656526ef90b5c1eea99b3b770ebb1c53b290a2ca121062edc90230fa
model-1cd9a544c5049b2e,5-scenes-props-effects,Field 3D scene overlay,,prop,1,1,189,198,True,True,research-required,Actor/prop identity needs confirmation; scene/effect names are context only | Auxiliary/animated palette contract must be supported before replacement | Geometry replacement hook for prop,53c1980264bb844a11c49907f70c9f01542d3772b2464b5abe8bbc949e0645a6,1cd9a544c5049b2e90d469e17eed95bbb64bf4eaa4710816b8cc2ff424b1e656
model-1cee91fca363f22a,5-scenes-props-effects,Field 3D scene overlay,,prop,1,1,202,212,True,True,research-required,Actor/prop identity needs confirmation; scene/effect names are context only | Auxiliary/animated palette contract must be supported before replacement | Geometry replacement hook for prop,f75e351e78a540f51c83ad7f2bc474a13a455f28a0803dcc8c9e97c8f180db48,1cee91fca363f22a6d07c4e360277fb22738475af14fa0a59bf56a8da9cf2104
model-1d02b54fb6057cef,5-scenes-props-effects,Field 3D scene overlay,,prop,1,1,61,64,True,True,research-required,Actor/prop identity needs confirmation; scene/effect names are context only | Auxiliary/animated palette contract must be supported before replacement | Geometry replacement hook for prop,dc89439403c9772d41940d5d28fa1acb0906721519dbffadcd041c261c8b6cbb,1d02b54fb6057ceff1d7ce07dfe53e728797f007f3bf58b6bafc43cd3929ad2a
model-1d03e00ac654b880,5-scenes-props-effects,Field 3D scene overlay,,prop,1,1,232,220,True,True,research-required,Actor/prop identity needs confirmation; scene/effect names are context only | Auxiliary/animated palette contract must be supported before replacement | Geometry replacement hook for prop,ed7af92e46f3c69078d2bee18f19f5fcc31414539ad5876bbd3fc34fd116c836,1d03e00ac654b880336139be17fbc4e2ac89f3fe64f7c29f7a859cc7d556a2dd
model-1dc3fa3179c6c383,5-scenes-props-effects,Field 3D scene overlay,,prop,1,1,27,24,True,True,research-required,Actor/prop identity needs confirmation; scene/effect names are context only | Auxiliary/animated palette contract must be supported before replacement | Geometry replacement hook for prop,b0cd412e8852c6d0bc2bd031d49200398b4f45945cc3ffca3f2d7b52a67613bb,1dc3fa3179c6c38313155cb5b0b2ca1d17bb8c050048dfd547a5d986b599236e
model-1e91b1af91fb3b46,5-scenes-props-effects,Field 3D scene overlay,,prop,1,1,183,188,True,True,research-required,Actor/prop identity needs confirmation; scene/effect names are context only | Auxiliary/animated palette contract must be supported before replacement | Geometry replacement hook for prop,6374715ee960fe624c340b80728a6221562301c3636a8fcfe5704135d3c04192,1e91b1af91fb3b464859a2b4eb89c015a0f758d22b95751f2d402915e7da58a4
model-1f949061b1a7dc61,5-scenes-props-effects,Field 3D scene overlay,,prop,1,1,256,244,True,True,research-required,Actor/prop identity needs confirmation; scene/effect names are context only | Auxiliary/animated palette contract must be supported before replacement | Geometry replacement hook for prop,8f2b6c3623810f7dd4e8141ec7db2d0c1f12804f39fd3152de18296ff884ae84,1f949061b1a7dc61d1d9721431bc61ac7d58ab4eeee210593cd0a17c80ad24af
model-207bc7f672de5174,5-scenes-props-effects,Field 3D scene overlay,,prop,1,1,228,208,True,True,research-required,Actor/prop identity needs confirmation; scene/effect names are context only | Auxiliary/animated palette contract must be supported before replacement | Geometry replacement hook for prop,9aaf011ef2c0a67566ced86dbde027a8278d5c5a265b0e7aa2bb4367562f3149,207bc7f672de5174a88d9b608ac4439f04f17abe5b9754aa9d03c7bdcd10010c
model-21618cd1d7b28dd8,5-scenes-props-effects,Field 3D scene overlay,,prop,1,1,422,434,True,True,research-required,Actor/prop identity needs confirmation; scene/effect names are context only | Auxiliary/animated palette contract must be supported before replacement | Geometry replacement hook for prop,1127343bb2bf6ee3733c468bc1b144d5ba917efff6669b53d535d179400865b1,21618cd1d7b28dd881cfb039619a168a9a3821ddac7ccae562bb4b2cbc962c5e
model-219a4baf9220db33,5-scenes-props-effects,Field 3D scene overlay,,prop,1,1,228,220,True,True,research-required,Actor/prop identity needs confirmation; scene/effect names are context only | Auxiliary/animated palette contract must be supported before replacement | Geometry replacement hook for prop,47255f12cd6c4dfdb662bc2d4d5ee53d92ef26132d8ce855d878bcd1d84348c9,219a4baf9220db33e26842ea618494007fb383ac0414fa02673461d18e28e8c6
model-21b2408ee94ca152,5-scenes-props-effects,Field 3D scene overlay,,prop,1,1,60,60,True,True,research-required,Actor/prop identity needs confirmation; scene/effect names are context only | Auxiliary/animated palette contract must be supported before replacement | Geometry replacement hook for prop,104b43ff11626724248b3336d791e1b7e8a460118b5ac1a078e91bf532395336,21b2408ee94ca15200bab2aa70c08934ccffab1762fda9c92a968d912f7d96a2
model-21bb409d30d43360,5-scenes-props-effects,Field 3D scene overlay,,prop,1,1,93,93,True,True,research-required,Actor/prop identity needs confirmation; scene/effect names are context only | Auxiliary/animated palette contract must be supported before replacement | Geometry replacement hook for prop,25181643eb437be555a05394479a54420cff63e521d2fa657e7509782eb19ba0,21bb409d30d433601c4af2d112db9c35cac821ca68ac1e11934967308ece6e8d
model-21c87ea79fa1dab4,5-scenes-props-effects,Field 3D scene overlay,,prop,1,1,522,502,True,True,research-required,Actor/prop identity needs confirmation; scene/effect names are context only | Auxiliary/animated palette contract must be supported before replacement | Geometry replacement hook for prop,d971791799a9b761de1db7b154c9e218340cd18c630d79a89e052fa74a37ef28,21c87ea79fa1dab4d7b74a350b311daa23795981459c1367cc15726ffd536d75
model-2220b2310fb1c7fb,5-scenes-props-effects,Field 3D scene overlay,,prop,1,1,254,274,True,True,research-required,Actor/prop identity needs confirmation; scene/effect names are context only | Auxiliary/animated palette contract must be supported before replacement | Geometry replacement hook for prop,75d0214a3e442ab4613f92ca79d9c6596afe768bbe8c1317d8b4e812279b2386,2220b2310fb1c7fbe2d263d19442e460a9538947ff08f5583d952b6242fc912d
model-22be237336210353,5-scenes-props-effects,Field 3D scene overlay,,prop,1,1,150,166,True,True,research-required,Actor/prop identity needs confirmation; scene/effect names are context only | Auxiliary/animated palette contract must be supported before replacement | Geometry replacement hook for prop,7b0a4d8ee9cff8bf41736da4a3beaf0ffa3e7ff140858e0a650d7f5d22649091,22be237336210353d09b0023742c07f7d5698b3ce68be8b37d50ddcc1e4f506e
model-22da31eded5980ca,5-scenes-props-effects,Field 3D scene overlay,,prop,1,1,377,410,True,True,research-required,Actor/prop identity needs confirmation; scene/effect names are context only | Auxiliary/animated palette contract must be supported before replacement | Geometry replacement hook for prop,9a80cbe3883d1b81627fc4e52cd44deabf6a148d994fa56fb7f39dcadf36ad43,22da31eded5980ca04e7f3c13c0581cb23fbc2015ca4d0180e34492c9f48f58f
model-25788b2fe5a29e90,5-scenes-props-effects,Field 3D scene overlay,,prop,1,1,51,51,True,True,research-required,Actor/prop identity needs confirmation; scene/effect names are context only | Auxiliary/animated palette contract must be supported before replacement | Geometry replacement hook for prop | Topology needs inspection before surface refinement,3ececcf685addb74fa329e0c060dd90f188053694cfaffa80b037614483eec9e,25788b2fe5a29e90ac2af2f0f70a78ff73fb5eef18ea0ed95aacd87acacde7c4
model-25c2b83cd8456069,5-scenes-props-effects,Field 3D scene overlay,,prop,1,1,45,40,True,True,research-required,Actor/prop identity needs confirmation; scene/effect names are context only | Auxiliary/animated palette contract must be supported before replacement | Geometry replacement hook for prop,8794b883e7def1ef6f744da66cbf1cf3e080ff7b966379cf72cd840886ac0789,25c2b83cd8456069bbd46489bf185982cde6c17058d0e5452e7106fa78dd15d5
model-260952022a9a7068,5-scenes-props-effects,Field 3D scene overlay,,prop,1,1,117,112,True,True,research-required,Actor/prop identity needs confirmation; scene/effect names are context only | Auxiliary/animated palette contract must be supported before replacement | Geometry replacement hook for prop,bd3f6965d4b33d55f5e32f0d47060a7c8cbf673e7a0adc73b5648743fe4f417e,260952022a9a706885c0857d27382b35b11367b1d32089da3ab865ade24ae5c2
model-260f38a8b28917f7,5-scenes-props-effects,Field 3D scene overlay,,prop,1,1,491,476,True,True,research-required,Actor/prop identity needs confirmation; scene/effect names are context only | Auxiliary/animated palette contract must be supported before replacement | Geometry replacement hook for prop | Topology needs inspection before surface refinement,be091f41a295d397913e15b1399ac756d02bce3b4431292ec1af9748334beb30,260f38a8b28917f70fd4950104b4414efefebca398c67999af9364de59f642ad
model-269fae8db2a5a473,5-scenes-props-effects,Field 3D scene overlay,,prop,1,1,57,48,True,True,research-required,Actor/prop identity needs confirmation; scene/effect names are context only | Auxiliary/animated palette contract must be supported before replacement | Geometry replacement hook for prop,b60bd387a2edf48d5169e1c9dae3eaf0fec24d701c901824badd4b2529f8398f,269fae8db2a5a4736ede860dbd6d4d685aa151e6cc808ca55268b2b54a2a93e2
model-26db4c5b1d3a3d8c,5-scenes-props-effects,Field 3D scene overlay,,prop,1,1,357,324,True,True,research-required,Actor/prop identity needs confirmation; scene/effect names are context only | Auxiliary/animated palette contract must be supported before replacement | Geometry replacement hook for prop,977450e33134ff207d233671243efd7b43e14684d8158b10aa0a078295bd74b2,26db4c5b1d3a3d8c6351d280bbf75efb602f818acb55c2829f5a92aff2472e43
model-271c6432cb35ea4a,5-scenes-props-effects,Field 3D scene overlay,,prop,1,1,282,394,True,True,research-required,Actor/prop identity needs confirmation; scene/effect names are context only | Auxiliary/animated palette contract must be supported before replacement | Geometry replacement hook for prop,59a40314f4135978e7a9ece7465fe2e7e6c103f0fe7fcfe0f4ab868353d592d3,271c6432cb35ea4a6a790ca1351e49038d729d48949fccb8e1688ccedbfd92f2
model-27ca9498f472efcd,5-scenes-props-effects,Field 3D scene overlay,,prop,1,1,212,192,True,True,research-required,Actor/prop identity needs confirmation; scene/effect names are context only | Auxiliary/animated palette contract must be supported before replacement | Geometry replacement hook for prop,d4d623bcec8eb61a21ce8d549b6d6643f6921f8d3b0ba3ceeb7e1210a8e6eb86,27ca9498f472efcd3a39259c947b74275bd3c7fb197ef2ce544d8273a82e708e
model-28557cee028aba6c,5-scenes-props-effects,Field 3D scene overlay,,prop,1,1,418,328,True,True,research-required,Actor/prop identity needs confirmation; scene/effect names are context only | Auxiliary/animated palette contract must be supported before replacement | Geometry replacement hook for prop,28255984861282450f1c3883ded36f1175370eb19113995aa0e59ce1d57e883b,28557cee028aba6c4a1c8dbf0b0531592dd5916334f9d8749231b3a89e80d982
model-28f559e97b723d21,5-scenes-props-effects,Field 3D scene overlay,,prop,1,1,120,113,True,True,research-required,Actor/prop identity needs confirmation; scene/effect names are context only | Auxiliary/animated palette contract must be supported before replacement | Geometry replacement hook for prop,bd2a482ba42972f14f9c0a61f0976f5a4c1d1edd619e001a3d4d48e5d8cde84d,28f559e97b723d2162127a579d6d309aa56ca9e30b49c6e627c71f614e9c3728
model-293c1e07a844fe4d,5-scenes-props-effects,Field 3D scene overlay,,prop,1,1,172,186,True,True,research-required,Actor/prop identity needs confirmation; scene/effect names are context only | Auxiliary/animated palette contract must be supported before replacement | Geometry replacement hook for prop,3f769574b1aaff43e38c1b2b149606302710ddb8850e0b5f50f6807175816fdb,293c1e07a844fe4d68645e5494f3748738af19b730c5c32270ae191ed798e582
model-29fb532a512d7d62,5-scenes-props-effects,Field 3D scene overlay,,prop,1,1,527,532,True,True,research-required,Actor/prop identity needs confirmation; scene/effect names are context only | Auxiliary/animated palette contract must be supported before replacement | Geometry replacement hook for prop | Topology needs inspection before surface refinement,166051ac53ec8712d992bc977167b45d587283aac14b7278e754d96657d528c3,29fb532a512d7d629db96b8fb8022f28100f9513d2ee700efaaae235f182a990
model-2a622672dc484570,5-scenes-props-effects,Field 3D scene overlay,,prop,1,1,332,311,True,True,research-required,Actor/prop identity needs confirmation; scene/effect names are context only | Auxiliary/animated palette contract must be supported before replacement | Geometry replacement hook for prop,d56449b981c38fe2ea89e0d075687c136d5042b009217662f9b2a6dd019a59ec,2a622672dc48457087ea2332c22b098e410e0267f7cc1f4f3ffec7e7d3f5051d
model-2a9fc624399c4607,5-scenes-props-effects,Field 3D scene overlay,,prop,1,1,198,224,True,True,research-required,Actor/prop identity needs confirmation; scene/effect names are context only | Auxiliary/animated palette contract must be supported before replacement | Geometry replacement hook for prop,cc2aa0eaee2a0572bc27d40df2384e19beae4f4d79f6deef3f8f5dd7117e3678,2a9fc624399c46072f1600ab5cbc8f86159f1071c17b944d7fb0d5e99f893dc8
model-2ac3bc317ac21e11,5-scenes-props-effects,Field 3D scene overlay,,prop,1,1,205,254,True,True,research-required,Actor/prop identity needs confirmation; scene/effect names are context only | Auxiliary/animated palette contract must be supported before replacement | Geometry replacement hook for prop,379e9c85c4a6b3718a2d72bd0e3faa9c14382f4f506bbbfeb657647efb517fc6,2ac3bc317ac21e11476986f9cf72f324def887484f47a0351e3f3368eb817d3c
model-2ad0970078eb50a3,5-scenes-props-effects,Field 3D scene overlay,,prop,1,1,243,232,True,True,research-required,Actor/prop identity needs confirmation; scene/effect names are context only | Auxiliary/animated palette contract must be supported before replacement | Geometry replacement hook for prop,5efd367699b2e47ee4331d77de3841a007bf23f99aa1c6cef4ee73383b5514eb,2ad0970078eb50a3c35ae625d39fd619ccf2790658aa4e40dacaeb2d6c5ef1f6
model-2ae2b0185477eaf9,5-scenes-props-effects,Field 3D scene overlay,,prop,1,1,117,120,True,True,research-required,Actor/prop identity needs confirmation; scene/effect names are context only | Auxiliary/animated palette contract must be supported before replacement | Geometry replacement hook for prop,e3f2b13387f1c25e7ea6aaf02af0292013f8c31b8b0e7a6a129c53bc950a04b2,2ae2b0185477eaf90553dc7e6ebf190150435ac24ab97ceb1701d7a851e84c27
model-2b44ce17205bbd14,5-scenes-props-effects,Field 3D scene overlay,,prop,1,1,132,148,True,True,research-required,Actor/prop identity needs confirmation; scene/effect names are context only | Auxiliary/animated palette contract must be supported before replacement | Geometry replacement hook for prop | Topology needs inspection before surface refinement,98ac176abd22868a79b8deadbba70bf713b901ea3ed45e4b1eb4bd63f132b0a7,2b44ce17205bbd148d9d34eea8c7514458cfee7767b49e74ed7069e9bc797bb4
model-2b7ee2415bbc941d,5-scenes-props-effects,Field 3D scene overlay,,prop,1,1,19,19,True,True,research-required,Actor/prop identity needs confirmation; scene/effect names are context only | Auxiliary/animated palette contract must be supported before replacement | Geometry replacement hook for prop,c6ee2d766d7daf03a0657525186391bb9675149f064fbb99a6c2e515a4f7524a,2b7ee2415bbc941d82acb875b988105eb874c4b34b1383cc33ce20c6229f16fe
model-2b9c28b5f5137767,5-scenes-props-effects,Field 3D scene overlay,,prop,1,1,28,25,True,True,research-required,Actor/prop identity needs confirmation; scene/effect names are context only | Auxiliary/animated palette contract must be supported before replacement | Geometry replacement hook for prop,24f9f9837df112c3ee93333e0cea42798ecdf2d5871f5125c82ba290db2598d1,2b9c28b5f51377676c7f0fec168af30a0cc445f851c8a1dedc75c55eaf75ca87
model-2bdf15d44856ce2e,5-scenes-props-effects,Field 3D scene overlay,,prop,1,1,27,24,True,True,research-required,Actor/prop identity needs confirmation; scene/effect names are context only | Auxiliary/animated palette contract must be supported before replacement | Geometry replacement hook for prop,b50260c23e1775fd0f9c4dfb4108e635ef752ded3035a5a7cf97b96c318b71f1,2bdf15d44856ce2e69dc9108b51e3b324e6877202e11b3fc973de0e384972c8f
model-2bf586c17954b94f,5-scenes-props-effects,Field 3D scene overlay,,prop,1,1,312,308,True,True,research-required,Actor/prop identity needs confirmation; scene/effect names are context only | Auxiliary/animated palette contract must be supported before replacement | Geometry replacement hook for prop,dae105251632a80b573649db180055c59774d6eaf2d8bc8f9b0c78a2ee0600ff,2bf586c17954b94f34a2612c14949014400615659f13ec09906803418853f03c
model-2c36978bde05a6bd,5-scenes-props-effects,Field 3D scene overlay,,prop,1,1,400,336,True,True,research-required,Actor/prop identity needs confirmation; scene/effect names are context only | Auxiliary/animated palette contract must be supported before replacement | Geometry replacement hook for prop,062662c44bdc2298b47130af2ffa2053c3929a1e7f8702fd41842bc0b2eea67e,2c36978bde05a6bd5f482f9747d4851ad95a9d89dbd144fcff861702a608611a
model-2d16b2d193f388d4,5-scenes-props-effects,Field 3D scene overlay,,prop,1,1,256,292,True,True,research-required,Actor/prop identity needs confirmation; scene/effect names are context only | Auxiliary/animated palette contract must be supported before replacement | Geometry replacement hook for prop,8cca8c27083f51c810894a12d15a7f081715a702c61fdd4351aca5d577838df7,2d16b2d193f388d413df5a2fee994794012350653d703ef2a23b01efaf0b18f3
model-30836d56be9922af,5-scenes-props-effects,Field 3D scene overlay,,prop,1,1,194,207,True,True,research-required,Actor/prop identity needs confirmation; scene/effect names are context only | Auxiliary/animated palette contract must be supported before replacement | Geometry replacement hook for prop,68f545e002e83c12e734aa6acf3dbfcf73b23b2935a32a421d6fab924ac6f811,30836d56be9922af1e010b7c6317eb26c529d48e84f763bdd96949b838e75cf2
model-30cf29be1e6b0225,5-scenes-props-effects,Field 3D scene overlay,,prop,1,1,174,168,True,True,research-required,Actor/prop identity needs confirmation; scene/effect names are context only | Auxiliary/animated palette contract must be supported before replacement | Geometry replacement hook for prop,8bb4be1ce6457a282738939a7fce36cdbe463504783914ff5d7f2d9099c92aa2,30cf29be1e6b02256043d991c1df3c8ebf1a40ffe38a9a22ede4fad9cc18dd2d
model-30ee693a5a6a35bc,5-scenes-props-effects,Field 3D scene overlay,,prop,1,1,162,144,True,True,research-required,Actor/prop identity needs confirmation; scene/effect names are context only | Auxiliary/animated palette contract must be supported before replacement | Geometry replacement hook for prop,7da52ad2124b336039224803d22444affe6b974938fe19a0f90c74037264ff00,30ee693a5a6a35bc0ec7ffadb11a8acc0416f18c5d8cd79053841765a33ef680
model-31712c92e4ce522d,5-scenes-props-effects,Field 3D scene overlay,,prop,1,1,65,66,True,True,research-required,Actor/prop identity needs confirmation; scene/effect names are context only | Auxiliary/animated palette contract must be supported before replacement | Geometry replacement hook for prop,71ca1b76ecc33713d5c2027a74261d67bb041c04d1cffa09b6508379933d48ca,31712c92e4ce522d0b6c299ded6af29e6710b2a39812f14f83ec26ad8bd2a4cb
model-3306d56816286d4f,5-scenes-props-effects,Field 3D scene overlay,,prop,1,1,133,128,True,True,research-required,Actor/prop identity needs confirmation; scene/effect names are context only | Auxiliary/animated palette contract must be supported before replacement | Geometry replacement hook for prop,9ca50b631438be3cf52c169ecafa638e10a8a91e22ccfb78ad71a3346f294b9b,3306d56816286d4ff2345953abefe80af9a6b513298e621621b60cfb52809a84
model-346725692e3fb5e3,5-scenes-props-effects,Field 3D scene overlay,,prop,1,1,248,280,True,True,research-required,Actor/prop identity needs confirmation; scene/effect names are context only | Auxiliary/animated palette contract must be supported before replacement | Geometry replacement hook for prop,bee00d323bd2cd2a7a13f028eb9603e59d066177c7cd1ac701bfa38cff392553,346725692e3fb5e3be0942700693d51f4e69dba0b422b1cf35d524d54bd780e0
model-350738314a4dcdbe,5-scenes-props-effects,Field 3D scene overlay,,prop,1,1,53,47,True,True,research-required,Actor/prop identity needs confirmation; scene/effect names are context only | Auxiliary/animated palette contract must be supported before replacement | Geometry replacement hook for prop,b138015e6f780c8d4f56488c60002f00c558716a118c9814d54eb489ed652224,350738314a4dcdbe9b884cc95181e26c66986bab9c11056294dcd372f662ec2f
model-35e82198361bc989,5-scenes-props-effects,Field 3D scene overlay,,prop,1,1,135,142,True,True,research-required,Actor/prop identity needs confirmation; scene/effect names are context only | Auxiliary/animated palette contract must be supported before replacement | Geometry replacement hook for prop,a3f25cd3cfb87bd14f2ca208f3e89c4c8d6b6286210dd553e9b908f853d01a88,35e82198361bc989195fd0f88077e3a855e562f7dc6b3bd99540d729f722f90c
model-38e921b22637bd38,5-scenes-props-effects,Field 3D scene overlay,,prop,1,1,372,332,True,True,research-required,Actor/prop identity needs confirmation; scene/effect names are context only | Auxiliary/animated palette contract must be supported before replacement | Geometry replacement hook for prop,5b4b93978536fb7992b422a5e148d8fa8b8653784fdd6187e3c43438703d18c2,38e921b22637bd38348458f30734ff80c4cf374cdf3b923c9077e49df648cb7f
model-3a1018c08b5419d8,5-scenes-props-effects,Field 3D scene overlay,,prop,1,1,98,114,True,True,research-required,Actor/prop identity needs confirmation; scene/effect names are context only | Auxiliary/animated palette contract must be supported before replacement | Geometry replacement hook for prop,2c2bd4770f6ea573f68f6ce2a7c7221d4c928fa41487f4e940a1aaae6b3d6116,3a1018c08b5419d87863de34e4348c15da1358046c710409553d493579f4ae44
model-3b072220ad3625cd,5-scenes-props-effects,Field 3D scene overlay,,prop,1,1,287,311,True,True,research-required,Actor/prop identity needs confirmation; scene/effect names are context only | Auxiliary/animated palette contract must be supported before replacement | Geometry replacement hook for prop,b39867a0832bf617e3ebbab4230c6f07fe1238c1979fc8611e8a70d8985d9ec6,3b072220ad3625cd3795cdb924e5e752319c8404ac08a06fcd69f0ffebc0534d
model-3c0414f066a3070d,5-scenes-props-effects,Field 3D scene overlay,,prop,1,1,152,160,True,True,research-required,Actor/prop identity needs confirmation; scene/effect names are context only | Auxiliary/animated palette contract must be supported before replacement | Geometry replacement hook for prop,060658f791ce547249229a3695f2bcfbe46c79ac2ec08a8e03681e9a4d3793f1,3c0414f066a3070daf4baf6d1b2ab4f0d5677a1274995a2ec7e57c3ba8634560
model-3ccd9a7050929cbd,5-scenes-props-effects,Field 3D scene overlay,,prop,1,1,217,301,True,True,research-required,Actor/prop identity needs confirmation; scene/effect names are context only | Auxiliary/animated palette contract must be supported before replacement | Geometry replacement hook for prop,8f6f2fffaa1909029b2b37fe9b3e393e78a94373bc22f2cdb6ded3f85ce4436e,3ccd9a7050929cbdd3c099bfaab57dd78ffe82d33f1eb1835985926156ef76f1
model-3cf27c82a1b9a385,5-scenes-props-effects,Field 3D scene overlay,,prop,1,1,483,372,True,True,research-required,Actor/prop identity needs confirmation; scene/effect names are context only | Auxiliary/animated palette contract must be supported before replacement | Geometry replacement hook for prop,7567e1da79712faaba8f80a132adc5ae02997f3c1ff22514de031afb15adf2ac,3cf27c82a1b9a385885e31ceb36e83aa6363040b115a93b50bb725122f94f463
model-3d812db4f9439639,5-scenes-props-effects,Field 3D scene overlay,,prop,1,1,27,24,True,True,research-required,Actor/prop identity needs confirmation; scene/effect names are context only | Auxiliary/animated palette contract must be supported before replacement | Geometry replacement hook for prop,37d673453097e243b4e00aed48dd7753794e8a4c95e4facbbc7a8b44fdc164a5,3d812db4f9439639e95825b6dd6dc962bc1675f36f29e72127fbf6759e04c4e2
model-3ddd0bb3f5c1b904,5-scenes-props-effects,Field 3D scene overlay,,prop,1,1,602,526,True,True,research-required,Actor/prop identity needs confirmation; scene/effect names are context only | Auxiliary/animated palette contract must be supported before replacement | Geometry replacement hook for prop | Topology needs inspection before surface refinement,8b4741a4e43864e059501c6cdbed723d09101b1a01ee29c47e551f86901cf542,3ddd0bb3f5c1b904d1d58f246c4ee580b2f57f02c6f33078b8514963f2bd6c2d
model-3e3427ea3fd1d5e9,5-scenes-props-effects,Field 3D scene overlay,,prop,1,1,234,228,True,True,research-required,Actor/prop identity needs confirmation; scene/effect names are context only | Auxiliary/animated palette contract must be supported before replacement | Geometry replacement hook for prop,cd850c07698ea9dd125a3ef7556c3d8a2f0acf79b2b3b8d33a9c56f26b612a9e,3e3427ea3fd1d5e953e5df3f51666511af134a1db303be121a07ff3f2c717500
model-3eaa3c28eeca9856,5-scenes-props-effects,Field 3D scene overlay,,prop,1,1,181,152,True,True,research-required,Actor/prop identity needs confirmation; scene/effect names are context only | Auxiliary/animated palette contract must be supported before replacement | Geometry replacement hook for prop | Topology needs inspection before surface refinement,63d88c1cd041db37ba191ca3c7cd04d046a9a605eeb44e0a3912abe07c0b51df,3eaa3c28eeca98560e372ae083bad119be481cafd63f72264d83d87a809b050c
model-400755ec169cf4c0,5-scenes-props-effects,Field 3D scene overlay,,prop,1,1,77,82,True,True,research-required,Actor/prop identity needs confirmation; scene/effect names are context only | Auxiliary/animated palette contract must be supported before replacement | Geometry replacement hook for prop,9f45a31c17de242bc2c0637237dfa0c330a8f40fe780e3569b1cfbdec41aa0e9,400755ec169cf4c0298850595940c22fd36b728e7bc4d7e82c3f23950ca12956
model-405e97cac6eda33c,5-scenes-props-effects,Field 3D scene overlay,,prop,1,1,306,307,True,True,research-required,Actor/prop identity needs confirmation; scene/effect names are context only | Auxiliary/animated palette contract must be supported before replacement | Geometry replacement hook for prop,7a3ccb5a9a0a8c03f9db60493a899518e167def8cc453b3ef7e6f1426df85adc,405e97cac6eda33c3fe410bec10a19c45af42923bfa9ed952ef867057970e1a4
model-4097b30e9895d5cb,5-scenes-props-effects,Field 3D scene overlay,,prop,1,1,177,192,True,True,research-required,Actor/prop identity needs confirmation; scene/effect names are context only | Auxiliary/animated palette contract must be supported before replacement | Geometry replacement hook for prop,8803578277309deae0e78229cd093d43d52aba5f33df22aa290731a0db3de459,4097b30e9895d5cb6972c16708b78a5f3fa27f8565653b35fb5e614eaa33e7b4
model-40f397fd2f8e733a,5-scenes-props-effects,Field 3D scene overlay,,prop,1,1,189,150,True,True,research-required,Actor/prop identity needs confirmation; scene/effect names are context only | Auxiliary/animated palette contract must be supported before replacement | Geometry replacement hook for prop,de5d7e5f92759029e983450a3902bf5c38a475b8a6f3ec51d9f5fa67a2c6ea60,40f397fd2f8e733a2e3b203d39daf73e2564ff23ba5dd289e33ca9e692a0208b
model-4115adf4b05e024f,5-scenes-props-effects,Field 3D scene overlay,,prop,1,1,45,48,True,True,research-required,Actor/prop identity needs confirmation; scene/effect names are context only | Auxiliary/animated palette contract must be supported before replacement | Geometry replacement hook for prop,dbae97785f512f91ae35863a3c068ad90107058b9c117485bca7b1daf7823403,4115adf4b05e024f7e118b28f91ca6fc540b020a7d867b0ed9ae69d9306c44ea
model-417d162310e8c0b7,5-scenes-props-effects,Field 3D scene overlay,,prop,1,1,151,180,True,True,research-required,Actor/prop identity needs confirmation; scene/effect names are context only | Auxiliary/animated palette contract must be supported before replacement | Geometry replacement hook for prop,c3e967e6222b0e549d70d1d29d700d66e4e822005b6aab9a81a392b0701bb906,417d162310e8c0b76b6be88d2d43fd3557e36bf9d0e725bf2ba80fac6bfbb947
model-41c1af1588c70faf,5-scenes-props-effects,Field 3D scene overlay,,prop,1,1,90,84,True,True,research-required,Actor/prop identity needs confirmation; scene/effect names are context only | Auxiliary/animated palette contract must be supported before replacement | Geometry replacement hook for prop,4f9f7c1fa2850600d66c655866e6a4932fd002967861b64a7aae91f4fd0b4a70,41c1af1588c70faf433fe3f43b1f97a9f8b8312a691f3e886b03f06f63933d29
model-41f5046e7699c42e,5-scenes-props-effects,Field 3D scene overlay,,prop,1,1,442,398,True,True,research-required,Actor/prop identity needs confirmation; scene/effect names are context only | Auxiliary/animated palette contract must be supported before replacement | Geometry replacement hook for prop,4352905e0cc22119dc963f1ec3f030c39ed3171cd10a54ca3c6074e9bdcaafbe,41f5046e7699c42e974556141d733feba56b5e4fcceda1ba06d3bd72e9dcaf14
model-423f55790fd74712,5-scenes-props-effects,Field 3D scene overlay,,prop,1,1,468,452,True,True,research-required,Actor/prop identity needs confirmation; scene/effect names are context only | Auxiliary/animated palette contract must be supported before replacement | Geometry replacement hook for prop,3b2336c3b1add7e884b30feab86e1a2fc8f86139f3e0ad955e52ea36c86b6415,423f55790fd74712d74fab08ab42016392722c2b1301e8481b3c453d225ed0a8
model-429c43e8f0c0046a,5-scenes-props-effects,Field 3D scene overlay,,prop,1,1,260,326,True,True,research-required,Actor/prop identity needs confirmation; scene/effect names are context only | Auxiliary/animated palette contract must be supported before replacement | Geometry replacement hook for prop,3cfc6a787f90038a6a08bbbfb48c763a151f544a0845ed57f6a029bb07fa2ef5,429c43e8f0c0046a76f7455b2cf3d1ac888e7d9b5926a1fe18a9232b732df570
model-43006c1b4c23cd5e,5-scenes-props-effects,Field 3D scene overlay,,prop,1,1,63,80,True,True,research-required,Actor/prop identity needs confirmation; scene/effect names are context only | Auxiliary/animated palette contract must be supported before replacement | Geometry replacement hook for prop,772a0e4796b2795983afcb671daa9ca62094b3592ddbe90e2f4b390749b4d70e,43006c1b4c23cd5e34b2b96bc7c80462ba52db967bda03d6232e1eff22d57de1
model-43aa7e5dc0d5a8b9,5-scenes-props-effects,Field 3D scene overlay,,prop,1,1,128,114,True,True,research-required,Actor/prop identity needs confirmation; scene/effect names are context only | Auxiliary/animated palette contract must be supported before replacement | Geometry replacement hook for prop,2448964e0a3c1395d595438cb98a7db019ba1566de28512d7ebfc37b9acc503a,43aa7e5dc0d5a8b9f3ae2d6df49613a75a65829bc2d712ea7f8e271fffaf6eaf
model-4413285299e066c8,5-scenes-props-effects,Field 3D scene overlay,,prop,1,1,320,309,True,True,research-required,Actor/prop identity needs confirmation; scene/effect names are context only | Auxiliary/animated palette contract must be supported before replacement | Geometry replacement hook for prop,e125282fb152877f6e64802ad348e213f856df5f3cb01c1b005262c6aa071904,4413285299e066c853a5bf192097b9eb3ca675146bc89b2e4b906d9482f55656
model-442334040ea2f2ee,5-scenes-props-effects,Field 3D scene overlay,,prop,1,1,43,44,True,True,research-required,Actor/prop identity needs confirmation; scene/effect names are context only | Auxiliary/animated palette contract must be supported before replacement | Geometry replacement hook for prop,997ebca8409f2b43970395b3468b7c72af89c357cda4af760bd9d524d25a4447,442334040ea2f2ee41689abf9dc6f1060f20fe880bbd870dc306ea8da36d9e97
model-4423a6aa217727a1,5-scenes-props-effects,Field 3D scene overlay,,prop,1,1,144,140,True,True,research-required,Actor/prop identity needs confirmation; scene/effect names are context only | Auxiliary/animated palette contract must be supported before replacement | Geometry replacement hook for prop,01a739e894dff249b6aa2528a0f8002609da605ceb27f6db792223343cfeccf4,4423a6aa217727a1d7de80929c2fcb21deb63037f3fed03a7ea04f1ec4d780b4
model-458aee316a94b1b9,5-scenes-props-effects,Field 3D scene overlay,,prop,1,1,217,202,True,True,research-required,Actor/prop identity needs confirmation; scene/effect names are context only | Auxiliary/animated palette contract must be supported before replacement | Geometry replacement hook for prop,ce5ea299b88d40398af905ea64596b3c89f79323c23d3a346fafd567d83bffb0,458aee316a94b1b949087488dc3acb65df63e1214ec9c7bd1afedcb2de86c462
model-47f781d40d0dcfaa,5-scenes-props-effects,Field 3D scene overlay,,prop,1,1,180,160,True,True,research-required,Actor/prop identity needs confirmation; scene/effect names are context only | Auxiliary/animated palette contract must be supported before replacement | Geometry replacement hook for prop,533fdfb75664f9df2b496a84f08d61431fb036c44d9e17bae2cf5c6977fdc584,47f781d40d0dcfaac83864406603de7be6d4b5aed60101396937c55be4eb4da6
model-47fb365322212dce,5-scenes-props-effects,Field 3D scene overlay,,prop,1,1,156,166,True,True,research-required,Actor/prop identity needs confirmation; scene/effect names are context only | Auxiliary/animated palette contract must be supported before replacement | Geometry replacement hook for prop,bd68043dce25ab5792f3c0fae2ce55809911a0e57399fa235fd280d18fb64f22,47fb365322212dcee61422602ca323c331ab9f13cacc720e97200e359f187603
model-47fdacf9434bf5b9,5-scenes-props-effects,Field 3D scene overlay,,prop,1,1,180,160,True,True,research-required,Actor/prop identity needs confirmation; scene/effect names are context only | Auxiliary/animated palette contract must be supported before replacement | Geometry replacement hook for prop,5d3e207ad27b81bdb29aacba8c30458831cfdc5b2c12b3dbe7b331e84db95e9e,47fdacf9434bf5b9f47c10eb7eecf0a1f612ba193f18889c2e978ee6d820c1cc
model-481462e19ad93730,5-scenes-props-effects,Field 3D scene overlay,,prop,1,1,137,180,True,True,research-required,Actor/prop identity needs confirmation; scene/effect names are context only | Auxiliary/animated palette contract must be supported before replacement | Geometry replacement hook for prop,289b6a14d8918292e3cbd184c7d13d2c9738b9d2606c022cb049f4a02d3b0caa,481462e19ad9373041b31f4fbedc981e870e817c48caeed9e55e4b39545fb1b8
model-4814db02d5380515,5-scenes-props-effects,Field 3D scene overlay,,prop,1,1,220,268,True,True,research-required,Actor/prop identity needs confirmation; scene/effect names are context only | Auxiliary/animated palette contract must be supported before replacement | Geometry replacement hook for prop | Topology needs inspection before surface refinement,5a256bef9ec565b730d27f4cad26bfcd1fc10d2fce5601cdff1574100109f63c,4814db02d5380515493cbbfe048f8ac3c23c258c0653fe978b2737ac4f0c5128
model-48ed3d72014ebfbd,5-scenes-props-effects,Field 3D scene overlay,,prop,1,1,75,68,True,True,research-required,Actor/prop identity needs confirmation; scene/effect names are context only | Auxiliary/animated palette contract must be supported before replacement | Geometry replacement hook for prop,018df0ed022db7a3e13e26c3580d9eb41c441df7f7ae974ad818311aa411dab2,48ed3d72014ebfbdfd27443430440c589ae8256bae3e1f8d09b87fe4254f41f9
model-49664f8a70091c41,5-scenes-props-effects,Field 3D scene overlay,,prop,1,1,99,103,True,True,research-required,Actor/prop identity needs confirmation; scene/effect names are context only | Auxiliary/animated palette contract must be supported before replacement | Geometry replacement hook for prop,0a0adcba2c48bb268132ee308b9debaee400fb606563417178cbd06c266eac3b,49664f8a70091c41114a6d97754aaf41c7ca535a8fb428c8712985c3b1573155
model-49b7868ed4241725,5-scenes-props-effects,Field 3D scene overlay,,prop,1,1,102,92,True,True,research-required,Actor/prop identity needs confirmation; scene/effect names are context only | Auxiliary/animated palette contract must be supported before replacement | Geometry replacement hook for prop,beebd575919545083f2bf95b165ad68043b4d05189ffd26994cb6342d8d13069,49b7868ed4241725f86cfcccb6f91e99e507ab5d7997bbe081d5bc2b87463e4b
model-49ca160c15b3a210,5-scenes-props-effects,Field 3D scene overlay,,prop,1,1,138,168,True,True,research-required,Actor/prop identity needs confirmation; scene/effect names are context only | Auxiliary/animated palette contract must be supported before replacement | Geometry replacement hook for prop,4ad8a09537a552729305c7bb95e5ec74330b18469165038c55e348928996a759,49ca160c15b3a210f0b232c344c88dc46c143332605f349bd9c79c30d640862a
model-49f26533bd0874fe,5-scenes-props-effects,Field 3D scene overlay,,prop,1,1,145,186,True,True,research-required,Actor/prop identity needs confirmation; scene/effect names are context only | Auxiliary/animated palette contract must be supported before replacement | Geometry replacement hook for prop,c9c6d1e0d100ad001f6469d19278115e51f5be2ac26acb9c36a537ba5ea6fb87,49f26533bd0874fe32ea1a058c2e00903c9fdb300f7069a63729507f145d9a6b
model-4a09a3301fa6712b,5-scenes-props-effects,Field 3D scene overlay,,prop,1,1,330,408,True,True,research-required,Actor/prop identity needs confirmation; scene/effect names are context only | Auxiliary/animated palette contract must be supported before replacement | Geometry replacement hook for prop,9753df91fb25f95181e42f983bf149fc47b2bd4b80b208ce3f94b9b0d4527dd3,4a09a3301fa6712bfa4a2f3d58d107e519e4ea429084f457e8ec119032640612
model-4a1378cd255aabd7,5-scenes-props-effects,Field 3D scene overlay,,prop,1,1,182,158,True,True,research-required,Actor/prop identity needs confirmation; scene/effect names are context only | Auxiliary/animated palette contract must be supported before replacement | Geometry replacement hook for prop,106501dc044b51cb9784f17dfd679d7655c8e9a0ada11b18be7cd5cb70cc9112,4a1378cd255aabd78fe87458af2277feb59284bb3e743d7801d393d836a26394
model-4b3d174890e0c49b,5-scenes-props-effects,Field 3D scene overlay,,prop,1,1,220,236,True,True,research-required,Actor/prop identity needs confirmation; scene/effect names are context only | Auxiliary/animated palette contract must be supported before replacement | Geometry replacement hook for prop,b9557c6356674168fce0f069a989962984d5bcca90f3ea6646ea5111ee6fa907,4b3d174890e0c49b37098974dc586b1c8a8aea4fbd5ae1615d5eeecfbb0c4d19
model-4c260fbddd7e5442,5-scenes-props-effects,Field 3D scene overlay,,prop,1,1,326,324,True,True,research-required,Actor/prop identity needs confirmation; scene/effect names are context only | Auxiliary/animated palette contract must be supported before replacement | Geometry replacement hook for prop,ae0fd77ed2eec3e44405437ae520517112cb750b3fde9fddd6989e0a140d0507,4c260fbddd7e544216b6a4dc0c7e87f8ff192e58e98b2e7f7db5c6adf573b247
model-4c67fa0bf1dc77ae,5-scenes-props-effects,Field 3D scene overlay,,prop,1,1,328,236,True,True,research-required,Actor/prop identity needs confirmation; scene/effect names are context only | Auxiliary/animated palette contract must be supported before replacement | Geometry replacement hook for prop,5f30ccb375e217f41e81a01fb1d5aeff135f70220200c10ca06cb1a2ea108452,4c67fa0bf1dc77aea4c486c650dcb2dd4c7ad10d555c1631bde62d1c3cffde98
model-4c741ee14f792e24,5-scenes-props-effects,Field 3D scene overlay,,prop,1,1,68,72,True,True,research-required,Actor/prop identity needs confirmation; scene/effect names are context only | Auxiliary/animated palette contract must be supported before replacement | Geometry replacement hook for prop,ada46adf4d667c6bab86fe44254d7e474a7adcbf95ad6ef7b3b59b8d93d41448,4c741ee14f792e248280c3c724083b9ad8dd6b4e6e36197eb7a198e570f38835
model-4d313418c2bb6619,5-scenes-props-effects,Field 3D scene overlay,,prop,1,1,231,212,True,True,research-required,Actor/prop identity needs confirmation; scene/effect names are context only | Auxiliary/animated palette contract must be supported before replacement | Geometry replacement hook for prop,7d6d22e16a5da1b164dcdb3b6980d3c369d21c807810148269e7973c3f05c802,4d313418c2bb66193faedaede8090f39ca5a410e7ad823ee0d3e82010dde7c40
model-4da429be6049eacc,5-scenes-props-effects,Field 3D scene overlay,,prop,1,1,562,536,True,True,research-required,Actor/prop identity needs confirmation; scene/effect names are context only | Auxiliary/animated palette contract must be supported before replacement | Geometry replacement hook for prop,e881a53f14e6dcccc77b32ce584ed31d5e315412aaf9d67ee1dd5a34f66b2ac6,4da429be6049eacc48bdccf4928a19bd9294211be29aaf8ce3923f3e4d2f7f0e
model-4e9fb80e1cfb5428,5-scenes-props-effects,Field 3D scene overlay,,prop,1,1,36,32,True,True,research-required,Actor/prop identity needs confirmation; scene/effect names are context only | Auxiliary/animated palette contract must be supported before replacement | Geometry replacement hook for prop,d27e98d459f90166ddb1aa210fc6645b951dba4dcb08f50bceab3757791e870c,4e9fb80e1cfb542812d3accc205d49f7a7023866752b7277c0d7ec4baaf32714
model-4ec3321301728305,5-scenes-props-effects,Field 3D scene overlay,,prop,1,1,168,152,True,True,research-required,Actor/prop identity needs confirmation; scene/effect names are context only | Auxiliary/animated palette contract must be supported before replacement | Geometry replacement hook for prop,50d79c9b5f1d12a03cf6a645ef1351c180dddbbc080beddec688f31391fb8f78,4ec33213017283055a759606206d22a6bbc26c217dc419971b786c9e83b25e69
model-500498a2ecdc644c,5-scenes-props-effects,Field 3D scene overlay,,prop,1,1,360,374,True,True,research-required,Actor/prop identity needs confirmation; scene/effect names are context only | Auxiliary/animated palette contract must be supported before replacement | Geometry replacement hook for prop,591d7666d2c7f95fc77e6733c0f6f387d3dc8c9dfb0be9c33b263234be24bd1f,500498a2ecdc644c00f68cbd90107e8c18f1843b6ccf08a3d436b2c88ddd24c5
model-502d3818efc77384,5-scenes-props-effects,Field 3D scene overlay,,prop,1,1,687,578,True,True,research-required,Actor/prop identity needs confirmation; scene/effect names are context only | Auxiliary/animated palette contract must be supported before replacement | Geometry replacement hook for prop,be180d5fa62c6a9034c8a51eeb18eca32fcc2b2ebc38b98ee02717d758ef6bab,502d3818efc77384ef3555de35675e3d6463c9966fdb11bc19dcd7a92fb50797
model-5250c1d2729b3f5d,5-scenes-props-effects,Field 3D scene overlay,,prop,1,1,235,270,True,True,research-required,Actor/prop identity needs confirmation; scene/effect names are context only | Auxiliary/animated palette contract must be supported before replacement | Geometry replacement hook for prop,9f84bc95f9b2edb06d93ec382fe16e7340b715ae4f669c2c14f2028dab54a954,5250c1d2729b3f5deece32ae86b5a848d34e790a47b11cb622a16f12f58fa15c
model-52516085837e6cb5,5-scenes-props-effects,Field 3D scene overlay,,prop,1,1,264,284,True,True,research-required,Actor/prop identity needs confirmation; scene/effect names are context only | Auxiliary/animated palette contract must be supported before replacement | Geometry replacement hook for prop,c22591c949f67f804541fb76b6f3217d07da32a3221b05d75a84627d999f9f5e,52516085837e6cb5575e2f992975d79678e471febbdf6260a33e35aa8cc60838
model-525c1b2796bf7889,5-scenes-props-effects,Field 3D scene overlay,,prop,1,1,306,292,True,True,research-required,Actor/prop identity needs confirmation; scene/effect names are context only | Auxiliary/animated palette contract must be supported before replacement | Geometry replacement hook for prop,d3641e2bf12a055d13072f135fe19472a163b84fab24d7ede973dba8b3c1fe55,525c1b2796bf788923cc1f9ef4d6bad23674a52acf4013a7f6a894ebd6b98c77
model-52c0758d1b83de5c,5-scenes-props-effects,Field 3D scene overlay,,prop,1,1,260,256,True,True,research-required,Actor/prop identity needs confirmation; scene/effect names are context only | Auxiliary/animated palette contract must be supported before replacement | Geometry replacement hook for prop,35100df94fd4b09d75fbebc9f2598e72ad8763daa442359b4caf4a3d34fb3a07,52c0758d1b83de5cd964c404420168e685d2f35cf3253beddbba4aa424c410d6
model-5405d46433170efc,5-scenes-props-effects,Field 3D scene overlay,,prop,1,1,32,36,True,True,research-required,Actor/prop identity needs confirmation; scene/effect names are context only | Auxiliary/animated palette contract must be supported before replacement | Geometry replacement hook for prop,0bb2a3d905f78f567a59e177e9b0b30a9517cc6de648dd48c8dedfc5c8c7330c,5405d46433170efc8993597ec09a15bb1acc3ec05f57a6d6db2e0aa7a7151ae5
model-55e5cff7225e602a,5-scenes-props-effects,Field 3D scene overlay,,prop,1,1,344,360,True,True,research-required,Actor/prop identity needs confirmation; scene/effect names are context only | Auxiliary/animated palette contract must be supported before replacement | Geometry replacement hook for prop,2ebea502dee324580380a98871977e42ecb37bd4a9bfb93f5e8eee006c4cecd5,55e5cff7225e602a8e5bab12de7586374dcfb7b8f8d7ac3efc274da19800c8f9
model-57037694377a451b,5-scenes-props-effects,Field 3D scene overlay,,prop,1,1,411,384,True,True,research-required,Actor/prop identity needs confirmation; scene/effect names are context only | Auxiliary/animated palette contract must be supported before replacement | Geometry replacement hook for prop | Topology needs inspection before surface refinement,fb295f7ce7f1e9b1077e2cf479e245bac58b6da2714488e53093a4b29de9ed17,57037694377a451b745d17be964513be2751e0201cda1b139b4784eca2dc61ff
model-570625d096ab011d,5-scenes-props-effects,Field 3D scene overlay,,prop,1,1,124,160,True,True,research-required,Actor/prop identity needs confirmation; scene/effect names are context only | Auxiliary/animated palette contract must be supported before replacement | Geometry replacement hook for prop,6a9bd9e7832cc2691a65f1f6394ef09dc4ea96584d9cb38c32714ffcf28971f9,570625d096ab011df0f765196dea5e0b738efbc63da9eb4fb67fb001375ab3fb
model-5838c798d0cc65d1,5-scenes-props-effects,Field 3D scene overlay,,prop,1,1,536,514,True,True,research-required,Actor/prop identity needs confirmation; scene/effect names are context only | Auxiliary/animated palette contract must be supported before replacement | Geometry replacement hook for prop,5050046976240ebfa0551eac71a101357c7d661a44a5a9a0c6fb7f61c6f2d1ef,5838c798d0cc65d13fb969278c078e906d7e26a0044813c41cc0571567f5d39c
model-5875363a3a0d6188,5-scenes-props-effects,Field 3D scene overlay,,prop,1,1,83,78,True,True,research-required,Actor/prop identity needs confirmation; scene/effect names are context only | Auxiliary/animated palette contract must be supported before replacement | Geometry replacement hook for prop,e18e79733f5c779aba41cb2d76c6cec8cf64672a6ef68872d8cd2466c41e4beb,5875363a3a0d6188e0f41a59200b4d176512b289d9e9a94bfe5ac31ab57a9e8f
model-596681916bc1a57f,5-scenes-props-effects,Field 3D scene overlay,,prop,1,1,35,45,True,True,research-required,Actor/prop identity needs confirmation; scene/effect names are context only | Auxiliary/animated palette contract must be supported before replacement | Geometry replacement hook for prop,61bcf906dffaee15e1ae31f869a1f52fda66f714dd97782aa82aafe5a8242c29,596681916bc1a57fbc664000ea33eac39d2156bcbb5ebe0c723709017d25da85
model-5a09e980e0fbec57,5-scenes-props-effects,Field 3D scene overlay,,prop,1,1,56,66,True,True,research-required,Actor/prop identity needs confirmation; scene/effect names are context only | Auxiliary/animated palette contract must be supported before replacement | Geometry replacement hook for prop,224d2e762d35761b710bdbe22b543ab8a0b105a03088103034e5b62512cbf3d4,5a09e980e0fbec57b264181760eb3c945805dd5417c9134ede448c45140bf769
model-5b466312e2c44834,5-scenes-props-effects,Field 3D scene overlay,,prop,1,1,55,42,True,True,research-required,Actor/prop identity needs confirmation; scene/effect names are context only | Auxiliary/animated palette contract must be supported before replacement | Geometry replacement hook for prop,51b0afc4ee56ce23ca3f0d89f0820ec0e16194fd85a280f9695157c79df63357,5b466312e2c4483445319a63c8edaf8a7b7f0f91b95a359f3efd5e5a26088d48
model-5b51947c628d9dbb,5-scenes-props-effects,Field 3D scene overlay,,prop,1,1,201,176,True,True,research-required,Actor/prop identity needs confirmation; scene/effect names are context only | Auxiliary/animated palette contract must be supported before replacement | Geometry replacement hook for prop,9f3eaf9ceffe379d2721634f5392f53457d898a1e544f8fc4c1ee646252cd0c5,5b51947c628d9dbb729e3693530f648bbf5e34553a94d61d3dd1abf8296dbd8c
model-5c7d7765b6c0c7ee,5-scenes-props-effects,Field 3D scene overlay,,prop,1,1,238,300,True,True,research-required,Actor/prop identity needs confirmation; scene/effect names are context only | Auxiliary/animated palette contract must be supported before replacement | Geometry replacement hook for prop,5ee210000223c5356ca178b8ecb8d6f0ac1e51ad00b624b508f688cb6824eac8,5c7d7765b6c0c7eec56c0bfbca96403628286f0e7b419490ebd883acf1db1d29
model-5c7e2f40df9faaf0,5-scenes-props-effects,Field 3D scene overlay,,prop,1,1,371,347,True,True,research-required,Actor/prop identity needs confirmation; scene/effect names are context only | Auxiliary/animated palette contract must be supported before replacement | Geometry replacement hook for prop,8b3a058165a4728fffc76c81ad3a049819d4125c7d5414d6ba6e435951a73435,5c7e2f40df9faaf00cf0c26310ccd5da30bad34497643465d316edd2925c672c
model-5c8bd4f8448408a9,5-scenes-props-effects,Field 3D scene overlay,,prop,1,1,27,24,True,True,research-required,Actor/prop identity needs confirmation; scene/effect names are context only | Auxiliary/animated palette contract must be supported before replacement | Geometry replacement hook for prop,a849175f017b9a80817bedb66f5dac33566f8bddc07e369cedc9b579211e5c77,5c8bd4f8448408a92117a1b4641765630102434a9c4304cba5db989b13799214
model-5c90bd3422be0af0,5-scenes-props-effects,Field 3D scene overlay,,prop,1,1,45,40,True,True,research-required,Actor/prop identity needs confirmation; scene/effect names are context only | Auxiliary/animated palette contract must be supported before replacement | Geometry replacement hook for prop,480427eb5efa38e20260d61b74f7ee648b5e58ad02adec66eb56fb857d8b586d,5c90bd3422be0af06d47df9749f9f95100914cd757cae4e763b38e7291a6cfe0
model-5cb69995b3d21300,5-scenes-props-effects,Field 3D scene overlay,,prop,1,1,54,48,True,True,research-required,Actor/prop identity needs confirmation; scene/effect names are context only | Auxiliary/animated palette contract must be supported before replacement | Geometry replacement hook for prop,47ee87b8e6bbdd61f9ad1da4862e58e740dbee91d4105a0b51eee5172a436907,5cb69995b3d2130088bcc78a5abe5a73eac44843973ac5d4783ff01fb2697c79
model-5d014031029c0d79,5-scenes-props-effects,Field 3D scene overlay,,prop,1,1,157,182,True,True,research-required,Actor/prop identity needs confirmation; scene/effect names are context only | Auxiliary/animated palette contract must be supported before replacement | Geometry replacement hook for prop,cc2dc3da97417e669ca2e2d61ee58b384e364dc1dc2d758b6e36a3d9bb30d5a8,5d014031029c0d79d5a0b60236234afdc550a72882bcddd0a778b8015041f97b
model-5d773c2473563d98,5-scenes-props-effects,Field 3D scene overlay,,prop,1,1,171,191,True,True,research-required,Actor/prop identity needs confirmation; scene/effect names are context only | Auxiliary/animated palette contract must be supported before replacement | Geometry replacement hook for prop,af0438e8e5762e0e0f689c2bbb68972e6716f2608c232d45c73994d8b03a6963,5d773c2473563d984d7c8aaa29665d91c0c1e41131232cf9631fea0e5f53e0d9
model-5def4c63587a6804,5-scenes-props-effects,Field 3D scene overlay,,prop,1,1,477,441,True,True,research-required,Actor/prop identity needs confirmation; scene/effect names are context only | Auxiliary/animated palette contract must be supported before replacement | Geometry replacement hook for prop,1a988d48688dab924cc2004c5789055b1095eb2f9233edea93b3b8e0f7beef2b,5def4c63587a68046c9d8860b2f6556808549bde06979973b40f17ae86e878c8
model-5e0fad92524b4fc8,5-scenes-props-effects,Field 3D scene overlay,,prop,1,1,140,118,True,True,research-required,Actor/prop identity needs confirmation; scene/effect names are context only | Auxiliary/animated palette contract must be supported before replacement | Geometry replacement hook for prop,669f90dfcea32de2ae88fa8d40c38d968e15c8befcd5fc48583a90b99707d2db,5e0fad92524b4fc84679019a5d86fa249c5142cbef33e92d67f7d44fbffba332
model-5e3cc7783595fc12,5-scenes-props-effects,Field 3D scene overlay,,prop,1,1,273,290,True,True,research-required,Actor/prop identity needs confirmation; scene/effect names are context only | Auxiliary/animated palette contract must be supported before replacement | Geometry replacement hook for prop,6006dc9fb10812455b611e0332ab140e64abb2420a50245a918291547cd42e35,5e3cc7783595fc12599d1c620da93ca33c8ab94a216c1b78890d3c355b2df6c2
model-5fad6880220ae9a8,5-scenes-props-effects,Field 3D scene overlay,,prop,1,1,57,48,True,True,research-required,Actor/prop identity needs confirmation; scene/effect names are context only | Auxiliary/animated palette contract must be supported before replacement | Geometry replacement hook for prop,c374703afabccb55a852fe87b57950bf8b0583878957536fd0836db256a87567,5fad6880220ae9a895aa2a46e50e9fdb3c1114b3dd9a255028f30b4184f0d700
model-5fb5c75f49b8968f,5-scenes-props-effects,Field 3D scene overlay,,prop,1,1,380,370,True,True,research-required,Actor/prop identity needs confirmation; scene/effect names are context only | Auxiliary/animated palette contract must be supported before replacement | Geometry replacement hook for prop,532bb16b1168eee7f47537c5c914bd976ae46a31b3fcc76647915b5de4ea3b33,5fb5c75f49b8968fa5eca5946f5ab724f32eefe513977caf027026706ee6bd3e
model-5fc3f9c2cb34e22a,5-scenes-props-effects,Field 3D scene overlay,,prop,1,1,657,606,True,True,research-required,Actor/prop identity needs confirmation; scene/effect names are context only | Auxiliary/animated palette contract must be supported before replacement | Geometry replacement hook for prop,2a6851e174dc763bf0d72141fdef935f01569e0daf19a2b1fa5d21f69f1797dc,5fc3f9c2cb34e22aaac76d94dda36513473589c7610f3997f3967e8a4f4efab6
model-6044ebaffc811606,5-scenes-props-effects,Field 3D scene overlay,,prop,1,1,223,328,True,True,research-required,Actor/prop identity needs confirmation; scene/effect names are context only | Auxiliary/animated palette contract must be supported before replacement | Geometry replacement hook for prop,b06292a78350d835bd29261e4c7cf6f68672a77c20ea5244f5358b86026e9eb9,6044ebaffc8116061963498abed40f58b8423dc257c230ff86007726b6834be2
model-609f54271c05964a,5-scenes-props-effects,Field 3D scene overlay,,prop,1,1,188,155,True,True,research-required,Actor/prop identity needs confirmation; scene/effect names are context only | Auxiliary/animated palette contract must be supported before replacement | Geometry replacement hook for prop | Topology needs inspection before surface refinement,ed324ef2e956c5e6bbf27529366ba36be1b8d5f85e3facd0a4ffc815db5a16ec,609f54271c05964ae0a64ea02a513fe173492f41d5fafc3651501423fef220d2
model-6119f58eb618c8d8,5-scenes-props-effects,Field 3D scene overlay,,prop,1,1,205,184,True,True,research-required,Actor/prop identity needs confirmation; scene/effect names are context only | Auxiliary/animated palette contract must be supported before replacement | Geometry replacement hook for prop,753d44ca6c5a5860015d1b14cb2f5270564b16acf99a3692fe6bcf297c06e3ff,6119f58eb618c8d813d6ac9c494d58df1504f368205de62f1eebfadc19a6b8b5
model-6159e8306c61251c,5-scenes-props-effects,Field 3D scene overlay,,prop,1,1,77,75,True,True,research-required,Actor/prop identity needs confirmation; scene/effect names are context only | Auxiliary/animated palette contract must be supported before replacement | Geometry replacement hook for prop,f71d5c649c43dc68453979b781cf19e4ca7ab829ce05698a4df7b0984b3035e4,6159e8306c61251cc1a14b1406753d8160d22c276eac79fa2ca4e0ccfc595efc
model-61b516a989f0df2a,5-scenes-props-effects,Field 3D scene overlay,,prop,1,1,89,88,True,True,research-required,Actor/prop identity needs confirmation; scene/effect names are context only | Auxiliary/animated palette contract must be supported before replacement | Geometry replacement hook for prop,9b458d4361acd3c637ed82c4be78fd9cc40e9ef853efcd41e990e20aa4779d00,61b516a989f0df2a2d957a0f7b3b10457d26d2bc808f6d335c80328f1ab28017
model-61beef28ba0a7d29,5-scenes-props-effects,Field 3D scene overlay,,prop,1,1,345,458,True,True,research-required,Actor/prop identity needs confirmation; scene/effect names are context only | Auxiliary/animated palette contract must be supported before replacement | Geometry replacement hook for prop | Topology needs inspection before surface refinement,c533d6d1fab3fbc9e5fda8329b66302b9faa38316a417ee5e0572ab85d9959dc,61beef28ba0a7d2951308c84c5d5ab18bd3587ccc204412dae3ae83bd9ce4432
model-61eedb30faed3b0d,5-scenes-props-effects,Field 3D scene overlay,,prop,1,1,430,434,True,True,research-required,Actor/prop identity needs confirmation; scene/effect names are context only | Auxiliary/animated palette contract must be supported before replacement | Geometry replacement hook for prop | Topology needs inspection before surface refinement,9c3776baff1f5b05143de03b9431fd8630b08dd87973ecf01bde6a6f86a0904e,61eedb30faed3b0d8771807da2e476f5c49ca02ab699794a4e543f7bfc399df9
model-6229984fc339438d,5-scenes-props-effects,Field 3D scene overlay,,prop,1,1,97,94,True,True,research-required,Actor/prop identity needs confirmation; scene/effect names are context only | Auxiliary/animated palette contract must be supported before replacement | Geometry replacement hook for prop,b8983ec93f5a05a272d7897f7ebfedd2ee20c335f45bfab0f07269f84570ad60,6229984fc339438dcf4aaa6dbb272e957b942fe4e18be71a2b9363fb2ce7c7b2
model-62911a3369c14fc3,5-scenes-props-effects,Field 3D scene overlay,,prop,1,1,228,208,True,True,research-required,Actor/prop identity needs confirmation; scene/effect names are context only | Auxiliary/animated palette contract must be supported before replacement | Geometry replacement hook for prop,2b2ff146f76e4103246cb89631e3b5a5df483f4cc4925e16a3c00b5ee8007192,62911a3369c14fc3837ed393ea56a5b1bb4b8b194dd819bdff45bdab9582541f
model-636e4ff25d45e28b,5-scenes-props-effects,Field 3D scene overlay,,prop,1,1,449,460,True,True,research-required,Actor/prop identity needs confirmation; scene/effect names are context only | Auxiliary/animated palette contract must be supported before replacement | Geometry replacement hook for prop,0b073351373bbd4b168f21c53e378e6a33c47cc964476194e460d1004ccbe566,636e4ff25d45e28b8cfd14096bfb1238e12960f8c426c9ef257d722f273ebe97
model-63a2654698587ff9,5-scenes-props-effects,Field 3D scene overlay,,prop,1,1,141,117,True,True,research-required,Actor/prop identity needs confirmation; scene/effect names are context only | Auxiliary/animated palette contract must be supported before replacement | Geometry replacement hook for prop | Topology needs inspection before surface refinement,b2cc8844ef9d05e4e845e9682d40c13800797100e4ccac1e269ba4a6db903a42,63a2654698587ff98c7b52e19d2ccf657a86ba35c1210f3dbbcad730819d1455
model-63c52daade6ad0b3,5-scenes-props-effects,Field 3D scene overlay,,prop,1,1,148,141,True,True,research-required,Actor/prop identity needs confirmation; scene/effect names are context only | Auxiliary/animated palette contract must be supported before replacement | Geometry replacement hook for prop,0a257833c25cd310fec5a54c0b96cefd3cde44adc960cba7759872b0b4365ed0,63c52daade6ad0b3a874929d83854c6d598d0c644d8cf0930851d170fe8e1090
model-63cfe6953310e5a7,5-scenes-props-effects,Field 3D scene overlay,,prop,1,1,86,94,True,True,research-required,Actor/prop identity needs confirmation; scene/effect names are context only | Auxiliary/animated palette contract must be supported before replacement | Geometry replacement hook for prop,b45cd5aeff6d4b49262613b09159a5af1219b4ac6221557c14b43046f9294ed8,63cfe6953310e5a736911edc13ef34d1f17faaa11907377fd148c06d375f516d
model-63ec3bac7c7cd2c5,5-scenes-props-effects,Field 3D scene overlay,,prop,1,1,88,88,True,True,research-required,Actor/prop identity needs confirmation; scene/effect names are context only | Auxiliary/animated palette contract must be supported before replacement | Geometry replacement hook for prop,dc8da05e1e99bdf9164f9de61ef6b37a421740f2cf5bea7463583731b20c9587,63ec3bac7c7cd2c55e1f4c69ae161a1eebdaa7c81fa55084a416f2eada368daf
model-64816f77ac45836a,5-scenes-props-effects,Field 3D scene overlay,,prop,1,1,154,220,True,True,research-required,Actor/prop identity needs confirmation; scene/effect names are context only | Auxiliary/animated palette contract must be supported before replacement | Geometry replacement hook for prop,c5c34e7b2ed3d6ff31ae3d0782ad7a680046e8124bf7ae037aa9150b830acd8a,64816f77ac45836a7ebe81d1147c429990eca393d79385a4d1328a9e64eb4f7c
model-65093b5b6de7d8a5,5-scenes-props-effects,Field 3D scene overlay,,prop,1,1,54,48,True,True,research-required,Actor/prop identity needs confirmation; scene/effect names are context only | Auxiliary/animated palette contract must be supported before replacement | Geometry replacement hook for prop,bf8d753382ed628120dac27062d48ce4a645a2478274dd7ace180a73fa35cdc7,65093b5b6de7d8a5ff8893a284a5738b3fdd0d127117a8d88dc0375247f6479f
model-66f1230d368db12a,5-scenes-props-effects,Field 3D scene overlay,,prop,1,1,160,178,True,True,research-required,Actor/prop identity needs confirmation; scene/effect names are context only | Auxiliary/animated palette contract must be supported before replacement | Geometry replacement hook for prop,ba2e85a69b956ade825794923c1dde1a986333f7c648c9de71f077da5235f364,66f1230d368db12a91ec1662df9a81fc9680406aa01b3fdaf740a08693522fb5
model-6769969ac61ca956,5-scenes-props-effects,Field 3D scene overlay,,prop,1,1,396,352,True,True,research-required,Actor/prop identity needs confirmation; scene/effect names are context only | Auxiliary/animated palette contract must be supported before replacement | Geometry replacement hook for prop,a8c9e29085b6bbf9ddf57bae2a7b5c27351be5ed06fa80fb94bf0875b3cf6fe1,6769969ac61ca956737a32e411eec163db6b5727d62b73dee280837775367f58
model-67c395df98925273,5-scenes-props-effects,Field 3D scene overlay,,prop,1,1,49,46,True,True,research-required,Actor/prop identity needs confirmation; scene/effect names are context only | Auxiliary/animated palette contract must be supported before replacement | Geometry replacement hook for prop,7358c7fa05378390b2c3de932c176274b052af0cb30be03a2b68ce1fb9501e1a,67c395df989252735eb568b0de9c1e5d9c8bd69e166bc4f49b809528221abd97
model-68100d94e02be3a7,5-scenes-props-effects,Field 3D scene overlay,,prop,1,1,37,30,True,True,research-required,Actor/prop identity needs confirmation; scene/effect names are context only | Auxiliary/animated palette contract must be supported before replacement | Geometry replacement hook for prop,f981460e955454ce1be0c4addea71be2fd1c8e58a37970023bc5f6e4d330d858,68100d94e02be3a74f0225a8d98a01aee32768f457c39cba3522816a039a62be
model-69290c47542e21d5,5-scenes-props-effects,Field 3D scene overlay,,prop,1,1,52,56,True,True,research-required,Actor/prop identity needs confirmation; scene/effect names are context only | Auxiliary/animated palette contract must be supported before replacement | Geometry replacement hook for prop,a7411a85e03561e03d6ed04a0ed5bf076358ad3c785c1cfa2fca28152296865b,69290c47542e21d5c22688c1e7d63b6cbe151560812c355a4bdc074b3c8bf7e6
model-693e97eafcde2993,5-scenes-props-effects,Field 3D scene overlay,,prop,1,1,210,214,True,True,research-required,Actor/prop identity needs confirmation; scene/effect names are context only | Auxiliary/animated palette contract must be supported before replacement | Geometry replacement hook for prop,a35deeca133d4d7bc8362e684c4a23cd45589c34d51a98f51b475784190bc76f,693e97eafcde29930c54c0cf23409cd6b9fd88ba81e51021c8038fd8d776045d
model-69989765135b50fa,5-scenes-props-effects,Field 3D scene overlay,,prop,1,1,30,28,True,True,research-required,Actor/prop identity needs confirmation; scene/effect names are context only | Auxiliary/animated palette contract must be supported before replacement | Geometry replacement hook for prop,9b0c25ef588f5bd59be4ed0e5cf877c0e85074989fbdb9349efa5dafd4e82a85,69989765135b50fa0a7ebd92d2eea0f9464f0dd43a2daad14374f3b25ed1b172
model-69f4615aaf420a17,5-scenes-props-effects,Field 3D scene overlay,,prop,1,1,45,40,True,True,research-required,Actor/prop identity needs confirmation; scene/effect names are context only | Auxiliary/animated palette contract must be supported before replacement | Geometry replacement hook for prop,8c37c271819d6cbe0d66986ceeb5024298eefa98421d5a72643b88e0c809a4c1,69f4615aaf420a1784919dbceff1179a20160b99a733c43c6c4f67e30981c90a
model-6a64df11e17c151d,5-scenes-props-effects,Field 3D scene overlay,,prop,1,1,69,68,True,True,research-required,Actor/prop identity needs confirmation; scene/effect names are context only | Auxiliary/animated palette contract must be supported before replacement | Geometry replacement hook for prop,d7611a379752bfca69c75e68156767544ee2f0b63855c17663f3e4323c49c385,6a64df11e17c151dbab7d0edd7b86782b12354bd9cf2c964b95b08673a81a808
model-6aeb65fc0567c3cc,5-scenes-props-effects,Field 3D scene overlay,,prop,1,1,348,318,True,True,research-required,Actor/prop identity needs confirmation; scene/effect names are context only | Auxiliary/animated palette contract must be supported before replacement | Geometry replacement hook for prop,00bbae8997876d1d11afb3991bc763eca8b24d9df8675e68d5f0289baf3b1ad6,6aeb65fc0567c3cc87cdf97998f274329a8e0c338e79d0ff01855f3a4f1133fc
model-6b87423c1cf8c97d,5-scenes-props-effects,Field 3D scene overlay,,prop,1,1,695,601,True,True,research-required,Actor/prop identity needs confirmation; scene/effect names are context only | Auxiliary/animated palette contract must be supported before replacement | Geometry replacement hook for prop,62d3a499673a570b3ef486071cefc4629db28b48583510c9bff48b2ecd0278fe,6b87423c1cf8c97d78da29e0e74e0eda5231c36b4ba1dda0c6e52287ad4291d3
model-6b8fb1c83fb8b8da,5-scenes-props-effects,Field 3D scene overlay,,prop,1,1,183,178,True,True,research-required,Actor/prop identity needs confirmation; scene/effect names are context only | Auxiliary/animated palette contract must be supported before replacement | Geometry replacement hook for prop,fc3be39c87af7354f22bc276e5bd300447a4c44c51d2bbc68aaf5444c5a5cb5c,6b8fb1c83fb8b8da9078e81df52640c5781dd7099a3ac6093d28053d26125a1b
model-6d31314d89b93629,5-scenes-props-effects,Field 3D scene overlay,,prop,1,1,258,228,True,True,research-required,Actor/prop identity needs confirmation; scene/effect names are context only | Auxiliary/animated palette contract must be supported before replacement | Geometry replacement hook for prop,9405f22ca8a4516219ca891f1597ae1154b65786ff8967948cc7fff202770c73,6d31314d89b936298fcebee4af8ec5e4b916e513bacd05a3eceb667530df0a53
model-6f1f7018176a0793,5-scenes-props-effects,Field 3D scene overlay,,prop,1,1,99,102,True,True,research-required,Actor/prop identity needs confirmation; scene/effect names are context only | Auxiliary/animated palette contract must be supported before replacement | Geometry replacement hook for prop,4a0b9614a19d614c42068350e2306cbe95c90606063160eab87a8a7d0d03bc21,6f1f7018176a0793996023868f50a0fac481e815788a22392f26175895643789
model-6fac0c26e0423c82,5-scenes-props-effects,Field 3D scene overlay,,prop,1,1,251,222,True,True,research-required,Actor/prop identity needs confirmation; scene/effect names are context only | Auxiliary/animated palette contract must be supported before replacement | Geometry replacement hook for prop,1a4604da430d6873b751e5fbbdd61a3f6d18f0ed0a0740c3705724cb8e18ba41,6fac0c26e0423c820278e840aea185475c927a71ca52a4ac935ec261760053a2
model-702d41c8babfbd31,5-scenes-props-effects,Field 3D scene overlay,,prop,1,1,224,213,True,True,research-required,Actor/prop identity needs confirmation; scene/effect names are context only | Auxiliary/animated palette contract must be supported before replacement | Geometry replacement hook for prop,750cc6383ef4bdd61dd3fda8b85cbc31214dba0bfb104775bcf1316524b143c7,702d41c8babfbd31c8de6e97683a07d1df841094c2024101cc57a514427c3ce8
model-707a5bf7a5d4e534,5-scenes-props-effects,Field 3D scene overlay,,prop,1,1,397,427,True,True,research-required,Actor/prop identity needs confirmation; scene/effect names are context only | Auxiliary/animated palette contract must be supported before replacement | Geometry replacement hook for prop,081cbbeca5bb57e2a3051611da731c23c14e3aeae684d38f6229598ff4bd0810,707a5bf7a5d4e534166aa3b72367b7caccdc384da62d3e55333419fe5335c8e5
model-70c3414f96f3d660,5-scenes-props-effects,Field 3D scene overlay,,prop,1,1,134,128,True,True,research-required,Actor/prop identity needs confirmation; scene/effect names are context only | Auxiliary/animated palette contract must be supported before replacement | Geometry replacement hook for prop,4cf5796ef6560a6f4ee260a0c21dc7c75a0ba3bb54b3759fdb8efabc854b6271,70c3414f96f3d66008e23db9bf77595366e673bb3ebff4b3c0dc3d4c1c4032f6
model-71dc2a4de46ea9fc,5-scenes-props-effects,Field 3D scene overlay,,prop,1,1,294,302,True,True,research-required,Actor/prop identity needs confirmation; scene/effect names are context only | Auxiliary/animated palette contract must be supported before replacement | Geometry replacement hook for prop,c1051d3f5c407e4731138867c0aa08d1225ccc8922255d5f4fb773bb539bf84c,71dc2a4de46ea9fc1ae918f8100261b9fac351e799795b01a3b8b8e4564f0601
model-729d82730ee9a04d,5-scenes-props-effects,Field 3D scene overlay,,prop,1,1,18,16,True,True,research-required,Actor/prop identity needs confirmation; scene/effect names are context only | Auxiliary/animated palette contract must be supported before replacement | Geometry replacement hook for prop,0320f8b6fac463f3e44a73b45bb964b179a78b92c5947f89554b8f2b43656b20,729d82730ee9a04d4e2dcb0308916bfeccc74ad671837813318dedd90648afb0
model-72a8dc33d6e315ce,5-scenes-props-effects,Field 3D scene overlay,,prop,1,1,234,220,True,True,research-required,Actor/prop identity needs confirmation; scene/effect names are context only | Auxiliary/animated palette contract must be supported before replacement | Geometry replacement hook for prop,5e856e4c3effc975d9f4a0ff84d50008f9dd54e1e99cd29fd5f9fc6f24f29f28,72a8dc33d6e315ce0045f260cf2761a0da996564cfdd09af5a638d546b1ef59f
model-7300c9b8b3c67ac3,5-scenes-props-effects,Field 3D scene overlay,,prop,1,1,576,520,True,True,research-required,Actor/prop identity needs confirmation; scene/effect names are context only | Auxiliary/animated palette contract must be supported before replacement | Geometry replacement hook for prop,d7e754ae788001f08a774a5c7e4d8a1bcf1c86bb64c664e7a32a6e01d6d29bf7,7300c9b8b3c67ac33b6f0eae9cb4446aa62efa3c719cdc80a814b13b102c6f71
model-74e8f02a79d1dd14,5-scenes-props-effects,Field 3D scene overlay,,prop,1,1,378,340,True,True,research-required,Actor/prop identity needs confirmation; scene/effect names are context only | Auxiliary/animated palette contract must be supported before replacement | Geometry replacement hook for prop,b52958dce0e203b2f17c5c70ebef7149d1d1d8e6dcb6dd83447fc48cd380eab6,74e8f02a79d1dd14600c12b5081c1b564f5cdfe19c25841320b817e5790af53d
model-74f549939f158bb5,5-scenes-props-effects,Field 3D scene overlay,,prop,1,1,698,679,True,True,research-required,Actor/prop identity needs confirmation; scene/effect names are context only | Auxiliary/animated palette contract must be supported before replacement | Geometry replacement hook for prop,8bba2ba4b5add0e710d69b271b7ebd964894c62b12994aa88a224af63a271173,74f549939f158bb5170b07e439dab468f647c8409ed7865f0cf39dfccdb01e23
model-75015731f1eeffe9,5-scenes-props-effects,Field 3D scene overlay,,prop,1,1,671,540,True,True,research-required,Actor/prop identity needs confirmation; scene/effect names are context only | Auxiliary/animated palette contract must be supported before replacement | Geometry replacement hook for prop,373b2922f29566894affef3d70c885095c3e89007344bde34362b6af8bab6b34,75015731f1eeffe9fadaba1bc26baf2daee638dc761f52986767839005526b64
model-756530e89ce11641,5-scenes-props-effects,Field 3D scene overlay,,prop,1,1,144,144,True,True,research-required,Actor/prop identity needs confirmation; scene/effect names are context only | Auxiliary/animated palette contract must be supported before replacement | Geometry replacement hook for prop,91d4db21ee5beb508bccdc6978b387f445133c51c2b06c171c843809c4a7d016,756530e89ce11641ffa7c5601e35e9ca3af19fb717507a05267ac187ff47405f
model-762fd697b2cd5a2f,5-scenes-props-effects,Field 3D scene overlay,,prop,1,1,30,28,True,True,research-required,Actor/prop identity needs confirmation; scene/effect names are context only | Auxiliary/animated palette contract must be supported before replacement | Geometry replacement hook for prop,53f520aed5a4d350bc7d29095887b3eb2a8e4238f57d6b0b0bc79c8f6d5b60b8,762fd697b2cd5a2f1d22b458a556a0bcea1763c93e0ced55e6689a9340ae86e2
model-765f47674acedde0,5-scenes-props-effects,Field 3D scene overlay,,prop,1,1,126,116,True,True,research-required,Actor/prop identity needs confirmation; scene/effect names are context only | Auxiliary/animated palette contract must be supported before replacement | Geometry replacement hook for prop,648817dd068196f9cc4904add8916bd9051c078ea47d8223531eb69491228a3c,765f47674acedde09eeea5b0c9253360af91f6faf7b3d2f2e90a7665936c7712
model-7675ee8c91dac15b,5-scenes-props-effects,Field 3D scene overlay,,prop,1,1,298,278,True,True,research-required,Actor/prop identity needs confirmation; scene/effect names are context only | Auxiliary/animated palette contract must be supported before replacement | Geometry replacement hook for prop,be53652b916c3a4025cf36efd4b4372efc332a026bdc7df7d1752fa23207bb18,7675ee8c91dac15bf2b7995699a8eceee51a5fb69ab21046add9d47f5f7ba129
model-76e2ff6b7a6ddce8,5-scenes-props-effects,Field 3D scene overlay,,prop,1,1,472,462,True,True,research-required,Actor/prop identity needs confirmation; scene/effect names are context only | Auxiliary/animated palette contract must be supported before replacement | Geometry replacement hook for prop,50dee47b8f3dc39d6dce01b02c4f595a9ffcf5f9db240a0976084aca665b118d,76e2ff6b7a6ddce84a3a4fd819331bfb959197fdb9deff260a5c0b7b92fc21cd
model-776f2cf53f149f79,5-scenes-props-effects,Field 3D scene overlay,,prop,1,1,235,210,True,True,research-required,Actor/prop identity needs confirmation; scene/effect names are context only | Auxiliary/animated palette contract must be supported before replacement | Geometry replacement hook for prop,2f9f7b8fb2776dec74e4c984b9e8db1628c237f6eb5aafc1a440380d803c2247,776f2cf53f149f799b71814bf2d1d5d56af596ce79a78c18fc4a79c371cb79c3
model-77d9e8e8f2558553,5-scenes-props-effects,Field 3D scene overlay,,prop,1,1,111,100,True,True,research-required,Actor/prop identity needs confirmation; scene/effect names are context only | Auxiliary/animated palette contract must be supported before replacement | Geometry replacement hook for prop,e7be73fbe362768965f5b192adf4fbdc1590d98b51340e30f8f5e73af1e50a18,77d9e8e8f255855313b92d012e1255eab580fbe281b5ec3804593490f5c5ff47
model-77e68da7fc6d707d,5-scenes-props-effects,Field 3D scene overlay,,prop,1,1,220,221,True,True,research-required,Actor/prop identity needs confirmation; scene/effect names are context only | Auxiliary/animated palette contract must be supported before replacement | Geometry replacement hook for prop | Topology needs inspection before surface refinement,b15dd26573f0cb0bf9ddc8df29d330175578f509ed1a252b14df4ff0fa7d2826,77e68da7fc6d707d3e625cc07047d3f4876c98edd873150d9103f2ef207d7041
model-7830f6c95a3ccfc9,5-scenes-props-effects,Field 3D scene overlay,,prop,1,1,295,340,True,True,research-required,Actor/prop identity needs confirmation; scene/effect names are context only | Auxiliary/animated palette contract must be supported before replacement | Geometry replacement hook for prop,6a04b56bfc2c83a76f7c5d6065e7103781274f5a43b3c6039a2e2aa8d14082d7,7830f6c95a3ccfc9652ac74b3908b94e71bfcc5405a2c8839fad3ae9eabf9976
model-788b340e2ec43e91,5-scenes-props-effects,Field 3D scene overlay,,prop,1,1,119,113,True,True,research-required,Actor/prop identity needs confirmation; scene/effect names are context only | Auxiliary/animated palette contract must be supported before replacement | Geometry replacement hook for prop,f145e8d5908e57cc08598814aeed6538582363dacbf546ffeed9f64dc1bfd620,788b340e2ec43e91b59b4957138e376fe55e841e77af46f6d4e4f0e1bc29b428
model-78e24633beaa4063,5-scenes-props-effects,Field 3D scene overlay,,prop,1,1,292,328,True,True,research-required,Actor/prop identity needs confirmation; scene/effect names are context only | Auxiliary/animated palette contract must be supported before replacement | Geometry replacement hook for prop | Topology needs inspection before surface refinement,960b10f52c069c95c690de02f7840d0f69aa896ea3938b7634faaac36708c44c,78e24633beaa406399bf5bb4be0c1294cb021e63097a59cefba372ebee73e064
model-78ec50563c3e705a,5-scenes-props-effects,Field 3D scene overlay,,prop,1,1,176,153,True,True,research-required,Actor/prop identity needs confirmation; scene/effect names are context only | Auxiliary/animated palette contract must be supported before replacement | Geometry replacement hook for prop,8632b46d6d4c794efc2395e75e6b78f859d7c515885bf09bf6736c9786b9f1fd,78ec50563c3e705a884201abdabb6104c76b6aad1bc83749e3158d7996e2b155
model-79146880376bdd17,5-scenes-props-effects,Field 3D scene overlay,,prop,1,1,416,474,True,True,research-required,Actor/prop identity needs confirmation; scene/effect names are context only | Auxiliary/animated palette contract must be supported before replacement | Geometry replacement hook for prop,eb6f72881f43bf33d652b026bc183fcbc9f3cb4a43dc885ae8aa057d44e936fd,79146880376bdd17b78eb3a6d1c4ae2220b42316c66ba10d0fb95eefad512091
model-799a324d094b246f,5-scenes-props-effects,Field 3D scene overlay,,prop,1,1,248,320,True,True,research-required,Actor/prop identity needs confirmation; scene/effect names are context only | Auxiliary/animated palette contract must be supported before replacement | Geometry replacement hook for prop,95aaed9de911c997f001cfd94b944a9eaa2dac4b979d2393c2fc069e278855eb,799a324d094b246fda67e3fbddc75f69c07b395a1a0b3ea305e2aac7e813ce3a
model-7a1502364e762a13,5-scenes-props-effects,Field 3D scene overlay,,prop,1,1,259,240,True,True,research-required,Actor/prop identity needs confirmation; scene/effect names are context only | Auxiliary/animated palette contract must be supported before replacement | Geometry replacement hook for prop,a08d8e017baf4b2ca8cd1b4cdb3c7a0ca0ffb296915cde98f7161d2ce0b3bbd9,7a1502364e762a13fc71c2a4659bd318338db66de11471e55c0c9fcfa9457b26
model-7a3e913304b22162,5-scenes-props-effects,Field 3D scene overlay,,prop,1,1,121,130,True,True,research-required,Actor/prop identity needs confirmation; scene/effect names are context only | Auxiliary/animated palette contract must be supported before replacement | Geometry replacement hook for prop,aa389793a3f9861d897401708b89a33d4f76d79b801f205c0e9901ba09de902f,7a3e913304b22162b58fd291af9e3b7f36b2d0e22801d56f00e7db250c4b0c16
model-7a94c21ceee0d7b4,5-scenes-props-effects,Field 3D scene overlay,,prop,1,1,177,140,True,True,research-required,Actor/prop identity needs confirmation; scene/effect names are context only | Auxiliary/animated palette contract must be supported before replacement | Geometry replacement hook for prop | Topology needs inspection before surface refinement,d2f43cff2118dab7227c77d003f52c40f69b339e9675a103f1c247506fa862ea,7a94c21ceee0d7b407efc4ebebffe6d4c04199caf0571b38ce3c3133aedaef71
model-7b2bcb14890f8e64,5-scenes-props-effects,Field 3D scene overlay,,prop,1,1,629,596,True,True,research-required,Actor/prop identity needs confirmation; scene/effect names are context only | Auxiliary/animated palette contract must be supported before replacement | Geometry replacement hook for prop,0fd55987636e96ae711ad62cd1fc37d07c0a90e0c372e83867daa9ecb9a34684,7b2bcb14890f8e6406b8e71e3d06aacdd6cb9799bf7796a5559a6b29d1a43dd9
model-7b7b036415887fbf,5-scenes-props-effects,Field 3D scene overlay,,prop,1,1,54,48,True,True,research-required,Actor/prop identity needs confirmation; scene/effect names are context only | Auxiliary/animated palette contract must be supported before replacement | Geometry replacement hook for prop,79a8845233445e21bf119f1612e7da425c62164f5e14bf2e439156191078a2d2,7b7b036415887fbf2bf9a07c769d0c5eecf73d2e334180d7ce2f6e764104321e
model-7c16a646e07d0d88,5-scenes-props-effects,Field 3D scene overlay,,prop,1,1,255,232,True,True,research-required,Actor/prop identity needs confirmation; scene/effect names are context only | Auxiliary/animated palette contract must be supported before replacement | Geometry replacement hook for prop,cd755c23aad5428e946a1c966dbbfc0a82763c05eafec5538354f4037d7b4783,7c16a646e07d0d888cd456640fcffbbdc8c62062d4fca584c5836e2f55653c23
model-7cb88405713d54b0,5-scenes-props-effects,Field 3D scene overlay,,prop,1,1,129,130,True,True,research-required,Actor/prop identity needs confirmation; scene/effect names are context only | Auxiliary/animated palette contract must be supported before replacement | Geometry replacement hook for prop,9d78a5e26413e6a08ca912475cfc12ced44c2ab19abd0868027c8ee49c32be41,7cb88405713d54b07d83b55be74c28b530a9dca08a7da14a2abf328265807e55
model-7d37a39cc3d2b476,5-scenes-props-effects,Field 3D scene overlay,,prop,1,1,306,293,True,True,research-required,Actor/prop identity needs confirmation; scene/effect names are context only | Auxiliary/animated palette contract must be supported before replacement | Geometry replacement hook for prop | Topology needs inspection before surface refinement,dd70106433269c812b9b0e5b3e2f8a1930719720c6bd1d84bb2223909d6698bf,7d37a39cc3d2b476463c333d2faa488d9601fe605a6e581009272af090fc02ac
model-7d690c2e081a9bfc,5-scenes-props-effects,Field 3D scene overlay,,prop,1,1,79,94,True,True,research-required,Actor/prop identity needs confirmation; scene/effect names are context only | Auxiliary/animated palette contract must be supported before replacement | Geometry replacement hook for prop,140abaad9177c3265329f0f086a0a3e5bb671b0f9cc5dfc01a8445f6372380cd,7d690c2e081a9bfca6090b407a410ab5438dbcf3722866c6d6b627bb8d1f871c
model-7fd15e65ff948983,5-scenes-props-effects,Field 3D scene overlay,,prop,1,1,308,254,True,True,research-required,Actor/prop identity needs confirmation; scene/effect names are context only | Auxiliary/animated palette contract must be supported before replacement | Geometry replacement hook for prop,c6b2ac3d94bfb43d60aeb7b88d25d0a001872d7a0984b9e65e472a430aecd9d1,7fd15e65ff948983acd6e13b1d57268a98f7ea2964dfb57b5e91c5a58401012b
model-8034e2314bbb1c2c,5-scenes-props-effects,Field 3D scene overlay,,prop,1,1,78,68,True,True,research-required,Actor/prop identity needs confirmation; scene/effect names are context only | Auxiliary/animated palette contract must be supported before replacement | Geometry replacement hook for prop,a56811034879ce24b124bcb916510f21b2f98bef2d96f11fcfeef16b819be102,8034e2314bbb1c2c0993594e9fc1589e63df3a1577fb79f675e1510ea0959796
model-806b6a089e02e389,5-scenes-props-effects,Field 3D scene overlay,,prop,1,1,130,120,True,True,research-required,Actor/prop identity needs confirmation; scene/effect names are context only | Auxiliary/animated palette contract must be supported before replacement | Geometry replacement hook for prop,bdca70b08e8155f451811341abc2178c6c0203ccb0f1b13ec20d825196624267,806b6a089e02e389ffd4fcbee3b2b480dd03956fea77b7e923192458e1b83e93
model-80f653deee2c32c9,5-scenes-props-effects,Field 3D scene overlay,,prop,1,1,274,264,True,True,research-required,Actor/prop identity needs confirmation; scene/effect names are context only | Auxiliary/animated palette contract must be supported before replacement | Geometry replacement hook for prop,29c596fa92e882927f6f907e7c0bf6d02c4ced7ff11e141d2141146735ee8592,80f653deee2c32c9a1b268da6db102667ceca4d792090a7ccb7a578599e33676
model-81466f108b45b853,5-scenes-props-effects,Field 3D scene overlay,,prop,1,1,38,40,True,True,research-required,Actor/prop identity needs confirmation; scene/effect names are context only | Auxiliary/animated palette contract must be supported before replacement | Geometry replacement hook for prop,3902991122438476c9fb207576911049d7b64eb6be87f2b2eedb2e78c9ead411,81466f108b45b8530f141b4032e8eccb20e086ad34af3c6a3cb6baf6dd0d0241
model-81a546cef542636d,5-scenes-props-effects,Field 3D scene overlay,,prop,1,1,277,256,True,True,research-required,Actor/prop identity needs confirmation; scene/effect names are context only | Auxiliary/animated palette contract must be supported before replacement | Geometry replacement hook for prop,906e1709dc9a7d5d816a5833bcd737e65a4d609b0a10ab4444eb11f05e125046,81a546cef542636dab46b74930080c6b384d315441244c2d9b5eb955a1375969
model-81b39fc113171e19,5-scenes-props-effects,Field 3D scene overlay,,prop,1,1,204,196,True,True,research-required,Actor/prop identity needs confirmation; scene/effect names are context only | Auxiliary/animated palette contract must be supported before replacement | Geometry replacement hook for prop,cdbeeedf3b9cdc21640eee14850cb646e1a9d859eb3b832bdb521b9d792e5135,81b39fc113171e19a1fbe99bc0df362cb01860910ebe20cb8e1e8915687511b2
model-8313e2e83c401bef,5-scenes-props-effects,Field 3D scene overlay,,prop,1,1,144,143,True,True,research-required,Actor/prop identity needs confirmation; scene/effect names are context only | Auxiliary/animated palette contract must be supported before replacement | Geometry replacement hook for prop,6b3dfd2316f86fa24b7137736925681bf7e82f61191a09a2048bdf147c0d032f,8313e2e83c401befac99351f46c2ade7403a766fbfe9fe2375e24707e9d14636
model-837f8381694773fe,5-scenes-props-effects,Field 3D scene overlay,,prop,1,1,280,276,True,True,research-required,Actor/prop identity needs confirmation; scene/effect names are context only | Auxiliary/animated palette contract must be supported before replacement | Geometry replacement hook for prop,f714ee9ec54f7621216bc69fd8aed1d60f0f9e329c346c8e51a892e7eab57e95,837f8381694773fe4293c90610fa8ec6ae8bacc6d4246d45799e1267a47ae664
model-84895ebb90119e91,5-scenes-props-effects,Field 3D scene overlay,,prop,1,1,366,434,True,True,research-required,Actor/prop identity needs confirmation; scene/effect names are context only | Auxiliary/animated palette contract must be supported before replacement | Geometry replacement hook for prop,0b8a33d4b85fa65b7ab8ed7a32fc9399152fa96c971076f07d59bf719e1d36b0,84895ebb90119e9108932410803b20e2c299b02f8ac00557400e8a7e9c3df191
model-858c00da59bfe663,5-scenes-props-effects,Field 3D scene overlay,,prop,1,1,163,152,True,True,research-required,Actor/prop identity needs confirmation; scene/effect names are context only | Auxiliary/animated palette contract must be supported before replacement | Geometry replacement hook for prop | Topology needs inspection before surface refinement,b6163e25c58a5cf9b165d2ef3518bae16a426b5cfd9fcd2464b611897aa82c63,858c00da59bfe6632cf22c804fd443dda7faccdbefc6167334623387b96046bc
model-85c501e42216c843,5-scenes-props-effects,Field 3D scene overlay,,prop,1,1,415,373,True,True,research-required,Actor/prop identity needs confirmation; scene/effect names are context only | Auxiliary/animated palette contract must be supported before replacement | Geometry replacement hook for prop,5fc006cb21bd333342d91254ec214adacc13772cc81cf838afc9878ed68c63ab,85c501e42216c843864893df0c046be7e44524771b0039c59a5ad227865a60d7
model-863988add6aae3b3,5-scenes-props-effects,Field 3D scene overlay,,prop,1,1,72,88,True,True,research-required,Actor/prop identity needs confirmation; scene/effect names are context only | Auxiliary/animated palette contract must be supported before replacement | Geometry replacement hook for prop,d4db3b40e1621507400346cff6e867080f1c2e4ee4380beeae79cc4a4da5f69a,863988add6aae3b39e34098369a52ad9db1ed8dd63401aca0e2e264809ff168b
model-863e640eeb50a14d,5-scenes-props-effects,Field 3D scene overlay,,prop,1,1,308,283,True,True,research-required,Actor/prop identity needs confirmation; scene/effect names are context only | Auxiliary/animated palette contract must be supported before replacement | Geometry replacement hook for prop,c5cacf1d4337fa6150c9b5bafd3d395f63d63b0230e621ff63c65d9093db9865,863e640eeb50a14d4b61ca7f6d1c29ec263c2d8840d7c919cbb28858de3b64f3
model-8679ab54161482a3,5-scenes-props-effects,Field 3D scene overlay,,prop,1,1,138,124,True,True,research-required,Actor/prop identity needs confirmation; scene/effect names are context only | Auxiliary/animated palette contract must be supported before replacement | Geometry replacement hook for prop,13a4c8d7a92555c84737b750670f4565cc1c16580e2495f7842b4ca833ff9ab7,8679ab54161482a385d8ea7f2fdf950042856b96f33f699cee137a38ce49ec44
model-87b0894455dec503,5-scenes-props-effects,Field 3D scene overlay,,prop,1,1,250,234,True,True,research-required,Actor/prop identity needs confirmation; scene/effect names are context only | Auxiliary/animated palette contract must be supported before replacement | Geometry replacement hook for prop,a211bedb32b4850228efbd6869bc4996209e95d18ecfa4a2125bf68da59ad938,87b0894455dec503ee5eee0da4b025066a2c0469e8d40fb45fb33099f37d8069
model-882e588c27f6d013,5-scenes-props-effects,Field 3D scene overlay,,prop,1,1,247,236,True,True,research-required,Actor/prop identity needs confirmation; scene/effect names are context only | Auxiliary/animated palette contract must be supported before replacement | Geometry replacement hook for prop,19c1d59786d20981642346e3513db77b3093dfbcb96e287c75b7c1bd7b9ccc9a,882e588c27f6d013769ac4da8d2fa874b8285dcd3916738218d7beb11d306088
model-888f3561ef76a6b8,5-scenes-props-effects,Field 3D scene overlay,,prop,1,1,240,218,True,True,research-required,Actor/prop identity needs confirmation; scene/effect names are context only | Auxiliary/animated palette contract must be supported before replacement | Geometry replacement hook for prop,f3d9874ad6b2aae2f9aec1174e25cc1f74dc4b91d6c66aa980d673212451e148,888f3561ef76a6b81d42fa66096130d2f8744d279d7bdebeb84053c18b43cc06
model-8909c75b7d0b44a9,5-scenes-props-effects,Field 3D scene overlay,,prop,1,1,315,296,True,True,research-required,Actor/prop identity needs confirmation; scene/effect names are context only | Auxiliary/animated palette contract must be supported before replacement | Geometry replacement hook for prop,3e9d3baaaa59de860c17a114c7df757f98f32ccf4ce947b898a82657bd5b27c7,8909c75b7d0b44a9d9e58391233202e1f967e2bbadfd49f4ed4d3f07db6c8ad8
model-8ae1cfa038cf45bf,5-scenes-props-effects,Field 3D scene overlay,,prop,1,1,388,348,True,True,research-required,Actor/prop identity needs confirmation; scene/effect names are context only | Auxiliary/animated palette contract must be supported before replacement | Geometry replacement hook for prop | Topology needs inspection before surface refinement,5b461b68a6c4c3ec8a1e09b6de8ffce1daa342cfd179b30f7e1cc453adf8a770,8ae1cfa038cf45bff7384ee985111e98ba7766e7abde5424276b561eac61789a
model-8b7a441739c5260e,5-scenes-props-effects,Field 3D scene overlay,,prop,1,1,250,278,True,True,research-required,Actor/prop identity needs confirmation; scene/effect names are context only | Auxiliary/animated palette contract must be supported before replacement | Geometry replacement hook for prop,2246a38e4841ce4e8ba6fb349b7fd501337c31dc6a89e37407aa193888a766dd,8b7a441739c5260e7291f8d1af1c59cfabaa9e4809f7a8d9ea3901f2f86fd0ee
model-8b8623dd02dcc84a,5-scenes-props-effects,Field 3D scene overlay,,prop,1,1,130,178,True,True,research-required,Actor/prop identity needs confirmation; scene/effect names are context only | Auxiliary/animated palette contract must be supported before replacement | Geometry replacement hook for prop | Topology needs inspection before surface refinement,2b72073625d02bb373ccbfef6ab6067c32abac2e43759f547e73e27f536240d6,8b8623dd02dcc84aa5b1abadae8da988247d901d96c9c5d233242e837f160987
model-8d0bff5e984d9326,5-scenes-props-effects,Field 3D scene overlay,,prop,1,1,120,100,True,True,research-required,Actor/prop identity needs confirmation; scene/effect names are context only | Auxiliary/animated palette contract must be supported before replacement | Geometry replacement hook for prop,8c03b179dd258ef21b5930ebc2f9de8baf03ab6b1c436b146430b59af109d885,8d0bff5e984d9326a000273da5b6ec126c12cf2414545a0c65f08981e2670fa5
model-8d2b9bdc99f3138e,5-scenes-props-effects,Field 3D scene overlay,,prop,1,1,236,222,True,True,research-required,Actor/prop identity needs confirmation; scene/effect names are context only | Auxiliary/animated palette contract must be supported before replacement | Geometry replacement hook for prop,07eb6abcde63d2f03715abd30ebbbefc7d9a65bf89758e45060e3f4e2144862f,8d2b9bdc99f3138e012b659964f58d811d63e91f437ed3213318f2d3f2c7edb7
model-8d4ab329cdd7479f,5-scenes-props-effects,Field 3D scene overlay,,prop,1,1,341,292,True,True,research-required,Actor/prop identity needs confirmation; scene/effect names are context only | Auxiliary/animated palette contract must be supported before replacement | Geometry replacement hook for prop | Topology needs inspection before surface refinement,2520566946e8306b60840098bce5c27039d094f216a334234c770c4924d512c6,8d4ab329cdd7479f0dc6d268a301652fe9545bd953b537111751e5e3c38761b5
model-8dfde3df23913945,5-scenes-props-effects,Field 3D scene overlay,,prop,1,1,168,148,True,True,research-required,Actor/prop identity needs confirmation; scene/effect names are context only | Auxiliary/animated palette contract must be supported before replacement | Geometry replacement hook for prop,147b4a07fd22ceb5f5577e1ad3826fffc12b11e1edf71bdab6c4e4060217ee4f,8dfde3df2391394501d5fccc15ee327037b6164cb91caba3dfe3e4695931caf9
model-8e3c5ff771a47d01,5-scenes-props-effects,Field 3D scene overlay,,prop,1,1,153,146,True,True,research-required,Actor/prop identity needs confirmation; scene/effect names are context only | Auxiliary/animated palette contract must be supported before replacement | Geometry replacement hook for prop,4c89b799015464f1844688567dee3a27f48a53420ab21f0bd81def277950f0ec,8e3c5ff771a47d0113a11d4f4a80454c4cfd44f780ff75895d42f21ec3cb1463
model-8f4df95778a25b02,5-scenes-props-effects,Field 3D scene overlay,,prop,1,1,195,183,True,True,research-required,Actor/prop identity needs confirmation; scene/effect names are context only | Auxiliary/animated palette contract must be supported before replacement | Geometry replacement hook for prop | Topology needs inspection before surface refinement,826c24e6c8e3be725da62e82717610a60775bd55f898c1fbac3b53d26f7cf6d6,8f4df95778a25b02f8a9efdfd3364128e160ff944cd695dd04bd22245d2de374
model-90175aa88184c3bb,5-scenes-props-effects,Field 3D scene overlay,,prop,1,1,100,110,True,True,research-required,Actor/prop identity needs confirmation; scene/effect names are context only | Auxiliary/animated palette contract must be supported before replacement | Geometry replacement hook for prop,f4167a1d2f839d075231df68b8efaca02d74af808faaf319dcad003cf1dbb051,90175aa88184c3bb2484064bc09423c8619f8be0af4acb84c353389ff220305b
model-90a74f72561ca74a,5-scenes-props-effects,Field 3D scene overlay,,prop,1,1,200,192,True,True,research-required,Actor/prop identity needs confirmation; scene/effect names are context only | Auxiliary/animated palette contract must be supported before replacement | Geometry replacement hook for prop,22378bcdc56fc2eacd244540e0a0549ecbbfca4101635618ae78e1454e953469,90a74f72561ca74a02fcd40a06e0fdce0ecea28981f17756d51dac4c45adf55e
model-90cdb4ef73182485,5-scenes-props-effects,Field 3D scene overlay,,prop,1,1,342,304,True,True,research-required,Actor/prop identity needs confirmation; scene/effect names are context only | Auxiliary/animated palette contract must be supported before replacement | Geometry replacement hook for prop,eaab2090972449636b9a64606ede2e72f86810374a5b0162756d88dcb5c35d7f,90cdb4ef73182485602f1965c7de95466816c1b9d053dfd10448e117cf01cedd
model-913e2870df5a603b,5-scenes-props-effects,Field 3D scene overlay,,prop,1,1,65,64,True,True,research-required,Actor/prop identity needs confirmation; scene/effect names are context only | Auxiliary/animated palette contract must be supported before replacement | Geometry replacement hook for prop,c980d9de3a68a1b3b7f51b9c4f83c347a1d1303b6e35a5c30852a84d16cf5114,913e2870df5a603b00136505881ab5b6612ac6de44620f23d61687459195fc8d
model-91c8423c0db40a99,5-scenes-props-effects,Field 3D scene overlay,,prop,1,1,363,335,True,True,research-required,Actor/prop identity needs confirmation; scene/effect names are context only | Auxiliary/animated palette contract must be supported before replacement | Geometry replacement hook for prop,da987d2611a5f5cf371d9755f6f36a6582fd0d4234ad29621142b97c5453a52f,91c8423c0db40a99a6363575d138b50e70bd4ca1813057f9c0bfc72719e6b6ed
model-9205cf2e2c97f102,5-scenes-props-effects,Field 3D scene overlay,,prop,1,1,160,140,True,True,research-required,Actor/prop identity needs confirmation; scene/effect names are context only | Auxiliary/animated palette contract must be supported before replacement | Geometry replacement hook for prop,fd3e30d426ebc7c47fdb72b48bc1d7c26f7acdca8c63d9691e1a3120363646b0,9205cf2e2c97f102f45407a02e5dc6b2aa814cc2f312bacf37244d64106ca307
model-92daa9addf5c911a,5-scenes-props-effects,Field 3D scene overlay,,prop,1,1,220,200,True,True,research-required,Actor/prop identity needs confirmation; scene/effect names are context only | Auxiliary/animated palette contract must be supported before replacement | Geometry replacement hook for prop,e1543a80b0c3b336e7852887202f5e79fb7e70b46988a5f0f750f63abd18d2a8,92daa9addf5c911a2c6af1c77f8749bf8f43ca7ccea191597d1ba82acae0bf84
model-93147eaa878f59a0,5-scenes-props-effects,Field 3D scene overlay,,prop,1,1,47,48,True,True,research-required,Actor/prop identity needs confirmation; scene/effect names are context only | Auxiliary/animated palette contract must be supported before replacement | Geometry replacement hook for prop,837baf3f610cb0a04f32800ba24034a9e9488099149dc65a028fcc2cd0a3f066,93147eaa878f59a0aeee34d944b6c6dca94b7414f5ec38dad43469eb8ca9b053
model-93a59968d7bb7ef7,5-scenes-props-effects,Field 3D scene overlay,,prop,1,1,366,335,True,True,research-required,Actor/prop identity needs confirmation; scene/effect names are context only | Auxiliary/animated palette contract must be supported before replacement | Geometry replacement hook for prop,9d1f15906b661f9229cd1c9adf7ad858f6ec8801db97e85cc04661661daeeeb4,93a59968d7bb7ef72d40aaad9db742cec3bde200a656b663596923850f445923
model-947b36914ff88b1f,5-scenes-props-effects,Field 3D scene overlay,,prop,1,1,122,112,True,True,research-required,Actor/prop identity needs confirmation; scene/effect names are context only | Auxiliary/animated palette contract must be supported before replacement | Geometry replacement hook for prop,e16617754acb951625aad8306a417d35a44bbe2cce72cb874d4bfb66b83b3dbe,947b36914ff88b1f85aacc400a026fd96c6b99aa58c035b37d0f244900bf300f
model-948313dcfdb5c228,5-scenes-props-effects,Field 3D scene overlay,,prop,1,1,246,232,True,True,research-required,Actor/prop identity needs confirmation; scene/effect names are context only | Auxiliary/animated palette contract must be supported before replacement | Geometry replacement hook for prop,a72ef85970c3e49e21863dc5539d619ca495e7388047e3d9142bba03dd02b2d5,948313dcfdb5c228badd69cef83dfd0a6e2109a9789c905805810cd1c6a42dff
model-95291a2b3fe764a4,5-scenes-props-effects,Field 3D scene overlay,,prop,1,1,278,254,True,True,research-required,Actor/prop identity needs confirmation; scene/effect names are context only | Auxiliary/animated palette contract must be supported before replacement | Geometry replacement hook for prop,c8f3ab7dea2566050ff7e1cd6bef9ebef2312df7654d1881bb7208232289e647,95291a2b3fe764a47f8684f750eacc718817ad016a4d6a8e0fc9429f75372d64
model-95cd350e99a6bb54,5-scenes-props-effects,Field 3D scene overlay,,prop,1,1,686,664,True,True,research-required,Actor/prop identity needs confirmation; scene/effect names are context only | Auxiliary/animated palette contract must be supported before replacement | Geometry replacement hook for prop,ffddb71fb0c88dca85c4edb13b66cdb49b293c67a898c5209f11d2c11d932e0e,95cd350e99a6bb54e8e186009bf49449c594df20f3d487048b7d0fd538906d46
model-95d0255d06fcc35b,5-scenes-props-effects,Field 3D scene overlay,,prop,1,1,338,296,True,True,research-required,Actor/prop identity needs confirmation; scene/effect names are context only | Auxiliary/animated palette contract must be supported before replacement | Geometry replacement hook for prop,8fdda05029b1a32e9d544c5157590a2cbb74470e0e83526cf11df2c89be16a8f,95d0255d06fcc35b417ddd13399c8c9047279af42a23b15b77fe85fb08ff8ab1
model-9617cbbdb2300229,5-scenes-props-effects,Field 3D scene overlay,,prop,1,1,42,36,True,True,research-required,Actor/prop identity needs confirmation; scene/effect names are context only | Auxiliary/animated palette contract must be supported before replacement | Geometry replacement hook for prop,0c56b4a973ab9d9f82de3cd0c75a203bce1f6094ca2d1dede3559cdbf3c42ebc,9617cbbdb23002290dc027df0ef7c73f6fec54f1305393f6d253baba7152889b
model-963a67e58fb8135e,5-scenes-props-effects,Field 3D scene overlay,,prop,1,1,193,200,True,True,research-required,Actor/prop identity needs confirmation; scene/effect names are context only | Auxiliary/animated palette contract must be supported before replacement | Geometry replacement hook for prop,a6916bfc5343ea2aef5bc021eb75f0c0561ce36ba6fccb4d729c5c4a8638cc1c,963a67e58fb8135ee91f97b90507d3915d8c7e607f16d2d424d9659c49566233
model-96555d1ba475b821,5-scenes-props-effects,Field 3D scene overlay,,prop,1,1,212,240,True,True,research-required,Actor/prop identity needs confirmation; scene/effect names are context only | Auxiliary/animated palette contract must be supported before replacement | Geometry replacement hook for prop,018ff206bfc96c9f6563898eda1c8f9e0dc7c73a52b563b5d16d266f646f1936,96555d1ba475b82195b8477f2eaaf8bbea8722afac7c336beb74a3bb6a536e5d
model-96766c6ba822322b,5-scenes-props-effects,Field 3D scene overlay,,prop,1,1,510,544,True,True,research-required,Actor/prop identity needs confirmation; scene/effect names are context only | Auxiliary/animated palette contract must be supported before replacement | Geometry replacement hook for prop,52410be5ea4cff8f7f7c44c5d94c5db79a28cdf87975f44786d9f5f6f04edaf4,96766c6ba822322bb6d8e113f772f2f134bcb08460ef3b371cba5031c9620467
model-9680f17a475991b0,5-scenes-props-effects,Field 3D scene overlay,,prop,1,1,27,24,True,True,research-required,Actor/prop identity needs confirmation; scene/effect names are context only | Auxiliary/animated palette contract must be supported before replacement | Geometry replacement hook for prop,20f49ba0a1f2ff9a4eef8eb7fdc6e786c7919dd2cb76a190d454ca047dc48a7c,9680f17a475991b0f86cb742c3df6cb6b3d059bc966d5e9961fce2adba0e28af
model-96e43b250d3b8609,5-scenes-props-effects,Field 3D scene overlay,,prop,1,1,72,76,True,True,research-required,Actor/prop identity needs confirmation; scene/effect names are context only | Auxiliary/animated palette contract must be supported before replacement | Geometry replacement hook for prop,c570603ea6643f0669387c168318bfc56cf258083937f569220659894bf90dba,96e43b250d3b8609e050312038fc92a2349467b40e5ec6d4564cbb1a758a9fc7
model-98cce81bf93bedef,5-scenes-props-effects,Field 3D scene overlay,,prop,1,1,54,48,True,True,research-required,Actor/prop identity needs confirmation; scene/effect names are context only | Auxiliary/animated palette contract must be supported before replacement | Geometry replacement hook for prop,f8d8a5f8e17f90804c5ce86dd07fc2c9d5382ab406e50d8d79bbec79cc02b192,98cce81bf93bedefd0150bc6f14f67edb7459418964e418ae8802d38ff9c6eaa
model-9a2876cbaad49495,5-scenes-props-effects,Field 3D scene overlay,,prop,1,1,705,787,True,True,research-required,Actor/prop identity needs confirmation; scene/effect names are context only | Auxiliary/animated palette contract must be supported before replacement | Geometry replacement hook for prop,90c65dc4ecf5337dc4a1acf2e78730b3b06b902552e9a65d59a3378d8971c99c,9a2876cbaad49495fac933870e4893dc1a1222d5a7e0ace154ce2b86fbccebd4
model-9a5f79bb0ca01fe4,5-scenes-props-effects,Field 3D scene overlay,,prop,1,1,135,148,True,True,research-required,Actor/prop identity needs confirmation; scene/effect names are context only | Auxiliary/animated palette contract must be supported before replacement | Geometry replacement hook for prop,35cb052bb1a8441fce2d7f3e03e95537b9b52fb731bda5aa18dea91b44665548,9a5f79bb0ca01fe49c07326064328be3e85251362b2911eeb1e18151882f4a15
model-9afaf6be9a1e8a2a,5-scenes-props-effects,Field 3D scene overlay,,prop,1,1,168,172,True,True,research-required,Actor/prop identity needs confirmation; scene/effect names are context only | Auxiliary/animated palette contract must be supported before replacement | Geometry replacement hook for prop,feecd2bd99b0dbd9e4459250e73ac0b77974a8d07a5576cf7a34f55077d97274,9afaf6be9a1e8a2afd84d26308da2674c09e5d6e1e89e202c61ea35b20d92399
model-9b21efb948b43ac2,5-scenes-props-effects,Field 3D scene overlay,,prop,1,1,649,624,True,True,research-required,Actor/prop identity needs confirmation; scene/effect names are context only | Auxiliary/animated palette contract must be supported before replacement | Geometry replacement hook for prop,dfc6048d03474e464e2783a5d81a8dd088fb3e9260a7e77cb64e7e9862ac27be,9b21efb948b43ac2013c45fa997d8bd56606f30766879f8ba49d655713f1aedd
model-9bc5bd48be2909b3,5-scenes-props-effects,Field 3D scene overlay,,prop,1,1,85,70,True,True,research-required,Actor/prop identity needs confirmation; scene/effect names are context only | Auxiliary/animated palette contract must be supported before replacement | Geometry replacement hook for prop,86013808a1507b34ccdb3ce04ef5ae3758c0c2e28297d1390c6c9dd2240823ad,9bc5bd48be2909b35630bfdcf5dd1dde3d2e8dfad72039fa3fa7cf2bc42ae80e
model-9c398b4dfd933bab,5-scenes-props-effects,Field 3D scene overlay,,prop,1,1,282,307,True,True,research-required,Actor/prop identity needs confirmation; scene/effect names are context only | Auxiliary/animated palette contract must be supported before replacement | Geometry replacement hook for prop,adc9cc937614c02d2c7cc716b875d58af61fbb7b6ed0a7dfcd53cfa51bffa90d,9c398b4dfd933bab823cbf6be86d4ef3af70db03a90d0a607291e17364cd58a2
model-9caa1c9ae80fedf2,5-scenes-props-effects,Field 3D scene overlay,,prop,1,1,43,48,True,True,research-required,Actor/prop identity needs confirmation; scene/effect names are context only | Auxiliary/animated palette contract must be supported before replacement | Geometry replacement hook for prop,0a2a7dbc1fafe977b10c20afb1999b6966d62d73c1e19b2f126fb564a71adba9,9caa1c9ae80fedf2dab9ed7f1fc9b5856c17ebe62516030a214995abb32183a6
model-9d2db43320164111,5-scenes-props-effects,Field 3D scene overlay,,prop,1,1,189,176,True,True,research-required,Actor/prop identity needs confirmation; scene/effect names are context only | Auxiliary/animated palette contract must be supported before replacement | Geometry replacement hook for prop,01a5b74181036a74a29590e1f6429b0237e479ec5bbb878b34796e1ef0472860,9d2db433201641111d55da035221e63ddb2d5a7c5cc82c6db5eef93cc9736c24
model-9d69f424a64fa153,5-scenes-props-effects,Field 3D scene overlay,,prop,1,1,96,144,True,True,research-required,Actor/prop identity needs confirmation; scene/effect names are context only | Auxiliary/animated palette contract must be supported before replacement | Geometry replacement hook for prop,a6eefa42bad85986e3469070a71203e990c615bf9b32520db19b59f1b0fd3dc2,9d69f424a64fa1536f2e373ff43f110144e7625ce05d13edc995dff3b9d792e4
model-9dada060eaefeafd,5-scenes-props-effects,Field 3D scene overlay,,prop,1,1,58,46,True,True,research-required,Actor/prop identity needs confirmation; scene/effect names are context only | Auxiliary/animated palette contract must be supported before replacement | Geometry replacement hook for prop,72acf9f62611051448c21d1f7203d78de9b27f81111116f507330a63749b5761,9dada060eaefeafd0c0c202ded2da15493f96d46c33b205a614ac6f6f3d04c4c
model-9ea0c9d68e688499,5-scenes-props-effects,Field 3D scene overlay,,prop,1,1,30,28,True,True,research-required,Actor/prop identity needs confirmation; scene/effect names are context only | Auxiliary/animated palette contract must be supported before replacement | Geometry replacement hook for prop,55ac3207c394255ca53a284023d5fa366472150645d875c8878534e6f5cc0773,9ea0c9d68e688499151ec14831ee77a7fc411193e37265b8dbcf422bf1a2eb59
model-a05fc9ba41116c9d,5-scenes-props-effects,Field 3D scene overlay,,prop,1,1,258,256,True,True,research-required,Actor/prop identity needs confirmation; scene/effect names are context only | Auxiliary/animated palette contract must be supported before replacement | Geometry replacement hook for prop,34c57b6cee1c5e1325cd0de73b03eed2bcb0d3fe6bb0d315d3cdc25ce73ff428,a05fc9ba41116c9dc7c4866a563436b9a9508f59f0d705468110bb76ae094833
model-a0718293e4c2488b,5-scenes-props-effects,Field 3D scene overlay,,prop,1,1,124,111,True,True,research-required,Actor/prop identity needs confirmation; scene/effect names are context only | Auxiliary/animated palette contract must be supported before replacement | Geometry replacement hook for prop,5045fbc364e6db7260628a1081de89b92edb52d80992343ea549557530583d65,a0718293e4c2488b1f3504600fc117717e8269973556e8ca1c60e5c0084f560c
model-a0d73998411269dc,5-scenes-props-effects,Field 3D scene overlay,,prop,1,1,292,284,True,True,research-required,Actor/prop identity needs confirmation; scene/effect names are context only | Auxiliary/animated palette contract must be supported before replacement | Geometry replacement hook for prop,240d270a360f93419ccb80ffef67c6c60dc8e7b3202d682531975dfda35bf746,a0d73998411269dce0701af897082d81aca6b200f4dccbb41a138fe948bd3af5
model-a0dc73bea4bba3e7,5-scenes-props-effects,Field 3D scene overlay,,prop,1,1,261,274,True,True,research-required,Actor/prop identity needs confirmation; scene/effect names are context only | Auxiliary/animated palette contract must be supported before replacement | Geometry replacement hook for prop,d0d2591ba0279a541869e2a3c6cc2948f0f8a0743af91c2c8afa0cdd3edb3461,a0dc73bea4bba3e76ed653bc51c63b9dfab7574a4ec710757dc230ccc0007548
model-a106e382623df2be,5-scenes-props-effects,Field 3D scene overlay,,prop,1,1,150,160,True,True,research-required,Actor/prop identity needs confirmation; scene/effect names are context only | Auxiliary/animated palette contract must be supported before replacement | Geometry replacement hook for prop,ed8d821c5521e7272a3b8b3e1347d2acde7d078e23adc5212f5266fa6826c25c,a106e382623df2bedb6ce5de42252e1747945fd180b6a2077cbffb725612602e
model-a1a7207a7f8d2fd3,5-scenes-props-effects,Field 3D scene overlay,,prop,1,1,277,276,True,True,research-required,Actor/prop identity needs confirmation; scene/effect names are context only | Auxiliary/animated palette contract must be supported before replacement | Geometry replacement hook for prop,f2425da864a0757acb084d169e53c1775aac3718fd944dd3ca7d071fe4f9c354,a1a7207a7f8d2fd33a055dab73eff4819585b7f09a5699846c37c1a6d2bdaf1b
model-a1aa765bfcf76c4b,5-scenes-props-effects,Field 3D scene overlay,,prop,1,1,66,64,True,True,research-required,Actor/prop identity needs confirmation; scene/effect names are context only | Auxiliary/animated palette contract must be supported before replacement | Geometry replacement hook for prop,7f5f52cb18e05ff923865515f68a43c26f38a75f9dea4dc5d58d0a90c2f0f4ea,a1aa765bfcf76c4bb799ba31dd59a4233de71e4455074b7f06334fb5c674f0c4
model-a3f7e40f763e672e,5-scenes-props-effects,Field 3D scene overlay,,prop,1,1,45,44,True,True,research-required,Actor/prop identity needs confirmation; scene/effect names are context only | Auxiliary/animated palette contract must be supported before replacement | Geometry replacement hook for prop,366df6245ee4963fe3227a4f006d5a01b7aad37cf3a4969d609400560a9d062d,a3f7e40f763e672e46446a0b762cab6d787c91146f94f45697abb3fc3a54812e
model-a419af17ee16be61,5-scenes-props-effects,Field 3D scene overlay,,prop,1,1,376,396,True,True,research-required,Actor/prop identity needs confirmation; scene/effect names are context only | Auxiliary/animated palette contract must be supported before replacement | Geometry replacement hook for prop,ca413055ff520e6df1361e0c98ece1b88cfb119431debca949b78c917fe8484a,a419af17ee16be61b8676844da18ef31bd547276aa0df961062bb720bcaf0dfb
model-a41f44b9ccaebb59,5-scenes-props-effects,Field 3D scene overlay,,prop,1,1,338,316,True,True,research-required,Actor/prop identity needs confirmation; scene/effect names are context only | Auxiliary/animated palette contract must be supported before replacement | Geometry replacement hook for prop,7ba2a008cf8cf3605bc972b4274ee72517b72f0663aed1846c5118c63523e411,a41f44b9ccaebb595f7e94e98193332dc4e7a6cf7faf43681ca11df0f8922669
model-a43a7a2317113f7f,5-scenes-props-effects,Field 3D scene overlay,,prop,1,1,252,263,True,True,research-required,Actor/prop identity needs confirmation; scene/effect names are context only | Auxiliary/animated palette contract must be supported before replacement | Geometry replacement hook for prop,051dfd732718bf4d0f7c773e3d00cfe99babb26747f53a43a6be1a02091d3a93,a43a7a2317113f7f0af7ab22be036b36bb9ee26f3877a8cc88e5a5a5c6052bed
model-a4da64ba2335264b,5-scenes-props-effects,Field 3D scene overlay,,prop,1,1,540,484,True,True,research-required,Actor/prop identity needs confirmation; scene/effect names are context only | Auxiliary/animated palette contract must be supported before replacement | Geometry replacement hook for prop,03996d06e76a5d08dcb47b8fd1bc52be6641db104b6732436d548e11a3012e2c,a4da64ba2335264bdf468f4fdb4563c8ba3d63f0f210c034aac03f7f752d8bd6
model-a52edde659591890,5-scenes-props-effects,Field 3D scene overlay,,prop,1,1,312,280,True,True,research-required,Actor/prop identity needs confirmation; scene/effect names are context only | Auxiliary/animated palette contract must be supported before replacement | Geometry replacement hook for prop,d96c8745997bba064881b42c35fc1cfd8be3c28bcf87fa56140964afa3543577,a52edde659591890bc47cfc22bc3aac7e2692c1188d1f40cde6dcf4100b90364
model-a5bc9cbdf32dd729,5-scenes-props-effects,Field 3D scene overlay,,prop,1,1,119,127,True,True,research-required,Actor/prop identity needs confirmation; scene/effect names are context only | Auxiliary/animated palette contract must be supported before replacement | Geometry replacement hook for prop,5eb948a6884de45951c357d22bc1ce6e4aa60078318d2c4e6abde16629955588,a5bc9cbdf32dd7295e82a5cff6a8f1de79b95462aaf8dac783e48a4860caba4f
model-a6663220647579b8,5-scenes-props-effects,Field 3D scene overlay,,prop,1,1,208,210,True,True,research-required,Actor/prop identity needs confirmation; scene/effect names are context only | Auxiliary/animated palette contract must be supported before replacement | Geometry replacement hook for prop,f4ca71dcb7cd272f22c936dacc6f93f513135a950ed65b6233299c1cc1ca216d,a6663220647579b8ddcb2004818486083c7c7a18454aedea675ed8b68671cf4a
model-a7b5b80725603318,5-scenes-props-effects,Field 3D scene overlay,,prop,1,1,107,92,True,True,research-required,Actor/prop identity needs confirmation; scene/effect names are context only | Auxiliary/animated palette contract must be supported before replacement | Geometry replacement hook for prop,8ce55235ebb91f2304fc3995d468c9a9981d0a437bf4343e65c7bb7d474c732c,a7b5b8072560331858292d25fc6729a53f6d518f1e8cc2f6bf3a2e84705cec16
model-a9fd39fe6dbf5cf9,5-scenes-props-effects,Field 3D scene overlay,,prop,1,1,430,389,True,True,research-required,Actor/prop identity needs confirmation; scene/effect names are context only | Auxiliary/animated palette contract must be supported before replacement | Geometry replacement hook for prop,c608241c8d9ad890938b21ea81f59b43f6a332d12206b8f1d732d32b3950904d,a9fd39fe6dbf5cf90e047993c150cbf30c077c11794ee8ba0c33459b9a6f0bd2
model-aac3e6391fc49d4c,5-scenes-props-effects,Field 3D scene overlay,,prop,1,1,166,188,True,True,research-required,Actor/prop identity needs confirmation; scene/effect names are context only | Auxiliary/animated palette contract must be supported before replacement | Geometry replacement hook for prop,0c8ce8a2f549bbda409624ddc183fa1619f7b5535a99edde15409fc129f9e663,aac3e6391fc49d4cb88ab72ea706543e33ef6a0bf64f6207921b4cb833877373
model-ab9672c773db6805,5-scenes-props-effects,Field 3D scene overlay,,prop,1,1,544,524,True,True,research-required,Actor/prop identity needs confirmation; scene/effect names are context only | Auxiliary/animated palette contract must be supported before replacement | Geometry replacement hook for prop | Topology needs inspection before surface refinement,85180e54121be2f5e19eac33b805fbb106d748ab5af14911a5496ddd3dc9aa90,ab9672c773db680564d73a755670254026322993e90bc93ef86073cc49a5cdfc
model-abc647a702c0d315,5-scenes-props-effects,Field 3D scene overlay,,prop,1,1,33,32,True,True,research-required,Actor/prop identity needs confirmation; scene/effect names are context only | Auxiliary/animated palette contract must be supported before replacement | Geometry replacement hook for prop,f27d0979b2c1d67919b2b057bf808dfe8cbe35b9348cb0488b8706244671092a,abc647a702c0d3159610ec969f4771b9ccb91f2e67714e1c6834581b024f962a
model-ac13663945f21a0a,5-scenes-props-effects,Field 3D scene overlay,,prop,1,1,18,16,True,True,research-required,Actor/prop identity needs confirmation; scene/effect names are context only | Auxiliary/animated palette contract must be supported before replacement | Geometry replacement hook for prop,64f6cde5748ec94752c8991423471e03b072dd2f5d694361421ce7d34ab6faeb,ac13663945f21a0a19603368be476cd3df2f27a95c9315e9e13e874ae0e43350
model-adbda1c2d389c8db,5-scenes-props-effects,Field 3D scene overlay,,prop,1,1,416,328,True,True,research-required,Actor/prop identity needs confirmation; scene/effect names are context only | Auxiliary/animated palette contract must be supported before replacement | Geometry replacement hook for prop | Topology needs inspection before surface refinement,3876ce347fc7853b9977671753193c10766f6c9506c8362f106432832eb292cc,adbda1c2d389c8db8ef7ff0ea1a19b8b0b40283318ce08afbf14e32f882182fa
model-af4a42703f08d778,5-scenes-props-effects,Field 3D scene overlay,,prop,1,1,229,214,True,True,research-required,Actor/prop identity needs confirmation; scene/effect names are context only | Auxiliary/animated palette contract must be supported before replacement | Geometry replacement hook for prop,c7a06f9911290ee40ef18dff3150485c61b998b67d72fb5d5cae543a45118d7e,af4a42703f08d7781860d30ca7bbe3171ea28dc79b590af93dd2b9c2a53e2d4a
model-af608cd14c45fa94,5-scenes-props-effects,Field 3D scene overlay,,prop,1,1,92,100,True,True,research-required,Actor/prop identity needs confirmation; scene/effect names are context only | Auxiliary/animated palette contract must be supported before replacement | Geometry replacement hook for prop,b2862903cd9569d91fd6b0d3ea343d65983839fc0ca0a893a4623fdca0697cda,af608cd14c45fa942d3d48e84d5ecac03e3f5922938d89016179114f4425733e
model-b16007bd0f4e35b8,5-scenes-props-effects,Field 3D scene overlay,,prop,1,1,212,234,True,True,research-required,Actor/prop identity needs confirmation; scene/effect names are context only | Auxiliary/animated palette contract must be supported before replacement | Geometry replacement hook for prop,27823c578173ac97c608d4af23c1f0d1c4bb0c7741dc928450dc50d16cc3f765,b16007bd0f4e35b8c97057769d90d585fcbe7163c20fb9d546ad4a3ef8c9d312
model-b1cde67b7ac4b306,5-scenes-props-effects,Field 3D scene overlay,,prop,1,1,68,68,True,True,research-required,Actor/prop identity needs confirmation; scene/effect names are context only | Auxiliary/animated palette contract must be supported before replacement | Geometry replacement hook for prop,27b890028e75639762f63bd9290109f01d48ce8db29a658afbac99f7bc8ef908,b1cde67b7ac4b30671bd2176182c08104d991fd193b3bb9367222b195ab2d3f2
model-b1d00f5ead03d4a8,5-scenes-props-effects,Field 3D scene overlay,,prop,1,1,135,130,True,True,research-required,Actor/prop identity needs confirmation; scene/effect names are context only | Auxiliary/animated palette contract must be supported before replacement | Geometry replacement hook for prop,38f8bb73d19d02b0b10e7dac2422ea4a9fe757289f3e618fdaee7f8c54cce84d,b1d00f5ead03d4a872684627ebc2f8a3105e4418c21f3f51d1cf9c2a7cff67bd
model-b218757c5dd6680a,5-scenes-props-effects,Field 3D scene overlay,,prop,1,1,511,542,True,True,research-required,Actor/prop identity needs confirmation; scene/effect names are context only | Auxiliary/animated palette contract must be supported before replacement | Geometry replacement hook for prop,4ba93a8d8aef92767d6a3286498552baaa64d6df3a99d0e8d8881806c5d98007,b218757c5dd6680a984ee5c5cc792406034d7d38f20fc2ffe28e2099b81171b1
model-b26eda417c61adbd,5-scenes-props-effects,Field 3D scene overlay,,prop,1,1,214,196,True,True,research-required,Actor/prop identity needs confirmation; scene/effect names are context only | Auxiliary/animated palette contract must be supported before replacement | Geometry replacement hook for prop,216f7c36d486ce7d408bf4d9fa61479afe89fddf29d7cb5f45243a5fe19f7a19,b26eda417c61adbd6fe09d3f2dce9e8c308cf08295b8d2a7a9d3e00cdd3c655d
model-b2ba586071ebc3a0,5-scenes-props-effects,Field 3D scene overlay,,prop,1,1,156,160,True,True,research-required,Actor/prop identity needs confirmation; scene/effect names are context only | Auxiliary/animated palette contract must be supported before replacement | Geometry replacement hook for prop,17ec951e8618f4811a7e83fc002d4e4e7b0a6f4474f0a444cdaf40b07318f4d7,b2ba586071ebc3a02ad2d4b2f6347c4820aff2656a89a8442c0c3e6ff79ade0f
model-b2d37c41f376aac3,5-scenes-props-effects,Field 3D scene overlay,,prop,1,1,725,717,True,True,research-required,Actor/prop identity needs confirmation; scene/effect names are context only | Auxiliary/animated palette contract must be supported before replacement | Geometry replacement hook for prop,77ae522121564a2ff2a442086b2ce7332f32b845273c59c40adb003101028d22,b2d37c41f376aac3000c56c7bb785094a22586cb22dd82cc4bd07e66665efd43
model-b2df7b29a8f7bef7,5-scenes-props-effects,Field 3D scene overlay,,prop,1,1,54,52,True,True,research-required,Actor/prop identity needs confirmation; scene/effect names are context only | Auxiliary/animated palette contract must be supported before replacement | Geometry replacement hook for prop,8e6a093a530e29788c6dc13271f70f77a31abcccec3f9f25bc0031e3e175ca4d,b2df7b29a8f7bef786a3137f4657543a98fb30692c6eb67f2b3641e1511f0eb2
model-b321113720815b2a,5-scenes-props-effects,Field 3D scene overlay,,prop,1,1,383,452,True,True,research-required,Actor/prop identity needs confirmation; scene/effect names are context only | Auxiliary/animated palette contract must be supported before replacement | Geometry replacement hook for prop,89dc9b73b35586d1ab406d039dc17674ad6e375512f1e390d057d464fa185953,b321113720815b2ad0fa4b6eb7010c305497586a11feef0b204e9ebf6b68252e
model-b3e6008d517767fd,5-scenes-props-effects,Field 3D scene overlay,,prop,1,1,41,50,True,True,research-required,Actor/prop identity needs confirmation; scene/effect names are context only | Auxiliary/animated palette contract must be supported before replacement | Geometry replacement hook for prop,a6af6cf6da5be622331dae505a343317d34f6ab0b2766d82ead52aeb0af3efeb,b3e6008d517767fddd1048b4ceb7f95a1cd1fd2f43682fddf07ce8faf4c344e8
model-b3f7289148bd3fbc,5-scenes-props-effects,Field 3D scene overlay,,prop,1,1,332,336,True,True,research-required,Actor/prop identity needs confirmation; scene/effect names are context only | Auxiliary/animated palette contract must be supported before replacement | Geometry replacement hook for prop,bf4fb832dfa5360e4cc28ff56b403c7a3d73a741a55d77b895a1393a552827e6,b3f7289148bd3fbc0f9ce506be94a0d7be689f8afb1ccb4821170d5aa4624c04
model-b533b3aebbd2d1ac,5-scenes-props-effects,Field 3D scene overlay,,prop,1,1,126,128,True,True,research-required,Actor/prop identity needs confirmation; scene/effect names are context only | Auxiliary/animated palette contract must be supported before replacement | Geometry replacement hook for prop,c7724ba351a95c50a2f67afbf56237643fa86d227d4065f0703d6209d68738ca,b533b3aebbd2d1aceebcbef02a660dc00e8018e18018a2a1fe481e254d2cb2b4
model-b5e7fdcd818c82fd,5-scenes-props-effects,Field 3D scene overlay,,prop,1,1,27,24,True,True,research-required,Actor/prop identity needs confirmation; scene/effect names are context only | Auxiliary/animated palette contract must be supported before replacement | Geometry replacement hook for prop,72cde3278a1270085774de38a3ce132894a106dfc73953576f84d57d55a60276,b5e7fdcd818c82fdbc62714c6973f4015546af4a6b13ee2a33fd9c2ae61fc483
model-b6cd673195276b41,5-scenes-props-effects,Field 3D scene overlay,,prop,1,1,153,156,True,True,research-required,Actor/prop identity needs confirmation; scene/effect names are context only | Auxiliary/animated palette contract must be supported before replacement | Geometry replacement hook for prop,74e0e1cad023f4ced2d376da5a57f9e05e3424fb5d8a8e0c0785d748579287ba,b6cd673195276b41261cac218e8fcc0ebe9f03fbabca487e9a07dd1b55a2948c
model-b6e10026a968c222,5-scenes-props-effects,Field 3D scene overlay,,prop,1,1,386,384,True,True,research-required,Actor/prop identity needs confirmation; scene/effect names are context only | Auxiliary/animated palette contract must be supported before replacement | Geometry replacement hook for prop,a9c155efbb2b7201a30d84235836570316c8a0c52c5109a47abc3084b4171bdd,b6e10026a968c222d0a06a305bfa7046bbce7e8d6c13c50a7bda7fc61ca72637
model-b73ba5f7bcf51ffc,5-scenes-props-effects,Field 3D scene overlay,,prop,1,1,120,112,True,True,research-required,Actor/prop identity needs confirmation; scene/effect names are context only | Auxiliary/animated palette contract must be supported before replacement | Geometry replacement hook for prop,56fd30b8c04d9686b7e65c862a7e165853ed7b4f90119fcdb7a6766339581e0c,b73ba5f7bcf51ffc851f185f52c71c87811f1865c314c4b9d280712f4efc2a9a
model-b760f4e14f68708f,5-scenes-props-effects,Field 3D scene overlay,,prop,1,1,303,264,True,True,research-required,Actor/prop identity needs confirmation; scene/effect names are context only | Auxiliary/animated palette contract must be supported before replacement | Geometry replacement hook for prop,349490633272610923a12376d5e2188d73be0e448afd6c4b4fc93e3a28750f3c,b760f4e14f68708f3772a7e576716281ab735918184e8b870a5224a61f58629a
model-b77581173086e5ec,5-scenes-props-effects,Field 3D scene overlay,,prop,1,1,242,226,True,True,research-required,Actor/prop identity needs confirmation; scene/effect names are context only | Auxiliary/animated palette contract must be supported before replacement | Geometry replacement hook for prop,e7dc999763a08416909e037ec7fe525cd94a6844294e8f0be63a4780d5daf385,b77581173086e5ec975e2ee7d60b27aaebdf5415d843cd4e9bd1dcba918d35d9
model-b8af24c643a53145,5-scenes-props-effects,Field 3D scene overlay,,prop,1,1,320,336,True,True,research-required,Actor/prop identity needs confirmation; scene/effect names are context only | Auxiliary/animated palette contract must be supported before replacement | Geometry replacement hook for prop,761547beea0f8e24f4f9d5a40b2a0e7ba8155f961a2d500dd7e4daa8bc339cc2,b8af24c643a53145d20b717236eb16033c2254cf7525620d47968f72abeb694a
model-b8ff0f07b745103c,5-scenes-props-effects,Field 3D scene overlay,,prop,1,1,132,152,True,True,research-required,Actor/prop identity needs confirmation; scene/effect names are context only | Auxiliary/animated palette contract must be supported before replacement | Geometry replacement hook for prop,d36de047e87406ee7fda62abadae18ddb9e810ebb82fa4a1f2574eb570a18fc4,b8ff0f07b745103c988ad8a3d4c1c3552a1a62afb15ee1b25d098235e634fca4
model-b9724062ed4927ea,5-scenes-props-effects,Field 3D scene overlay,,prop,1,1,185,167,True,True,research-required,Actor/prop identity needs confirmation; scene/effect names are context only | Auxiliary/animated palette contract must be supported before replacement | Geometry replacement hook for prop,8be81574bf24162bd1e43923c3c05ef0c4cc619e20698fa610040aa11bd1e14c,b9724062ed4927ea2a410a7fc2643812912658e50d5ab4718fca6b6d4e4b5e25
model-b9a6b702fd4201ac,5-scenes-props-effects,Field 3D scene overlay,,prop,1,1,268,282,True,True,research-required,Actor/prop identity needs confirmation; scene/effect names are context only | Auxiliary/animated palette contract must be supported before replacement | Geometry replacement hook for prop,6064469246f2390c745f605784b07526302b3ef686e87b63a9afe14bf4f4e3a0,b9a6b702fd4201ac71e22ee8f3288daa2a40a87f1f3d647ae80a59acfbbc4131
model-b9e1bc1131ff7565,5-scenes-props-effects,Field 3D scene overlay,,prop,1,1,94,102,True,True,research-required,Actor/prop identity needs confirmation; scene/effect names are context only | Auxiliary/animated palette contract must be supported before replacement | Geometry replacement hook for prop,6533635c05e2efb210148bbbda2f7d3372336aa5c5a0a124a41bdb28829f3102,b9e1bc1131ff7565f33a22371769ba43ebd671dbb00e23b62efaf148e1d58c5a
model-ba22717a64a002d8,5-scenes-props-effects,Field 3D scene overlay,,prop,1,1,120,102,True,True,research-required,Actor/prop identity needs confirmation; scene/effect names are context only | Auxiliary/animated palette contract must be supported before replacement | Geometry replacement hook for prop,cb63859323f015320f6d75f6a7107cac7acd68e86bf2fe58afe66b364fff5760,ba22717a64a002d8f3c56b635aa74bd24725d26edaf783d4e0aa8f62bd37ddc3
model-ba9fa842e1e3d637,5-scenes-props-effects,Field 3D scene overlay,,prop,1,1,197,224,True,True,research-required,Actor/prop identity needs confirmation; scene/effect names are context only | Auxiliary/animated palette contract must be supported before replacement | Geometry replacement hook for prop,140f4d5e14ab438acb7e38657c137dc6e79e3faa38062accb1585ba37aa9f3c9,ba9fa842e1e3d6370cf07f39d03a2d22cf8280d656376f58b6011c9c2332bf72
model-bbac26943006e9e4,5-scenes-props-effects,Field 3D scene overlay,,prop,1,1,30,24,True,True,research-required,Actor/prop identity needs confirmation; scene/effect names are context only | Auxiliary/animated palette contract must be supported before replacement | Geometry replacement hook for prop,09c6a7326cf1f15bb1cbf19d066bff10a981a59fc458aa32706aa4dd140de63a,bbac26943006e9e435fc96c5c68cd322f86d0bf44063abb07d5fdbd2ac79ae92
model-bbe5ab67f717b77f,5-scenes-props-effects,Field 3D scene overlay,,prop,1,1,394,384,True,True,research-required,Actor/prop identity needs confirmation; scene/effect names are context only | Auxiliary/animated palette contract must be supported before replacement | Geometry replacement hook for prop | Topology needs inspection before surface refinement,25db17d8c86f04e799b122cfac0c938319a0cdaf94224c374ce77907fe00534f,bbe5ab67f717b77f368ad418f6e6b3cb4308d41af2902473581db281a778003d
model-bc86569ae9bfcf5d,5-scenes-props-effects,Field 3D scene overlay,,prop,1,1,138,156,True,True,research-required,Actor/prop identity needs confirmation; scene/effect names are context only | Auxiliary/animated palette contract must be supported before replacement | Geometry replacement hook for prop,7ec2475c6e037d7a36ceb9647fd57b52b8bcff696d6baedc36c1d80705d428c0,bc86569ae9bfcf5d804910a4c3c336922e5ce7fd5ae193aa71d56ddcab6b0b89
model-bcd683d5e64235a2,5-scenes-props-effects,Field 3D scene overlay,,prop,1,1,204,184,True,True,research-required,Actor/prop identity needs confirmation; scene/effect names are context only | Auxiliary/animated palette contract must be supported before replacement | Geometry replacement hook for prop,bd40fa51c67c0f37cdfed6f100285a3aef1a3a3f8cb2775235802995ad96a048,bcd683d5e64235a2136f47104236021c72d23ce0077d953f661d7a47b8f64759
model-bd7cdb0183165274,5-scenes-props-effects,Field 3D scene overlay,,prop,1,1,275,228,True,True,research-required,Actor/prop identity needs confirmation; scene/effect names are context only | Auxiliary/animated palette contract must be supported before replacement | Geometry replacement hook for prop,995ebeb01b4bff36fe21733953ea49b70393e40ce67e7ab1004ab1f6e596deeb,bd7cdb0183165274d59f4257a909bb152dd1e55328554f367cf5c0d85c255f83
model-bda7b13e69bd3d50,5-scenes-props-effects,Field 3D scene overlay,,prop,1,1,553,662,True,True,research-required,Actor/prop identity needs confirmation; scene/effect names are context only | Auxiliary/animated palette contract must be supported before replacement | Geometry replacement hook for prop,19ba270c635f0eefc0eb829acd466b13527cafffee7982f2fafd1cd4c12847c7,bda7b13e69bd3d50d816fc0a6f033b354266595254faea301cf71fbd30dcff26
model-bddd6c64e9d5ddb5,5-scenes-props-effects,Field 3D scene overlay,,prop,1,1,196,182,True,True,research-required,Actor/prop identity needs confirmation; scene/effect names are context only | Auxiliary/animated palette contract must be supported before replacement | Geometry replacement hook for prop,97b1663c3d948304882506944ce763e8e82070eab1678ddf0e9cbb0de333757b,bddd6c64e9d5ddb59846e4ae366a3061fc383969ad76a148ff55c96f7cbc6541
model-bf30cc830e26eeb6,5-scenes-props-effects,Field 3D scene overlay,,prop,1,1,249,264,True,True,research-required,Actor/prop identity needs confirmation; scene/effect names are context only | Auxiliary/animated palette contract must be supported before replacement | Geometry replacement hook for prop,3ee8a1f5e1d69173851e5efc4a9bc02319f880dc874da0b42349eae677ad197a,bf30cc830e26eeb66bb8541a9c3c69a6ac9fd656b9a1de6dc5e7e9ae36be9b10
model-bf4ca85035b01a8b,5-scenes-props-effects,Field 3D scene overlay,,prop,1,1,523,322,True,True,research-required,Actor/prop identity needs confirmation; scene/effect names are context only | Auxiliary/animated palette contract must be supported before replacement | Geometry replacement hook for prop,afcc1361b7b2129c0bf36e47bf6442c65aad5a640e6f6e7487dbc7e881d7d61f,bf4ca85035b01a8bb79f06ce15ba5f720d994e862a9008cad68d232d4b221b84
model-bfcffb04979ec67e,5-scenes-props-effects,Field 3D scene overlay,,prop,1,1,569,574,True,True,research-required,Actor/prop identity needs confirmation; scene/effect names are context only | Auxiliary/animated palette contract must be supported before replacement | Geometry replacement hook for prop,2addd764e52cc8aaceb747f8382380d1786f347400fdf49dc7f0380b8b7b49bf,bfcffb04979ec67e43664565b466c6d8f65aeed336ed2d56073dfe1b3e4de2d5
model-c087051ae6a6e94c,5-scenes-props-effects,Field 3D scene overlay,,prop,1,1,455,490,True,True,research-required,Actor/prop identity needs confirmation; scene/effect names are context only | Auxiliary/animated palette contract must be supported before replacement | Geometry replacement hook for prop,59c09f8c46d68907febc854076491d6ec2d65bb8846938836f473b6fb7322e12,c087051ae6a6e94c16eff8ee08c3d900a8bae314398f5efab18735662b914c54
model-c14744ff5c242d13,5-scenes-props-effects,Field 3D scene overlay,,prop,1,1,520,420,True,True,research-required,Actor/prop identity needs confirmation; scene/effect names are context only | Auxiliary/animated palette contract must be supported before replacement | Geometry replacement hook for prop,4ef5ebf52c039d2be70930da4adbeccdb789497694f695a88f37f7c1f34c56a2,c14744ff5c242d13b2674202b3458e1adfa98c1e16c1c4e3dce3270c5e64d824
model-c1793b4043c10dc0,5-scenes-props-effects,Field 3D scene overlay,,prop,1,1,115,108,True,True,research-required,Actor/prop identity needs confirmation; scene/effect names are context only | Auxiliary/animated palette contract must be supported before replacement | Geometry replacement hook for prop,34e06e7651aad9859abec854b0376a2181f0c0889f21a61b530129b9e23e594f,c1793b4043c10dc0af1e4611af2d1b7f51bbe20a94ae21229147305ffdafaa17
model-c1955a45eeeb0600,5-scenes-props-effects,Field 3D scene overlay,,prop,1,1,268,268,True,True,research-required,Actor/prop identity needs confirmation; scene/effect names are context only | Auxiliary/animated palette contract must be supported before replacement | Geometry replacement hook for prop,093a9f8dc4d2a66cde66191e89158eb519295d6681ba40160c3d287f14ace002,c1955a45eeeb0600b926815fd43db74ae2a921011fb8a86e1cbc41ede251b045
model-c1a69b214a587bad,5-scenes-props-effects,Field 3D scene overlay,,prop,1,1,494,472,True,True,research-required,Actor/prop identity needs confirmation; scene/effect names are context only | Auxiliary/animated palette contract must be supported before replacement | Geometry replacement hook for prop,a5a99bb8ab0880125d27e01a58e85889cfeda745a24ec6cddd00b746d327c6cb,c1a69b214a587bada37cd60f35283b69598fd229b483eadf38c001a8fd4cc990
model-c29329b45387c73b,5-scenes-props-effects,Field 3D scene overlay,,prop,1,1,411,445,True,True,research-required,Actor/prop identity needs confirmation; scene/effect names are context only | Auxiliary/animated palette contract must be supported before replacement | Geometry replacement hook for prop,e4bc131528d2ceba5ec0d342299b195671afda3c1b1f8c38c12b3146c5a73c26,c29329b45387c73b9f9b159ef9eb008c3bc239ea6c297bdbf57318e1620f8bed
model-c2f1d94fd05ae2e3,5-scenes-props-effects,Field 3D scene overlay,,prop,1,1,219,204,True,True,research-required,Actor/prop identity needs confirmation; scene/effect names are context only | Auxiliary/animated palette contract must be supported before replacement | Geometry replacement hook for prop,3bd9a639fb6aca8745c58c95b22e149e64d2f19628d18812c46ec69b7112dd37,c2f1d94fd05ae2e3deeeb0201114b94d3024ed084b8f58c61b1918a1205da6b1
model-c308e34376c700ab,5-scenes-props-effects,Field 3D scene overlay,,prop,1,1,302,290,True,True,research-required,Actor/prop identity needs confirmation; scene/effect names are context only | Auxiliary/animated palette contract must be supported before replacement | Geometry replacement hook for prop,d1ca52b701bebe70b83bd4e13358b3210ee4c4f0fb2c24914fc497a9f6cd91ff,c308e34376c700ab89b6e356c7b2cda410d789965b544083fd65e58f98b7bf81
model-c3bce18492e1d145,5-scenes-props-effects,Field 3D scene overlay,,prop,1,1,43,42,True,True,research-required,Actor/prop identity needs confirmation; scene/effect names are context only | Auxiliary/animated palette contract must be supported before replacement | Geometry replacement hook for prop,5063b536e9d90f626c02ae300f0e3b595d8c3eeb6e28e0ffd14d0763848f2f86,c3bce18492e1d1459318c2cf1c664f4ce2baf749b6fe6be1f27cddb3061933dc
model-c5107f96fb1a297e,5-scenes-props-effects,Field 3D scene overlay,,prop,1,1,225,232,True,True,research-required,Actor/prop identity needs confirmation; scene/effect names are context only | Auxiliary/animated palette contract must be supported before replacement | Geometry replacement hook for prop,82f8c9183087c582b6a1d4bfc6905085eaf9796b90019dd0843dedf8b327c607,c5107f96fb1a297e5cbca89a75052ee68caad3cac339ce72d4c73a4fb752c5a5
model-c598c568c27cdfe9,5-scenes-props-effects,Field 3D scene overlay,,prop,1,1,726,648,True,True,research-required,Actor/prop identity needs confirmation; scene/effect names are context only | Auxiliary/animated palette contract must be supported before replacement | Geometry replacement hook for prop,8689462189d319c979be46a90519c44f06e8036189c84aa48381d62b3be507e8,c598c568c27cdfe9bef202b6fc3d1625ca9e777aea8f84af032faa2e6f600dab
model-c635bd549e11fdcc,5-scenes-props-effects,Field 3D scene overlay,,prop,1,1,36,32,True,True,research-required,Actor/prop identity needs confirmation; scene/effect names are context only | Auxiliary/animated palette contract must be supported before replacement | Geometry replacement hook for prop,5e01a41f1c0208e3485128c1693aa26983b2b2043a6dd3c5f0e476c121b72a98,c635bd549e11fdcce78899d8f9fd25644a2346ac94d0c4d0a8f58633b620b5fc
model-c6bb0c543dae1429,5-scenes-props-effects,Field 3D scene overlay,,prop,1,1,739,631,True,True,research-required,Actor/prop identity needs confirmation; scene/effect names are context only | Auxiliary/animated palette contract must be supported before replacement | Geometry replacement hook for prop,9cf30426f60595d50fd1a1a572503176aceb3628b6fd628b7f154ac198d6efb5,c6bb0c543dae14291833391785fe9572c609ab39df5e3addbc3fd3f9eee87ef2
model-c7b654047f3b9791,5-scenes-props-effects,Field 3D scene overlay,,prop,1,1,68,68,True,True,research-required,Actor/prop identity needs confirmation; scene/effect names are context only | Auxiliary/animated palette contract must be supported before replacement | Geometry replacement hook for prop,a874676eed1bc1badb79d508b62c78013b7142261860021be6c20d9d8cac68af,c7b654047f3b9791236cea4d4d5267d128798d7db209e994dee37de003182431
model-c8e437f5ecc4f33f,5-scenes-props-effects,Field 3D scene overlay,,prop,1,1,235,260,True,True,research-required,Actor/prop identity needs confirmation; scene/effect names are context only | Auxiliary/animated palette contract must be supported before replacement | Geometry replacement hook for prop,81371fcc4ab7c94bd2ce67f844352b2a643e3ad665531f8767da22e1bab55fea,c8e437f5ecc4f33ff7ffbc867a0825fbd077cd961f94e56fb0defef133c02bd4
model-c9e8d825317b7862,5-scenes-props-effects,Field 3D scene overlay,,prop,1,1,102,100,True,True,research-required,Actor/prop identity needs confirmation; scene/effect names are context only | Auxiliary/animated palette contract must be supported before replacement | Geometry replacement hook for prop,12581a1ab0691d8e33e651ab1fb18da0a84617f541a6825abc71267a3721640e,c9e8d825317b7862dfd9ee7d9f4f24d290f70160503cc74cef879e8d52e68aaf
model-ca881f25477512b4,5-scenes-props-effects,Field 3D scene overlay,,prop,1,1,283,294,True,True,research-required,Actor/prop identity needs confirmation; scene/effect names are context only | Auxiliary/animated palette contract must be supported before replacement | Geometry replacement hook for prop,98997da439ced2d69fc86178612695495d1de48edff723bb30b0d8eec122a52b,ca881f25477512b46cbb6417f4147d73ade2f5bd225a885bc02229e7c931c57d
model-cba0c7afbe2be520,5-scenes-props-effects,Field 3D scene overlay,,prop,1,1,88,77,True,True,research-required,Actor/prop identity needs confirmation; scene/effect names are context only | Auxiliary/animated palette contract must be supported before replacement | Geometry replacement hook for prop,c559102fb42bf0bd4aa837bb9f0485dfc37e4d0a37148860ed99fddbeedcf6fa,cba0c7afbe2be520c82996c849eed2515dc32af462bea3845985c256259ddb48
model-cbde4e52c8618756,5-scenes-props-effects,Field 3D scene overlay,,prop,1,1,191,192,True,True,research-required,Actor/prop identity needs confirmation; scene/effect names are context only | Auxiliary/animated palette contract must be supported before replacement | Geometry replacement hook for prop,8cf64e08da3d9a4c8fe5c66de58ebdd5ab0a4cdab1a219fc5a7c3ab4314b47e3,cbde4e52c86187561e04d6307285366e59c5d55a276d8029f96ab824f41da58b
model-cc33993462c081ca,5-scenes-props-effects,Field 3D scene overlay,,prop,1,1,102,116,True,True,research-required,Actor/prop identity needs confirmation; scene/effect names are context only | Auxiliary/animated palette contract must be supported before replacement | Geometry replacement hook for prop,836d64bc9a6f11c1e5d12f87f3e8228f18b61781e873daa83f790eb80e28a939,cc33993462c081cad8c3d6b01bfafecf9c9d19e0070bdf158945430782cc6a0c
model-cc602869a01960d1,5-scenes-props-effects,Field 3D scene overlay,,prop,1,1,193,258,True,True,research-required,Actor/prop identity needs confirmation; scene/effect names are context only | Auxiliary/animated palette contract must be supported before replacement | Geometry replacement hook for prop | Topology needs inspection before surface refinement,1176dcc1b4c399fc6c5bb2f57fc7233a116a21927e7bff129f658ed906893941,cc602869a01960d100da90ae1e37162839090218fd6382e93ac61e056b2612ce
model-ccd2ebe8a5a9004e,5-scenes-props-effects,Field 3D scene overlay,,prop,1,1,92,92,True,True,research-required,Actor/prop identity needs confirmation; scene/effect names are context only | Auxiliary/animated palette contract must be supported before replacement | Geometry replacement hook for prop,20d0d993db3d296195e22987e69fc6b557be52beda469be0474afce7540dbe70,ccd2ebe8a5a9004eeeb13aeb5c7ac877b1622ecada73bd761af68df718d6df24
model-cee33d0c82ea266f,5-scenes-props-effects,Field 3D scene overlay,,prop,1,1,222,240,True,True,research-required,Actor/prop identity needs confirmation; scene/effect names are context only | Auxiliary/animated palette contract must be supported before replacement | Geometry replacement hook for prop,ee4e6ceaead46fae69734b6cdb1c2fecd827168f7b8d802815353aed3078fce8,cee33d0c82ea266f946ca7471a6df45c2f921fcf03490b4c4b410304a80a7a89
model-cf90cc92363325f5,5-scenes-props-effects,Field 3D scene overlay,,prop,1,1,552,520,True,True,research-required,Actor/prop identity needs confirmation; scene/effect names are context only | Auxiliary/animated palette contract must be supported before replacement | Geometry replacement hook for prop,dbc0bcef1262f46fbd98724fdbc923ba598b72c3fff22ce571043a4e56cba6aa,cf90cc92363325f59f2b7bec39fc1f9532a8088a24aef32d3f35e3ce677e3db8
model-cf9770c2283a99b3,5-scenes-props-effects,Field 3D scene overlay,,prop,1,1,133,128,True,True,research-required,Actor/prop identity needs confirmation; scene/effect names are context only | Auxiliary/animated palette contract must be supported before replacement | Geometry replacement hook for prop,87eb239eb220036a8158ee3b0433bda6dd9b073ed3779ced6efd7e83c3f8c26f,cf9770c2283a99b3cdbcfe5dfebb95918b214d1374c6fa2c8b36c10d77bcd4c8
model-d0d8814bb360d96f,5-scenes-props-effects,Field 3D scene overlay,,prop,1,1,510,504,True,True,research-required,Actor/prop identity needs confirmation; scene/effect names are context only | Auxiliary/animated palette contract must be supported before replacement | Geometry replacement hook for prop,5a79da016249f5987f1764494138db590135a5bde94e836d49bfdb5731eb4897,d0d8814bb360d96fa092e0a31599a58b7bd3e4fd19cbe47447a1ad928986e054
model-d121b975582586e0,5-scenes-props-effects,Field 3D scene overlay,,prop,1,1,231,254,True,True,research-required,Actor/prop identity needs confirmation; scene/effect names are context only | Auxiliary/animated palette contract must be supported before replacement | Geometry replacement hook for prop,1f970a7d5f6182ffb9ee31cbf151e7dbb392f5c21af790ad683497f49589f0dd,d121b975582586e0953f4c076525590af89e7d7a86b60dd8d02f84117a6c232f
model-d15c355f294eb202,5-scenes-props-effects,Field 3D scene overlay,,prop,1,1,51,48,True,True,research-required,Actor/prop identity needs confirmation; scene/effect names are context only | Auxiliary/animated palette contract must be supported before replacement | Geometry replacement hook for prop,a211bf74867d755db31c0c1ad32f6ee7cdf58a4c0f3f6b19ac1de45799b71b5d,d15c355f294eb2023f1fc6ffd682f138f3f918768be4b543015aa0dc3f07451a
model-d1a5fe9c36f8ed55,5-scenes-props-effects,Field 3D scene overlay,,prop,1,1,177,164,True,True,research-required,Actor/prop identity needs confirmation; scene/effect names are context only | Auxiliary/animated palette contract must be supported before replacement | Geometry replacement hook for prop,6c28972b0fe741b143a2494cf26387f175c13459dfe1d42c8261def06a25a1f3,d1a5fe9c36f8ed55ac78ef3c86b49422f56df259fbbd290eed47fb9d41d4f1a7
model-d1fe687fcddc5ee9,5-scenes-props-effects,Field 3D scene overlay,,prop,1,1,204,140,True,True,research-required,Actor/prop identity needs confirmation; scene/effect names are context only | Auxiliary/animated palette contract must be supported before replacement | Geometry replacement hook for prop,57eac075703211263cdf4c0f28ea74be6a31ba3a3c57c6616fc39907b95e73af,d1fe687fcddc5ee969b0336f1fe10b7f9d70b3937d64f5189529439e9495f354
model-d2785d2bb3ae817e,5-scenes-props-effects,Field 3D scene overlay,,prop,1,1,18,16,True,True,research-required,Actor/prop identity needs confirmation; scene/effect names are context only | Auxiliary/animated palette contract must be supported before replacement | Geometry replacement hook for prop,4966b98713a429d2b885a7c7584e4fbdc2d1709b85cd28fd1871e382d3c48dd7,d2785d2bb3ae817e210fbd0b5892d7574305f17d03e6820177d172448c4be805
model-d3709ccc7de0bfc6,5-scenes-props-effects,Field 3D scene overlay,,prop,1,1,202,150,True,True,research-required,Actor/prop identity needs confirmation; scene/effect names are context only | Auxiliary/animated palette contract must be supported before replacement | Geometry replacement hook for prop,f6ead0951efa9a3b46508b271df6be9302c4e3871ad6415f5716545ccddbccd3,d3709ccc7de0bfc6784d2b29ae937a330fcbd6c8b13696feb1a96c50e4fb5bd1
model-d3ac87a312f63bc1,5-scenes-props-effects,Field 3D scene overlay,,prop,1,1,416,384,True,True,research-required,Actor/prop identity needs confirmation; scene/effect names are context only | Auxiliary/animated palette contract must be supported before replacement | Geometry replacement hook for prop,2e9dccdb8b4d0453faab1e0f54d8477c806517c6567130e26761f5ec7618b1ee,d3ac87a312f63bc1b55846a2b67cce8fbc77a88ff77420739580538e52015827
model-d430e72188fed753,5-scenes-props-effects,Field 3D scene overlay,,prop,1,1,237,234,True,True,research-required,Actor/prop identity needs confirmation; scene/effect names are context only | Auxiliary/animated palette contract must be supported before replacement | Geometry replacement hook for prop | Topology needs inspection before surface refinement,8395cb3ca38e662eebab1f9215321841d5c34bb268acd868287bd9f068b8dff7,d430e72188fed7532d062c1fe9785d95f305c4da61fd337f13afe730bd28c6e4
model-d4547a58ac7c384d,5-scenes-props-effects,Field 3D scene overlay,,prop,1,1,421,402,True,True,research-required,Actor/prop identity needs confirmation; scene/effect names are context only | Auxiliary/animated palette contract must be supported before replacement | Geometry replacement hook for prop | Topology needs inspection before surface refinement,8e5f9f8b31ab38919492bbebbc70f286f911d66462277e70deac0475b2884e02,d4547a58ac7c384d92fe67b850426076097dab737de9ee046e7195b4fbea4750
model-d4999903b62b3282,5-scenes-props-effects,Field 3D scene overlay,,prop,1,1,582,478,True,True,research-required,Actor/prop identity needs confirmation; scene/effect names are context only | Auxiliary/animated palette contract must be supported before replacement | Geometry replacement hook for prop,c6b579d05eafae33163f92feb21cf44cfb60f83e08289d288d1548c2c6afed13,d4999903b62b3282cea13fdfab6556e6dbe32541534424ca0ad844fc83a43741
model-d4bad5ea20650d22,5-scenes-props-effects,Field 3D scene overlay,,prop,1,1,200,177,True,True,research-required,Actor/prop identity needs confirmation; scene/effect names are context only | Auxiliary/animated palette contract must be supported before replacement | Geometry replacement hook for prop,05ada76d1e9414f2a0af1710f0b0ea119d0aa9206da424e6beae40c403cf8d7b,d4bad5ea20650d22be6b920f42a99e75e0e64b508de00d16fa556ec0e0bbd778
model-d4bd75205e6e1f56,5-scenes-props-effects,Field 3D scene overlay,,prop,1,1,111,141,True,True,research-required,Actor/prop identity needs confirmation; scene/effect names are context only | Auxiliary/animated palette contract must be supported before replacement | Geometry replacement hook for prop,eacc1953fc1249226fdbca4962d922cfc2c7862d25b15dd8c9afaa58aaf4e537,d4bd75205e6e1f56b3f4e4e61c9587df5e6aa3c43961adfa5ef1918b04f9be4e
model-d4e08212c788fd83,5-scenes-props-effects,Field 3D scene overlay,,prop,1,1,564,484,True,True,research-required,Actor/prop identity needs confirmation; scene/effect names are context only | Auxiliary/animated palette contract must be supported before replacement | Geometry replacement hook for prop,a94b8f41045d28517ba803bd9a2980e618e62d897c09f52e3137cec588708c2b,d4e08212c788fd83d3491ab4f0897b6eeeba1a078a6be8f983f46ed934b6971e
model-d531534c11762c32,5-scenes-props-effects,Field 3D scene overlay,,prop,1,1,82,93,True,True,research-required,Actor/prop identity needs confirmation; scene/effect names are context only | Auxiliary/animated palette contract must be supported before replacement | Geometry replacement hook for prop,37cdedd2f94d244845e7e13215358cbff381476eb37f84e4b3c487432c20835e,d531534c11762c325c073ebcfe2880c6d829f8560ae608bea72a6bc4b27ddacc
model-d53dafa347759fdd,5-scenes-props-effects,Field 3D scene overlay,,prop,1,1,298,292,True,True,research-required,Actor/prop identity needs confirmation; scene/effect names are context only | Auxiliary/animated palette contract must be supported before replacement | Geometry replacement hook for prop,3fb79375bee65e37e2b05319afe7f21caa7ec7d066c0d28a26a73ff0cf571370,d53dafa347759fddd634d5cb6fa18169b0bd56b3239d95486ea27b551843727e
model-d566afca68ee8e91,5-scenes-props-effects,Field 3D scene overlay,,prop,1,1,77,77,True,True,research-required,Actor/prop identity needs confirmation; scene/effect names are context only | Auxiliary/animated palette contract must be supported before replacement | Geometry replacement hook for prop,077c5c55dda2313d6069748d56a380a65f908e9b4aa795456692232bb2ff6b84,d566afca68ee8e91e0744ba94e4ed5e0b11bcfb29bf6bf0dd66a5aeca549036d
model-d5d6781cd38d0a45,5-scenes-props-effects,Field 3D scene overlay,,prop,1,1,226,194,True,True,research-required,Actor/prop identity needs confirmation; scene/effect names are context only | Auxiliary/animated palette contract must be supported before replacement | Geometry replacement hook for prop,f69aa22f6a8280988ba833044b2a9e5e094cf76f2fbbce3c813332ac1d14b160,d5d6781cd38d0a451b99032e55fa7150adeae03aa4f519cd9b411adf1f9524dc
model-d67cd91a401c5b41,5-scenes-props-effects,Field 3D scene overlay,,prop,1,1,63,56,True,True,research-required,Actor/prop identity needs confirmation; scene/effect names are context only | Auxiliary/animated palette contract must be supported before replacement | Geometry replacement hook for prop,7d829066358c508c5ef1890f21c8643b77a637ab1c7e0370a997668ad23c1d32,d67cd91a401c5b4122c7d70f597324065e6b08aaffa9f8f8e0ad7d4240261e46
model-d6ec28afc4daf883,5-scenes-props-effects,Field 3D scene overlay,,prop,1,1,92,90,True,True,research-required,Actor/prop identity needs confirmation; scene/effect names are context only | Auxiliary/animated palette contract must be supported before replacement | Geometry replacement hook for prop,ca05b9520bb02db6704a2c50f7aac73f7a091c76e264aedd403c0eaabb46a72f,d6ec28afc4daf883f3aaccd02beb6d9d44bb36a41fd088508a409c51386b690e
model-d74be8ff6064a723,5-scenes-props-effects,Field 3D scene overlay,,prop,1,1,94,92,True,True,research-required,Actor/prop identity needs confirmation; scene/effect names are context only | Auxiliary/animated palette contract must be supported before replacement | Geometry replacement hook for prop,ed6b1560116732db28fa465978fc3c15e6a9d1f74159a0d9c86c9dfc412ca2e1,d74be8ff6064a723159415a51a2a2b3d7b3989eb4c5eb0a00f21d38ff7fd49fe
model-d7db10045e545315,5-scenes-props-effects,Field 3D scene overlay,,prop,1,1,216,188,True,True,research-required,Actor/prop identity needs confirmation; scene/effect names are context only | Auxiliary/animated palette contract must be supported before replacement | Geometry replacement hook for prop,88fa02ae654adda9f26c0ab170a2ceab2a5c6da1cce71d0e8ffea2ed2f6e72db,d7db10045e5453154dc968e06e1526a93fafec90d4997be1f761f897d809c8fb
model-d8513acc4ed9e48c,5-scenes-props-effects,Field 3D scene overlay,,prop,1,1,27,24,True,True,research-required,Actor/prop identity needs confirmation; scene/effect names are context only | Auxiliary/animated palette contract must be supported before replacement | Geometry replacement hook for prop,9957327aa44142d02645f7183d1cb98b6a0a53fb9921293e29f2de46aaf5adce,d8513acc4ed9e48c4e7458c97da83f80d94e0551273f6f26648350d2f13ac2bb
model-d8a6213dcd806503,5-scenes-props-effects,Field 3D scene overlay,,prop,1,1,222,200,True,True,research-required,Actor/prop identity needs confirmation; scene/effect names are context only | Auxiliary/animated palette contract must be supported before replacement | Geometry replacement hook for prop,b4706e01334e009d0953346fc74f875188d214f2afe7e8624fe1ccc38d47bc7c,d8a6213dcd806503e8118c1debb7bf1e1b44555579890e704632484260d326dc
model-d91589528d0455e4,5-scenes-props-effects,Field 3D scene overlay,,prop,1,1,190,182,True,True,research-required,Actor/prop identity needs confirmation; scene/effect names are context only | Auxiliary/animated palette contract must be supported before replacement | Geometry replacement hook for prop | Topology needs inspection before surface refinement,eff65821412815537014f2bd9e0360588965db3dafe891b58c17c390d891c6d4,d91589528d0455e4160da685a00e030c8a538e686427ed9a4161e41e6070b25d
model-d919c5c1aad031e3,5-scenes-props-effects,Field 3D scene overlay,,prop,1,1,365,394,True,True,research-required,Actor/prop identity needs confirmation; scene/effect names are context only | Auxiliary/animated palette contract must be supported before replacement | Geometry replacement hook for prop,d4b8979469e1c7359fb97d479baecb6883ec620e147b6309b8e88130d00302d3,d919c5c1aad031e3b450aedb310cde17b531db6d50d55a34522e7830279c4cb6
model-d9eaca7d7d8e276c,5-scenes-props-effects,Field 3D scene overlay,,prop,1,1,325,324,True,True,research-required,Actor/prop identity needs confirmation; scene/effect names are context only | Auxiliary/animated palette contract must be supported before replacement | Geometry replacement hook for prop,7e3376a3795bfe95dc1b1eb2ee140876e1574f093d7bda218be58c4aced7b61d,d9eaca7d7d8e276c7830b0cbd73ae2e11bcaad8cec29b77beae3b0224f932b34
model-dac6aeba769ff9b5,5-scenes-props-effects,Field 3D scene overlay,,prop,1,1,319,329,True,True,research-required,Actor/prop identity needs confirmation; scene/effect names are context only | Auxiliary/animated palette contract must be supported before replacement | Geometry replacement hook for prop,20c498e04c858621b47265428545e54f17c7561589fad014f8684d9bcd425726,dac6aeba769ff9b5f5b0cc75c92ed2c1c2b11633a6c9f54f30bc0c2456f2e6a2
model-db0d91867ad543d4,5-scenes-props-effects,Field 3D scene overlay,,prop,1,1,232,224,True,True,research-required,Actor/prop identity needs confirmation; scene/effect names are context only | Auxiliary/animated palette contract must be supported before replacement | Geometry replacement hook for prop,e373a627f6c7f7026afdb82815145d0b9b54845cf3b4712c25218cba35654710,db0d91867ad543d46ad3691b9176b05b4088f5f4b92b2b4597751e5e6732bcde
model-db2b1ccfc9164dee,5-scenes-props-effects,Field 3D scene overlay,,prop,1,1,209,200,True,True,research-required,Actor/prop identity needs confirmation; scene/effect names are context only | Auxiliary/animated palette contract must be supported before replacement | Geometry replacement hook for prop,6842b0ca0b6d20ca310d1dcc35ff2ff09ae1b507c060cbbf558e919a8ca5fb19,db2b1ccfc9164deecbf12ba46004e8153c0f428f6e9fc6978bb7191cb2648659
model-db9e1731b9a8ce57,5-scenes-props-effects,Field 3D scene overlay,,prop,1,1,89,98,True,True,research-required,Actor/prop identity needs confirmation; scene/effect names are context only | Auxiliary/animated palette contract must be supported before replacement | Geometry replacement hook for prop,d115e027550de9b0478d08b2da858ee8301b130e30b7b04d0582b8016295f7bf,db9e1731b9a8ce57f009d475adaf8848ff30d1b6fa7c9a32f468f4f69aa7c8fe
model-dbbe747919c99cf4,5-scenes-props-effects,Field 3D scene overlay,,prop,1,1,261,272,True,True,research-required,Actor/prop identity needs confirmation; scene/effect names are context only | Auxiliary/animated palette contract must be supported before replacement | Geometry replacement hook for prop,1a2adef8d71473cdc196ebb2fa35272f9932f1b26a23cf689f9c1fa9c29654dd,dbbe747919c99cf418cae860d5ecb0fecac9254ffd96e4bc4430c09dc02351d3
model-dca78ef1b4160b4e,5-scenes-props-effects,Field 3D scene overlay,,prop,1,1,117,104,True,True,research-required,Actor/prop identity needs confirmation; scene/effect names are context only | Auxiliary/animated palette contract must be supported before replacement | Geometry replacement hook for prop,5d5b1b257bc6218bcd1910c7f0b83d07a2b39183f80a095a50be58cce8271ed6,dca78ef1b4160b4ea3e9f788fde63a71ff86495f8b1a5b1ea6bb860a98dddad3
model-dd1408faec213a2e,5-scenes-props-effects,Field 3D scene overlay,,prop,1,1,105,96,True,True,research-required,Actor/prop identity needs confirmation; scene/effect names are context only | Auxiliary/animated palette contract must be supported before replacement | Geometry replacement hook for prop,46958bea05fcf6aea521bfce21465d0d759a4eafbcd795834ce1f97952db5433,dd1408faec213a2efe1f3164fe0927edd25f94a166baebfe2163c9f7883ad561
model-dd5970e16044679b,5-scenes-props-effects,Field 3D scene overlay,,prop,1,1,93,88,True,True,research-required,Actor/prop identity needs confirmation; scene/effect names are context only | Auxiliary/animated palette contract must be supported before replacement | Geometry replacement hook for prop,f07ea999319c3b17959c5032823a9d234e131f32055b5d5dc36988b25f5dd2cc,dd5970e16044679b9bc13ce1682655a638c05aab6d9b8061f83ae41a20faba3a
model-dd9b74c362ee4c23,5-scenes-props-effects,Field 3D scene overlay,,prop,1,1,334,336,True,True,research-required,Actor/prop identity needs confirmation; scene/effect names are context only | Auxiliary/animated palette contract must be supported before replacement | Geometry replacement hook for prop,3f3dcc16070938fdfb104b41c43d3ebbd1015fff91506dcc6d3bf227c99fd1b7,dd9b74c362ee4c234893730c4eeca720a6de8f2f8e8fb39434765216268ea34c
model-de187bde51b6055c,5-scenes-props-effects,Field 3D scene overlay,,prop,1,1,452,498,True,True,research-required,Actor/prop identity needs confirmation; scene/effect names are context only | Auxiliary/animated palette contract must be supported before replacement | Geometry replacement hook for prop,91da6bb058dbb2d08f3d449101c4d6f77bd7c7d75b398b014ab3214c27e585c4,de187bde51b6055c7a9d35aec87d5cebe46b3e1d28f576b5f1836d9f3aa79e3d
model-deeda54a83777e80,5-scenes-props-effects,Field 3D scene overlay,,prop,1,1,699,616,True,True,research-required,Actor/prop identity needs confirmation; scene/effect names are context only | Auxiliary/animated palette contract must be supported before replacement | Geometry replacement hook for prop,49dd2ab267e5ab463615dfbec4047a5402790128aaa6f3f95d387f02b6dfbc47,deeda54a83777e806066d86009b667a949e96f6e76e0517b25de0a5ef4d10564
model-def9d3c00e8b383e,5-scenes-props-effects,Field 3D scene overlay,,prop,1,1,27,24,True,True,research-required,Actor/prop identity needs confirmation; scene/effect names are context only | Auxiliary/animated palette contract must be supported before replacement | Geometry replacement hook for prop,d52e8d54d89206ca7ab0b8e6e79e5a6c2e800be5d4851d691e33f67e763612a5,def9d3c00e8b383eaccfe1f69c53841c28a6b89353c8fa2a5a9b33fe43a9bebb
model-df39a5657e80e0c1,5-scenes-props-effects,Field 3D scene overlay,,prop,1,1,338,356,True,True,research-required,Actor/prop identity needs confirmation; scene/effect names are context only | Auxiliary/animated palette contract must be supported before replacement | Geometry replacement hook for prop,df6a11f53c9bfe9bd08e54ea61bb132f39e0b6894c9fbb302dd3524703132a12,df39a5657e80e0c1a2eec81804b92448e62e9fa47270d3b18e2405d43f508047
model-df4ef770c3286046,5-scenes-props-effects,Field 3D scene overlay,,prop,1,1,594,520,True,True,research-required,Actor/prop identity needs confirmation; scene/effect names are context only | Auxiliary/animated palette contract must be supported before replacement | Geometry replacement hook for prop,1b38b1268b51f43105b66d91cc181e0ed061d0e4b0db9375813a65677ec615fe,df4ef770c3286046883cd4310fa6dc023636a3313b8f080d0a137c06d9d1ff2a
model-dfc23ac53a3eaa55,5-scenes-props-effects,Field 3D scene overlay,,prop,1,1,329,314,True,True,research-required,Actor/prop identity needs confirmation; scene/effect names are context only | Auxiliary/animated palette contract must be supported before replacement | Geometry replacement hook for prop,b2a9e76d57acb156a4ad785e5b7561b16a348c57debd8a95a93faedd08d73074,dfc23ac53a3eaa5504dac77985a5e3eea4c14d15830f4f769028f058ae28415e
model-e04d547e3749402b,5-scenes-props-effects,Field 3D scene overlay,,prop,1,1,45,40,True,True,research-required,Actor/prop identity needs confirmation; scene/effect names are context only | Auxiliary/animated palette contract must be supported before replacement | Geometry replacement hook for prop,e609d67f95e68e354a54543fef9bdd2e52f102606b43357e8eb12c299257ed78,e04d547e3749402b72a32b5ba907ad4989db7c3ca3568e394f19fca658fd35a9
model-e3d371572a59c6c6,5-scenes-props-effects,Field 3D scene overlay,,prop,1,1,90,104,True,True,research-required,Actor/prop identity needs confirmation; scene/effect names are context only | Auxiliary/animated palette contract must be supported before replacement | Geometry replacement hook for prop,651914d323e0a9184512443059693918f261350a22b1cc4a94c643a51f363219,e3d371572a59c6c6430dee817e5a15d2b6db1740c7d777535b15abb61dab4e2b
model-e41c25a98a92bbf8,5-scenes-props-effects,Field 3D scene overlay,,prop,1,1,227,234,True,True,research-required,Actor/prop identity needs confirmation; scene/effect names are context only | Auxiliary/animated palette contract must be supported before replacement | Geometry replacement hook for prop,803bc8a72cfa9bfa11740032e56cafd01f30eaf2ce6b7698b83d07625a96dd41,e41c25a98a92bbf8f835b4a52d3af47fe1762ce1bc463d0239224906f2d4718c
model-e57f666953188ce8,5-scenes-props-effects,Field 3D scene overlay,,prop,1,1,294,272,True,True,research-required,Actor/prop identity needs confirmation; scene/effect names are context only | Auxiliary/animated palette contract must be supported before replacement | Geometry replacement hook for prop,f15027b96f4421306cb10bdfe56daee63451181e8be1a3604219792b13caa98f,e57f666953188ce8444364a88787126c984a97eeca2178fa7b8404c5d96a27b2
model-e6d2b4641a7ee669,5-scenes-props-effects,Field 3D scene overlay,,prop,1,1,65,58,True,True,research-required,Actor/prop identity needs confirmation; scene/effect names are context only | Auxiliary/animated palette contract must be supported before replacement | Geometry replacement hook for prop,91141f3227e8fab848d760643cd0271f122c7e4cb586e1d7c8241d10378df4dc,e6d2b4641a7ee66973f5ea55523477b20007bc2800976c88c1376fde482772b0
model-e753406dc386879c,5-scenes-props-effects,Field 3D scene overlay,,prop,1,1,78,72,True,True,research-required,Actor/prop identity needs confirmation; scene/effect names are context only | Auxiliary/animated palette contract must be supported before replacement | Geometry replacement hook for prop,970ceb12dec8eca14323f87a69991559a47ff6e52d6b73f9ff948cc68a5aca9b,e753406dc386879c59b768928a8c67f02487a2fcc06c06487910bec9730aecf8
model-e759e3902cfb6a32,5-scenes-props-effects,Field 3D scene overlay,,prop,1,1,339,357,True,True,research-required,Actor/prop identity needs confirmation; scene/effect names are context only | Auxiliary/animated palette contract must be supported before replacement | Geometry replacement hook for prop | Topology needs inspection before surface refinement,d7542b8943c7608abb06f999eaa0eb84f49ed16f9e711da1d500516bb8d0d9ba,e759e3902cfb6a324d6e87bac5f6bef7e94f6017eafa325e2d0248615871a8a0
model-e8d89ceb54646378,5-scenes-props-effects,Field 3D scene overlay,,prop,1,1,221,196,True,True,research-required,Actor/prop identity needs confirmation; scene/effect names are context only | Auxiliary/animated palette contract must be supported before replacement | Geometry replacement hook for prop,d36f0864ea24646698fba44b2e25533180984b9b933944a3dbad91a9361d5fa7,e8d89ceb5464637835853492fbd5564811aa40fb548c4aadedd029c39cfa2fb0
model-e95385e14105e024,5-scenes-props-effects,Field 3D scene overlay,,prop,1,1,72,64,True,True,research-required,Actor/prop identity needs confirmation; scene/effect names are context only | Auxiliary/animated palette contract must be supported before replacement | Geometry replacement hook for prop,62c9bd4d1fdf32c9bcb197a2bd048f90727f94ff385b9cced094543d9bc0e1e5,e95385e14105e024649441b5ba81b496c4ac8f117632216958dae7f87fe0d6bf
model-e960154983aae109,5-scenes-props-effects,Field 3D scene overlay,,prop,1,1,271,213,True,True,research-required,Actor/prop identity needs confirmation; scene/effect names are context only | Auxiliary/animated palette contract must be supported before replacement | Geometry replacement hook for prop | Topology needs inspection before surface refinement,20e2357065056e8c4c1d7b702432f57b6cffcf841d391a276f7d6bb67cdde570,e960154983aae109feb8a1b04753d26066a18e2f6c0fa52c9d84810c9c5f6ef0
model-ea1361b4689337ed,5-scenes-props-effects,Field 3D scene overlay,,prop,1,1,265,225,True,True,research-required,Actor/prop identity needs confirmation; scene/effect names are context only | Auxiliary/animated palette contract must be supported before replacement | Geometry replacement hook for prop | Topology needs inspection before surface refinement,8eecaf996fc258f13d8e61410bdbbd8782ba3c93a2707fe5e4f32e5921dd4e9c,ea1361b4689337ed0deda76c509d822a9de24a50b79b87ce70a19c8b3c43f63d
model-ebc166295b506609,5-scenes-props-effects,Field 3D scene overlay,,prop,1,1,165,206,True,True,research-required,Actor/prop identity needs confirmation; scene/effect names are context only | Auxiliary/animated palette contract must be supported before replacement | Geometry replacement hook for prop,0d3a523994e45139e3f65b14ecdef7cdba4929af118ce7704efc1b063fd35c11,ebc166295b506609657185fafa690d967668aae5e30b2182d148c212e3dce4e2
model-ec6848e55bbe1470,5-scenes-props-effects,Field 3D scene overlay,,prop,1,1,12,12,True,True,research-required,Actor/prop identity needs confirmation; scene/effect names are context only | Auxiliary/animated palette contract must be supported before replacement | Geometry replacement hook for prop,9a44b83c78f88a41a1f798ac927180e9ba42e09175b6f32b798d619a4c28efc2,ec6848e55bbe147078051b631d9a0990eeb536ef07942da2c5b22b0593fbbf05
model-ecdc3c242b30291a,5-scenes-props-effects,Field 3D scene overlay,,prop,1,1,227,236,True,True,research-required,Actor/prop identity needs confirmation; scene/effect names are context only | Auxiliary/animated palette contract must be supported before replacement | Geometry replacement hook for prop,38d2d4085691b66da7b9c54315107a455ef65f8a7c4858a751c4bca336d58d14,ecdc3c242b30291a5daf678b9986968fcaa4b7860bcf6ee7de1683eb8aaa57d7
model-ed12cbd274fc298f,5-scenes-props-effects,Field 3D scene overlay,,prop,1,1,524,470,True,True,research-required,Actor/prop identity needs confirmation; scene/effect names are context only | Auxiliary/animated palette contract must be supported before replacement | Geometry replacement hook for prop,47426753abdd10a63d7e57b68cbcd7cb33fbabe07063c77bb0ba821d47860c7b,ed12cbd274fc298f2b96ebea4f6a168130aada8e6dbe5bde5b7483b3db726b23
model-ee09dd05b32f1616,5-scenes-props-effects,Field 3D scene overlay,,prop,1,1,72,64,True,True,research-required,Actor/prop identity needs confirmation; scene/effect names are context only | Auxiliary/animated palette contract must be supported before replacement | Geometry replacement hook for prop,2a5c72670c288c2bb524b4f289ab84fe5c144ef7859896c8f519f3a99800367c,ee09dd05b32f161636b76c514577b9da510674623a3c80d3e106bb2fc6d52aee
model-ef4491c915d8cfaf,5-scenes-props-effects,Field 3D scene overlay,,prop,1,1,546,492,True,True,research-required,Actor/prop identity needs confirmation; scene/effect names are context only | Auxiliary/animated palette contract must be supported before replacement | Geometry replacement hook for prop,c5c5fbedb3dccb7cf10a145613d42cb8e28de4835c7cec21daf25ec20494f4f9,ef4491c915d8cfaf5db11b17d9337e15b90b62185e56e46cbe54adddcfcb5e8a
model-f16706051fa12b11,5-scenes-props-effects,Field 3D scene overlay,,prop,1,1,231,212,True,True,research-required,Actor/prop identity needs confirmation; scene/effect names are context only | Auxiliary/animated palette contract must be supported before replacement | Geometry replacement hook for prop,befc5ba3186124bd561dd5d2b3175adb388cb9aaa374766d002bcacf7849434d,f16706051fa12b1124a0d4d3a6778d3e5c574b80fe9f4fabc1649d05a9bc5498
model-f1e4697efabb93b6,5-scenes-props-effects,Field 3D scene overlay,,prop,1,1,107,118,True,True,research-required,Actor/prop identity needs confirmation; scene/effect names are context only | Auxiliary/animated palette contract must be supported before replacement | Geometry replacement hook for prop | Topology needs inspection before surface refinement,7faa2c505fd67a34f07a990534a28cd4fa077a17af01a00f18ce7adfae82627c,f1e4697efabb93b63e30766eba91ef6b464226071ec4143fd311fc71a5b18776
model-f258715350f0b24d,5-scenes-props-effects,Field 3D scene overlay,,prop,1,1,114,100,True,True,research-required,Actor/prop identity needs confirmation; scene/effect names are context only | Auxiliary/animated palette contract must be supported before replacement | Geometry replacement hook for prop,a78dc51b8e1a46208de46bdbc81673f1454515f74e9809c16e2edaab74fa4b92,f258715350f0b24d6348645282958805fc425e25948d1fa9727e923208b43a90
model-f2c88acb75c8452e,5-scenes-props-effects,Field 3D scene overlay,,prop,1,1,341,308,True,True,research-required,Actor/prop identity needs confirmation; scene/effect names are context only | Auxiliary/animated palette contract must be supported before replacement | Geometry replacement hook for prop,74aa309b6e2cdfbebfde030086b1ef1fb13cf5d34051c252177dc6f2022f8893,f2c88acb75c8452eeafe4a0f29040083173bb97c0570d1ce7624ba29f052fff7
model-f343b575a20ac4ea,5-scenes-props-effects,Field 3D scene overlay,,prop,1,1,346,392,True,True,research-required,Actor/prop identity needs confirmation; scene/effect names are context only | Auxiliary/animated palette contract must be supported before replacement | Geometry replacement hook for prop,5c161811efb3f849b086534e97ea9a4abe28219ffd6d46312ab27ce88ed5602f,f343b575a20ac4ea1dd17f90dc4a49eeb284ddf298ed884b78574f3f9dd03c2e
model-f376676c535fa775,5-scenes-props-effects,Field 3D scene overlay,,prop,1,1,99,92,True,True,research-required,Actor/prop identity needs confirmation; scene/effect names are context only | Auxiliary/animated palette contract must be supported before replacement | Geometry replacement hook for prop,d74c58019443c3d78daf2edbd6820d8c8c6fddcff0b1627d225ef44634180472,f376676c535fa775afcb040b15b3a97e8250f347accc1c862d27d544be702bf1
model-f40c16433de903ff,5-scenes-props-effects,Field 3D scene overlay,,prop,1,1,87,80,True,True,research-required,Actor/prop identity needs confirmation; scene/effect names are context only | Auxiliary/animated palette contract must be supported before replacement | Geometry replacement hook for prop,f7286ef5f0c477175c4751869354f67ef926fe945908145b8f23493c433a77f7,f40c16433de903ff3b7e8d18c7b3c55d9c32d8c5c192aa0480453590db51edf2
model-f43d7cd52371d630,5-scenes-props-effects,Field 3D scene overlay,,prop,1,1,38,40,True,True,research-required,Actor/prop identity needs confirmation; scene/effect names are context only | Auxiliary/animated palette contract must be supported before replacement | Geometry replacement hook for prop,75b204808cb7228c7c8a2cac68344b31d0399ee984c7da951c6ad359e78278ab,f43d7cd52371d630e3c99d0016585b9038af9d72641ba006930d527ec84cdf85
model-f4d7334dd614c73d,5-scenes-props-effects,Field 3D scene overlay,,prop,1,1,405,422,True,True,research-required,Actor/prop identity needs confirmation; scene/effect names are context only | Auxiliary/animated palette contract must be supported before replacement | Geometry replacement hook for prop,bd91b2c6280f0601bf566e971ddc8e25ba4632a26e15af108484f017831a5593,f4d7334dd614c73d650ee29711dcc4734336d35cb509a3049674da96e468f1cd
model-f4e306f7388f225e,5-scenes-props-effects,Field 3D scene overlay,,prop,1,1,513,494,True,True,research-required,Actor/prop identity needs confirmation; scene/effect names are context only | Auxiliary/animated palette contract must be supported before replacement | Geometry replacement hook for prop,17997b1ca96e227a35856214144983850d1a7724b293618d9ca234b90d2b149e,f4e306f7388f225e41b50793b651dde8365f12aa0b38bb3d4c570e5892c66021
model-f4f52e4abe1df548,5-scenes-props-effects,Field 3D scene overlay,,prop,1,1,156,144,True,True,research-required,Actor/prop identity needs confirmation; scene/effect names are context only | Auxiliary/animated palette contract must be supported before replacement | Geometry replacement hook for prop,5625dbba58c3ac3535c805519355f9d908141f7e1786809e894ccceb202ed7e1,f4f52e4abe1df54802911a5eacc276bfa04d90d2e66690954a5887d599532c1d
model-f536a2f25f47374e,5-scenes-props-effects,Field 3D scene overlay,,prop,1,1,253,262,True,True,research-required,Actor/prop identity needs confirmation; scene/effect names are context only | Auxiliary/animated palette contract must be supported before replacement | Geometry replacement hook for prop,595e79c6ff3ae940288e7fdc1f19b991ec8ddbb850d521120151524d72490f1e,f536a2f25f47374e937e448130231d2b6b501c10f8716f72a12f2ea50a4cfaaa
model-f64747d6051f8a0d,5-scenes-props-effects,Field 3D scene overlay,,prop,1,1,103,123,True,True,research-required,Actor/prop identity needs confirmation; scene/effect names are context only | Auxiliary/animated palette contract must be supported before replacement | Geometry replacement hook for prop,8d1a8e363c7805fd2811bc766286caf208f3f1e5a1260b1dfc121fdac933f1a5,f64747d6051f8a0d725d7d1bb32289d2e230bdf715b1d7a93cb1da24704799db
model-f666e691c6c8f52d,5-scenes-props-effects,Field 3D scene overlay,,prop,1,1,57,72,True,True,research-required,Actor/prop identity needs confirmation; scene/effect names are context only | Auxiliary/animated palette contract must be supported before replacement | Geometry replacement hook for prop,244aeb8ba8e14f9363f0c947b5b4defffb7009f3dd624b2b707637199f52545c,f666e691c6c8f52db07cd1b89b977ce06ac4e3b72dc427725e65c9351356a09c
model-f71ef6f21a61ba64,5-scenes-props-effects,Field 3D scene overlay,,prop,1,1,127,128,True,True,research-required,Actor/prop identity needs confirmation; scene/effect names are context only | Auxiliary/animated palette contract must be supported before replacement | Geometry replacement hook for prop,b25c19f888355461d1dcda7700ad12d122ebd9603496906d8a2b5081dd10eef1,f71ef6f21a61ba64cb6bf53bfc5653db40ef6e91b77b75519ab6a6302f0be775
model-f7693fa8776cbd09,5-scenes-props-effects,Field 3D scene overlay,,prop,1,1,18,16,True,True,research-required,Actor/prop identity needs confirmation; scene/effect names are context only | Auxiliary/animated palette contract must be supported before replacement | Geometry replacement hook for prop,5f17b2cc0b35b272b2134039c929aebdf5ac28f14d5576bec40e80a047db37e2,f7693fa8776cbd094dfa7a0a04d12be65375b027fd3fd5425778cdb4855888dd
model-f7ca71a4c15fa40e,5-scenes-props-effects,Field 3D scene overlay,,prop,1,1,215,204,True,True,research-required,Actor/prop identity needs confirmation; scene/effect names are context only | Auxiliary/animated palette contract must be supported before replacement | Geometry replacement hook for prop,b5dc9221936d4f07d4587efbe0975b090edb497677b05dc6a7dfaaf8071e671b,f7ca71a4c15fa40ea52c0469ddc388bcd041bb0778e3a00fc680d57fee73762b
model-f8d8f7da8986f734,5-scenes-props-effects,Field 3D scene overlay,,prop,1,1,276,244,True,True,research-required,Actor/prop identity needs confirmation; scene/effect names are context only | Auxiliary/animated palette contract must be supported before replacement | Geometry replacement hook for prop,3524e6c873b1c91912235c91386134f193c6093acb260572f48ce1546c308e04,f8d8f7da8986f734dcc8ff04bff938cd9f4d8a2e3814153b73b200dc5f6a8558
model-f90bb45a9dd1ab34,5-scenes-props-effects,Field 3D scene overlay,,prop,1,1,132,116,True,True,research-required,Actor/prop identity needs confirmation; scene/effect names are context only | Auxiliary/animated palette contract must be supported before replacement | Geometry replacement hook for prop,c34b2ab7c613594604a01c7fc9d944e65887bb65b48204c8545a54e46eb02af3,f90bb45a9dd1ab3435520b382dd390579a36e1baad05310c7de8463fd77273f1
model-f99e7aa01b494fcd,5-scenes-props-effects,Field 3D scene overlay,,prop,1,1,204,206,True,True,research-required,Actor/prop identity needs confirmation; scene/effect names are context only | Auxiliary/animated palette contract must be supported before replacement | Geometry replacement hook for prop,f014a3da1d17fbda69bc72ef820870e6223c3370bbff5796e3d9a8093ae79a59,f99e7aa01b494fcd2cc40f16884e0c545c1678e137b56bda6875c1ae34f56ba0
model-f9be007a99dd2c36,5-scenes-props-effects,Field 3D scene overlay,,prop,1,1,110,87,True,True,research-required,Actor/prop identity needs confirmation; scene/effect names are context only | Auxiliary/animated palette contract must be supported before replacement | Geometry replacement hook for prop,a432f1a53bbb2ea8cb2c9442e88b5cf30f445b0701328cdd72fafa974c91a2d4,f9be007a99dd2c36509709854c8abb7e95de7fa340341f0deb44a74ac045bfaa
model-faebc28461ecf89a,5-scenes-props-effects,Field 3D scene overlay,,prop,1,1,86,94,True,True,research-required,Actor/prop identity needs confirmation; scene/effect names are context only | Auxiliary/animated palette contract must be supported before replacement | Geometry replacement hook for prop,89928919ef5d0186bb0b250764ebae5183e3e1fe43068b76770e95fc052b65b1,faebc28461ecf89a30451a4bfedda19affe53029c84b27c2ee9dd74fd1ede3a4
model-fb4e332ea87db3bb,5-scenes-props-effects,Field 3D scene overlay,,prop,1,1,360,428,True,True,research-required,Actor/prop identity needs confirmation; scene/effect names are context only | Auxiliary/animated palette contract must be supported before replacement | Geometry replacement hook for prop,335c932894de288925a9b6ba0c63aa336191c54f51b48a16cb4ddd011338e23a,fb4e332ea87db3bbd014e32fe724b1dfa2373b3949a330ec759dd6a830c72bca
model-fbed6489233dcba3,5-scenes-props-effects,Field 3D scene overlay,,prop,1,1,120,112,True,True,research-required,Actor/prop identity needs confirmation; scene/effect names are context only | Auxiliary/animated palette contract must be supported before replacement | Geometry replacement hook for prop,16b916ca26322dad015fb0f40cf84a866e0a835a7c8f462a43e8e84f3e3d4474,fbed6489233dcba3bd97b90c1b55466a9d08757cd2affe177dfa40645459a811
model-fc167599b51215aa,5-scenes-props-effects,Field 3D scene overlay,,prop,1,1,204,252,True,True,research-required,Actor/prop identity needs confirmation; scene/effect names are context only | Auxiliary/animated palette contract must be supported before replacement | Geometry replacement hook for prop,eb090ecbab289ce309db9d46153cc7da8f1c3ad5a539e0c701d45bfb1746384c,fc167599b51215aa529932527316a7564d85e564f1cb5909a8382c16888c967c
model-fc371b5abae0c993,5-scenes-props-effects,Field 3D scene overlay,,prop,1,1,432,400,True,True,research-required,Actor/prop identity needs confirmation; scene/effect names are context only | Auxiliary/animated palette contract must be supported before replacement | Geometry replacement hook for prop,4eb7c6a8a1d88e0e62d7cd03c2e6802fd128b7cdeb43d431cd91e91d7315326a,fc371b5abae0c99361d56f075e46925e4727cb10c86fd265f8e28d03e547f62a
model-fc8418541e37a18a,5-scenes-props-effects,Field 3D scene overlay,,prop,1,1,170,146,True,True,research-required,Actor/prop identity needs confirmation; scene/effect names are context only | Auxiliary/animated palette contract must be supported before replacement | Geometry replacement hook for prop,dce0f895943f2bcb5a857c9f8775c41bda8dc079172acf0619a90fda13b69af9,fc8418541e37a18aa50f8118fd14607838e88f0c5ed37be98d06ef88d28ce7cb
model-fc9f9ccc42cb55ca,5-scenes-props-effects,Field 3D scene overlay,,prop,1,1,75,72,True,True,research-required,Actor/prop identity needs confirmation; scene/effect names are context only | Auxiliary/animated palette contract must be supported before replacement | Geometry replacement hook for prop,59d351999aa703cb415ce2566a287300de2987a8b8333b238e983bd94c1bfb54,fc9f9ccc42cb55ca6fd068923ad9e0f3e29bceee43c5a5e1167f6befd3f5deee
model-fca79cd9f343a5fd,5-scenes-props-effects,Field 3D scene overlay,,prop,1,1,25,32,True,True,research-required,Actor/prop identity needs confirmation; scene/effect names are context only | Auxiliary/animated palette contract must be supported before replacement | Geometry replacement hook for prop,5cefe3c2837992320077d9ed0ea11799ac42690d685980c18ac5846e48496939,fca79cd9f343a5fd67a665bb05d5e4b883b58ba65e25e3d226187484b2b0e746
model-fd550a1627f220d1,5-scenes-props-effects,Field 3D scene overlay,,prop,1,1,167,188,True,True,research-required,Actor/prop identity needs confirmation; scene/effect names are context only | Auxiliary/animated palette contract must be supported before replacement | Geometry replacement hook for prop,41be6e7606c48cf0e6927e7aae51b80f89f4e4ffe7de9d9fb613eff2fd2cc85b,fd550a1627f220d18afd39fdb00eec996dbc0bd9c8f9a5fd8c31203d03330218
model-fd5dd996b96278f5,5-scenes-props-effects,Field 3D scene overlay,,prop,1,1,75,68,True,True,research-required,Actor/prop identity needs confirmation; scene/effect names are context only | Auxiliary/animated palette contract must be supported before replacement | Geometry replacement hook for prop,53bf927e1c68257e6d3f193d7d477791d266861110b1c72651ca299307229d46,fd5dd996b96278f58bae7d20684ec5044ad198713b3edc41e86b9837dfbe1aaf
model-fe612c37a31ffa88,5-scenes-props-effects,Field 3D scene overlay,,prop,1,1,161,174,True,True,research-required,Actor/prop identity needs confirmation; scene/effect names are context only | Auxiliary/animated palette contract must be supported before replacement | Geometry replacement hook for prop,5a29e42c36c024e8d1cfd01b47cb669d028b3de2772c6683c409a268735ce7a9,fe612c37a31ffa88ee1a1757b8d71810d40b20aefa1d4e83e2ee183d43d442be
model-fe63a2b46cc13fd2,5-scenes-props-effects,Field 3D scene overlay,,prop,1,1,97,118,True,True,research-required,Actor/prop identity needs confirmation; scene/effect names are context only | Auxiliary/animated palette contract must be supported before replacement | Geometry replacement hook for prop,f7aab63fd57e94131811dbe3016f6950f201bb92e879f0dfdc76b59cfa0ac7a2,fe63a2b46cc13fd2b89230d2a95b9a6d95d85531a30e885e112239238580d8e3
model-fefbfb19c071a3ab,5-scenes-props-effects,Field 3D scene overlay,,prop,1,1,508,487,True,True,research-required,Actor/prop identity needs confirmation; scene/effect names are context only | Auxiliary/animated palette contract must be supported before replacement | Geometry replacement hook for prop,08adb7c9ad332e3edad315e2985a8418bd09dbe98ff2e49682a3ec5fe459eb36,fefbfb19c071a3ab5c835713b4a8c45a568fda8fa7ffdf411484bb0af828d1e3
model-ff01de08af348f85,5-scenes-props-effects,Field 3D scene overlay,,prop,1,1,209,243,True,True,research-required,Actor/prop identity needs confirmation; scene/effect names are context only | Auxiliary/animated palette contract must be supported before replacement | Geometry replacement hook for prop | Topology needs inspection before surface refinement,ad260047ac4fa915abebccbbaf22c4392bcb138a4af44e8e62161f36e7418db3,ff01de08af348f85549b10493043982fa09b595265ee651b6935edf10fd42749
model-a0ef0bd8045c8404,5-scenes-props-effects,Melbu 3-1,,battle-stage,1,1,647,955,True,False,research-required,Actor/prop identity needs confirmation; scene/effect names are context only | Auxiliary/animated palette contract must be supported before replacement | Geometry replacement hook for battle-stage | Topology needs inspection before surface refinement,b4ae9dca73914a239f82ea5be4c27535e71808a1cb70c03c4d61c117b6783336,a0ef0bd8045c8404c7ec020e420d57231cfa61d4619f33a03555a56e91cab5cd
model-2ab1983fb87911c7,5-scenes-props-effects,Melbu 4,,battle-stage,1,1,584,889,True,False,research-required,Actor/prop identity needs confirmation; scene/effect names are context only | Auxiliary/animated palette contract must be supported before replacement | Geometry replacement hook for battle-stage,c5556aaa9056d6aaef6d090643c1b4ca20222ce576294a337d9442bb44d3efd6,2ab1983fb87911c754b35463169ae1bca57837d67225a2ffabc6702c177af8d1
model-dd253290c04dd0a3,5-scenes-props-effects,Save point,,prop,1,1,25,20,False,False,research-required,Actor/prop identity needs confirmation; scene/effect names are context only | Geometry replacement hook for prop,9484536b2153cdf76b0a2fdf8be7ee521ef141cd845926aa391a7804ac366f29,dd253290c04dd0a315671c75ff6e3dfba6f90f5ea0f0274b55df2c57bdf74d28
model-4784e94a8cc6e16c,5-scenes-props-effects,Shared character shadow,,prop,1,1,7,6,False,False,research-required,Actor/prop identity needs confirmation; scene/effect names are context only | Geometry replacement hook for prop,091139d13b9121ce1a07d21056350192d932a3d4fb0ef20f9ac5d4fdf2afb4cd,4784e94a8cc6e16cbca69ec1d26f1a381d9a9ca88b9c9b2b459e81fe1109edb3
model-d674bc45eff1d166,5-scenes-props-effects,World-map teleport animation,,prop,1,1,49,53,True,False,research-required,Actor/prop identity needs confirmation; scene/effect names are context only | Auxiliary/animated palette contract must be supported before replacement | Geometry replacement hook for prop,579eded108e17064a5c33573733f0f7fabfeef3e129bd21147d116927867e1c3,d674bc45eff1d1667c77b65d4ba66178b8c3ef5f09e47ff5e83efa7b5df30b99
model-18ed71911342eee9,6-unresolved-actor,Dart · candidate,,field-unresolved,254,15,481,855,False,False,research-required,Actor/prop identity needs confirmation; scene/effect names are context only | Geometry replacement hook for field-unresolved | Topology needs inspection before surface refinement,f573595249a06fe2b0b8863fded2d867cea2f4c310c1e6c29c263fcfea1d5c82,18ed71911342eee92593644a00e165f5474b9277141df0d731634995b5ea58ce
model-375a6c581c538e48,6-unresolved-actor,Dart · candidate,,field-unresolved,226,15,236,332,False,False,research-required,Actor/prop identity needs confirmation; scene/effect names are context only | Geometry replacement hook for field-unresolved | Topology needs inspection before surface refinement,5476109476a642721b8d67abfc74535a319b639b146236a1c33def3e2633ecf2,375a6c581c538e4833cf862b4ea4fe90568cac87b960a5d30fdfa461eae3838c
model-e873ac647dd7d52b,6-unresolved-actor,Field object · Aglis / Cave,,field-unresolved,175,1,4,4,True,False,research-required,Actor/prop identity needs confirmation; scene/effect names are context only | Auxiliary/animated palette contract must be supported before replacement | Geometry replacement hook for field-unresolved | Topology needs inspection before surface refinement,8e421d3729ff299f7c365f7aee17bd9c581765e04d8eef3ba2fca63c3ab366ad,e873ac647dd7d52bf657811189ba6b451ba108b07ee11435692a728a4dca63d1
model-79012033708702f1,6-unresolved-actor,Rose · candidate,,field-unresolved,158,17,258,350,False,False,research-required,Actor/prop identity needs confirmation; scene/effect names are context only | Geometry replacement hook for field-unresolved,6b2829db8e4374d17e9921be6923d8a8104085579210d6335df11a4001a86ab2,79012033708702f1965b540d7ff0a8a3e511277082c81e42844bddc1d318b586
model-ff48907c22b7954f,6-unresolved-actor,Albert · candidate,,field-unresolved,156,22,283,367,False,False,research-required,Actor/prop identity needs confirmation; scene/effect names are context only | Geometry replacement hook for field-unresolved | Topology needs inspection before surface refinement,9d425da4596f82b0bfc971573d08510f5d0d416da8e16acb98abc324a2d8da44,ff48907c22b7954f034585b826b0406e23ac843fdf7824eae66928d3775d89d9
model-5f9727735f85f88e,6-unresolved-actor,Field object · Aglis / Barrens,,field-unresolved,139,2,16,26,False,False,research-required,Actor/prop identity needs confirmation; scene/effect names are context only | Geometry replacement hook for field-unresolved | Topology needs inspection before surface refinement,c2ab38ffdd790aa7828661e15ac78a782cbe3348e0edddb0bf35787366c1dc45,5f9727735f85f88ed70caf318df6877f7c00764f6e469396ccfd371f6325bb9a
model-fc81c3c878fb6fe0,6-unresolved-actor,Shana · candidate,,field-unresolved,139,15,242,326,False,False,research-required,Actor/prop identity needs confirmation; scene/effect names are context only | Geometry replacement hook for field-unresolved,89c5d1999a2899771a3ec50493a9ff4cd1a6e7db84537b9f46e43cb808423067,fc81c3c878fb6fe0d4bd9379ef4a99b413763a361fe5be0328078e91873bce6d
model-6a11de265bad0206,6-unresolved-actor,Haschel · candidate,,field-unresolved,116,15,225,327,False,False,research-required,Actor/prop identity needs confirmation; scene/effect names are context only | Geometry replacement hook for field-unresolved,1d2b88e5ca7bb24b63d707cac27c50d1d6371120a978b2e7b3b61ca77a6b608f,6a11de265bad0206c8884f7a7fc2e5946a87cc5fa5e539b8cd0ac89ab5207cd4
model-66da4bf07ebbe052,6-unresolved-actor,Meru · candidate,,field-unresolved,113,27,331,411,False,False,research-required,Actor/prop identity needs confirmation; scene/effect names are context only | Geometry replacement hook for field-unresolved | Topology needs inspection before surface refinement,409cd5d94356941c87f743931a458b76f254ef3b8fbec972b67d9a436172d9a0,66da4bf07ebbe052be63d72007f88f8fe337618a41c0c0440f4c14869ef238d9
model-21515d265ecd3629,6-unresolved-actor,Dart · candidate,,field-unresolved,97,15,204,247,False,False,research-required,Actor/prop identity needs confirmation; scene/effect names are context only | Geometry replacement hook for field-unresolved,853e0cc01a0ca9eeb8c07ee433a9ddf5f14d349b65250ea682be6f416c99647b,21515d265ecd362928c8ea1ff4b81e45973792d63b79cd320216d3568369df21
model-52482c64de83b675,6-unresolved-actor,Kongol · candidate,,field-unresolved,92,17,273,375,False,False,research-required,Actor/prop identity needs confirmation; scene/effect names are context only | Geometry replacement hook for field-unresolved | Topology needs inspection before surface refinement,d5797e7b3b06782a73245ee709933633302d20a54dcd19e2749ed2b19d23a37c,52482c64de83b675c76c63486acd157c98f179f4e2b40994bc0529eab866bb92
model-5289f792554e5d9a,6-unresolved-actor,Field object · Aglis / Divine Tree,,field-unresolved,82,1,4,2,True,False,research-required,Actor/prop identity needs confirmation; scene/effect names are context only | Auxiliary/animated palette contract must be supported before replacement | Geometry replacement hook for field-unresolved,a1ccb3d03134e19011f99f9561a8907d6f7666c191ac7a79afdf6188e1a526e7,5289f792554e5d9a001cdfe4b0700889616219cd5559d329ca3640b57eae55c3
model-aeb7b79f5caa6c9e,6-unresolved-actor,Field object · Bale / Donau,,field-unresolved,81,1,4,2,True,False,research-required,Actor/prop identity needs confirmation; scene/effect names are context only | Auxiliary/animated palette contract must be supported before replacement | Geometry replacement hook for field-unresolved,f5e8ed07311a42aeb2e1a464a0fb6c8b7ede90a25a2e8053893ea5e8c1750072,aeb7b79f5caa6c9e067cb9a329dba0160f3839caaf4344389854b7027d44cbf6
model-e82ccd99d6cdbc8d,6-unresolved-actor,Field object · Aglis / Flanvel Tower,,field-unresolved,72,2,19,16,True,False,research-required,Actor/prop identity needs confirmation; scene/effect names are context only | Auxiliary/animated palette contract must be supported before replacement | Geometry replacement hook for field-unresolved,f800ddadccbd045edef0ef45a11872f99a350742ef72de8ad1e95146af6aff4d,e82ccd99d6cdbc8defcfaf4b3c433a8bba8083e315b200b0fda300e4a6e3b90d
model-6995ba942b329f02,6-unresolved-actor,Field object · Cave / Crystal Palace,,field-unresolved,70,2,18,28,False,False,research-required,Actor/prop identity needs confirmation; scene/effect names are context only | Geometry replacement hook for field-unresolved,88021e2db4203bcd695b45b61cbf56903bfa97cbf3c72fffc5a2846b212a7268,6995ba942b329f028391d31127420dfd6c6739201614675ecc2c5e6f73bac8b7
model-9fda8d83470c91d9,6-unresolved-actor,Serdio knight / left balcony knight · candidate,,field-unresolved,70,1,4,2,True,False,research-required,Actor/prop identity needs confirmation; scene/effect names are context only | Auxiliary/animated palette contract must be supported before replacement | Geometry replacement hook for field-unresolved,a98f6ce56dce788138504b792a9562fc1ff03f8aedc0a5fd3c2e4c1b00465e08,9fda8d83470c91d90ded65638dbea389c72adb961187421291a9d4b8d233e7d5
model-8bfba673138af5c4,6-unresolved-actor,Field object · Aglis / Cave,,field-unresolved,65,3,60,60,False,False,research-required,Actor/prop identity needs confirmation; scene/effect names are context only | Geometry replacement hook for field-unresolved,fd13be589248740e1ed1a34a0f1f67667b7d4f6e3d69d19780606ec6206121c7,8bfba673138af5c44e321497e5d3c55f5c890bedbf07aa5d41df3b507dd6d63e
model-2ed4ef08ebcd9256,6-unresolved-actor,Rose · candidate,,field-unresolved,62,17,211,262,False,False,research-required,Actor/prop identity needs confirmation; scene/effect names are context only | Geometry replacement hook for field-unresolved,188211f41dd5997d7183d2c4f9fefbd2e5f03af6c8ac594ffc764c4644bbeda0,2ed4ef08ebcd92565725917f530109c09145b95bb1a415bd49a431da8f12b199
model-aba82453757b52e2,6-unresolved-actor,Dart · candidate,,field-unresolved,58,15,303,502,False,False,research-required,Actor/prop identity needs confirmation; scene/effect names are context only | Geometry replacement hook for field-unresolved | Topology needs inspection before surface refinement,7738458c71a3c32662845e78b4742c47a76ee8b36b0df9fdc1302417f5cc56af,aba82453757b52e25728ef61d4ca6b8b193da17b66da7cf01732989ad822204a
model-10b23397f47a5c3b,6-unresolved-actor,Field object · Bale / Black Castle,,field-unresolved,56,2,20,32,False,False,research-required,Actor/prop identity needs confirmation; scene/effect names are context only | Geometry replacement hook for field-unresolved,f89ea426bdd48452c1ca48075e1b2c49c7ca5260f87769a01293a2e63001929c,10b23397f47a5c3b056678b5f4e1b3ee722fd6be325b865cc1473cc1a1c80f16
model-7039e38de67b91e9,6-unresolved-actor,Field object · Aglis / Flanvel Tower,,field-unresolved,55,1,6,4,True,False,research-required,Actor/prop identity needs confirmation; scene/effect names are context only | Auxiliary/animated palette contract must be supported before replacement | Geometry replacement hook for field-unresolved,d7fcd8063b6b2bbd33a86125f5589b0c59b8978e5b64ed60321746b23b4d45b3,7039e38de67b91e9eb31835324c507e8cb02dc6c30cb1c92cea95c4df46c5b8a
model-c43ff784862cf2f1,6-unresolved-actor,Field object · Aglis / Crystal Palace,,field-unresolved,52,15,249,354,False,False,research-required,Actor/prop identity needs confirmation; scene/effect names are context only | Geometry replacement hook for field-unresolved,df0277e0b1aae87a6a6a2429cebad96e77e6dce4666261cb59415c264e0aceb0,c43ff784862cf2f146a14802afc99b3491df00c5668f76b78c19b0d48d799fc5
model-9c52ba5352115228,6-unresolved-actor,Albert · candidate,,field-unresolved,50,22,208,256,False,False,research-required,Actor/prop identity needs confirmation; scene/effect names are context only | Geometry replacement hook for field-unresolved | Topology needs inspection before surface refinement,7811263ada6412185a9e38c0d87256fdeedfa47718cf0817c9eb2df29043bf56,9c52ba5352115228d1f08ba1c10615c1e6d7ee391725b50262aeca53370520ab
model-9c1c08755ef74d86,6-unresolved-actor,Warden #1 · candidate,,field-unresolved,50,16,184,298,False,False,research-required,Actor/prop identity needs confirmation; scene/effect names are context only | Geometry replacement hook for field-unresolved,ee1e6d1d86be41fc9b93a2b64d1c11fb8c334c1ef6744f507b916c4dda470d91,9c1c08755ef74d863a3b33fd0f51c33da9c53b97a9cb78e18af9c2ce76af80f9
model-bdc6effb2d4f516b,6-unresolved-actor,Meru · candidate,,field-unresolved,48,27,263,303,False,False,research-required,Actor/prop identity needs confirmation; scene/effect names are context only | Geometry replacement hook for field-unresolved,a5439110fd93ff75f52e6925490193c54d3c4ed2df91d3f32dd0d19af616d944,bdc6effb2d4f516be00120db41b2cdbbf7da3ddcc97a7ff5bc6e69f41e160d8f
model-1942884a2f323525,6-unresolved-actor,Field object · Barrens / Divine Tree,,field-unresolved,42,15,248,356,False,False,research-required,Actor/prop identity needs confirmation; scene/effect names are context only | Geometry replacement hook for field-unresolved | Topology needs inspection before surface refinement,f2c8b24717c7f6a4f20b34321a73bb17f4d80cceb2cd6329dd5bd591c46f8672,1942884a2f3235257fd8100d901023346bd375e960284138ff6d87044b05e2a4
model-691448e21a55cfb9,6-unresolved-actor,Miranda · candidate,,field-unresolved,42,15,179,233,False,False,research-required,Actor/prop identity needs confirmation; scene/effect names are context only | Geometry replacement hook for field-unresolved,0b8505f10da76a43f1010e1ce35e58cc04f119936f283b1f641a5a0beec70c2e,691448e21a55cfb9f51c7c2df3bb66d7fcd7693cda1c089a93be89e31c6ce2df
model-5b94d1b9e22efd1e,6-unresolved-actor,Field object · Bale / Black Castle,,field-unresolved,40,15,207,314,False,False,research-required,Actor/prop identity needs confirmation; scene/effect names are context only | Geometry replacement hook for field-unresolved,142201c28fbcff0ea172a1f5d4d65201c44be63d606b345d07c6a548acf212ec,5b94d1b9e22efd1e80261ffc7f6872957c6d4fe1d8477fb1e3d256c20488501a
model-88c2bfacced5b43e,6-unresolved-actor,Field object · Fueno / Furni,,field-unresolved,38,17,223,330,False,False,research-required,Actor/prop identity needs confirmation; scene/effect names are context only | Geometry replacement hook for field-unresolved,20cfd191c56aabb3cc0a1a16f23188885e63cd21113856bd581cb62735c1df61,88c2bfacced5b43e0cdbb111238a6519ac914603e3886f2216f362ebd3d11180
model-09439af87cd4bede,6-unresolved-actor,Field object · Bale / Hellena Prison,,field-unresolved,37,15,207,314,False,False,research-required,Actor/prop identity needs confirmation; scene/effect names are context only | Geometry replacement hook for field-unresolved,c769d5feeb6913f6f81000b576521301c2f54ac620ad5c4f5d8b8eab4a1ccdcf,09439af87cd4bede75f1aa8e69e2a1b647d1f2b68a385ee28667e16fe7b9022f
model-0582d96f876efa06,6-unresolved-actor,Field object · Death Frontier,,field-unresolved,37,7,183,262,False,False,research-required,Actor/prop identity needs confirmation; scene/effect names are context only | Geometry replacement hook for field-unresolved,85623f0d0fb8f481af6e3e1a6dc979dd3bd0b631c3cae50ec740172c8578f48d,0582d96f876efa06d6a3d45ddcc1264a9e1819d6100b21f39d7201e4d3a1e269
model-55eddf071b59b0a9,6-unresolved-actor,Field object · Death Frontier,,field-unresolved,37,28,214,229,False,False,research-required,Actor/prop identity needs confirmation; scene/effect names are context only | Geometry replacement hook for field-unresolved | Topology needs inspection before surface refinement,e28053db33fd1b880bb3a3b900abe5f7a04c8c40591e83363379cf1c58ccd83e,55eddf071b59b0a93120a5667b9d68a59279815212f72860408f81f4de7e6b21
model-c0a12ceca88d680a,6-unresolved-actor,Field object · Death Frontier,,field-unresolved,37,1,36,44,True,False,research-required,Actor/prop identity needs confirmation; scene/effect names are context only | Auxiliary/animated palette contract must be supported before replacement | Geometry replacement hook for field-unresolved,0746659c1d5a977d93176a2510ddd61e05d1d445d0e15ab4be6c06e586708f4e,c0a12ceca88d680a7205484720e78c9f1c19bd16068a42ab3b945c58789b73f8
model-f77515ceaa027c0f,6-unresolved-actor,Field object · Death Frontier,,field-unresolved,37,19,222,251,False,False,research-required,Actor/prop identity needs confirmation; scene/effect names are context only | Geometry replacement hook for field-unresolved,dd644a742d0f125ab85d3cf53e0b833d45fbfab6c0af227eb21ba4f5186f9f81,f77515ceaa027c0f66685afffeab4fa72b56d6fd85e21fe07683c7d61a96fa39
model-f75c75cec7bd693c,6-unresolved-actor,Field object · Bale / Black Castle,,field-unresolved,35,18,227,338,False,False,research-required,Actor/prop identity needs confirmation; scene/effect names are context only | Geometry replacement hook for field-unresolved,b0c19b76e3dbc778ca1879b6baa47027b6fc90783ad85da445fc24bf29157493,f75c75cec7bd693c9130b69f995c1a6df1321a7e06a09a10c40e5722b1cea829
model-8a10d9fd5277576e,6-unresolved-actor,Field object · Bale / Fueno,,field-unresolved,34,15,216,332,False,False,research-required,Actor/prop identity needs confirmation; scene/effect names are context only | Geometry replacement hook for field-unresolved,090bd5848dd343b8259033bab29b9e6a141915285d1c2c2ac771507478d6ed1c,8a10d9fd5277576eb5e36a8bdbe01edc9ab90458a6b252c9ea9c7c3e19d67306
model-c4a50a6e37ad4cac,6-unresolved-actor,entrance knight / knight · candidate,,field-unresolved,34,17,271,397,False,False,research-required,Actor/prop identity needs confirmation; scene/effect names are context only | Geometry replacement hook for field-unresolved | Topology needs inspection before surface refinement,437974a00d05670c4a03d4ac0b2904b46d30369368ce9259c40bdc32031fb61b,c4a50a6e37ad4cac4c1a5fadeac6cb4386a1fb7dcf8499ac219f61c73ec2b01d
model-a8822f5195f87fbc,6-unresolved-actor,Field object · Bale / Deningrad,,field-unresolved,32,13,205,295,False,False,research-required,Actor/prop identity needs confirmation; scene/effect names are context only | Geometry replacement hook for field-unresolved,a22e0a3ab834ae6dfe36e1524d5eb8d8fc307b55f2a533ac97b95e4c11966471,a8822f5195f87fbc3db91c4582038412e9bcf77af753788aad4789c205157f5a
model-bf5b1b2b74716fad,6-unresolved-actor,Field object · Donau / Forbidden Land,,field-unresolved,29,1,4,2,False,False,research-required,Actor/prop identity needs confirmation; scene/effect names are context only | Geometry replacement hook for field-unresolved,03b9fa7b5452150e4d131b6afc7adee569df134ef1057bc92b12ce66eeeabd6f,bf5b1b2b74716fadf98b6a3f4b819b588f61919437ea7794fa013c15f53b1507
model-bbd1c98fb8728f75,6-unresolved-actor,Field object · Bale / Fueno,,field-unresolved,27,16,273,390,False,False,research-required,Actor/prop identity needs confirmation; scene/effect names are context only | Geometry replacement hook for field-unresolved,3d66568d6d9cf8b4f441e33fd09d96ae9f395338705e6cb6af889a7d6783e136,bbd1c98fb8728f75de81e1e8d9ca76fe48c19fa964178711b9d9d7a2cf590f87
model-557555d1b5fe6d43,6-unresolved-actor,Field object · Bale / Hellena Prison,,field-unresolved,27,15,207,314,False,False,research-required,Actor/prop identity needs confirmation; scene/effect names are context only | Geometry replacement hook for field-unresolved,13ffff4031f4129593c83e4f7c568f1ea9df24d0af0c8748a4f1bb41b9be2344,557555d1b5fe6d43a79fa9fbfb840570e7deaeb9f6df44f980683d3cb14b0601
model-bd74e74c945da3b2,6-unresolved-actor,Field object · Barrens / Donau,,field-unresolved,27,19,137,179,False,False,research-required,Actor/prop identity needs confirmation; scene/effect names are context only | Geometry replacement hook for field-unresolved,1a440fa8f52b1254cd2a1506dbeb3dca21b2adc7a7d37783caeb215d72406311,bd74e74c945da3b29ec3049e47f0911aa545520cb912dd598695bde78cac10d7
model-1a990ec2f33795e1,6-unresolved-actor,Field object · Black Castle / Hellena Prison,,field-unresolved,26,1,4,2,True,False,research-required,Actor/prop identity needs confirmation; scene/effect names are context only | Auxiliary/animated palette contract must be supported before replacement | Geometry replacement hook for field-unresolved,2f51b0aab046675ccfcf823ff98a16dd903ac3cd5801d258230c4a3220aa8174,1a990ec2f33795e15eab15804a6f2041502b94b85ab187556dbf6c61aecbeaef
model-b75b846c5cd1a400,6-unresolved-actor,Field object · Crystal Palace / Deningrad,,field-unresolved,26,20,238,358,False,False,research-required,Actor/prop identity needs confirmation; scene/effect names are context only | Geometry replacement hook for field-unresolved,1309227c65105fdda56cb71ac72752c114b5d3f1f4f0a953a6fc8bd63217cd21,b75b846c5cd1a40064fcf9a5bcd2b257e686e15e9e0c9e2900259527b23361cf
model-fb2c58ed6c408b0d,6-unresolved-actor,Lavitz · candidate,,field-unresolved,26,16,285,473,False,False,research-required,Actor/prop identity needs confirmation; scene/effect names are context only | Geometry replacement hook for field-unresolved,2334d2a7661d4fc15c3e7c0f9e6a6bbf647d447f08bc75b890f6952b759ed69a,fb2c58ed6c408b0d0e491a13d5255c8350540177a2c320f165648c0e3c179c17
model-7209412214224f1b,6-unresolved-actor,Lisa · candidate,,field-unresolved,26,29,314,449,False,False,research-required,Actor/prop identity needs confirmation; scene/effect names are context only | Geometry replacement hook for field-unresolved,31dfffeddb2614021c8251e242908cf1699ddb571f66aea7824a86766d981779,7209412214224f1bc4fa123febc12530127d6b0a591187386287f36288635d6d
model-7f2fa42dc07b32d5,6-unresolved-actor,Field object · Bale / Indels Castle,,field-unresolved,24,3,64,81,False,False,research-required,Actor/prop identity needs confirmation; scene/effect names are context only | Geometry replacement hook for field-unresolved,7d06a35b62feda049b6e25a80638215d635965d47a5f4609bf78c0689ab324b1,7f2fa42dc07b32d5d7bd3c22afcc9e80902a2bdb3e3e3b84278d5a26e2fbafac
model-2fca2bea7a1866a8,6-unresolved-actor,Knight #1 · candidate,,field-unresolved,24,15,186,296,False,False,research-required,Actor/prop identity needs confirmation; scene/effect names are context only | Geometry replacement hook for field-unresolved,db958354df51a34092aaeffbe6f850ff9aa7ab365b3dd21fae7363944234590f,2fca2bea7a1866a8b64929a411a5f602f176da6c2c0459e614e9c992180635d7
model-e97c56aecc187801,6-unresolved-actor,Rose · candidate,,field-unresolved,24,18,310,507,False,False,research-required,Actor/prop identity needs confirmation; scene/effect names are context only | Geometry replacement hook for field-unresolved,e96163d2bb0b821b037d68c5b10b317d11da93739e372aeffa8554df2657678d,e97c56aecc1878011f464bce1a9a1deeabee727993e37277a0221b8005087e45
model-429547ec0061eb46,6-unresolved-actor,left wall knight / right tower knight #1 · candidate,,field-unresolved,24,15,222,354,False,False,research-required,Actor/prop identity needs confirmation; scene/effect names are context only | Geometry replacement hook for field-unresolved,42e640369e6e51590cdda5c1f5be9f732e10950451ada16d0b80b9385eca2fe1,429547ec0061eb4697745945b0ef7bad19520636622f85de0a99556a353c7a8e
model-ecbc146621319e46,6-unresolved-actor,left wall knight · candidate,,field-unresolved,24,13,205,295,False,False,research-required,Actor/prop identity needs confirmation; scene/effect names are context only | Geometry replacement hook for field-unresolved,c305e64926f26b5201e445dc1fc380765ae60d1220cbfa00dd71d91985164913,ecbc146621319e46bacd46f0eaf65724bf1f0f864e7846863da5a2a0f8369db2
model-bc79fbfdbcc71a64,6-unresolved-actor,Field object · Bale / Kazas,,field-unresolved,23,15,220,326,False,False,research-required,Actor/prop identity needs confirmation; scene/effect names are context only | Geometry replacement hook for field-unresolved,d1e29f7da2ddb556c55c381528cdc6d2877d94b927e8595a6067ba24b8412ddb,bc79fbfdbcc71a646b15a4524757e0c1bd2bb51468c842e7738356538d4a60ac
model-baf124a676cebaba,6-unresolved-actor,Field object · Deningrad / Fletz,,field-unresolved,22,15,217,331,False,False,research-required,Actor/prop identity needs confirmation; scene/effect names are context only | Geometry replacement hook for field-unresolved,9d03e1a6fa6aed51baf1af0334a3d60d06de1dac9cc043079e498e9daede867f,baf124a676cebaba203f011a3d9928fcac345fcfdeac010c3f395afc43a39753
model-cd472f26301073c2,6-unresolved-actor,Field object · Crystal Palace / Deningrad,,field-unresolved,21,15,197,250,False,False,research-required,Actor/prop identity needs confirmation; scene/effect names are context only | Geometry replacement hook for field-unresolved,1b667dd39bee089e4c0f06e1f42e826ce3e3989f518601cac63ac40e0ad47179,cd472f26301073c28fd2bb8729b33aece8823e8a83cc762a5af1cca4eb769946
model-6daf7801e1bd4365,6-unresolved-actor,Field object · Donau / Fletz,,field-unresolved,21,18,263,364,False,False,research-required,Actor/prop identity needs confirmation; scene/effect names are context only | Geometry replacement hook for field-unresolved,9c3b9010ac5885fa07f4d8f60a5a63ed9fe6537ad6d2c3c3c81c043594cdcd2c,6daf7801e1bd43659cae53d443b3fed6c31fe970b9087bdf6e0ec80fd0b325d8
model-9e192adad94e39ee,6-unresolved-actor,Field object · Fletz / Twin Castle,,field-unresolved,21,17,268,417,False,False,research-required,Actor/prop identity needs confirmation; scene/effect names are context only | Geometry replacement hook for field-unresolved,a63a921b40a24d781fef9f0eb1948aedd0678995d452af0d23c39f35a2d352de,9e192adad94e39eefb3afbccab4120d5774ad143498b757ddfbf5c40fc187b18
model-d67ef9d53098ab29,6-unresolved-actor,Emille · candidate,,field-unresolved,20,27,347,481,False,False,research-required,Actor/prop identity needs confirmation; scene/effect names are context only | Geometry replacement hook for field-unresolved,bf2d8c29490b68aa4d43bd158e36a7d0032e67e456084d218f7916f3134b2616,d67ef9d53098ab29a5741f23b8a47cf58001618169e46460f94a6e4c7174d56c
model-855e72a923b0def8,6-unresolved-actor,Field object · Donau / Fletz,,field-unresolved,20,15,217,331,False,False,research-required,Actor/prop identity needs confirmation; scene/effect names are context only | Geometry replacement hook for field-unresolved,2647693ddeaf13811a1f5412b02d2536d471abeb503f89d3778c46acb3364115,855e72a923b0def8f680ba7b9278e2ab9b8663a9b1e197759017951a11a6e979
model-d280f61622e1ca1a,6-unresolved-actor,Field object · Donau / Fueno,,field-unresolved,20,18,315,419,False,False,research-required,Actor/prop identity needs confirmation; scene/effect names are context only | Geometry replacement hook for field-unresolved | Topology needs inspection before surface refinement,979941eb68cf597e6793464980dbea5416868e02dc9f89ff69fe66ddb65869cf,d280f61622e1ca1a5159a2042b9d6dd210ab8a5e66d22a93b930aaba667007e8
model-eef7d8f12f2f5f56,6-unresolved-actor,Field object · Crystal Palace / Forest,,field-unresolved,19,15,288,468,False,False,research-required,Actor/prop identity needs confirmation; scene/effect names are context only | Geometry replacement hook for field-unresolved | Topology needs inspection before surface refinement,88f15507588c90a4d6b1bb78b716e8fe1a1f207c99b0be5496393763bbfa8c8b,eef7d8f12f2f5f5694dc2dfc391fa83d6af7f83bc0fafed6efe0e486291ab133
model-6b32615bc835d868,6-unresolved-actor,Field object · Giganto Home / Mayfil,,field-unresolved,19,1,4,2,True,False,research-required,Actor/prop identity needs confirmation; scene/effect names are context only | Auxiliary/animated palette contract must be supported before replacement | Geometry replacement hook for field-unresolved,2f5cb303a26272ccea4c43474a773b417a23295db0fb98453fe3f1cf281dbcc6,6b32615bc835d86883736c1d4d5d7ce441420e10f90285878784acaadd5f90d5
model-1c593a66de2419af,6-unresolved-actor,Arrow · candidate,,field-unresolved,18,1,20,24,False,False,research-required,Actor/prop identity needs confirmation; scene/effect names are context only | Geometry replacement hook for field-unresolved | Topology needs inspection before surface refinement,373dc792e126962e33e273f5171f04c6ece45da1cb8ba8154cf13906e8f76562,1c593a66de2419af2beb16ae914bd0e3e23b87e8fead72d45cb3f8a409d28fb5
model-db20a7e089529039,6-unresolved-actor,Field object · Bale / Donau,,field-unresolved,18,35,133,84,False,False,research-required,Actor/prop identity needs confirmation; scene/effect names are context only | Geometry replacement hook for field-unresolved,054582274175b554736d963a6f7c489152b21b823aca904e1bc4371d2aa9418f,db20a7e089529039d7079cc6b48b9a2fd41591a978397cc842be1237a3928065
model-2204a0c2df580759,6-unresolved-actor,Libria · candidate,,field-unresolved,18,16,229,324,False,False,research-required,Actor/prop identity needs confirmation; scene/effect names are context only | Geometry replacement hook for field-unresolved,86284c0e477834ad97f233b3ca4d6ec5957eb77ff4e564e0369a33d9457cc096,2204a0c2df580759ad548075a3717f77c1d1a179a39f75bb2617dfc22a83a210
model-60c1dfd4c7ebb672,6-unresolved-actor,Field object · Crystal Palace / Deningrad,,field-unresolved,17,14,229,336,False,False,research-required,Actor/prop identity needs confirmation; scene/effect names are context only | Geometry replacement hook for field-unresolved,de9020bbc15beeac3eb8f6d8b3b14d4d2e56e33c3735df69a8ac497e77773f26,60c1dfd4c7ebb672303f453cb48e4bc01e355f4e861a6770f16fe38a25fb2bb9
model-6da3f8fe76a2b117,6-unresolved-actor,Field object · Crystal Palace / Donau,,field-unresolved,17,15,240,406,False,False,research-required,Actor/prop identity needs confirmation; scene/effect names are context only | Geometry replacement hook for field-unresolved,d99c166894350f8462f1ba6e4a84e6c9f9bd3ff57062a4b29a159124336f9fff,6da3f8fe76a2b117c591b0c8d85db6d86be5bf42ec2f078234f7e8d99b5e7f07
model-543f0d2f04271c61,6-unresolved-actor,Field object · Donau / Fletz,,field-unresolved,17,17,219,322,False,False,research-required,Actor/prop identity needs confirmation; scene/effect names are context only | Geometry replacement hook for field-unresolved,92d510e493a00eb5b6664b0076baa0c19d40f280a00322dc6ea6466d700cd143,543f0d2f04271c61eb820b7fbcba718f90c21af3174cfd6b6c7bed56d9000323
model-b129d68e2c49750c,6-unresolved-actor,Field object · Donau / Fletz,,field-unresolved,17,17,253,354,False,False,research-required,Actor/prop identity needs confirmation; scene/effect names are context only | Geometry replacement hook for field-unresolved,986b5bae6cbfc6a8554daea192fd747b4a5c349df46ea6541a273b81df0519fc,b129d68e2c49750cef19804c7ee6de8b22c4a019fcdb140658b0826cdf1b6bc3
model-bbe3651284aa4150,6-unresolved-actor,Field object · Donau / Fletz,,field-unresolved,17,15,218,328,False,False,research-required,Actor/prop identity needs confirmation; scene/effect names are context only | Geometry replacement hook for field-unresolved | Topology needs inspection before surface refinement,655464023869e26085fc094c15d3ece64055e81eb34e55b24e6936ae879a3c1f,bbe3651284aa4150e385f10fd3e2fdd5af3a37b9154bf3bd3bcddfeeaa3ae15f
model-7a8f616cb63b1efb,6-unresolved-actor,Rose · candidate,,field-unresolved,17,18,271,372,False,False,research-required,Actor/prop identity needs confirmation; scene/effect names are context only | Geometry replacement hook for field-unresolved,bd4ab3555a65560d6026b6b7ce4f16c8e1ef6d047e09a6eaa18ffa72b48d30bd,7a8f616cb63b1efbdc1d9cab9ba0f1f77e63564e1fecda162b9e39851aa42058
model-0be7859243984425,6-unresolved-actor,Albert · candidate,,field-unresolved,16,23,358,567,False,False,research-required,Actor/prop identity needs confirmation; scene/effect names are context only | Geometry replacement hook for field-unresolved | Topology needs inspection before surface refinement,3ac09570e709992346b60a2178c14f838de7ff667465301270dab13ddc697c9f,0be7859243984425f42f6a8508064c0f5b057afab49ddf0fd14589ab38d938d1
model-134b792ce909988c,6-unresolved-actor,Field object · Black Castle,,field-unresolved,16,1,35,42,False,False,research-required,Actor/prop identity needs confirmation; scene/effect names are context only | Geometry replacement hook for field-unresolved,ab0e50b3d7c92589ebe7c51529b0a54f37109bdc19981d4e1cc52d6088500f72,134b792ce909988c8d24f331c73fea2cc5ff97896d69e98e3d8b722bfe6bbb4c
model-92ca7c97f721d756,6-unresolved-actor,Field object · Donau / Fueno,,field-unresolved,16,17,234,338,False,False,research-required,Actor/prop identity needs confirmation; scene/effect names are context only | Geometry replacement hook for field-unresolved,a78936e959b07930cbddf636df4b8abe971a61ffa56440a79b225d94accfbb0e,92ca7c97f721d756e576a952862246d120fe0a76ca75670f2881d96793983b58
model-c24e7c2f47d82a8a,6-unresolved-actor,Field object · Bale / Forest,,field-unresolved,15,5,34,34,False,False,research-required,Actor/prop identity needs confirmation; scene/effect names are context only | Geometry replacement hook for field-unresolved,8d93041db09959f52edb47b583f0434d80d646edb7a74fc0ebd6f54bc3441ab3,c24e7c2f47d82a8ac7c3368dd73363bcba7a7df5960656b72e17cfb832a97718
model-cdfe72cd893f8c44,6-unresolved-actor,Field object · Bale / Hellena Prison,,field-unresolved,15,15,216,332,False,False,research-required,Actor/prop identity needs confirmation; scene/effect names are context only | Geometry replacement hook for field-unresolved,2b6aa72219c3d6058d81c0776d275d91f96cc9c6b4b1e2c9cfa874df40fe7af6,cdfe72cd893f8c44f6201ee5c768ce3d8f1a37a665ca3428393a2c57612ac5a3
model-0093126ad5302b8c,6-unresolved-actor,Field object · Bale / Kashua Glacier,,field-unresolved,15,15,222,330,False,False,research-required,Actor/prop identity needs confirmation; scene/effect names are context only | Geometry replacement hook for field-unresolved,4c4f8be5212da1e99c050243d725743c920dbf0b7eb86ad7c78fc449416ed643,0093126ad5302b8c7fcac10f7b43e63e9939ccb5d54a9ea58afb754454adfef4
model-8aa54a5c830dcc60,6-unresolved-actor,Field object · Deningrad / Furni,,field-unresolved,15,14,236,335,False,False,research-required,Actor/prop identity needs confirmation; scene/effect names are context only | Geometry replacement hook for field-unresolved,f4c8968810e9e4b951f53db6939e863715103bd57a91b5b5dc99ecfc53ad9015,8aa54a5c830dcc60fd2c45fe55af2639c1da15694b709332fa8ea4077c125cd3
model-e866bb611534adf6,6-unresolved-actor,Field object · Fueno / Lidiera,,field-unresolved,15,17,273,343,False,False,research-required,Actor/prop identity needs confirmation; scene/effect names are context only | Geometry replacement hook for field-unresolved,4e3e08ede21ed2c74167c142f8321b949d4c6b33d0135787290deb85cc4f1e43,e866bb611534adf6f6c44d4bda6c030d2656c4f565ebf42f24bee53e06a0af5b
model-0579df7da1c8b2ea,6-unresolved-actor,Field object · Twin Castle,,field-unresolved,15,12,225,370,False,False,research-required,Actor/prop identity needs confirmation; scene/effect names are context only | Geometry replacement hook for field-unresolved,432ec97742d0bba987d6096098f3493a8c317cf3aeeec8ef2f16f0a70b6107bc,0579df7da1c8b2ea2d747ce504c73f37b721a623d2515a93df3e93f6470bf3c8
model-b33fc545483402ef,6-unresolved-actor,Field object · Bale / Lohan,,field-unresolved,14,15,137,167,False,False,research-required,Actor/prop identity needs confirmation; scene/effect names are context only | Geometry replacement hook for field-unresolved,fd00dfdb1a7529fc84be1cb5f272a31fbe5f18e5e9fcb75fb0231e935e04e4ed,b33fc545483402ef80ddc52cfd900df2269ce4d81c0c7ae82424a1da2446a4fc
model-1e517c151d3840cd,6-unresolved-actor,Field object · Barrens / Donau,,field-unresolved,14,15,213,313,False,False,research-required,Actor/prop identity needs confirmation; scene/effect names are context only | Geometry replacement hook for field-unresolved,81e54e5260d5ed84c8e6a0c2037af890b82455e6a30a55764323b57802ceea38,1e517c151d3840cd48208d06d59846948b55547b5a319533e60c7ec6dd0456d3
model-681b49e8304a9c58,6-unresolved-actor,Field object · Black Castle / Donau,,field-unresolved,14,13,246,353,False,False,research-required,Actor/prop identity needs confirmation; scene/effect names are context only | Geometry replacement hook for field-unresolved,2c11710c3eab08fc76626f8e4cec4df7f1008449c446974d6e87f6b764b68561,681b49e8304a9c5806d48f48e21a82c9baf0a9b08bd041e4ece4709dc180799b
model-6431faa6f6d29f99,6-unresolved-actor,Field object · Forest / Seles,,field-unresolved,14,20,80,80,False,False,research-required,Actor/prop identity needs confirmation; scene/effect names are context only | Geometry replacement hook for field-unresolved | Topology needs inspection before surface refinement,2a259e76116f53c7299a8b7b62358c33c288423879ec5acd454d40d338866e37,6431faa6f6d29f99016835f9652236226823946fa05b887069b016966e8a9aa0
model-f9921661026d5ffa,6-unresolved-actor,Field object · Fueno / Hellena Prison,,field-unresolved,14,1,16,24,False,False,research-required,Actor/prop identity needs confirmation; scene/effect names are context only | Geometry replacement hook for field-unresolved,6c846e51922bb851cfddce4dc166db6d7b0ae494dfc9ccb458438b5c3332a736,f9921661026d5ffa9027d83efc4579b7546b662f6534da8218f3d6a47f848270
model-137dff5dfdd85b4f,6-unresolved-actor,Field object · Hellena Prison / Seles,,field-unresolved,14,1,6,4,False,False,research-required,Actor/prop identity needs confirmation; scene/effect names are context only | Geometry replacement hook for field-unresolved,86bb27e6dfeef306cc50bf1c9846e407fa4c0c6558f2502945c5dfdbc75c2882,137dff5dfdd85b4f3f91435be042e40430dc92def8839d9bccc66791143fd414
model-c042918306816207,6-unresolved-actor,Field object · Twin Castle,,field-unresolved,14,16,236,338,False,False,research-required,Actor/prop identity needs confirmation; scene/effect names are context only | Geometry replacement hook for field-unresolved,06f4f584c2b66e5fe1e4dee5dc6dcde77569aca979e59a3049607b546d504661,c04291830681620738479ebec8cca2f3f6814bd2762275e1facb68f3052e2a38
model-598c93d8a1ff3863,6-unresolved-actor,Field object · Aglis / Flanvel Tower,,field-unresolved,13,29,406,561,True,False,research-required,Actor/prop identity needs confirmation; scene/effect names are context only | Auxiliary/animated palette contract must be supported before replacement | Geometry replacement hook for field-unresolved | Topology needs inspection before surface refinement,56279b2487ef79fc42f63dba78b5fe64083a186d77b75a0f796883fe830a86a3,598c93d8a1ff3863c827faacd136facc979027fa4cbdd03073754e12073f9d65
model-095b29f16e5f6ac9,6-unresolved-actor,Field object · Deningrad / Furni,,field-unresolved,13,11,188,282,False,False,research-required,Actor/prop identity needs confirmation; scene/effect names are context only | Geometry replacement hook for field-unresolved,7804a4b06e01ae90550048f93e578b86bb3306b782a6ff81e47a733e796a0b50,095b29f16e5f6ac950c3a8b47deff1cd8dc0c549b2ae62287466b5927b8178a1
model-32d1606c8eef8395,6-unresolved-actor,Field object · Donau / Fletz,,field-unresolved,13,15,236,354,False,False,research-required,Actor/prop identity needs confirmation; scene/effect names are context only | Geometry replacement hook for field-unresolved,2a2b1966e436d55ce1f8ffe8a5d56a78936be4c2315caecb660f6e1379ea4f91,32d1606c8eef83950e945848140bd3bf1c38ce3817e9e73579253d5d88ad59f4
model-81d85355ca8255d6,6-unresolved-actor,Field object · Donau / Fletz,,field-unresolved,13,1,18,12,False,False,research-required,Actor/prop identity needs confirmation; scene/effect names are context only | Geometry replacement hook for field-unresolved,d45ce5c7854a7d3d69a09d1a4140e0bdbaf35ba82db9a99addbdd24c103c37bb,81d85355ca8255d670b432933e2db41c12dd3bdb0295a9997492334cb3aa781c
model-eadf8fdfbe2457b2,6-unresolved-actor,Field object · Kazas / Lohan,,field-unresolved,13,15,210,296,False,False,research-required,Actor/prop identity needs confirmation; scene/effect names are context only | Geometry replacement hook for field-unresolved,cc54bc0fce8a960616069a5b2d1d42f60e5173a301350eb4e5fb14bcf03e43b1,eadf8fdfbe2457b2853d1f321964ce8b359c7b0713736308113d296fa7e30c0a
model-a1bb4fec8321f754,6-unresolved-actor,Unresolved container SECT/DRGN0.BIN/0,,unresolved-container,13,17,509,875,False,False,research-required,Actor/prop identity needs confirmation; scene/effect names are context only | Geometry replacement hook for unresolved-container | Topology needs inspection before surface refinement,908ad41fc4e825863a60286c35bb3e7b5be30d9a6b14be94d0141f25606f93e5,a1bb4fec8321f7547d2651177a5e48d4288bd61080443cb9a25e3ef3f7145ab9
model-a006e38db5591fb7,6-unresolved-actor,Field object · Bale / Black Castle,,field-unresolved,12,20,167,232,False,False,research-required,Actor/prop identity needs confirmation; scene/effect names are context only | Geometry replacement hook for field-unresolved,112207f5a0844b4b3bfd0f6632ea000a74d22a366eef1606e8fbad5f555d8cb4,a006e38db5591fb76e5622b215bf858bf17460f3d8f38f885f67cad330447e87
model-dc17d4c48a1ef9da,6-unresolved-actor,Field object · Bale / Forest,,field-unresolved,12,21,163,225,False,False,research-required,Actor/prop identity needs confirmation; scene/effect names are context only | Geometry replacement hook for field-unresolved | Topology needs inspection before surface refinement,5f96335462aaaa3af95d21fae6fa9ab0e83b06b2f836a0c0d73e5576eae53373,dc17d4c48a1ef9daec050fd4c998c452be022c103376b37cc345084350c176d3
model-da8c1c01bb67924a,6-unresolved-actor,Field object · Bale / Fueno,,field-unresolved,12,17,222,327,False,False,research-required,Actor/prop identity needs confirmation; scene/effect names are context only | Geometry replacement hook for field-unresolved,78c948d5e48be198ac8fcd22b5c44d429b2a39fca8723dbc8b707e2e18435d46,da8c1c01bb67924ab307b5614541583b37751029a2cef1836af64760b0557d0e
model-84ab97aedf428abd,6-unresolved-actor,Field object · Bale / Kazas,,field-unresolved,12,13,205,295,False,False,research-required,Actor/prop identity needs confirmation; scene/effect names are context only | Geometry replacement hook for field-unresolved,0e21c87a48f85c4c87302a05ea3079a4912cee45df46319933808a36ef2359d5,84ab97aedf428abd61913518a7d62d667afb4bf10e0c9e062fdf0aeabd0263ae
model-f78766033ae5faae,6-unresolved-actor,Field object · Bale / Lohan,,field-unresolved,12,15,145,170,False,False,research-required,Actor/prop identity needs confirmation; scene/effect names are context only | Geometry replacement hook for field-unresolved,d63e1b5a50724bb2f11034f5cc59b15ad3f97fe8196a9e1a75f662614e8a58ea,f78766033ae5faae9ba366d4b4f01f74724fb586b00b710a6a6a73834e69ea0c
model-3fdec5fbe83db49d,6-unresolved-actor,Field object · Crystal Palace / Deningrad,,field-unresolved,12,18,257,412,False,False,research-required,Actor/prop identity needs confirmation; scene/effect names are context only | Geometry replacement hook for field-unresolved,0f04cb226c2b9e2d64f719f0fb9ec49118e45ec09b1853f3dab92191c7be6f9d,3fdec5fbe83db49d97f1dc7df851d573869089055035d49d7f50169b116c23ab
model-27e638a651a319a2,6-unresolved-actor,Field object · Donau / Fletz,,field-unresolved,12,1,18,12,False,False,research-required,Actor/prop identity needs confirmation; scene/effect names are context only | Geometry replacement hook for field-unresolved,2c5cca7b1b0a3a1527e0380aa836531d5c87835c0e3a559f50370694cf605da2,27e638a651a319a25817c5757a148a9ab1c9fef5cd4149a76afaeb86006bebc1
model-42a68882562df638,6-unresolved-actor,Field object · Donau / Fletz,,field-unresolved,12,1,18,12,False,False,research-required,Actor/prop identity needs confirmation; scene/effect names are context only | Geometry replacement hook for field-unresolved,3324187c3ee62b57d2016144183fef20c33e4c422ba396d7851358d9670cfae9,42a68882562df638291c8c0252b1080134ea0d1aa9acf4faec67550fe0b2a8ec
model-e21c4f9c7db15f89,6-unresolved-actor,Field object · Fueno / Lidiera,,field-unresolved,12,20,167,232,False,False,research-required,Actor/prop identity needs confirmation; scene/effect names are context only | Geometry replacement hook for field-unresolved,99488424c18eca4deb2793e6f3113b4104a890dc9dab17a2a0ec8d496e06d6f9,e21c4f9c7db15f899d5e0dd19186d849d8e1c7da7d5a2e46478c8c91c17abf92
model-5410c28900a3b5d7,6-unresolved-actor,Field object · Hellena Prison,,field-unresolved,12,2,122,178,False,False,research-required,Actor/prop identity needs confirmation; scene/effect names are context only | Geometry replacement hook for field-unresolved | Topology needs inspection before surface refinement,21387ea66e0b8fda186f74694f2a37ccb0268b0ce78ead5104c2d52a2a0c62e7,5410c28900a3b5d7c3dd654343bae365ad61849bacb46ef308982133ea175b20
model-e9c0977bb84d9e48,6-unresolved-actor,Field object · Indels Castle / Lohan,,field-unresolved,12,16,159,206,False,False,research-required,Actor/prop identity needs confirmation; scene/effect names are context only | Geometry replacement hook for field-unresolved,9ba925c2402146960f3b1197b673630abc9dad69cc09f7964a56231f155f4a05,e9c0977bb84d9e48f6e2835db7da8e1db183d917495da6ab7d09e4c5ee8d817a
model-74c366879c058ca6,6-unresolved-actor,Field object · Shirley's Shrine,,field-unresolved,12,1,8,12,False,False,research-required,Actor/prop identity needs confirmation; scene/effect names are context only | Geometry replacement hook for field-unresolved,949d5c8baf533dfe2104b5b98652bb22e2bea7e354e7707fb0d4d5fa23918da4,74c366879c058ca60d07b29f5f23f908c335ebf8d90f90b15918d768704dae79
model-de59d08bb14622f7,6-unresolved-actor,Field object · The Queen Fury / Twin Castle,,field-unresolved,12,21,250,365,False,False,research-required,Actor/prop identity needs confirmation; scene/effect names are context only | Geometry replacement hook for field-unresolved,4ed94628850c410613349a8e0e793f1789c6fa3816c191e31e5695b4b5684205,de59d08bb14622f74a794cdefc8675e472a4a9ba8d0ca9cef73e949dd90886d3
model-b87e5e2732a2f41b,6-unresolved-actor,Knight #2 · candidate,,field-unresolved,12,16,143,173,False,False,research-required,Actor/prop identity needs confirmation; scene/effect names are context only | Geometry replacement hook for field-unresolved,623a4933a874919897633510fc798a89e6acc22712cb88e27b775af3a1e2cfa9,b87e5e2732a2f41ba42a9bdb3845c72fc7c5c9c8f7e55868c53b81d2ad128f19
model-2071a3f1ac1dae37,6-unresolved-actor,reporting knight · candidate,,field-unresolved,12,15,234,361,False,False,research-required,Actor/prop identity needs confirmation; scene/effect names are context only | Geometry replacement hook for field-unresolved,01f4945d0fd8a7922c6c34489c490b99c48a771f1672793b2595cece84f40d99,2071a3f1ac1dae37f72592fbfc9f4730a94fa948aed845838a2abf2c37544d1f
model-da90caba029d54db,6-unresolved-actor,Field object · Bale / Deningrad,,field-unresolved,11,19,299,490,False,False,research-required,Actor/prop identity needs confirmation; scene/effect names are context only | Geometry replacement hook for field-unresolved,5785c4a23a95fa4cbd45f751b62ec217bfd02d7bb5c9f86d0e79a6c9ef2b3042,da90caba029d54dbcaef525e304a21bdb51268421d3dd93097dc21da822d5d6a
model-0c505ee68aa3385d,6-unresolved-actor,Field object · Donau / Fletz,,field-unresolved,11,16,237,353,False,False,research-required,Actor/prop identity needs confirmation; scene/effect names are context only | Geometry replacement hook for field-unresolved,01ca39223021afab614a46b39e19c636f297e98d84bfe84f0559f383afb8a5e2,0c505ee68aa3385d0843e2b4c884766781c61f16baf3d7ceeb11ed438eb4b501
model-aa07a4e1832fb1a0,6-unresolved-actor,Field object · Donau / Fletz,,field-unresolved,11,16,237,353,False,False,research-required,Actor/prop identity needs confirmation; scene/effect names are context only | Geometry replacement hook for field-unresolved,2fa4f3937eedb3974214bfdd284e1cc878fa40452bee135c6280cffddf74a183,aa07a4e1832fb1a0d23807f954132ff89850017ac06a206788148378f0e996be
model-b05476225ed34e75,6-unresolved-actor,Kongol · candidate,,field-unresolved,11,18,354,552,False,False,research-required,Actor/prop identity needs confirmation; scene/effect names are context only | Geometry replacement hook for field-unresolved | Topology needs inspection before surface refinement,fb282b4ad0c3debd6aee0137a5671d2bf0ae9b774aec1b201099b650377b35cf,b05476225ed34e75bf6153971b7754328b67136840bd34c59740bd48b6327cab
model-da3514d002ea0f3a,6-unresolved-actor,Shana · candidate,,field-unresolved,11,17,311,510,False,False,research-required,Actor/prop identity needs confirmation; scene/effect names are context only | Geometry replacement hook for field-unresolved,fb256cc1d19aa730819ad26a01d0becbea33721a45a0db0ae56d76fa1bb4a0f0,da3514d002ea0f3a834a92bc52e1da9ab79dc801a9bc73e99f9b8dc5ff642718
model-4899591b76fe7b9e,6-unresolved-actor,Field object · Bale / Black Castle,,field-unresolved,10,15,207,314,False,False,research-required,Actor/prop identity needs confirmation; scene/effect names are context only | Geometry replacement hook for field-unresolved,8fc24e4f2de4791157b882d4d9aea08374f2f36b528b29aa7c8fd53216f2954d,4899591b76fe7b9e99fedeb9921049a5e5a50eba90f2205850650c1ed0a12f74
model-1ed5a1050781f598,6-unresolved-actor,Field object · Crystal Palace / Deningrad,,field-unresolved,10,15,261,392,False,False,research-required,Actor/prop identity needs confirmation; scene/effect names are context only | Geometry replacement hook for field-unresolved | Topology needs inspection before surface refinement,e5fb46b5b2c93aa0ac68ed79ae335b0a4ca288908a7f5935fa12a9eba0693033,1ed5a1050781f598d57056d6e1b5be549bdf35b30c98d069c9f7acab1efa52e2
model-83d99d1853e73470,6-unresolved-actor,Field object · Crystal Palace / Deningrad,,field-unresolved,10,18,268,402,False,False,research-required,Actor/prop identity needs confirmation; scene/effect names are context only | Geometry replacement hook for field-unresolved,ad5af5026f61b3607ed5fb94c687b83208af12e53b65886d15045045bc1e3d1e,83d99d1853e73470e9105f94f6c56d40e2f085a2a63908112979353c1b34739a
model-dfaab7c52269593c,6-unresolved-actor,Field object · Donau / Fletz,,field-unresolved,10,1,18,12,False,False,research-required,Actor/prop identity needs confirmation; scene/effect names are context only | Geometry replacement hook for field-unresolved,dd57d63321b07a9997231441815b3df68220125599ffdcf9a5cceed2d4bca215,dfaab7c52269593cff2e79f911b451dd3228f19e313a6242d3643b7199bd9e4a
model-fbed6f55e0139170,6-unresolved-actor,Field object · Donau / Fletz,,field-unresolved,10,15,223,333,False,False,research-required,Actor/prop identity needs confirmation; scene/effect names are context only | Geometry replacement hook for field-unresolved,f70daa745cda8f7dcca7c73b3a8e7b4f733312042d04df1cf57041d379c34d59,fbed6f55e0139170174f5387b4fa847d73c0f29c080706fa38d43afd0dba7a4a
model-18041fa666457d90,6-unresolved-actor,Field object · Fletz / Fueno,,field-unresolved,10,15,214,316,False,False,research-required,Actor/prop identity needs confirmation; scene/effect names are context only | Geometry replacement hook for field-unresolved,2d0125344042d98b5ee596490cc9bad0aaa630c3b7b710959d964f36fa9b15f7,18041fa666457d90e49402c3a57d42f6090f9efaf096f81f8785496c223810b5
model-3038b95512b46b5d,6-unresolved-actor,Field object · Fueno / Lidiera,,field-unresolved,10,17,244,342,False,False,research-required,Actor/prop identity needs confirmation; scene/effect names are context only | Geometry replacement hook for field-unresolved,2a66b2240b6716242bf5de542dab836505f7f25a83ddb51c13e7ac8e49c1200c,3038b95512b46b5dc5f508ecfc0585bbd067cf5c9588a301341e8aa64bb7ed11
model-603eb7a3b465f32c,6-unresolved-actor,Field object · Hellena Prison / Indels Castle,,field-unresolved,10,18,225,378,False,False,research-required,Actor/prop identity needs confirmation; scene/effect names are context only | Geometry replacement hook for field-unresolved,8c5f3dfebb50f9a5a1362883bc5edf736fa11e4f2da5d77abe93438baa532b37,603eb7a3b465f32c34d64d90fdc9a2941d7edbbb3ebf67d0b9a84d737bb12ef5
model-0b9a2bb88465a760,6-unresolved-actor,Field object · Hellena Prison / Lohan,,field-unresolved,10,23,474,589,False,False,research-required,Actor/prop identity needs confirmation; scene/effect names are context only | Geometry replacement hook for field-unresolved,a0a699dcafd944618d4e08d58eb55fa1e0bf1680e000ee34e0174e0d1f33d173,0b9a2bb88465a7601913fb77cbdf728f022d831ab1cc0d00d8cc493266687df5
model-ebe525f8991bdc32,6-unresolved-actor,Field object · Shirley's Shrine,,field-unresolved,10,19,340,534,False,False,research-required,Actor/prop identity needs confirmation; scene/effect names are context only | Geometry replacement hook for field-unresolved | Topology needs inspection before surface refinement,1cdaa9dae22170f39643e3fa568d482bcd189c0765998dd8c8c2e7085249e568,ebe525f8991bdc3279b300330babe4acb3a0d6a5c0f0d37c6caaf243b1ec70ba
model-bf929d972d6f28a9,6-unresolved-actor,Field object · Valley,,field-unresolved,10,1,13,22,False,False,research-required,Actor/prop identity needs confirmation; scene/effect names are context only | Geometry replacement hook for field-unresolved,35d3deea7ebc0df253197de0e72c221b4c06ccc7776a7684019dfa855c6ea09e,bf929d972d6f28a9bda61303bc1e50321cfd4513cc09cbdc7ee0d95f31c4094c
model-644d4cb9425e3f9d,6-unresolved-actor,Field object · Zenebatos,,field-unresolved,10,4,56,96,False,False,research-required,Actor/prop identity needs confirmation; scene/effect names are context only | Geometry replacement hook for field-unresolved,56cfb3994df0167e75a0dd746d644263c2174c3e798111e703f3fe3d2de978f3,644d4cb9425e3f9dc9c6f850bbbfdc637a3a04866bfe4b1ec3bddf9cb0714392
model-55afbd56e5f8eb2e,6-unresolved-actor,fallen knight / right tower knight · candidate,,field-unresolved,10,19,280,390,False,False,research-required,Actor/prop identity needs confirmation; scene/effect names are context only | Geometry replacement hook for field-unresolved,7cb7b2ba5a720fe3162889b2ca78b54eb35cc9e80edc42dbb3e2880347bfd1a6,55afbd56e5f8eb2edc7eed88fc6ee49886540bdd2a5ba9d4da85ee5f314b499f
model-d890c0e347907b4d,6-unresolved-actor,Bulgus · candidate,,field-unresolved,9,28,336,456,False,False,research-required,Actor/prop identity needs confirmation; scene/effect names are context only | Geometry replacement hook for field-unresolved,ff88014e7ef48cafe6f228a84dcfbc26f9bc02ca7010401f140a7713b09f09d5,d890c0e347907b4dc7cb9760fd26a1c5ec47e30d4f5c4ae58065e9ffb17e81c1
model-231d2ee0f13c430d,6-unresolved-actor,Field object · Bale / Lohan,,field-unresolved,9,15,223,323,False,False,research-required,Actor/prop identity needs confirmation; scene/effect names are context only | Geometry replacement hook for field-unresolved,9931dfd863b332cac83e53bf7f7a4069f3b16f0b3d5218ec37d65ab9fd3c9c04,231d2ee0f13c430d88c2896f06ed6d0ce01845178046f841149310c4d8ac88c8
model-2ad03513607213fd,6-unresolved-actor,Field object · Deningrad / Furni,,field-unresolved,9,12,218,322,False,False,research-required,Actor/prop identity needs confirmation; scene/effect names are context only | Geometry replacement hook for field-unresolved,2da697392a92e0d7743a5acf3cef3837429222997ceef67c9f20731a236668e4,2ad03513607213fd4c577bb27119d1f5ecc1f780f8a6860ea8ef59b2b50d824a
model-665314a185dc1083,6-unresolved-actor,Field object · Donau / Fletz,,field-unresolved,9,13,272,401,False,False,research-required,Actor/prop identity needs confirmation; scene/effect names are context only | Geometry replacement hook for field-unresolved,c9c60cbb19dd238b08c7306966d6fa3ad6418946cfec4862ff73e9771f0f1311,665314a185dc10836f61cda02094bb80421e6e18fcea119481d8572787ef0834
model-fbcc96b916b306f2,6-unresolved-actor,Field object · Fletz / Fueno,,field-unresolved,9,18,257,354,False,False,research-required,Actor/prop identity needs confirmation; scene/effect names are context only | Geometry replacement hook for field-unresolved,603bb64532f503ab1a4d30c4613405ee16033f17000563357ca4183a09eb7de1,fbcc96b916b306f2476ed64b59c41f42cf5d8d08ff97f9a273495f5b306623d9
model-cdb112cdb43c01bf,6-unresolved-actor,Field object · Forbidden Land / Zenebatos,,field-unresolved,9,1,98,128,False,False,research-required,Actor/prop identity needs confirmation; scene/effect names are context only | Geometry replacement hook for field-unresolved,4f90749cc33b3958dfcde62efd7e01d45daada5fdc34ee3b44baf11472092d17,cdb112cdb43c01bf79c5c8daac76ca155c116980ef3a9751f528318468bb8c05
model-b26005e67025dfbc,6-unresolved-actor,Field object · Bale / Fueno,,field-unresolved,8,18,259,382,False,False,research-required,Actor/prop identity needs confirmation; scene/effect names are context only | Geometry replacement hook for field-unresolved,06ca79470cd2ac48cfbba742b345486beedaeae65676a1450f64fda7e6c6a874,b26005e67025dfbc840a1fb40b7090e7ae710ed9e9c8a043ebf8a6fbb260eeab
model-2c40934cc89566da,6-unresolved-actor,Field object · Bale / Lohan,,field-unresolved,8,13,137,171,False,False,research-required,Actor/prop identity needs confirmation; scene/effect names are context only | Geometry replacement hook for field-unresolved,4158ffacdebd7ad5b87814c7958fe35ff2e66ecda050befd790102619784ff0e,2c40934cc89566da60e4abd615d43ed76bac25861dabb64a39b3b757b4a53d12
model-04c8e671926dcda4,6-unresolved-actor,Field object · Black Castle / Kazas,,field-unresolved,8,14,242,335,False,False,research-required,Actor/prop identity needs confirmation; scene/effect names are context only | Geometry replacement hook for field-unresolved,1d749434d0ed2c1ba581efbc9f14a2c5d7f7819a8d6f30de97d69d05be130efc,04c8e671926dcda48cb41568221346a1e709df503dfde352b780fce54f407bb1
model-2030ccc39c1c81e0,6-unresolved-actor,Field object · Black Castle / Kazas,,field-unresolved,8,15,220,326,False,False,research-required,Actor/prop identity needs confirmation; scene/effect names are context only | Geometry replacement hook for field-unresolved,5aa5cec1c8695205b69294b73b69cf40be2a69ce395a2e59b8167505324b880d,2030ccc39c1c81e06e4659e032540f839befdca56d983966882b4d9540ad16f7
model-885c767c00d349a1,6-unresolved-actor,Field object · Deningrad / Evergreen Frst,,field-unresolved,8,14,216,326,False,False,research-required,Actor/prop identity needs confirmation; scene/effect names are context only | Geometry replacement hook for field-unresolved,623cfeec19efabcdbba46a0258989fe249557085b245b99d7220704efef7d213,885c767c00d349a18f9b7e961528bea3324759bb825e420045b1b8c568114524
model-18197ee842483966,6-unresolved-actor,Field object · Donau,,field-unresolved,8,2,8,4,False,False,research-required,Actor/prop identity needs confirmation; scene/effect names are context only | Geometry replacement hook for field-unresolved,b638b2592be2407f3b191fd60bfe8b6de0ba573f02aefeb8be0211948fb4767a,18197ee842483966c350ea2a2dc278d8c10eee0833e0ab5f48e316042b75f714
model-d74e4aaf8179bb94,6-unresolved-actor,Field object · Donau,,field-unresolved,8,18,257,354,False,False,research-required,Actor/prop identity needs confirmation; scene/effect names are context only | Geometry replacement hook for field-unresolved,6ae13f9fbd02df31c156f551f83aa5b468d11a95f1c1260b6f8f709677a42877,d74e4aaf8179bb94d29cb62145e82e92cab296c763153ddb405309ce06edbb8c
model-fba1cf8741c87e65,6-unresolved-actor,Field object · Donau / Fletz,,field-unresolved,8,19,260,344,False,False,research-required,Actor/prop identity needs confirmation; scene/effect names are context only | Geometry replacement hook for field-unresolved,be5f6bb1b996465a3e324ae25cfc70426b9ebae775911a9bfe4fca885275f066,fba1cf8741c87e6522527c0e9931d66899308c3308c14d43698d5db70d2df5ac
model-8d2b544174307028,6-unresolved-actor,Field object · Donau / Fueno,,field-unresolved,8,17,246,348,False,False,research-required,Actor/prop identity needs confirmation; scene/effect names are context only | Geometry replacement hook for field-unresolved,73ba81d2a2ef0ecf8413b3dac8fd47d36c0a783e5215b013aeb9018cd2bf4fc6,8d2b544174307028d6c495abd1236e8f6a1bea5fe1f5b07b29d0aaa88ed9f29f
model-c633a3545cc3763d,6-unresolved-actor,Field object · Donau / Giganto Home,,field-unresolved,8,16,120,167,False,False,research-required,Actor/prop identity needs confirmation; scene/effect names are context only | Geometry replacement hook for field-unresolved,a43acaa1339001ba2a4affae6fd6729289a402aafda59e1f901f15eb1dabfea1,c633a3545cc3763db891db5e892d078cea1b5164a3efd86f050d80a45fcd0a35
model-709ba7d6c0b3eeb7,6-unresolved-actor,Field object · Evergreen Frst / Furni,,field-unresolved,8,17,224,345,False,False,research-required,Actor/prop identity needs confirmation; scene/effect names are context only | Geometry replacement hook for field-unresolved,d2bb158af79d16b47055e4bf9ed4529b34dd5f5f47585464333da4776b519f19,709ba7d6c0b3eeb75d6805efd093808f0d76e144f9514be72e59c321de8da486
model-9c60e80aeadfccb0,6-unresolved-actor,Field object · Fueno / Indels Castle,,field-unresolved,8,15,223,333,False,False,research-required,Actor/prop identity needs confirmation; scene/effect names are context only | Geometry replacement hook for field-unresolved,5b146fbc40a37eb0b32ed0a99a97d12714c542674d6fa6fcf4c50248d585ab65,9c60e80aeadfccb066ad989b484cbbe28dfeded2cc39ebc05340eb68ed4d2225
model-61c0c9993346fbab,6-unresolved-actor,Field object · Furni,,field-unresolved,8,1,72,128,False,False,research-required,Actor/prop identity needs confirmation; scene/effect names are context only | Geometry replacement hook for field-unresolved,97a94f81e8684880a7138da9d673400c3b157c45b639b7c551bbb7f6fc57271a,61c0c9993346fbab4848309e270f8ee94405afc841891fdb14234ffa0acdc87d
model-c7521c973e673c3e,6-unresolved-actor,Field object · Hellena Prison / Intro Forest,,field-unresolved,8,1,7,6,False,False,research-required,Actor/prop identity needs confirmation; scene/effect names are context only | Geometry replacement hook for field-unresolved,f3fb4a16b3dd7c3040ec4d28a3187ce2440eb7e535d4d7e01a1aca81833c6e6f,c7521c973e673c3ecdf8b52ba755f2ef00c07c3fd38bea2c146080cc6c337641
model-bfbc429a3524cb5b,6-unresolved-actor,Field object · Hellena Prison / Phantom Ship,,field-unresolved,8,16,210,330,False,False,research-required,Actor/prop identity needs confirmation; scene/effect names are context only | Geometry replacement hook for field-unresolved,0210bfa25e1543368c666bc1e77186dee37877b407100ea663820725e311500f,bfbc429a3524cb5b8a09a6bcb962706460fc568611a0d7bfd7c1643547d0f299
model-96a5f4710fce9761,6-unresolved-actor,Field object · Intro Forest / Valley,,field-unresolved,8,1,12,20,False,False,research-required,Actor/prop identity needs confirmation; scene/effect names are context only | Geometry replacement hook for field-unresolved,ab156116ffe05cba30d7e24bf2821a5ec2f43e3aa394b2e61bdae7cef29f819d,96a5f4710fce976154d66e00dbba7f1490d0086ee98cf47d798140c1fadb9a30
model-8436c86db1b1330b,6-unresolved-actor,Field object · Lohan,,field-unresolved,8,15,152,210,False,False,research-required,Actor/prop identity needs confirmation; scene/effect names are context only | Geometry replacement hook for field-unresolved,eebb9994507a46cff6256fed9795e2ba106190eb6139736c69ae93e9a658828e,8436c86db1b1330ba2fd77d3ce9a4a94d14bce261d1a136c315be4ad8f3b5575
model-83444910781316b6,6-unresolved-actor,Field object · Lohan / Town of Hoax,,field-unresolved,8,11,218,326,False,False,research-required,Actor/prop identity needs confirmation; scene/effect names are context only | Geometry replacement hook for field-unresolved,cd4de9c2db7b5cf68ac6c0d29ae21e32ac260770cf4c23dabded163659be1fe6,83444910781316b6b375d8b35003a6e34757b87d01f2d42ac3a51f212c202742
model-0c4ce2b69ad9b60e,6-unresolved-actor,Field object · Phantom Ship,,field-unresolved,8,16,212,303,False,False,research-required,Actor/prop identity needs confirmation; scene/effect names are context only | Geometry replacement hook for field-unresolved | Topology needs inspection before surface refinement,ebc7cb55a4fb782bedf5fd3917256e021f9f626a2ea5d552ffa5b0607be7a190,0c4ce2b69ad9b60e6709fe083e84d380e0cd67dd0cf7211c7a0f9e301f4e09e0
model-b68da4d9018afe2a,6-unresolved-actor,Field object · Twin Castle,,field-unresolved,8,17,271,397,False,False,research-required,Actor/prop identity needs confirmation; scene/effect names are context only | Geometry replacement hook for field-unresolved | Topology needs inspection before surface refinement,921cb6c8c033c9d528cd18e42c78d9a78d766138c0985b36757a1a27cebc6fd2,b68da4d9018afe2a991e0361de7166291fc37f5bdd71851b079f660368d60bcd
model-ead7dfae08e21a40,6-unresolved-actor,Lavitz · candidate,,field-unresolved,8,15,207,327,False,False,research-required,Actor/prop identity needs confirmation; scene/effect names are context only | Geometry replacement hook for field-unresolved,488196210d539905b5498e02aa89e5ef7a86092d683ad564579dab6d31b2822d,ead7dfae08e21a40c3e30e0177ecaa39a3e6f93b30515c741cf84d415644025e
model-1ffb6e1b052d6d9e,6-unresolved-actor,Meru · candidate,,field-unresolved,8,18,165,194,False,False,research-required,Actor/prop identity needs confirmation; scene/effect names are context only | Geometry replacement hook for field-unresolved,3d13bd789d5ea3076ef370dccebc0f1e445b6bed6b6b727ecfcef63b1390c053,1ffb6e1b052d6d9ecb4969acfe355aea0319c000f97b68f90be79c6acf7a7e65
model-cc4775b4b2e2c1c2,6-unresolved-actor,Albert · candidate,,field-unresolved,7,22,283,367,False,False,research-required,Actor/prop identity needs confirmation; scene/effect names are context only | Geometry replacement hook for field-unresolved | Topology needs inspection before surface refinement,f50b28ee23dfb6c5fcbbd4cfe1f3f7d08fff18ad4c34038fa4e241860620dfe9,cc4775b4b2e2c1c27927b28dddcd56455202ad5f84e3a3e6290be60f3ec9c65b
model-11bd4a59c62d6842,6-unresolved-actor,Field object · Aglis / Fort Magrad,,field-unresolved,7,15,305,507,False,False,research-required,Actor/prop identity needs confirmation; scene/effect names are context only | Geometry replacement hook for field-unresolved | Topology needs inspection before surface refinement,c14017c77c1d9e537fea70e5ab0f183f7a6cc8d0479c76786401e2cc354af7f4,11bd4a59c62d684258c86af22308e2d9408f29e7b1aea8f36b1ae2a39457c22f
model-f12f907834660fd1,6-unresolved-actor,Field object · Aglis / Rouge,,field-unresolved,7,12,263,364,True,False,research-required,Actor/prop identity needs confirmation; scene/effect names are context only | Auxiliary/animated palette contract must be supported before replacement | Geometry replacement hook for field-unresolved,e6c6e61d8bcf88694be7ca7941134b017b3a98d471512aece498c0501eea3511,f12f907834660fd1187d39cec687cfbcaebbc7f6988b29c30ad707257cfe79b4
model-94728293951f4fb0,6-unresolved-actor,Field object · Aglis / Ulara,,field-unresolved,7,20,232,339,True,False,research-required,Actor/prop identity needs confirmation; scene/effect names are context only | Auxiliary/animated palette contract must be supported before replacement | Geometry replacement hook for field-unresolved | Topology needs inspection before surface refinement,5ffdb41b71aec40073090a8b5697e2fce8b2f28eea323bc137137ea332f6331e,94728293951f4fb0ff63949b6bc9457b0caf20952d3ec9eefba503ed3541bc28
model-03b78ebc0ba1217d,6-unresolved-actor,Field object · Crystal Palace / Furni,,field-unresolved,7,30,590,974,False,False,research-required,Actor/prop identity needs confirmation; scene/effect names are context only | Geometry replacement hook for field-unresolved | Topology needs inspection before surface refinement,1efdd457a7ba952475d50a837e320f98754b20ba024d206680562958dd4dba69,03b78ebc0ba1217dd6278ef3053c40b482faf4e043c74a44875dc19ec0232774
model-73f3f245750aac5f,6-unresolved-actor,Field object · Evergreen Frst / Furni,,field-unresolved,7,32,373,457,False,False,research-required,Actor/prop identity needs confirmation; scene/effect names are context only | Geometry replacement hook for field-unresolved,8f48523368b6617f58e01890acb806a48427e09ee54210491bdd30297e2471d1,73f3f245750aac5f850e5b05b93ddd4f769d742587c4475a96903ad54d49cd79
model-573b1178d2c265ab,6-unresolved-actor,Field object · Evergreen Frst / Nest of Dragon,,field-unresolved,7,19,281,428,False,False,research-required,Actor/prop identity needs confirmation; scene/effect names are context only | Geometry replacement hook for field-unresolved,86ff39c04c1ad9b81cd91f59dc65c489df33a2dd0951fb11f8f0ed79afd478ff,573b1178d2c265abf5af27cf63b1bd6fd864368b329dfac93f78b2337b50ed59
model-24eea0d9c3f105b2,6-unresolved-actor,Field object · Intro Forest / Vellweb,,field-unresolved,7,53,696,1094,False,False,research-required,Actor/prop identity needs confirmation; scene/effect names are context only | Geometry replacement hook for field-unresolved,5c9706f37fa67b8918c0b43ba138dd634019349d0fb779cdc908155afdae0e2e,24eea0d9c3f105b2ed024416cba37dbf37ce7c7c19a652d137a2847e52d95e48
model-cd8aeb654ba750f6,6-unresolved-actor,Field object · Moon,,field-unresolved,7,1,38,60,True,False,research-required,Actor/prop identity needs confirmation; scene/effect names are context only | Auxiliary/animated palette contract must be supported before replacement | Geometry replacement hook for field-unresolved,a6eff1d496518529b6a3ef2df185d5ee6cea84ef9735c278721f36816e503769,cd8aeb654ba750f69c0086e9fa861e3b2d5bd51953a4bf86f98d00ad81935066
model-1add342b02751d88,6-unresolved-actor,Field object · Rouge / Seles,,field-unresolved,7,1,6,4,False,False,research-required,Actor/prop identity needs confirmation; scene/effect names are context only | Geometry replacement hook for field-unresolved,caf0af491fd2a431d6f1354e915912b48b00d28d371129e79a91714ba97a28cc,1add342b02751d885ff8365d7a44e97861cc3ee86bc6dfbdbeb9f873e38e19f9
model-4e3004ff4c4e0e1c,6-unresolved-actor,Field object · Ulara / Wingly Forest,,field-unresolved,7,18,202,287,True,False,research-required,Actor/prop identity needs confirmation; scene/effect names are context only | Auxiliary/animated palette contract must be supported before replacement | Geometry replacement hook for field-unresolved | Topology needs inspection before surface refinement,790937e72a87c8a5978e1d134e8af683b5f287e4ff82f86a19dca5b939bb9cd4,4e3004ff4c4e0e1c0079899880b17141c940b3be95d70432e5a010c11d8565c3
model-6829fbb5e0ad1559,6-unresolved-actor,Field object · Ulara / Wingly Forest,,field-unresolved,7,16,224,340,True,False,research-required,Actor/prop identity needs confirmation; scene/effect names are context only | Auxiliary/animated palette contract must be supported before replacement | Geometry replacement hook for field-unresolved | Topology needs inspection before surface refinement,101887961bcd748f8709f817a8328687a838110564c5896481450db042c105e1,6829fbb5e0ad1559d2897645737c97570d97da3444d203ace097e9e92d0e79f8
model-af179d4e75fa507d,6-unresolved-actor,Field object · unnamed scene,,field-unresolved,7,36,508,804,False,False,research-required,Actor/prop identity needs confirmation; scene/effect names are context only | Geometry replacement hook for field-unresolved | Topology needs inspection before surface refinement,6be6feb92456e8b860463e83a2be1f9042c367aefebaee6a9ea68a34df623ee3,af179d4e75fa507d3754a26806d580d208274a774f41f5d48dd8f3bb378e9703
model-e59d0db0dcd7bc9d,6-unresolved-actor,Field object · Aglis / Evergreen Frst,,field-unresolved,6,18,217,325,True,False,research-required,Actor/prop identity needs confirmation; scene/effect names are context only | Auxiliary/animated palette contract must be supported before replacement | Geometry replacement hook for field-unresolved | Topology needs inspection before surface refinement,f0973c341d033951c3637e864981ce3b12710e3601b53c87f0991a6727b8e855,e59d0db0dcd7bc9d1528af3b9baa988eb5f277791c6f55e3a5c5675534afa670
model-f1a7d10447dc0a92,6-unresolved-actor,Field object · Aglis / Evergreen Frst,,field-unresolved,6,1,106,112,True,False,research-required,Actor/prop identity needs confirmation; scene/effect names are context only | Auxiliary/animated palette contract must be supported before replacement | Geometry replacement hook for field-unresolved,b0c2cc863460b9af83053c3ea79e5b08ba1a71036eb786260a83106443ca9a6d,f1a7d10447dc0a92d8140af5faf999a2c28367608da78cfe0229b24f21c63740
model-b26ed95822ddc8a8,6-unresolved-actor,Field object · Aglis / Mayfil,,field-unresolved,6,2,31,34,True,False,research-required,Actor/prop identity needs confirmation; scene/effect names are context only | Auxiliary/animated palette contract must be supported before replacement | Geometry replacement hook for field-unresolved,74d394d4d6ecab07ce5028bc010a2b9cc6994c76ddba73af099cede8c56c3b57,b26ed95822ddc8a8ce494141840fc05f9fb0d90c18ef182fcf7f3d551fbadf3e
model-b8e423cceeae736f,6-unresolved-actor,Field object · Barrens / Hellena Prison,,field-unresolved,6,34,319,452,False,False,research-required,Actor/prop identity needs confirmation; scene/effect names are context only | Geometry replacement hook for field-unresolved | Topology needs inspection before surface refinement,ac5f53d8494f67b1bae73792cbc9fe1f41c20afea97952884306729e8e1ed034,b8e423cceeae736f51cb6491b9c9a056c6277de7e3abb056e32c0e427ae2ab38
model-9db9d6853afa8b13,6-unresolved-actor,Field object · Black Castle,,field-unresolved,6,3,35,60,False,False,research-required,Actor/prop identity needs confirmation; scene/effect names are context only | Geometry replacement hook for field-unresolved | Topology needs inspection before surface refinement,8302d1b5b712a51f20a6e9a75f2d06c253583748c4e201b62a824b5c460b9415,9db9d6853afa8b13d5c7a6cfac91116f4af12d63230da3cccd4f3228521bc4f7
model-496f89da1feedb95,6-unresolved-actor,Field object · Crystal Palace / Flanvel Tower,,field-unresolved,6,14,233,339,False,False,research-required,Actor/prop identity needs confirmation; scene/effect names are context only | Geometry replacement hook for field-unresolved | Topology needs inspection before surface refinement,2721a419bd1021f18631c4c1d06cb179e322d93e4074b96bbe8b06e1aa801664,496f89da1feedb95ed6bfd96a3ac781a5f2c57e68c01671df7d9d3d18e25bebb
model-bb7669c6f34a3344,6-unresolved-actor,Field object · Deningrad / Furni,,field-unresolved,6,14,221,324,False,False,research-required,Actor/prop identity needs confirmation; scene/effect names are context only | Geometry replacement hook for field-unresolved,074f3b9d652e1686e02b7d30f101286958a68a82b5a4435bade49220e185794d,bb7669c6f34a3344c275437f1a1188f3ed063111f80f9f509cb2c7fb4561bfcf
model-7bb72c7d7976ccce,6-unresolved-actor,Field object · Divine Tree,,field-unresolved,6,7,69,79,False,False,research-required,Actor/prop identity needs confirmation; scene/effect names are context only | Geometry replacement hook for field-unresolved,182084dadcbd2ff1e8c80452097f736d3714e0aaedccb640255279932035a53e,7bb72c7d7976ccce28542017ba79b29fbf81589be07a58508e12aabe728c8374
model-d73cd40461788ab7,6-unresolved-actor,Field object · Donau / Fletz,,field-unresolved,6,18,263,364,False,False,research-required,Actor/prop identity needs confirmation; scene/effect names are context only | Geometry replacement hook for field-unresolved,4c17a3c4e8e7040597e0367e31d8e34506c50e465b270fb7d281027e0b3c1881,d73cd40461788ab7f4b2be816609f74046fc349bdcae4e0ccc70d4f463d7e347
model-fddcc2dfa5fd3f72,6-unresolved-actor,Field object · Donau / Lohan,,field-unresolved,6,15,244,397,False,False,research-required,Actor/prop identity needs confirmation; scene/effect names are context only | Geometry replacement hook for field-unresolved | Topology needs inspection before surface refinement,cae4e970238953fde27bad91d6301878a0f9b44177ed8d49f28de873eb211381,fddcc2dfa5fd3f721c4b5d614eae0f442b47c756ad352b8bda587f7d7b93849e
model-3e1cef6b1266afb6,6-unresolved-actor,Field object · Donau / Twin Castle,,field-unresolved,6,15,247,346,False,False,research-required,Actor/prop identity needs confirmation; scene/effect names are context only | Geometry replacement hook for field-unresolved | Topology needs inspection before surface refinement,a7f1bd5f01589ad885e87bf30850fa348d00f54e39859cc87bfdb49889ce8df6,3e1cef6b1266afb6f0e191e23106a6f04b4dc0522e55519dea30f6ce4031fdd3
model-2ce6950e318c337b,6-unresolved-actor,Field object · Forest / Mayfil,,field-unresolved,6,28,396,583,False,False,research-required,Actor/prop identity needs confirmation; scene/effect names are context only | Geometry replacement hook for field-unresolved | Topology needs inspection before surface refinement,e31e5ee807b94a6cc1ea3d4dc99c7d434ab42f085709c1321bf1d34d42d5266f,2ce6950e318c337bea67701a9f173bca547b765e00e72f51dae17c325cdb595c
model-38a2e4f657a0d0d1,6-unresolved-actor,Field object · Giganto Home / Undersea Cavern,,field-unresolved,6,27,386,541,False,False,research-required,Actor/prop identity needs confirmation; scene/effect names are context only | Geometry replacement hook for field-unresolved | Topology needs inspection before surface refinement,92aea5f97962ef78550f59fd74629493c7923de17df9c4c62b5030f38034a794,38a2e4f657a0d0d12913ee26f8aff6d55db8fe845a9f3c68e2e433b6d62473bc
model-b33ced89b77838f1,6-unresolved-actor,Field object · Giganto Home / Undersea Cavern,,field-unresolved,6,15,232,318,False,False,research-required,Actor/prop identity needs confirmation; scene/effect names are context only | Geometry replacement hook for field-unresolved | Topology needs inspection before surface refinement,9915514371b39cce08ca53ec70793bc5b13b14154f48345674fdb64c2b6b77f2,b33ced89b77838f1c76013bd2263572f679b36a39c9a0183a345a63ca2cddfb5
model-bc3e77f9143e8350,6-unresolved-actor,Field object · Giganto Home / Undersea Cavern,,field-unresolved,6,15,242,324,False,False,research-required,Actor/prop identity needs confirmation; scene/effect names are context only | Geometry replacement hook for field-unresolved,04acc34415e82ed72b4fa4a69a66f2548488bf36d0effa038cfd4dbc2e9c91a5,bc3e77f9143e8350816edecb3e2a3ab98c187127f4323c121711a44e3561ef29
model-ef1447852028e11e,6-unresolved-actor,Field object · Giganto Home / Undersea Cavern,,field-unresolved,6,17,257,349,False,False,research-required,Actor/prop identity needs confirmation; scene/effect names are context only | Geometry replacement hook for field-unresolved,de99b1e5b459fd01cb2238b7476a20017c29ffe60a7f5b58ac8026eb8e582a74,ef1447852028e11ed64378c98917403e30fb2ff36d50387f249f9fc59b938087
model-ea71c14b4e836f1e,6-unresolved-actor,Field object · Hellena Prison,,field-unresolved,6,23,297,412,False,False,research-required,Actor/prop identity needs confirmation; scene/effect names are context only | Geometry replacement hook for field-unresolved | Topology needs inspection before surface refinement,e2b28a4eb215c67481d8850df030bb364cb47f757b913cf7c881bf099f43e4cd,ea71c14b4e836f1e6b0a709930c0b745b2af4be55a7bdfb81ff9490e9e3a8c98
model-0e39535e11e46e9c,6-unresolved-actor,Field object · Hellena Prison / Lidiera,,field-unresolved,6,1,4,2,False,False,research-required,Actor/prop identity needs confirmation; scene/effect names are context only | Geometry replacement hook for field-unresolved,f96b68cbb6c6c3ce8edb570c4877d2b20a47d1b9e5be9b9bc30fff45c57d9706,0e39535e11e46e9c3d8a4f80be59647ff4ce6bd9b4bdc844634c9e47d4f38901
model-9d4f84ff224e67af,6-unresolved-actor,Field object · Hellena Prison / Seles,,field-unresolved,6,22,273,374,False,False,research-required,Actor/prop identity needs confirmation; scene/effect names are context only | Geometry replacement hook for field-unresolved | Topology needs inspection before surface refinement,e605700bd732283c63666090163915cdf96977558a97099e6966da7e1373877d,9d4f84ff224e67aface8a434fdadae8eb0a5a1ca6933781b99fc1a47fc696715
model-6298d7a146c49aa8,6-unresolved-actor,Field object · Indels Castle / Lidiera,,field-unresolved,6,1,16,15,False,False,research-required,Actor/prop identity needs confirmation; scene/effect names are context only | Geometry replacement hook for field-unresolved,c39a5eb9afe3fa81c7f470d995e5a828b49f61d6dc8e92737551aadfddae3083,6298d7a146c49aa8c3ddd02a045d50d5b84b0885c06802e0dcbefa03807444f0
model-8eeb25ca6b7eb69e,6-unresolved-actor,Field object · Kazas,,field-unresolved,6,11,218,326,False,False,research-required,Actor/prop identity needs confirmation; scene/effect names are context only | Geometry replacement hook for field-unresolved,93b0aee347ea53faa1684d8f8d05914f58eda305e6c4523b54582435cd82a3d0,8eeb25ca6b7eb69ed805aab25a47b949c30a1c1a30a5fc93516bfe349be4103b
model-dd614d56235cb52f,6-unresolved-actor,Field object · Kazas,,field-unresolved,6,17,258,354,False,False,research-required,Actor/prop identity needs confirmation; scene/effect names are context only | Geometry replacement hook for field-unresolved,dc2c7e8e2f19bb9c75320a88040dda96fd16b93b82c01111e549c24cdea1c492,dd614d56235cb52f861e03573ab58772e7f78b921465be7702d4c66f5e91ffe7
model-1aeacb30746714a7,6-unresolved-actor,Field object · Lohan,,field-unresolved,6,21,261,341,False,False,research-required,Actor/prop identity needs confirmation; scene/effect names are context only | Geometry replacement hook for field-unresolved,eb8d71c0c0bf14078ebc542ef3553c1634400a1c405d9c80b3fd5f85e149daf9,1aeacb30746714a7639ac68adee001dd753f25b56618bf050f491f2e489dece2
model-3a75a7d3ffc03356,6-unresolved-actor,Field object · Lohan / Vol. Villude,,field-unresolved,6,17,242,388,False,False,research-required,Actor/prop identity needs confirmation; scene/effect names are context only | Geometry replacement hook for field-unresolved,a37085bd0c72ce6e026b0ed33f1f5c3d24fc70f6422d6d02eb0688324b07b837,3a75a7d3ffc03356d41d2dbbcd18e31e3de07063033a48ca8ab329e75880c56f
model-a64b62c5dfa2ce0b,6-unresolved-actor,Field object · Marshland / Phantom Ship,,field-unresolved,6,3,89,82,False,False,research-required,Actor/prop identity needs confirmation; scene/effect names are context only | Geometry replacement hook for field-unresolved,1b9b54bb3421ad6f4d01799310a8efc502b769908bd77ce5c06950fa2b120d23,a64b62c5dfa2ce0bfbdf91c99b393c3d8965e12a27de8636717c2483ac9ff016
model-54caef6870a3a7b3,6-unresolved-actor,Field object · Marshland / Seles,,field-unresolved,6,32,246,242,False,False,research-required,Actor/prop identity needs confirmation; scene/effect names are context only | Geometry replacement hook for field-unresolved | Topology needs inspection before surface refinement,ef4966b5fc5da2e3d3a59b078f7450c83e97258a2bfab572d7be99d1a1dacf7d,54caef6870a3a7b3bae613c4c6382a6134f6d72146578f7af0fa0ba4357cc57a
model-ec6ed077580e11a8,6-unresolved-actor,Field object · Neet / Prairie,,field-unresolved,6,17,420,734,False,False,research-required,Actor/prop identity needs confirmation; scene/effect names are context only | Geometry replacement hook for field-unresolved | Topology needs inspection before surface refinement,ad0252c5c1ca9ca9aa6f8d409525286121f1877ddebc59ae71713246308c4eaa,ec6ed077580e11a8571ad8c8a5ecf6e7b5edff0156165626b0b76ce9e1111290
model-e3512a4683976abd,6-unresolved-actor,Field object · Prison Island / Twin Castle,,field-unresolved,6,17,332,518,True,False,research-required,Actor/prop identity needs confirmation; scene/effect names are context only | Auxiliary/animated palette contract must be supported before replacement | Geometry replacement hook for field-unresolved,f71d213a17c66717048f40c3ed91ddf61baaa242924ab0fdaac711812837ed5a,e3512a4683976abdb11075716b402c1ad8f46e27ff586acf6edb52b401c4c50b
model-c9fe115e16033fc9,6-unresolved-actor,Field object · Rouge,,field-unresolved,6,14,207,303,False,False,research-required,Actor/prop identity needs confirmation; scene/effect names are context only | Geometry replacement hook for field-unresolved,76085bf467c427375c386c5d466e32d39861b7dda59b7c9493c872c5582b90b1,c9fe115e16033fc9539cc4fc73992a0173491343bff54645c07a1a4b40780a07
model-cb9dbc2c5770ec17,6-unresolved-actor,Field object · Rouge,,field-unresolved,6,15,188,282,False,False,research-required,Actor/prop identity needs confirmation; scene/effect names are context only | Geometry replacement hook for field-unresolved,fa28efb6be95902ee4f3f979fc2e1e67d6032230e241b8b21d891a9459e3a28f,cb9dbc2c5770ec17f107397b9fde642acb12b2d4b46b1e273de75991c08c81f3
model-db79aa36899beb69,6-unresolved-actor,Field object · Shirley's Shrine / The Queen Fury,,field-unresolved,6,4,44,50,False,False,research-required,Actor/prop identity needs confirmation; scene/effect names are context only | Geometry replacement hook for field-unresolved,d5e15ac199344aaab1a29e67d6b35c8b4f6c5053da27f9a053de05e2c1fb048c,db79aa36899beb697160f9ce2c929e27c84f491d44f9aafe4ddb40a2792bbe33
model-c9aed292687c2376,6-unresolved-actor,Field object · Town of Hoax,,field-unresolved,6,16,203,326,False,False,research-required,Actor/prop identity needs confirmation; scene/effect names are context only | Geometry replacement hook for field-unresolved | Topology needs inspection before surface refinement,8d230f5c04367fed02eeb1b1d2f852b634191654db1fadf14f155c725fb03437,c9aed292687c2376c77e514fab2b7b2cf2503a9aeef23dc4e61d6d39530dac08
model-e08cd7d1150154c3,6-unresolved-actor,Field object · Zenebatos,,field-unresolved,6,3,39,48,False,False,research-required,Actor/prop identity needs confirmation; scene/effect names are context only | Geometry replacement hook for field-unresolved,6aabe17dcfd067a103892fbf145d028fb0762dd69f402443c869a22d0ab080b0,e08cd7d1150154c373189180957af83d27a82ce6a2418e619cadb9bdc814388f
model-14382a2062cd2756,6-unresolved-actor,Sandora soldier · candidate,,field-unresolved,6,32,302,379,False,False,research-required,Actor/prop identity needs confirmation; scene/effect names are context only | Geometry replacement hook for field-unresolved,35e8c0f43d22789f99f74958edce0260cf7036d7d1844f256ec5d3f6d3363b07,14382a2062cd27569aca39b2853dafd7ec9bdc9355112e0c67042cb3fc0e37ec
model-fa6a6a39a7c75b66,6-unresolved-actor,Warden #2 · candidate,,field-unresolved,6,25,317,390,False,False,research-required,Actor/prop identity needs confirmation; scene/effect names are context only | Geometry replacement hook for field-unresolved,bf107749970128bd446fd6ba655b20a17cc7b056ae8ed3da1fe507a81fbb4c5d,fa6a6a39a7c75b66275a9583743cdeddb7d31a2185ffc3a9c28df04976d38029
model-8808a26eb2e61df5,6-unresolved-actor,Field object · Black Castle / Moon,,field-unresolved,5,19,308,463,False,False,research-required,Actor/prop identity needs confirmation; scene/effect names are context only | Geometry replacement hook for field-unresolved,41290842d99f0a3462caa9347e77494df13e44ab858e12fa6a2b70e8ce3be113,8808a26eb2e61df58ead1c444057ceb037a4f2529d0d1886ae3afd9c62ea1f3d
model-d15f41af4c2c65fc,6-unresolved-actor,Field object · Crystal Palace / Donau,,field-unresolved,5,16,265,440,False,False,research-required,Actor/prop identity needs confirmation; scene/effect names are context only | Geometry replacement hook for field-unresolved,d14f99c0aa0cbaa088ac789d4f7262d3a97c696e2300927f45fa2e722d3e3833,d15f41af4c2c65fc6e72dc04a8f2e2ca57999f1a2b48aa217b24568b128b5aa7
model-5b38e3f8506603cb,6-unresolved-actor,Field object · Deningrad,,field-unresolved,5,12,212,315,False,False,research-required,Actor/prop identity needs confirmation; scene/effect names are context only | Geometry replacement hook for field-unresolved,0a823b6af4b8bd18118d9e61f25e06bb1ee0120b177c1675e2aad6cf95f628b1,5b38e3f8506603cba55a7ce986f8cd61a1f26e1bfabe7d84c0f6069f9ef8688d
model-b32331a6425564b7,6-unresolved-actor,Field object · Donau / Mayfil,,field-unresolved,5,28,410,579,False,False,research-required,Actor/prop identity needs confirmation; scene/effect names are context only | Geometry replacement hook for field-unresolved | Topology needs inspection before surface refinement,c588f5004361e8cd7f3f177a6769e33d0b2524d827b2b4c8c05c5cf2e8807282,b32331a6425564b73d6d0982469746d1b656fba214478ea8239f366a69fdccaf
model-73f22719031ee355,6-unresolved-actor,Field object · Flanvel Tower / Forest,,field-unresolved,5,1,21,19,True,False,research-required,Actor/prop identity needs confirmation; scene/effect names are context only | Auxiliary/animated palette contract must be supported before replacement | Geometry replacement hook for field-unresolved,c3fc37f68f0fd72410255e2ab4d5ca93458240d376bb90352b8f147dc2d7d658,73f22719031ee35526d0ecb6043c36f60c067c035bf3f408fb15e478da081d8c
model-56fd7024ff3a4133,6-unresolved-actor,Field object · Flanvel Tower / Moon,,field-unresolved,5,23,330,474,True,False,research-required,Actor/prop identity needs confirmation; scene/effect names are context only | Auxiliary/animated palette contract must be supported before replacement | Geometry replacement hook for field-unresolved,b8eb713e80c7efcf2fb5910b3ee7d715a9e31ea7c0068b3cd30127c967f985d3,56fd7024ff3a4133afd3096231b45d35afee9e00b50d6080c5757546e3edaae9
model-a6bd30f8a27660ec,6-unresolved-actor,Field object · Forbidden Land / Kashua Glacier,,field-unresolved,5,18,327,518,False,False,research-required,Actor/prop identity needs confirmation; scene/effect names are context only | Geometry replacement hook for field-unresolved,497f827b60ff3d3ee6678f2503a330d634ad691076067c3d0447210216f3bee8,a6bd30f8a27660ecebd83538f2d4660cc7bc460fcac0d07a2a2d716b6a2fd975
model-c4f039b594ffb38c,6-unresolved-actor,Field object · Fort Magrad / Snowfield,,field-unresolved,5,22,288,450,False,False,research-required,Actor/prop identity needs confirmation; scene/effect names are context only | Geometry replacement hook for field-unresolved | Topology needs inspection before surface refinement,a03d3cc096b6dc2adf5769c991116c0568e4db0e247e8e70f7c48bdcc252688a,c4f039b594ffb38c358622efa3a7f65f4959d4d75fd211a4cf018fadf40f8244
model-35ac2f4f23d15310,6-unresolved-actor,Field object · Hellena Prison / Kazas,,field-unresolved,5,15,220,326,False,False,research-required,Actor/prop identity needs confirmation; scene/effect names are context only | Geometry replacement hook for field-unresolved,77605352b6ac9258672a57edbc4c0027fa752553eec9899f5a886b8cb0319c27,35ac2f4f23d15310634143c13106ff58b64704df6d4ae57e9b83fa7e07d2477d
model-ac72d085f07c11b9,6-unresolved-actor,Field object · Kazas / Seles,,field-unresolved,5,12,243,340,False,False,research-required,Actor/prop identity needs confirmation; scene/effect names are context only | Geometry replacement hook for field-unresolved,827519ad33694d64eb606f53152d5485776c1cf37fed60484982cfda83ad3c70,ac72d085f07c11b94c556685b02db87667e9e1fca1756e61979c87e8213cdc2d
model-b394d582ca19aead,6-unresolved-actor,Field object · Rouge,,field-unresolved,5,16,178,262,False,False,research-required,Actor/prop identity needs confirmation; scene/effect names are context only | Geometry replacement hook for field-unresolved,888541b724e6e3e851e62cba7f5917a74d85b197c4850da9821041267090f3d3,b394d582ca19aeade27462f0953d5da1ae9342cd8e5dc8447f122d4ca84fe9ad
model-b0c61199b7bf8c53,6-unresolved-actor,Field object · Ulara / Wingly Forest,,field-unresolved,5,16,226,352,True,False,research-required,Actor/prop identity needs confirmation; scene/effect names are context only | Auxiliary/animated palette contract must be supported before replacement | Geometry replacement hook for field-unresolved | Topology needs inspection before surface refinement,c9a0c561ef90dd259f1166620bebb92cc94fb2a7ec5961f08c03eef045e13aa4,b0c61199b7bf8c53d36b4b29a03a365c5d5bf8d1fc4055bc334db4240b5f03e4
model-f22d22469d99d434,6-unresolved-actor,Field object · Ulara / Wingly Forest,,field-unresolved,5,18,203,288,True,False,research-required,Actor/prop identity needs confirmation; scene/effect names are context only | Auxiliary/animated palette contract must be supported before replacement | Geometry replacement hook for field-unresolved | Topology needs inspection before surface refinement,a978ba6f877d5113546eee83b895ff3e22b88c88dd7ca4f175e1297af9e8e738,f22d22469d99d43437c1a688169f5e08a294f60319c76b3c58bc9eeb61e1268b
model-57db573abb122a1e,6-unresolved-actor,Field object · Undersea Cavern,,field-unresolved,5,17,244,331,False,False,research-required,Actor/prop identity needs confirmation; scene/effect names are context only | Geometry replacement hook for field-unresolved | Topology needs inspection before surface refinement,7e0736f8b6a409bcf987d2e9b47cd901d6abd443b3239d6248f930b529f1c2ce,57db573abb122a1efe2fe5dc372e09cb25ea947847063a6ec2b6cf91a5e43cd7
model-855dac318029b904,6-unresolved-actor,Field object · Zenebatos,,field-unresolved,5,1,6,8,False,False,research-required,Actor/prop identity needs confirmation; scene/effect names are context only | Geometry replacement hook for field-unresolved | Topology needs inspection before surface refinement,3a1df778b22cf12c9156d0bc30847c869830d592b06f7462aaf0a850fb021a35,855dac318029b904b533324b7d488f5524db2d6c655544d2f455d19a3f034a2d
model-6f65eac38696fd9c,6-unresolved-actor,Elite · candidate,,field-unresolved,4,18,269,401,False,False,research-required,Actor/prop identity needs confirmation; scene/effect names are context only | Geometry replacement hook for field-unresolved,290c2038e2cbb242a853dcee6c8e7ee4fdc4952e03b5549c83ac5dd38ec34e43,6f65eac38696fd9c2d8776e5391e3ef0a883206d19d62cf23abd34f938cbfc39
model-e39650d3b58a6830,6-unresolved-actor,Field object · Aglis / Black Castle,,field-unresolved,4,21,340,479,False,False,research-required,Actor/prop identity needs confirmation; scene/effect names are context only | Geometry replacement hook for field-unresolved,3b57562a29a2e8008feb916770083324357d3d1fcf047564eeacd2b7f0ef8315,e39650d3b58a6830cabb0a284d9c40beef79b38a1b5c119ad380dc74545d66b0
model-677418692c4e7ff1,6-unresolved-actor,Field object · Aglis / Evergreen Frst,,field-unresolved,4,1,4,2,True,False,research-required,Actor/prop identity needs confirmation; scene/effect names are context only | Auxiliary/animated palette contract must be supported before replacement | Geometry replacement hook for field-unresolved,a59610003b59527f4b571e72a046e311400913e078bb6f6005c22b54f42489b8,677418692c4e7ff19be7dc45aaf0bbf49e5a1be45316047ceed4493e7c6b4f11
model-a867278b49dbbcf8,6-unresolved-actor,Field object · Aglis / Mayfil,,field-unresolved,4,1,10,8,True,False,research-required,Actor/prop identity needs confirmation; scene/effect names are context only | Auxiliary/animated palette contract must be supported before replacement | Geometry replacement hook for field-unresolved,4482196bd146a7e90b74adc70f55f21295dc1b88faabfa3999a5d2b3639ac4ff,a867278b49dbbcf86d50a844adeb17d09d6e054f87e683976049bff5cd38d606
model-7098ef0ef0585bed,6-unresolved-actor,Field object · Aglis / Rouge,,field-unresolved,4,16,141,197,False,False,research-required,Actor/prop identity needs confirmation; scene/effect names are context only | Geometry replacement hook for field-unresolved,ce2d7691a061cfdd8061ca3506baa5013332af38d379ec17ad95b537d0cb789d,7098ef0ef0585bede0f76a4545fe934514054dbfae10451bb3f207597226e63d
model-61ef2265cbc29228,6-unresolved-actor,Field object · Bale,,field-unresolved,4,19,253,339,False,False,research-required,Actor/prop identity needs confirmation; scene/effect names are context only | Geometry replacement hook for field-unresolved,f69d78416987348abcede73562d67088339ec92774581563360bfb3cae2e066d,61ef2265cbc292288127aeb093f0eefdcbfe19ed196754cb741fd3a16eb76809
model-f11198c28c9d4975,6-unresolved-actor,Field object · Bale,,field-unresolved,4,15,229,317,False,False,research-required,Actor/prop identity needs confirmation; scene/effect names are context only | Geometry replacement hook for field-unresolved,b0b3777d261b7919901744aff9ba506bfd575e049dd2f5afaacc152bc4f0651c,f11198c28c9d4975ab615f1b4e28d5e849aa6e8437ef4cb64aa5105cb42cd49b
model-0d8ca2b15228e0e3,6-unresolved-actor,Field object · Bale / Forest,,field-unresolved,4,15,270,456,False,False,research-required,Actor/prop identity needs confirmation; scene/effect names are context only | Geometry replacement hook for field-unresolved | Topology needs inspection before surface refinement,a088b4816e5490a590b12c754863d44e8ad56745e287e58982e4b3755bef7176,0d8ca2b15228e0e3dc507888ab91ea365bab4abfee0d1af361f67ac9f0e77881
model-9cbd59bf997a9873,6-unresolved-actor,Field object · Barrens / Giganto Home,,field-unresolved,4,20,167,222,False,False,research-required,Actor/prop identity needs confirmation; scene/effect names are context only | Geometry replacement hook for field-unresolved,8d09b158abc7ec8dd5413b2d2e30e8ecbc43e9991e20c08f981dc9c6d1f70c5c,9cbd59bf997a98736515db1a57ec71d1ba9e44c0f88b595b76b4fa8c17e2454b
model-b8445a3729d55dee,6-unresolved-actor,Field object · Deningrad / Fueno,,field-unresolved,4,11,218,326,False,False,research-required,Actor/prop identity needs confirmation; scene/effect names are context only | Geometry replacement hook for field-unresolved,165b933b3312bdecd2f543296c28b44d02eb58fab154b79786bfa5a1b4cbca17,b8445a3729d55dee7a7a2c89ab3a0128164e59c185ed4a869e1acf2aa84b0bbe
model-179cb7d4ba755484,6-unresolved-actor,Field object · Evergreen Frst / Furni,,field-unresolved,4,17,224,345,False,False,research-required,Actor/prop identity needs confirmation; scene/effect names are context only | Geometry replacement hook for field-unresolved,6305289a471e0ecef95177dc73ca7b98cf2aa04f7b755ec35d62008db1aeeaba,179cb7d4ba7554849be38fa9d1438b59c4a48ab1052cbba800414c10b5f5135a
model-97646611801fa144,6-unresolved-actor,Field object · Evergreen Frst / Furni,,field-unresolved,4,22,302,409,False,False,research-required,Actor/prop identity needs confirmation; scene/effect names are context only | Geometry replacement hook for field-unresolved | Topology needs inspection before surface refinement,39cc50be1b2ef36e6065160dbba02f9d81b834ef63933a9f0f9876f8e5fc7373,97646611801fa1440e75bcae730b6d9049feeae8061f7796232f67992b4e732f
model-635ea1a76af557cd,6-unresolved-actor,Field object · Flanvel Tower / Prison Island,,field-unresolved,4,1,39,70,False,False,research-required,Actor/prop identity needs confirmation; scene/effect names are context only | Geometry replacement hook for field-unresolved,d68537d3ea0bd93e0a5d924c18ef68f2f0f3a91fbedb097d6a90ea34b8b6bb65,635ea1a76af557cd9ae8f4db8ab8d3406812d2293b2933b1469b07b4323a07f7
model-1f3a4716e97d6c1a,6-unresolved-actor,Field object · Fletz,,field-unresolved,4,1,9,8,False,False,research-required,Actor/prop identity needs confirmation; scene/effect names are context only | Geometry replacement hook for field-unresolved,d9d8c233d330acc3e14fbfc35c680c725215995169f4e5be93903ec2b325e71c,1f3a4716e97d6c1ac082ca140ce134d85b40765e66231465c927ece59a29dd31
model-5818ba8ebaadfe35,6-unresolved-actor,Field object · Fletz,,field-unresolved,4,16,236,357,False,False,research-required,Actor/prop identity needs confirmation; scene/effect names are context only | Geometry replacement hook for field-unresolved,a86bc4b7d8bbf4d378aa94fc68b30ae53287cad3f51759f893842399a75fee75,5818ba8ebaadfe353ebba6d9d3e090e8a35432eac83cda86c4f244bd62f9f5f4
model-6d8c62dd3ed86e75,6-unresolved-actor,Field object · Fletz,,field-unresolved,4,16,237,331,False,False,research-required,Actor/prop identity needs confirmation; scene/effect names are context only | Geometry replacement hook for field-unresolved,a86554c2fe9e79bd6ba11f233718605fec93f5600e995890b2a370535ea451c7,6d8c62dd3ed86e7508e3dd2fdbb6b2056d870cf5627eb8cf820d48f5ffe05a37
model-091d3db567df7420,6-unresolved-actor,Field object · Fueno / Prairie,,field-unresolved,4,18,229,332,False,False,research-required,Actor/prop identity needs confirmation; scene/effect names are context only | Geometry replacement hook for field-unresolved,11ec05bcb506a39ff380993e2dc2b09473d90940adfe92d257aca540012ac7e9,091d3db567df7420546cbb3b4692d136b8538b39c06c2e43bc5e6edf8da80ce3
model-90af61b2285f242a,6-unresolved-actor,Field object · Fueno / Seles,,field-unresolved,4,9,169,262,False,False,research-required,Actor/prop identity needs confirmation; scene/effect names are context only | Geometry replacement hook for field-unresolved,1b5f1465745e87e976697f2a7b5f45134e50ec253ec336a61a2a27508869e442,90af61b2285f242a20a53314efcc66aa4f0775e7cf41f6c9ce6c481e0bda1245
model-22c9a1673343e56c,6-unresolved-actor,Field object · Giganto Home,,field-unresolved,4,32,416,577,False,False,research-required,Actor/prop identity needs confirmation; scene/effect names are context only | Geometry replacement hook for field-unresolved,0e150a7ddc50ed093b3519db33b66ae35d34cdfae78291967f8103fe4bdb4c56,22c9a1673343e56c942323d55f73e29b608d2321ed7e928b35773cc418e9e1dc
model-4985d615cda60403,6-unresolved-actor,Field object · Giganto Home,,field-unresolved,4,1,114,154,False,False,research-required,Actor/prop identity needs confirmation; scene/effect names are context only | Geometry replacement hook for field-unresolved,8134bc0e821cc4bdf854f2228a51396d594546dee4afe2a87043985fcf2839ec,4985d615cda6040387038b6e79deba3dbc33c0a1c3006b9d6f730e34f2fbf321
model-615dd357617dc6d1,6-unresolved-actor,Field object · Giganto Home,,field-unresolved,4,1,29,54,False,False,research-required,Actor/prop identity needs confirmation; scene/effect names are context only | Geometry replacement hook for field-unresolved,dd67ced372a88ddfc119981298a845e9db537782a7a4b59f68d30be2c1ddf1ab,615dd357617dc6d119177b94d1868a96671b90ad7d20d7beebef6340e27f3f70
model-ea09a6aca24d18c5,6-unresolved-actor,Field object · Giganto Home / Lohan,,field-unresolved,4,1,38,38,False,False,research-required,Actor/prop identity needs confirmation; scene/effect names are context only | Geometry replacement hook for field-unresolved,c784e18b45709b4ba6fc9db45fbac215fed43824696f699231ac3559b538a780,ea09a6aca24d18c516e68e7d11bab714740fb158ac94ddf40ea29384776623bd
model-2c63bc9340a70bd6,6-unresolved-actor,Field object · Hellena Prison,,field-unresolved,4,18,245,353,False,False,research-required,Actor/prop identity needs confirmation; scene/effect names are context only | Geometry replacement hook for field-unresolved,f2f30ea7c6432e85e9ab163cb6a169b9e51250bca4efcb50babfc3ddf0fa7fb1,2c63bc9340a70bd6586e816508dd8d2431d8dbbafbcb551cb477671aa5cc6134
model-37d7a5aea1c8ae63,6-unresolved-actor,Field object · Hellena Prison,,field-unresolved,4,16,224,352,False,False,research-required,Actor/prop identity needs confirmation; scene/effect names are context only | Geometry replacement hook for field-unresolved,172685dc7ae6dc990bd50e9e2df0f69b547b378866beada9df42aab9b19281d5,37d7a5aea1c8ae63d26efefcbe65deb37da5ddd42d42978bd2d25e1bd44b4a28
model-a5d8cd7873434d7d,6-unresolved-actor,Field object · Hellena Prison,,field-unresolved,4,7,142,172,False,False,research-required,Actor/prop identity needs confirmation; scene/effect names are context only | Geometry replacement hook for field-unresolved,15e488d0108bd91caba47cf7c5c0c2359e8f9d1478171c30fa1bcedba544bcc6,a5d8cd7873434d7daf730e269152c0397229d91ee6573f27b8d5301f5b74e49e
model-9f85a26eb06bb010,6-unresolved-actor,Field object · Intro Forest / Nest of Dragon,,field-unresolved,4,25,263,378,False,False,research-required,Actor/prop identity needs confirmation; scene/effect names are context only | Geometry replacement hook for field-unresolved,389946d08d742563f9494e8f9a7d526a1c60cd7f64885dc9fb6693056b960984,9f85a26eb06bb0106a61187b3e681de0e34a9159c4c508c0ecd8f6bc08d41022
model-54a4e30817c112dc,6-unresolved-actor,Field object · Kazas,,field-unresolved,4,12,243,336,False,False,research-required,Actor/prop identity needs confirmation; scene/effect names are context only | Geometry replacement hook for field-unresolved,d64433b124b24d662f08bb764dc1a396a81bcb0c968d641e461cbeeb62ccabc2,54a4e30817c112dcffa81136a7b7a73fed5ed536e5db63f64d5e29bdf41d5c33
model-55f0d5e7d5d8fbe7,6-unresolved-actor,Field object · Kazas / Lohan,,field-unresolved,4,16,243,348,False,False,research-required,Actor/prop identity needs confirmation; scene/effect names are context only | Geometry replacement hook for field-unresolved,9b0e33e6c5715547dc7a8fa533cda7b8c45e4864ac6d22818cb23b5b6aba3517,55f0d5e7d5d8fbe768ab9e29a1cbd0ee2ad98d38535d7289686b754f1c3556c9
model-45bd9a07d9ab2aec,6-unresolved-actor,Field object · Lidiera,,field-unresolved,4,1,4,2,False,False,research-required,Actor/prop identity needs confirmation; scene/effect names are context only | Geometry replacement hook for field-unresolved,2b7d64ae3edfc4b93605f135783897986e826ba590d25fa8f5874776c551329b,45bd9a07d9ab2aec8f05ec0e375675e68d546631857ca6fe3853839c0384eec6
model-50024432175b4214,6-unresolved-actor,Field object · Lidiera,,field-unresolved,4,15,236,354,False,False,research-required,Actor/prop identity needs confirmation; scene/effect names are context only | Geometry replacement hook for field-unresolved,451e390f6d74b3a5417edca8b8c8b8e3d1e22263374072076bd47011d0b12dc3,50024432175b42149fc2fba1e8e7e6b8ec18498ee1b87f8bc88e06b0a31eec33
model-fd12039e38fa6f93,6-unresolved-actor,Field object · Lidiera,,field-unresolved,4,1,80,60,False,False,research-required,Actor/prop identity needs confirmation; scene/effect names are context only | Geometry replacement hook for field-unresolved,1c39bc7523ec588b664ec435fcd292d698744dd12afd0b158171d879bf867960,fd12039e38fa6f93fe8c62650d9f27009f37116fb5dfcbd5497829e3419c5659
model-548404fc9e31b4ee,6-unresolved-actor,Field object · Lohan / The Queen Fury,,field-unresolved,4,1,13,22,False,False,research-required,Actor/prop identity needs confirmation; scene/effect names are context only | Geometry replacement hook for field-unresolved,b67e673371f85e24249312091d0310b926243eeff2ed0376c74cc5edc23898fe,548404fc9e31b4eed849c35037d9bc26b010b8653960249682c3ce6b121e17f6
model-78868e08d13a979b,6-unresolved-actor,Field object · Marshland / Seles,,field-unresolved,4,19,297,391,False,False,research-required,Actor/prop identity needs confirmation; scene/effect names are context only | Geometry replacement hook for field-unresolved,b82ebfff92dd0ace05c5d9b7042f24ed09d3cbc8d8b45f25a3154cecfea844cb,78868e08d13a979b6ce7db318a81c2feb3b409773260747a355e1805d275acf5
model-c4ace57d8bf8f854,6-unresolved-actor,Field object · Marshland / Vol. Villude,,field-unresolved,4,10,117,112,False,False,research-required,Actor/prop identity needs confirmation; scene/effect names are context only | Geometry replacement hook for field-unresolved,472cc11d5b6e897ac9a47ffd6758110590daa99fdc32529a507dbf1adec81614,c4ace57d8bf8f854d928c09f06cd2d6f1af0e9482e9e65e98bc4c54db215ab87
model-4d9841451d7f1678,6-unresolved-actor,Field object · Moon,,field-unresolved,4,16,312,468,False,False,research-required,Actor/prop identity needs confirmation; scene/effect names are context only | Geometry replacement hook for field-unresolved,70f169683c4786b184de2bfd3cd19b656043d9e3c7e11c0703ce1f8bdeeb4fb1,4d9841451d7f16787bd3580e5e8b510f9221c4eeb3fb2210a9845912d0e21034
model-1ef3da6a4b0a8a5c,6-unresolved-actor,Field object · Neet / Prairie,,field-unresolved,4,31,439,605,True,False,research-required,Actor/prop identity needs confirmation; scene/effect names are context only | Auxiliary/animated palette contract must be supported before replacement | Geometry replacement hook for field-unresolved,35e9593dd3d77155ddd83298a5475b5ff4cbe721a31f8ff2c33fe70f915eb352,1ef3da6a4b0a8a5cb286c2aafc5eaf058f249e81cbc0d7992a860de50c61eb2c
model-504215f78350ae81,6-unresolved-actor,Field object · Phantom Ship,,field-unresolved,4,20,217,336,False,False,research-required,Actor/prop identity needs confirmation; scene/effect names are context only | Geometry replacement hook for field-unresolved,d854adcf1f983c370796d63e24aea45b6dee0468dafdf05cfd3c3c48f4ec5962,504215f78350ae81dcc200551aa7ada6ebf23bd1f1762b41b1098390319e5b82
model-a5bcfcdcf1a4a75d,6-unresolved-actor,Field object · Prairie,,field-unresolved,4,5,141,237,False,False,research-required,Actor/prop identity needs confirmation; scene/effect names are context only | Geometry replacement hook for field-unresolved,a3356e841af7921c1bfdbf0858624641315af09793d89201f6b6ed92197abd3f,a5bcfcdcf1a4a75d08af0be7b735927dfce99572e8b198cad317a66759d42655
model-c5377661b368cd3b,6-unresolved-actor,Field object · Prairie,,field-unresolved,4,16,322,534,False,False,research-required,Actor/prop identity needs confirmation; scene/effect names are context only | Geometry replacement hook for field-unresolved | Topology needs inspection before surface refinement,025ffda09ada29a3024f66219edd0466ee2c3c41fca436a5ed7859e1130942d7,c5377661b368cd3b45a840844e0bc975e357185f4efb573d41f6ac8800e2b379
model-56aaa7d1521c5d7d,6-unresolved-actor,Field object · Rouge,,field-unresolved,4,16,180,266,False,False,research-required,Actor/prop identity needs confirmation; scene/effect names are context only | Geometry replacement hook for field-unresolved,9ab6a469f0215a30bb6ea10342985562df03b363b5e74e60d4c1d8ed7d1971da,56aaa7d1521c5d7de54d9009c76979f2a5eca28e446df8350dc11e38d74cc444
model-81b7ff13d459bfaf,6-unresolved-actor,Field object · Seles,,field-unresolved,4,5,32,35,False,False,research-required,Actor/prop identity needs confirmation; scene/effect names are context only | Geometry replacement hook for field-unresolved | Topology needs inspection before surface refinement,aee8638c8365696b1a5253bdc2c128068cc0731dceab0eca8060695f309dc7c0,81b7ff13d459bfaf8730d34a7d906da30265ac116f540808d4fde2da4c132cf2
model-f0e8899f599ff485,6-unresolved-actor,Field object · Seles,,field-unresolved,4,9,169,262,False,False,research-required,Actor/prop identity needs confirmation; scene/effect names are context only | Geometry replacement hook for field-unresolved,7a0c0d26da669cb5c40e4aef94aee234dfa243b2fcf7e0aee7ee68ca7c0336b4,f0e8899f599ff48575cf6128eac739a6bdf306673af6bcb7da717f6acb1bf1c8
model-a176ea22bde0e7ed,6-unresolved-actor,Field object · Shirley's Shrine,,field-unresolved,4,22,268,371,False,False,research-required,Actor/prop identity needs confirmation; scene/effect names are context only | Geometry replacement hook for field-unresolved,fd79e43516a16ba89c9506658524a5e55ec36c8c135de6463ed227668b440853,a176ea22bde0e7ede75947637f15174fc11d404573a618b1329af7a98dd6da66
model-e3f5ec0936df9151,6-unresolved-actor,Field object · Shirley's Shrine,,field-unresolved,4,1,36,100,False,False,research-required,Actor/prop identity needs confirmation; scene/effect names are context only | Geometry replacement hook for field-unresolved | Topology needs inspection before surface refinement,c0370c2a76a16bc2d037f2e3cc1912dff1a1d5a30e5564fe8d34db6f895fab1b,e3f5ec0936df91513ba033454b9999c0dfc5f008bfc7303ad47895cbea83c968
model-03d308749985b688,6-unresolved-actor,Field object · The Queen Fury,,field-unresolved,4,11,66,56,False,False,research-required,Actor/prop identity needs confirmation; scene/effect names are context only | Geometry replacement hook for field-unresolved,b32573357bc1781c9785a82d68c14f852ad909a405c05c61ddc92bb6c4256a12,03d308749985b688cb785dc977f98c5f1d7c765a0ab4bec305772e1f9907684e
model-0c1a5c20b0f4151e,6-unresolved-actor,Field object · Town of Hoax,,field-unresolved,4,11,193,253,False,False,research-required,Actor/prop identity needs confirmation; scene/effect names are context only | Geometry replacement hook for field-unresolved,5630c26abfbabcac1e4fc4a82dfcf0630228b8479b54d660e048de2e5e968ac2,0c1a5c20b0f4151e664b25887511f3b69478f8c84e3caf367fa2b34e7f2b0576
model-daa0570edaffc57a,6-unresolved-actor,Field object · Twin Castle,,field-unresolved,4,27,331,419,False,False,research-required,Actor/prop identity needs confirmation; scene/effect names are context only | Geometry replacement hook for field-unresolved | Topology needs inspection before surface refinement,f4012082a3b22548f03826045796e632d46cc8cff469de95b10bb66400dd3f55,daa0570edaffc57ae63f349cf9327d7320307ae0be1be1945b8b0b07ae43cdc4
model-f93d1d6b4ff314df,6-unresolved-actor,Field object · Twin Castle,,field-unresolved,4,2,18,16,False,False,research-required,Actor/prop identity needs confirmation; scene/effect names are context only | Geometry replacement hook for field-unresolved,50e2f6cb1f707fd37ec1b88cfab4d3f16d733ee4c574990a93c1a3795d981490,f93d1d6b4ff314dfc156a104631afcfbc7554533a420ea2a9edc34c6d5f6a95b
model-ef9cbd17068de5f6,6-unresolved-actor,Field object · Ulara / Wingly Forest,,field-unresolved,4,19,218,313,True,False,research-required,Actor/prop identity needs confirmation; scene/effect names are context only | Auxiliary/animated palette contract must be supported before replacement | Geometry replacement hook for field-unresolved | Topology needs inspection before surface refinement,f11a98200269f0d89df182f26c746f8218d6babb8fa875c2c7943617539460c9,ef9cbd17068de5f6dda65c42bf18f80c5d8b2c2155d0ce181232730ab5cda1a0
model-c7ff97c4e64d6362,6-unresolved-actor,Field object · Vol. Villude,,field-unresolved,4,35,830,650,True,False,research-required,Actor/prop identity needs confirmation; scene/effect names are context only | Auxiliary/animated palette contract must be supported before replacement | Geometry replacement hook for field-unresolved,8291a698ee3041843f76aaa02c2dfe0991893d6c065114dba5094b3d409b694a,c7ff97c4e64d63624b841b2c58202e663071f0639d2f5c9e1fc57e286769685d
model-fa0dc4e5555a2997,6-unresolved-actor,Field object · Wingly Forest,,field-unresolved,4,16,209,304,True,False,research-required,Actor/prop identity needs confirmation; scene/effect names are context only | Auxiliary/animated palette contract must be supported before replacement | Geometry replacement hook for field-unresolved | Topology needs inspection before surface refinement,8fbacb09a019200d010ae0e9a38397d2a8b4972e358806318f02f92e6e93e0e7,fa0dc4e5555a299755ce3e6589a8425652b43930e42dba706263e51e93cf285c
model-fab0e5f4b77c86e1,6-unresolved-actor,Kaiser / wounded knight · candidate,,field-unresolved,4,24,349,415,False,False,research-required,Actor/prop identity needs confirmation; scene/effect names are context only | Geometry replacement hook for field-unresolved,91cdd8b71efe173b0642b09993e76d31da839beb6d2cbdfcf3f75a3d77fb55a4,fab0e5f4b77c86e17ab43b036f2bd1a6b3b8f4ef7838641d3eb2b09df60fc104
model-58da31b75063359c,6-unresolved-actor,Serdio wall knight / right tower knight #2 · candidate,,field-unresolved,4,16,246,366,False,False,research-required,Actor/prop identity needs confirmation; scene/effect names are context only | Geometry replacement hook for field-unresolved,bc45b582d6130506d52bb430b928190f6d6b94944a7837dd34daf5f1e70d30ca,58da31b75063359cd6cf6c7864d38f58997c17f6146d382305add69ec80dd398
model-7f0687e277f5fd00,6-unresolved-actor,right tower knight · candidate,,field-unresolved,4,1,18,16,False,False,research-required,Actor/prop identity needs confirmation; scene/effect names are context only | Geometry replacement hook for field-unresolved | Topology needs inspection before surface refinement,71a92c5074231503eea2714f6826bab2677819837245daf1a84326e61b070eea,7f0687e277f5fd00303ff029c2180e315c94109a00f60075c14d9111bdf89777
model-13992fa6a35d8f52,6-unresolved-actor,Coolon · candidate,,field-unresolved,3,12,155,262,False,False,research-required,Actor/prop identity needs confirmation; scene/effect names are context only | Geometry replacement hook for field-unresolved,daf1ffeede562ddfc9ec0666cf9b8f30d472eb6d5c4a9d3c8e9f8c7bfd66585f,13992fa6a35d8f52a777795dcf8058a9d746c3f18b5214ed8e760e625a07459e
model-34f12b2b8cc9aef0,6-unresolved-actor,Field object · Aglis / Evergreen Frst,,field-unresolved,3,1,51,90,True,False,research-required,Actor/prop identity needs confirmation; scene/effect names are context only | Auxiliary/animated palette contract must be supported before replacement | Geometry replacement hook for field-unresolved,e25885d9f4474f52f0b32b6fc3f0fedd57206abcf929e2dd8504055ccdbccd6e,34f12b2b8cc9aef01b3426f24c511c203e7b3fb4a1611eb1bdfaff3ae58f1ebc
model-f85e07e5104ed199,6-unresolved-actor,Field object · Aglis / Indels Castle,,field-unresolved,3,19,247,380,False,False,research-required,Actor/prop identity needs confirmation; scene/effect names are context only | Geometry replacement hook for field-unresolved | Topology needs inspection before surface refinement,968bd186084a58611b21b67b3deed0fea3af5f1aaae1855f8fe1064f914dbafd,f85e07e5104ed1998a382aa70994848410aa7050929e539cc6e3b8724f8d746e
model-0becb4185c6732d2,6-unresolved-actor,Field object · Aglis / Mayfil,,field-unresolved,3,1,136,84,True,False,research-required,Actor/prop identity needs confirmation; scene/effect names are context only | Auxiliary/animated palette contract must be supported before replacement | Geometry replacement hook for field-unresolved,33350a38517b2b138d562fbe5e92e22a249eeedecee9a13f3a1c240b121e0198,0becb4185c6732d269c25b86bbd2799da69b9b78060359f08b9814c5d6a07b7b
model-51cf3434fc6f09e4,6-unresolved-actor,Field object · Bale / Moon,,field-unresolved,3,15,147,175,False,False,research-required,Actor/prop identity needs confirmation; scene/effect names are context only | Geometry replacement hook for field-unresolved,046dc3e208593b4389bb644161b494a5fc1bf4e92ea87fc88ecf6eb6f5b940e5,51cf3434fc6f09e4aed7f14fe39227e194013a95d079c2e72273e2d23ae3ef5f
model-20a34020854cdcba,6-unresolved-actor,Field object · Crystal Palace / Moon,,field-unresolved,3,14,229,336,False,False,research-required,Actor/prop identity needs confirmation; scene/effect names are context only | Geometry replacement hook for field-unresolved,993ebbb787a60f93e67e112ebe8d364a8901b8d6e04152bbe6adb898470e9c17,20a34020854cdcba031b11baedc7c3182989500b5efa094255f3fc497c3552ba
model-05f72e862e720f87,6-unresolved-actor,Field object · Death Frontier,,field-unresolved,3,1,19,30,True,False,research-required,Actor/prop identity needs confirmation; scene/effect names are context only | Auxiliary/animated palette contract must be supported before replacement | Geometry replacement hook for field-unresolved,0c44a84a210a0c203deda910388b0c3c132f0132f87822c9c3dcbe7867734301,05f72e862e720f873551e2a97f57591a58fb5a4d68178eb2eb3e14b08f708561
model-7ae6718ba8471d09,6-unresolved-actor,Field object · Death Frontier,,field-unresolved,3,1,48,36,True,False,research-required,Actor/prop identity needs confirmation; scene/effect names are context only | Auxiliary/animated palette contract must be supported before replacement | Geometry replacement hook for field-unresolved,956013df291cbfe29f34bd3af31edcf7fe931a500a999e7471ec1dd98aacb1b0,7ae6718ba8471d09feeb5378a0476726e03e73b23b3c189926f013e80c095c7a
model-c6b6b95a7153858a,6-unresolved-actor,Field object · Evergreen Frst / Furni,,field-unresolved,3,20,320,382,False,False,research-required,Actor/prop identity needs confirmation; scene/effect names are context only | Geometry replacement hook for field-unresolved,813a6dfc679a3dad6ad457fca585cbac5bc52015c82b2ee5093bdd74c84af4c2,c6b6b95a7153858ac43d79a111529f9f5f1773ff74e9562b8558a451aa25966c
model-987c5bd628c1cd90,6-unresolved-actor,Field object · Evergreen Frst / Zenebatos,,field-unresolved,3,3,60,60,False,False,research-required,Actor/prop identity needs confirmation; scene/effect names are context only | Geometry replacement hook for field-unresolved,eb86bb1d3b77151624a5cd5a4d9ca89973bc14c12f909a9fce357a746a84418e,987c5bd628c1cd9087ec8411c83de129836c66dcca1ead98f4888b9c9ed02da9
model-424f95a2cb9d7b2c,6-unresolved-actor,Field object · Flanvel Tower / Kashua Glacier,,field-unresolved,3,23,382,592,True,False,research-required,Actor/prop identity needs confirmation; scene/effect names are context only | Auxiliary/animated palette contract must be supported before replacement | Geometry replacement hook for field-unresolved | Topology needs inspection before surface refinement,744c9abeaf190d7d67b3584049ff6e296bd8a4bc8e2853cfbfc36cef2c12b097,424f95a2cb9d7b2ce61cbd6a0a789cf2296e7d5aefca33120d6869def9b4d6b0
model-c641908c99356244,6-unresolved-actor,Field object · Flanvel Tower / The Queen Fury,,field-unresolved,3,2,29,44,False,False,research-required,Actor/prop identity needs confirmation; scene/effect names are context only | Geometry replacement hook for field-unresolved,da9044b44791facf5c994f6edd669edb8752a96584c99bc5ccc0e653412e9600,c641908c99356244bc4055eb710f58692bf76cd9ea049702fee3d4a78ae820d1
model-91a291c193d350ca,6-unresolved-actor,Field object · Forest / Moon,,field-unresolved,3,34,428,699,False,False,research-required,Actor/prop identity needs confirmation; scene/effect names are context only | Geometry replacement hook for field-unresolved,0fa22e7163f4c120b2e0ad1d25762f6048e1181eb304e8273a726429f5de3005,91a291c193d350ca1c343280e0457a15e4e8caccbd38ea94252ccb7f4fdf6c92
model-4d7d3a8a11f5d220,6-unresolved-actor,Field object · Fort Magrad / Lohan,,field-unresolved,3,1,4,2,False,False,research-required,Actor/prop identity needs confirmation; scene/effect names are context only | Geometry replacement hook for field-unresolved,ceb11245d03ef0266bb5da286c593752e45e1bbcd25b4da2653292ac3fb93b3c,4d7d3a8a11f5d22083dbef6842ca0478b84c61b8fef7a2b89ddb94235aa9e735
model-4c53c960a7afb711,6-unresolved-actor,Field object · Fueno / Furni,,field-unresolved,3,1,18,12,False,False,research-required,Actor/prop identity needs confirmation; scene/effect names are context only | Geometry replacement hook for field-unresolved,caf579228625991aa32b19802d124c7b8cd203644288e0e46b4a1c69b92830c0,4c53c960a7afb711e8b711e8e4e938cfd9a23574f059d1128da80632942497c6
model-c55f40dc52d82603,6-unresolved-actor,Field object · Furni / Lohan,,field-unresolved,3,15,228,335,False,False,research-required,Actor/prop identity needs confirmation; scene/effect names are context only | Geometry replacement hook for field-unresolved,b77d74d82b0e2097d8e26941224d060393a4a210800db480e6c1fd9c59cc9aee,c55f40dc52d826032c2b9d54dfd85b147a17111cc61870f9b8a83e0430a5410e
model-844b78cd9184dcd3,6-unresolved-actor,Field object · Kazas,,field-unresolved,3,15,210,296,False,False,research-required,Actor/prop identity needs confirmation; scene/effect names are context only | Geometry replacement hook for field-unresolved,f861d685a6b377b3b99e01bfaabf8b1d3515f215f3f6a309e09cf7ad47b9bee1,844b78cd9184dcd3a93abe1deec0fd0ed188856f4d220731d96281015fb956c2
model-83e12cd7866b15eb,6-unresolved-actor,Field object · Lohan,,field-unresolved,3,1,18,32,False,False,research-required,Actor/prop identity needs confirmation; scene/effect names are context only | Geometry replacement hook for field-unresolved,4061de939c8373be99fe14850f3e70bf7730b52bd872062b61ffb1c4d8d5b585,83e12cd7866b15eb844852aefe6141228c143a9428bea2173ddf84df147b2b76
model-2102d3c86a3a2584,6-unresolved-actor,Field object · Mayfil,,field-unresolved,3,1,8,6,True,False,research-required,Actor/prop identity needs confirmation; scene/effect names are context only | Auxiliary/animated palette contract must be supported before replacement | Geometry replacement hook for field-unresolved,a3367ea6702ab1059730020184f975f4dbcc8cd9c5db53ab066db824ecefe261,2102d3c86a3a2584b0fe8e25c484331d7a2d724c43b9e1eea26d2acf20af809e
model-d1339d1300e0a7e9,6-unresolved-actor,Field object · Mayfil,,field-unresolved,3,1,136,84,True,False,research-required,Actor/prop identity needs confirmation; scene/effect names are context only | Auxiliary/animated palette contract must be supported before replacement | Geometry replacement hook for field-unresolved,6a822e49fdd263b294a2cfb72d4d2a19ae04497f38a712ff6386af825c79c5ac,d1339d1300e0a7e9a008567a1c3fc04aa8668dd7a6dfe8859a0bcdea440abd6b
model-decf5a65c128977d,6-unresolved-actor,Field object · Mayfil,,field-unresolved,3,14,195,248,False,False,research-required,Actor/prop identity needs confirmation; scene/effect names are context only | Geometry replacement hook for field-unresolved,0c871e1b410b32bf181aa11aff34984a8c98e727db88e660a340865858a3d5f0,decf5a65c128977d9849b08d1c2cd722c3c7f812217047b88ba079f55e3dac7e
model-c6980d49cae1c46f,6-unresolved-actor,Field object · Moon,,field-unresolved,3,14,335,442,False,False,research-required,Actor/prop identity needs confirmation; scene/effect names are context only | Geometry replacement hook for field-unresolved,f85a157f617d27afd7a80b59194d2eee1d6dfa533b163ef712eb34a4496c23bc,c6980d49cae1c46fe1008f07c24f8ea112144e7ea44a79fc989db60cb32ecdbf
model-cb97a047cdd3e85d,6-unresolved-actor,Field object · Moon,,field-unresolved,3,1,96,176,True,False,research-required,Actor/prop identity needs confirmation; scene/effect names are context only | Auxiliary/animated palette contract must be supported before replacement | Geometry replacement hook for field-unresolved,9b6676591a20b605f9e4bfcf10cc45d18e7b6f52f4d8d7e6642e5b44a8f590ac,cb97a047cdd3e85d0ec6ff667796093313e3ea9ba40dadd03546023f97d4226f
model-f5f601750708f8c0,6-unresolved-actor,Field object · Moon / Mortal Dr Mt.,,field-unresolved,3,24,482,753,False,False,research-required,Actor/prop identity needs confirmation; scene/effect names are context only | Geometry replacement hook for field-unresolved,4ebc22ae3b7cf8e4c09e79e2db6ca6fa10e918b23fd8dce5e53f016eca4c1f93,f5f601750708f8c0d079d48c457046b51deda54149ccc9240c725c8c0f05968b
model-7e4250cc5d40524a,6-unresolved-actor,Field object · Neet / Prairie,,field-unresolved,3,15,405,692,False,False,research-required,Actor/prop identity needs confirmation; scene/effect names are context only | Geometry replacement hook for field-unresolved | Topology needs inspection before surface refinement,83040398f3784b490e496bec54f8c01c2b5d0d7a3663967d561b1d072bddde75,7e4250cc5d40524adc5475937b4627c2bf041e91641a294e26f9d40d01b5be44
model-cc97fd1443ba6b90,6-unresolved-actor,Field object · Neet / Prairie,,field-unresolved,3,18,283,442,False,False,research-required,Actor/prop identity needs confirmation; scene/effect names are context only | Geometry replacement hook for field-unresolved,fd9d6069e9e16d9dfab9518a2c7916de8f66555a19e47cbfcc8e3b94a36fdfb9,cc97fd1443ba6b903fe5b8f4e3b834f6fb55e2d2738bc35b08252d5e49c12e5a
model-0179a1297fa06717,6-unresolved-actor,Field object · Rouge,,field-unresolved,3,16,198,294,False,False,research-required,Actor/prop identity needs confirmation; scene/effect names are context only | Geometry replacement hook for field-unresolved,b7af3e1ba0db2fbeb2b56a4e6030223ad71b0e4f3a361e2f163fd36260fbf98f,0179a1297fa0671726b6faef367600b2ee7c2e5e597f4822c635d267d90b72fb
model-4c8ed4350d151733,6-unresolved-actor,Field object · Rouge,,field-unresolved,3,16,230,349,False,False,research-required,Actor/prop identity needs confirmation; scene/effect names are context only | Geometry replacement hook for field-unresolved,4878d0aff886d27bb62d7ce1ab944e77fe9306b32a34cbe75d9676b5860e818e,4c8ed4350d1517332c960b9802266ff6d27cfab104949aaaaac1bbe5faa1f7c6
model-9d0dd7f9776f10e5,6-unresolved-actor,Field object · Rouge,,field-unresolved,3,1,6,4,False,False,research-required,Actor/prop identity needs confirmation; scene/effect names are context only | Geometry replacement hook for field-unresolved,3a283b8e3c6ea836780e112c4970f4093d1e2f9bcaca2db31f9d07007f856afc,9d0dd7f9776f10e57745354ba4383de74a18fbab5c104b7aaabad8cf3e02c684
model-fdd2468d65cf25a1,6-unresolved-actor,Field object · Rouge,,field-unresolved,3,15,218,329,False,False,research-required,Actor/prop identity needs confirmation; scene/effect names are context only | Geometry replacement hook for field-unresolved,f1f1be0c732f607d569fd0300f100093461a2fb2f5a9f8c87aacd3f072ee3401,fdd2468d65cf25a1045772278446ebcdc10ec7ad4274b1d838063db3fe887cc0
model-69a0ca3a7e8c250b,6-unresolved-actor,Field object · Seles,,field-unresolved,3,18,186,226,False,False,research-required,Actor/prop identity needs confirmation; scene/effect names are context only | Geometry replacement hook for field-unresolved,7399f7e33b53f402b6c81c409a43bfef9f22d19a5bd95e616cf797cd16be7ecf,69a0ca3a7e8c250b682e1bc8545f822a440c9e802f9a3135069cf25b2e48e221
model-8142ed764ae1efc1,6-unresolved-actor,Field object · Shirley's Shrine / Vellweb,,field-unresolved,3,20,316,461,False,False,research-required,Actor/prop identity needs confirmation; scene/effect names are context only | Geometry replacement hook for field-unresolved,f8b4b18171640665e0ed2f61f7d637a94d84995acece3073cbb9f0b337bc1e4d,8142ed764ae1efc16a90f1101bf4c6c05ab0851bf8ce58b264fcd0870e1fe608
model-a6d2817167faf68a,6-unresolved-actor,Field object · Ulara,,field-unresolved,3,17,252,396,True,False,research-required,Actor/prop identity needs confirmation; scene/effect names are context only | Auxiliary/animated palette contract must be supported before replacement | Geometry replacement hook for field-unresolved | Topology needs inspection before surface refinement,270bef7336e64f50c0e122283dc96d20980c37f0688eaeeb41955060afbb506b,a6d2817167faf68ae9989238120fe21ee7c3a36c00be485b4cbc80e92467b6e8
model-bc59f201504790d2,6-unresolved-actor,Field object · Ulara,,field-unresolved,3,2,15,12,False,False,research-required,Actor/prop identity needs confirmation; scene/effect names are context only | Geometry replacement hook for field-unresolved,19392dd3a96ed1e85be248104f4e4ff89d4e8368660f03be066d6d6f7dbf6e02,bc59f201504790d2d06c87a4d08135c6356bccc607985b7cdab2037e2ec5bef6
model-42c1b7bb93cee98f,6-unresolved-actor,Field object · Zenebatos,,field-unresolved,3,3,49,86,False,False,research-required,Actor/prop identity needs confirmation; scene/effect names are context only | Geometry replacement hook for field-unresolved,2d5eebfa54bc68afd0b691f121d7643a3b588578545532a012a57ec531a3e27e,42c1b7bb93cee98f50897aecd94e20e8a19ecc59a351d14f1fde08ae9c5d978b
model-57c65241ffd77f5e,6-unresolved-actor,Field object · unnamed scene,,field-unresolved,3,16,531,951,False,False,research-required,Actor/prop identity needs confirmation; scene/effect names are context only | Geometry replacement hook for field-unresolved | Topology needs inspection before surface refinement,a66f946831a80abb3b42a2f5218acbc2ce914516afb560250402d3d98327c726,57c65241ffd77f5efddab13175e0491f412cdec45a01a702fa25f568a53be7cb
model-a695e523999bee03,6-unresolved-actor,Field object · Aglis,,field-unresolved,2,2,8,4,False,False,research-required,Actor/prop identity needs confirmation; scene/effect names are context only | Geometry replacement hook for field-unresolved,2c5d2838c3e73f59f8d76c39e670acbb689ddee3d15df0f9f3d25ec46c67e8b2,a695e523999bee0301ae47df04dc59755e5ca3079e93db9496e757584a72bec1
model-4e5610e1b3a56ab9,6-unresolved-actor,Field object · Aglis / Flanvel Tower,,field-unresolved,2,1,70,100,False,False,research-required,Actor/prop identity needs confirmation; scene/effect names are context only | Geometry replacement hook for field-unresolved,c4d67234e50e2adc60b9bf1f13fff5d718a2aed02081a8ece7cf9f2d0896a778,4e5610e1b3a56ab9bdc227cfdb595e938d5bfa85a996dd9afbbec897c31be1ee
model-2aa1798dd0d8ccfc,6-unresolved-actor,Field object · Bale,,field-unresolved,2,1,32,37,False,False,research-required,Actor/prop identity needs confirmation; scene/effect names are context only | Geometry replacement hook for field-unresolved,c014e458e670af78e45012c679350271e8b57ba0494d78ed4162e8cd2272faa3,2aa1798dd0d8ccfc579e1d0c7d7946fd5e46f6c869f6cc42b53ede0e0a142c77
model-67727c14b12fab1c,6-unresolved-actor,Field object · Bale,,field-unresolved,2,18,259,339,False,False,research-required,Actor/prop identity needs confirmation; scene/effect names are context only | Geometry replacement hook for field-unresolved,a07b550aaaddef01bb1a07621f5f450cca16c96141f80ceac8cb6880d3999fee,67727c14b12fab1c231eccaa32b119aee8996a249036c2b962413b6213a3b22f
model-89e9a51b5af5b4b1,6-unresolved-actor,Field object · Bale,,field-unresolved,2,1,88,60,False,False,research-required,Actor/prop identity needs confirmation; scene/effect names are context only | Geometry replacement hook for field-unresolved,0c646ab0bcca3401d3295a3e2d8f0bb2f0566484c6e4cf5d7d21bddda8b70d44,89e9a51b5af5b4b110cf1341a7648a872f130050b05cf12e78aad133d9a7b202
model-2bf5263c83cd3566,6-unresolved-actor,Field object · Black Castle,,field-unresolved,2,1,21,38,False,False,research-required,Actor/prop identity needs confirmation; scene/effect names are context only | Geometry replacement hook for field-unresolved,fc4773b88d12d1c61939ef6515f5f43ae8e1bbbdcee49c7ec125103ea2320041,2bf5263c83cd3566ef33f73b714abc359a31a78edb44ce973c4e4c56a7310b9f
model-8c3dcd503797714d,6-unresolved-actor,Field object · Black Castle,,field-unresolved,2,19,287,376,False,False,research-required,Actor/prop identity needs confirmation; scene/effect names are context only | Geometry replacement hook for field-unresolved,64ef27ccbb13359e2d2e93883ed7a84dc62780de58e731bd28b2deeff97292f2,8c3dcd503797714d868dbf3e155fa6e91e3983e40e67ca6179d19613116eead7
model-8f484a9af760d413,6-unresolved-actor,Field object · Black Castle,,field-unresolved,2,17,484,645,False,False,research-required,Actor/prop identity needs confirmation; scene/effect names are context only | Geometry replacement hook for field-unresolved,24917289e628866891574439eb404bdadb70cb0781eee9edd614b4523f550f59,8f484a9af760d413e3ad9059919332538799f62ef0129d2e9c25ae8089ef5331
model-c0648083a415049a,6-unresolved-actor,Field object · Black Castle,,field-unresolved,2,1,9,8,False,False,research-required,Actor/prop identity needs confirmation; scene/effect names are context only | Geometry replacement hook for field-unresolved,6a2c9921bc59409af2019e50501ab6ca35b2e28069862c3284f9c075981187d5,c0648083a415049abc8d355c9ea0b3efb81681ed26fd7cfb915c465428e60ab5
model-d3e8fc09b951b355,6-unresolved-actor,Field object · Cave,,field-unresolved,2,16,289,498,False,False,research-required,Actor/prop identity needs confirmation; scene/effect names are context only | Geometry replacement hook for field-unresolved,ec8d1d3a469f0fa3c66677fd408d07fd688e6cb724a8485269b05c9355ea786b,d3e8fc09b951b3557b3fe1efc0e6b82ece09ccb444d95b885f7cb408427f7620
model-f68602b57617fc30,6-unresolved-actor,Field object · Cave,,field-unresolved,2,22,547,996,False,False,research-required,Actor/prop identity needs confirmation; scene/effect names are context only | Geometry replacement hook for field-unresolved | Topology needs inspection before surface refinement,d27734f0f2c9b30b8df48d8d0dd67d8dccd6df432a1a5cafa10c391691f1fc67,f68602b57617fc306cb404fcc68c839ceedea33cd9e01f797424ccde1d6aa3db
model-59be11ba57d3c10c,6-unresolved-actor,Field object · Deningrad,,field-unresolved,2,1,18,12,False,False,research-required,Actor/prop identity needs confirmation; scene/effect names are context only | Geometry replacement hook for field-unresolved,3cab8bd612066dc6fdda228f20f7875b97e028b3a2ad5998cc5f30018bf52460,59be11ba57d3c10c8d825cc4c2b98c0d9e079fc9d79dc054d5c70d62e06c3fa9
model-fb2538e1f9ad0fd8,6-unresolved-actor,Field object · Deningrad,,field-unresolved,2,13,222,326,False,False,research-required,Actor/prop identity needs confirmation; scene/effect names are context only | Geometry replacement hook for field-unresolved,226745bbe152a41cf0a8aca76cbc33db7c148833a116829216c09393d7e9e857,fb2538e1f9ad0fd8396c02caf0587dd461b8535b67c4467baf8ace6e04094391
model-f913f84b45f187a0,6-unresolved-actor,Field object · Divine Tree,,field-unresolved,2,26,268,319,False,False,research-required,Actor/prop identity needs confirmation; scene/effect names are context only | Geometry replacement hook for field-unresolved,a842e7c383bd148ce58b3809f1e35ad700703615ba6dc9db2a7ed1e8e6439fb9,f913f84b45f187a08a5f94c1dcf662c38eadd2c54d346ddfadf9236fa2dcb8f8
model-113ac09cedcd144d,6-unresolved-actor,Field object · Donau,,field-unresolved,2,15,214,316,False,False,research-required,Actor/prop identity needs confirmation; scene/effect names are context only | Geometry replacement hook for field-unresolved,e7c68755061a6d3b4d941197af71395dfabea804adf112202c67069f4380d4f4,113ac09cedcd144d208735e14fdd434f62c18431cbd311f7230bd876007faafa
model-6708bb38ffa08b94,6-unresolved-actor,Field object · Donau,,field-unresolved,2,15,228,330,False,False,research-required,Actor/prop identity needs confirmation; scene/effect names are context only | Geometry replacement hook for field-unresolved | Topology needs inspection before surface refinement,2f25a71a2ed40bf9330a490c929e7c7c8d829679b3d3f49eab49b5f978eb90ca,6708bb38ffa08b942382744c87a7ef027ac55c200c05c0485523585069e8a646
model-8b5695ba208c6e44,6-unresolved-actor,Field object · Donau,,field-unresolved,2,1,32,32,False,False,research-required,Actor/prop identity needs confirmation; scene/effect names are context only | Geometry replacement hook for field-unresolved,9c975c49f44571c4ea985f42c56528645f9aba82b23eea16949708f37f854180,8b5695ba208c6e447318d3e6b497fc211b81a490d627981d337705c135943fd3
model-f6be9a53ccff127c,6-unresolved-actor,Field object · Donau,,field-unresolved,2,18,262,348,False,False,research-required,Actor/prop identity needs confirmation; scene/effect names are context only | Geometry replacement hook for field-unresolved,490dc9934c4bdef04eb30136e453c24702f06de2d29907aa6a2f9d99c35f2b03,f6be9a53ccff127c466e06755caeb66fe878bbdd90e37d5fd4b0a8da05b15b29
model-ff7ba18c130d70b2,6-unresolved-actor,Field object · Evergreen Frst / Mortal Dr Mt.,,field-unresolved,2,16,261,433,True,False,research-required,Actor/prop identity needs confirmation; scene/effect names are context only | Auxiliary/animated palette contract must be supported before replacement | Geometry replacement hook for field-unresolved,2f83c2be31076ecd1d8bb04013b08f833578cedf26a3b16578f881dbaf8041d4,ff7ba18c130d70b23b937f2b7a47cb40888451e2f32c1d19fc82531e7c4132fb
model-cba747e83ce6efbf,6-unresolved-actor,Field object · Evergreen Frst / Wingly Forest,,field-unresolved,2,2,20,20,True,False,research-required,Actor/prop identity needs confirmation; scene/effect names are context only | Auxiliary/animated palette contract must be supported before replacement | Geometry replacement hook for field-unresolved,223926a7d39e393e5561f403d2973c028da0f920474dc3a268e8a7e422601a50,cba747e83ce6efbf93ccf71e5b0e5512acf1df150a41659003d975323386df59
model-bcdf9a3c33ce3fed,6-unresolved-actor,Field object · Flanvel Tower,,field-unresolved,2,18,244,356,True,False,research-required,Actor/prop identity needs confirmation; scene/effect names are context only | Auxiliary/animated palette contract must be supported before replacement | Geometry replacement hook for field-unresolved | Topology needs inspection before surface refinement,ef9c39eef6344c207e00930304211cc708774ea62a0d95e67edbb132d90d4e60,bcdf9a3c33ce3fed79d29126c9fda0844c8aa7ea409ea267c95c3fb338f314a0
model-c81c488699d0d8e1,6-unresolved-actor,Field object · Fletz,,field-unresolved,2,1,12,12,False,False,research-required,Actor/prop identity needs confirmation; scene/effect names are context only | Geometry replacement hook for field-unresolved,08f19cd691b7476dd3e067b58fe594743bfcc0648455bd7f0667aff8afc59e71,c81c488699d0d8e165d3b8f0cec91cf889fe62d685a2da52e1256e42ec25d6ac
model-ca988ecbec0a0802,6-unresolved-actor,Field object · Fletz,,field-unresolved,2,2,646,628,True,False,research-required,Actor/prop identity needs confirmation; scene/effect names are context only | Auxiliary/animated palette contract must be supported before replacement | Geometry replacement hook for field-unresolved | Topology needs inspection before surface refinement,9d619740014993df4dba75b22b519a1d37bedbba6caff4abc312303bc29f7b7e,ca988ecbec0a0802c230032cba93c7db8dab08c9188744557e492b9a0d7a6204
model-182b109754e4a487,6-unresolved-actor,Field object · Forest,,field-unresolved,2,17,340,546,False,False,research-required,Actor/prop identity needs confirmation; scene/effect names are context only | Geometry replacement hook for field-unresolved,378e0040361316f49c7f5d0733bd5486e0eeace1cf6dccc8fae3853c91042f2b,182b109754e4a4878c6d9eafbd4717bd3b614e9b693d1b4689a003bad516eafc
model-1e6a31bbf97abbaa,6-unresolved-actor,Field object · Forest,,field-unresolved,2,18,170,226,False,False,research-required,Actor/prop identity needs confirmation; scene/effect names are context only | Geometry replacement hook for field-unresolved,d7f4ebd6fb07244536049d24e4c3ef31a3487044b9fbb5493b6214b14d80e0db,1e6a31bbf97abbaac69321153a9342f5063c04a821225fd9d5c77c83d2599d93
model-4f5c32b58b9c233e,6-unresolved-actor,Field object · Forest,,field-unresolved,2,28,394,583,False,False,research-required,Actor/prop identity needs confirmation; scene/effect names are context only | Geometry replacement hook for field-unresolved | Topology needs inspection before surface refinement,2b34699c65bf28e1f6fe2afccb0c4a109dc91beeae522ea38fc189905c1acac3,4f5c32b58b9c233edfd2290876041372fd743f277cdab341826aa157a26cf614
model-9d5fd141cffe6363,6-unresolved-actor,Field object · Forest,,field-unresolved,2,15,297,490,False,False,research-required,Actor/prop identity needs confirmation; scene/effect names are context only | Geometry replacement hook for field-unresolved,0ce5ef7d18cc24ccddf852111202bae1852acabc84708c1c99d088e06b3cfdea,9d5fd141cffe63633240f44d73c24df72b8ecabe9842cafb7d84f596adf9de1d
model-b3d7bc56c3da6752,6-unresolved-actor,Field object · Forest,,field-unresolved,2,21,163,225,False,False,research-required,Actor/prop identity needs confirmation; scene/effect names are context only | Geometry replacement hook for field-unresolved | Topology needs inspection before surface refinement,24de74eccd92d5703df8b4e7936e200f99f46ae5142ffffdcf4dc8079f41631a,b3d7bc56c3da67520c365b5cbe6bba5c2997d6792c4960ac33f7fe21be1011fe
model-71d65e9a939e4bcd,6-unresolved-actor,Field object · Fueno,,field-unresolved,2,15,199,280,False,False,research-required,Actor/prop identity needs confirmation; scene/effect names are context only | Geometry replacement hook for field-unresolved,7c80ebad6f835af35a6144a64bbdce57b720b1416583d2dd412471424196e1a2,71d65e9a939e4bcdc1bcd03059864ae33d24e4d4714da9867d314fa8b19a8a5a
model-783d6104d9ca1a62,6-unresolved-actor,Field object · Fueno,,field-unresolved,2,17,248,346,False,False,research-required,Actor/prop identity needs confirmation; scene/effect names are context only | Geometry replacement hook for field-unresolved,3e1e562eaf122b48bb63e67dec44f160b883badc849a06034cacb0f069e6cb5b,783d6104d9ca1a62fe1200b3c25d46a77ac20bbc73beea6bd60c127e14e1324a
model-94ff2aa1dc7a7e5f,6-unresolved-actor,Field object · Fueno,,field-unresolved,2,1,4,2,False,False,research-required,Actor/prop identity needs confirmation; scene/effect names are context only | Geometry replacement hook for field-unresolved,a192608a4999d73fe4dcbb5e3ed44fdb98490f5b0f02c3f95161e469c6fdad68,94ff2aa1dc7a7e5f2dce6eec3a0ca93f0a958c5339f060416701fbd7530aca64
model-07103618e94145f9,6-unresolved-actor,Field object · Furni,,field-unresolved,2,18,247,350,False,False,research-required,Actor/prop identity needs confirmation; scene/effect names are context only | Geometry replacement hook for field-unresolved,f706dd197a02ed97ed9435b6b9e424a3c26f1bcfe80af207cf95aa62d959003e,07103618e94145f9d4fda5bb890aff0e6cf6a5c820ae57f3701c4ef7865266ae
model-b496fc2dedacbc32,6-unresolved-actor,Field object · Furni,,field-unresolved,2,4,76,72,False,False,research-required,Actor/prop identity needs confirmation; scene/effect names are context only | Geometry replacement hook for field-unresolved,abf3d252ad9705cb6516c17c3ecbfa6b87424ad92544aae15b24cc5201235485,b496fc2dedacbc325aa605d47213c825cb8c35e359afae9513ab032070ce7022
model-01e2854a065382e3,6-unresolved-actor,Field object · Giganto Home,,field-unresolved,2,17,196,282,False,False,research-required,Actor/prop identity needs confirmation; scene/effect names are context only | Geometry replacement hook for field-unresolved,3867009bfff29ad13adf81cc27ae0dc44f39761248fe4a786bac33904b11a5c8,01e2854a065382e3ee8cc93f17522a75aced73d3898008353b2884b361b1cccc
model-96729c7f4a3f0a73,6-unresolved-actor,Field object · Giganto Home,,field-unresolved,2,20,133,169,False,False,research-required,Actor/prop identity needs confirmation; scene/effect names are context only | Geometry replacement hook for field-unresolved,90fb9191ee53f851726df85e315c68259bef001cae76b305bd513d03472b060c,96729c7f4a3f0a7387b797406155b7070adaafcc19aad462772925591a7f21ab
model-bba83465d962c803,6-unresolved-actor,Field object · Giganto Home,,field-unresolved,2,29,121,64,False,False,research-required,Actor/prop identity needs confirmation; scene/effect names are context only | Geometry replacement hook for field-unresolved,9398b5db1759a6de4565518e565f07e2d004fe5dde5918faa9ebdac3cdbf7ca4,bba83465d962c803bc006f627fdb012afc7460872296fe0bb12fec2fad1fc78e
model-27e5e58f7dd0c276,6-unresolved-actor,Field object · Hellena Prison,,field-unresolved,2,48,813,1368,False,False,research-required,Actor/prop identity needs confirmation; scene/effect names are context only | Geometry replacement hook for field-unresolved | Topology needs inspection before surface refinement,de17dfc9b42969fdccc6d8d385978b6c822aa3d424c40e825831270b6a7ddd44,27e5e58f7dd0c276e229c3c5424039a8401cddb68ab94da743ed5d320069fe68
model-a0151628cd518aa5,6-unresolved-actor,Field object · Hellena Prison,,field-unresolved,2,1,6,4,False,False,research-required,Actor/prop identity needs confirmation; scene/effect names are context only | Geometry replacement hook for field-unresolved,cfa262ae5516ae09e66fce9a1f6ddd9006e021809376edc6946f95e442080a57,a0151628cd518aa5c115e0a05773c7cc5f5bf6382f51105ebb8cd71fd3a9d56c
model-fb38a45cd62c049e,6-unresolved-actor,Field object · Hellena Prison,,field-unresolved,2,33,491,850,False,False,research-required,Actor/prop identity needs confirmation; scene/effect names are context only | Geometry replacement hook for field-unresolved,81dfab792461f821fbbe586cd507c6c4c0b355936186cae62bf2f00f0d1d14d1,fb38a45cd62c049e6989dd44c3aecc14c57ca52760d04655a4d9c55226c1f1b6
model-eff9ccb7c57efd31,6-unresolved-actor,Field object · Indels Castle,,field-unresolved,2,23,347,465,False,False,research-required,Actor/prop identity needs confirmation; scene/effect names are context only | Geometry replacement hook for field-unresolved,c374f71ab16339dc8cd68f477b2737ed0b3ed0a5f844174bb5c68bb5a2af6819,eff9ccb7c57efd318b5975c3b0ad842f34ff4ff22d756514aea966bd4b009617
model-1daad87df5bdd01d,6-unresolved-actor,Field object · Intro Forest,,field-unresolved,2,15,491,873,False,False,research-required,Actor/prop identity needs confirmation; scene/effect names are context only | Geometry replacement hook for field-unresolved | Topology needs inspection before surface refinement,d79059f9e613549978473a8d3116c80e4b87a719717457e0ad57f207185dde55,1daad87df5bdd01d8f5d34c0f00075c9a7f2753fa763206fd2497c2ab83fd338
model-5e366a8439125cae,6-unresolved-actor,Field object · Intro Forest,,field-unresolved,2,10,40,20,False,False,research-required,Actor/prop identity needs confirmation; scene/effect names are context only | Geometry replacement hook for field-unresolved,9953440cb1b45d29116f72d3630c02bcf8dff3f6995f8ca8b918feeb5a96957a,5e366a8439125cae32cd1a6c3c36c0b0cbfbf44f62e26f690a0330a973bb9def
model-700cbbb2c1207655,6-unresolved-actor,Field object · Intro Forest,,field-unresolved,2,23,581,417,False,False,research-required,Actor/prop identity needs confirmation; scene/effect names are context only | Geometry replacement hook for field-unresolved | Topology needs inspection before surface refinement,a4f81c4cd4fe6c8735ade5ec0f1ac1d24b1423f73a7aaa2287c0c884ac1346f1,700cbbb2c12076558682d9c40d473fa0e4b6caba2b62bd7e3137e4db29f6dff6
model-e3c0671332b59133,6-unresolved-actor,Field object · Intro Forest,,field-unresolved,2,34,439,721,False,False,research-required,Actor/prop identity needs confirmation; scene/effect names are context only | Geometry replacement hook for field-unresolved,a7e555a2ca442458a7905abb9613677694acffe62ed5078a5470efe8b75ffea6,e3c0671332b59133ec8f5215af7554244c64a46114d63abbd1b563370d12017d
model-551b15191e59ac79,6-unresolved-actor,Field object · Kazas,,field-unresolved,2,15,235,350,False,False,research-required,Actor/prop identity needs confirmation; scene/effect names are context only | Geometry replacement hook for field-unresolved,af99dec7d696033cfe2eb1008395b576f47f36ecf03e32073903845c1f458d16,551b15191e59ac794075dfc4c7ea0a183f1edfa189856f9a9a9593b21b682d34
model-717de3741e496ad0,6-unresolved-actor,Field object · Kazas,,field-unresolved,2,15,233,333,False,False,research-required,Actor/prop identity needs confirmation; scene/effect names are context only | Geometry replacement hook for field-unresolved,8053c1d14a60befe1785195aa9a8783e85ab5cd944b32d987ff376107e3ec78b,717de3741e496ad00d6830c36c5dfcf6640115facd73690ccd3c870c965de84c
model-ade452a0b14b8604,6-unresolved-actor,Field object · Lidiera,,field-unresolved,2,17,319,445,False,False,research-required,Actor/prop identity needs confirmation; scene/effect names are context only | Geometry replacement hook for field-unresolved | Topology needs inspection before surface refinement,dd69e2168722ecb8a69fa21ca277926058cc92923e5249944c87bfb35a88cda1,ade452a0b14b86044ce2ddd1e49241f93e791c7d9493b79dea44271419d4f3fe
model-c97780dbe0eaa994,6-unresolved-actor,Field object · Lidiera,,field-unresolved,2,17,253,354,False,False,research-required,Actor/prop identity needs confirmation; scene/effect names are context only | Geometry replacement hook for field-unresolved,4ebe8cbd6e735bd52ee1f9f71dc80819c429d29318febeef06724ec70419306c,c97780dbe0eaa99473e60e4fd8c47c4779fbe1df03fecf8ab17493a0800123f2
model-02ff68ba5c273144,6-unresolved-actor,Field object · Lohan,,field-unresolved,2,1,40,50,False,False,research-required,Actor/prop identity needs confirmation; scene/effect names are context only | Geometry replacement hook for field-unresolved,5825b4856bec9394029cde3c8b0fcdbab04851f04e4c45159703e371e339fbba,02ff68ba5c273144be4b592f3e8c3a53063f72c7dcfddf83953ec0ad07219916
model-307c2590e002bcfc,6-unresolved-actor,Field object · Lohan,,field-unresolved,2,19,253,413,False,False,research-required,Actor/prop identity needs confirmation; scene/effect names are context only | Geometry replacement hook for field-unresolved | Topology needs inspection before surface refinement,4f7e010b30fe65b6aa67e5e51be171b28e9f6295e1a646ed3314664e7e9752de,307c2590e002bcfc88aab50533e038dcc5306a317e1205589c0d94943475b4f1
model-42e94ec2039b0b02,6-unresolved-actor,Field object · Lohan,,field-unresolved,2,17,110,104,False,False,research-required,Actor/prop identity needs confirmation; scene/effect names are context only | Geometry replacement hook for field-unresolved,b5ec8946e2c4103dbfc65d8f3efc6a5bb34baeae15b6a1e1ad489cfb5003ef0b,42e94ec2039b0b02300cda238c007533827c19169785e68875f595b95d313e0a
model-4a3fc9884930474f,6-unresolved-actor,Field object · Lohan,,field-unresolved,2,1,40,52,False,False,research-required,Actor/prop identity needs confirmation; scene/effect names are context only | Geometry replacement hook for field-unresolved,c430305af2ef3bad47bfd5dbfe1367b11a41d313996987d3093a0b729855dcb0,4a3fc9884930474f77d12b7ca0afd4b03026c2d3617ddb001c826ea4997e4695
model-7ed176b8415959d1,6-unresolved-actor,Field object · Lohan,,field-unresolved,2,1,36,36,False,False,research-required,Actor/prop identity needs confirmation; scene/effect names are context only | Geometry replacement hook for field-unresolved,75c27d89aa2144613c472c2e4bae15481abdadd1a727ca3598f45205162c3972,7ed176b8415959d1b5ae18b26d2884045e47925383a53f87d9c9b6446529dbfd
model-af8da39eb8b33e6f,6-unresolved-actor,Field object · Lohan,,field-unresolved,2,26,344,445,False,False,research-required,Actor/prop identity needs confirmation; scene/effect names are context only | Geometry replacement hook for field-unresolved | Topology needs inspection before surface refinement,6ba4448c7200c21f8fa0ab809798e052f386ad3ca2dd369bfbe26a7969debb40,af8da39eb8b33e6f37ff533a1964f03dff1653ed13c466364b8160c72685c7b3
model-baa651034ec8a106,6-unresolved-actor,Field object · Lohan,,field-unresolved,2,16,267,418,False,False,research-required,Actor/prop identity needs confirmation; scene/effect names are context only | Geometry replacement hook for field-unresolved | Topology needs inspection before surface refinement,524ce37250fdcdb2afd237fa7a11dde07a3a1031e9e2df4a2377ee21a9087214,baa651034ec8a1064ddf36e443d35a2c4f09fb1670312ffcf8b7f1df0b32399a
model-e10c23414c77e54f,6-unresolved-actor,Field object · Lohan,,field-unresolved,2,19,258,412,False,False,research-required,Actor/prop identity needs confirmation; scene/effect names are context only | Geometry replacement hook for field-unresolved,bd194e92720ba0cfa40bea7576ef55b7f0b3c9160280300e269c50726f9cd1b0,e10c23414c77e54fba8c1914dcca1af607fbd52a707935cf79b9229067ef0ebd
model-e51c895a30213805,6-unresolved-actor,Field object · Lohan,,field-unresolved,2,1,38,38,False,False,research-required,Actor/prop identity needs confirmation; scene/effect names are context only | Geometry replacement hook for field-unresolved,ee2296f8f7283e621a4448d3ff2300a37956d6fbb4795bb56a876e7d88c2482e,e51c895a302138054abe1b5d614d444dde7d7bf73402d1f15affd03daa67b35c
model-f91a817a7b4a0c9d,6-unresolved-actor,Field object · Lohan,,field-unresolved,2,30,128,66,False,False,research-required,Actor/prop identity needs confirmation; scene/effect names are context only | Geometry replacement hook for field-unresolved,eb468facec381be7df195a5dbbe5e3cc922c2745db6b87c449e641dfa899ac49,f91a817a7b4a0c9d646f12eecd397c30600b34641ba6a485b53bee0e6852f84a
model-898121742c8b1bcc,6-unresolved-actor,Field object · Mayfil,,field-unresolved,2,21,301,470,False,False,research-required,Actor/prop identity needs confirmation; scene/effect names are context only | Geometry replacement hook for field-unresolved,3b7703dbd3300d529bb683a4325c5a56c9f9779220ecd81d143ac7bf8b48fc2a,898121742c8b1bcc8613e0bf98ecd211ed48883714b87eb6f2a9c8f1de75ab82
model-ac2cb1e6c94646c9,6-unresolved-actor,Field object · Mayfil,,field-unresolved,2,1,16,14,True,False,research-required,Actor/prop identity needs confirmation; scene/effect names are context only | Auxiliary/animated palette contract must be supported before replacement | Geometry replacement hook for field-unresolved,24b3dd5b0e60662c19fe3ed9fc28a6de74fd311b198f065b8edf78cd7b7d13d3,ac2cb1e6c94646c93c7d59a029b824bde54a935bcdfb416c4fe5c8947c25945a
model-ceae8e4b644a377b,6-unresolved-actor,Field object · Mayfil,,field-unresolved,2,1,192,120,True,False,research-required,Actor/prop identity needs confirmation; scene/effect names are context only | Auxiliary/animated palette contract must be supported before replacement | Geometry replacement hook for field-unresolved,e902580ebdaae4a4f7f7a5ab4dbfeca8e0bc7721168fcd9e80706fbb0335fa24,ceae8e4b644a377b931de170aa1f61b21d3d448482c096883bcb08b53923c0b2
model-c86388261bf8b267,6-unresolved-actor,Field object · Mayfil / Vellweb,,field-unresolved,2,1,8,4,False,False,research-required,Actor/prop identity needs confirmation; scene/effect names are context only | Geometry replacement hook for field-unresolved,ef34fad11a1ba5a439a8c036ce1d93d6f21b3c7066b16821da62ee4791e081df,c86388261bf8b26762bd2cfe243d94ef332710f7b8736a31513cddc3c679cdc5
model-57355cf781f147b2,6-unresolved-actor,Field object · Moon,,field-unresolved,2,1,6,4,False,False,research-required,Actor/prop identity needs confirmation; scene/effect names are context only | Geometry replacement hook for field-unresolved,f9e8024ce1de5957a74fc90a810d3f33e3f24b6dd23be465961e9ec15f75cb40,57355cf781f147b2c62508a5698c17c26fba64d59b8f32abc1105ce8d080e527
model-a902d37a80aff02b,6-unresolved-actor,Field object · Moon,,field-unresolved,2,10,374,538,True,False,research-required,Actor/prop identity needs confirmation; scene/effect names are context only | Auxiliary/animated palette contract must be supported before replacement | Geometry replacement hook for field-unresolved | Topology needs inspection before surface refinement,f70abd00cd7b6cfe180123266b0c95b2200c55a023dcd8c23cc6a17dfb6ee708,a902d37a80aff02b1b73c41698135b46030cbb623ddad449fa9849861610ce11
model-e907d637e283826d,6-unresolved-actor,Field object · Moon,,field-unresolved,2,1,6,4,False,False,research-required,Actor/prop identity needs confirmation; scene/effect names are context only | Geometry replacement hook for field-unresolved,f539e4c705dcc6225f28047514413196bbf7b0c2629e2cbc59dfd417e0b8f37f,e907d637e283826dbaa87a3de705f14a70e70aebffa919d5f3c78ede80d9dc26
model-887261bbf721c06f,6-unresolved-actor,Field object · Moon / Neet,,field-unresolved,2,1,39,44,True,False,research-required,Actor/prop identity needs confirmation; scene/effect names are context only | Auxiliary/animated palette contract must be supported before replacement | Geometry replacement hook for field-unresolved,f91047cde277ed2f7d50d6a165422d8c097ce86e7e1fe975d79dbe473a1e3a73,887261bbf721c06fd24bc20182a84cd3967a82e320b4d55769643bbc6f083136
model-fc23a4faa3123a6f,6-unresolved-actor,Field object · Moon / Wingly Forest,,field-unresolved,2,43,379,481,True,False,research-required,Actor/prop identity needs confirmation; scene/effect names are context only | Auxiliary/animated palette contract must be supported before replacement | Geometry replacement hook for field-unresolved | Topology needs inspection before surface refinement,845281e0ca7af27128ba7d1a16b65ae5653845165dffae08ba1fa4f6f0b4cc22,fc23a4faa3123a6f72294fa5fdc5af51ebd9fe6a3e0594960daf32c82271fc45
model-1523fcc892e7bb19,6-unresolved-actor,Field object · Nest of Dragon,,field-unresolved,2,16,120,124,False,False,research-required,Actor/prop identity needs confirmation; scene/effect names are context only | Geometry replacement hook for field-unresolved,6ca0dcc99cb7d11fbf721e3f7142b332593a13bb3ee1500d9f5f965af20136e1,1523fcc892e7bb19f6c882fe6914e9d07d45eeca5cfd2bd83dc3c79b0252d83b
model-8f98ac4e93c84741,6-unresolved-actor,Field object · Nest of Dragon,,field-unresolved,2,29,425,631,False,False,research-required,Actor/prop identity needs confirmation; scene/effect names are context only | Geometry replacement hook for field-unresolved,bc1837928f4ebc6c755870a8d4e8092c643752bb42fd31f618d2de1d870fdad2,8f98ac4e93c84741b0c2397731d1632925b6d38e9e7239c55b099a9abee6b9bb
model-b7e57feddb416eea,6-unresolved-actor,Field object · Nest of Dragon,,field-unresolved,2,31,230,220,False,False,research-required,Actor/prop identity needs confirmation; scene/effect names are context only | Geometry replacement hook for field-unresolved,5418b5361bdbd516ea2f0a30845c90f86666a94095d943bc074abfc16006f444,b7e57feddb416eea28435b4af39717dfcbc1eb25f048ca75c9aea83e5f6891d3
model-00bd60edf285fcc8,6-unresolved-actor,Field object · Phantom Ship,,field-unresolved,2,16,314,426,False,False,research-required,Actor/prop identity needs confirmation; scene/effect names are context only | Geometry replacement hook for field-unresolved | Topology needs inspection before surface refinement,5be369f8867d9313146775260dc178ecbd30dc51509297531f0458636fa18870,00bd60edf285fcc886570ab7eca484bde62239e92fbfa20666b84c8ad951fe2b
model-354763616a6421fa,6-unresolved-actor,Field object · Phantom Ship,,field-unresolved,2,23,300,392,False,False,research-required,Actor/prop identity needs confirmation; scene/effect names are context only | Geometry replacement hook for field-unresolved | Topology needs inspection before surface refinement,afc115b918cdc7759497e53b12a04e85312caeac400e4247904f90d7d6ff6235,354763616a6421fa961fd01210c643b405f7c97064de1ca11624d4263a2b3805
model-5d1a271edae49e9a,6-unresolved-actor,Field object · Phantom Ship,,field-unresolved,2,32,493,681,False,False,research-required,Actor/prop identity needs confirmation; scene/effect names are context only | Geometry replacement hook for field-unresolved | Topology needs inspection before surface refinement,dca899e65beff7a94aa87c661548b19e3db9fbd7f125e5acba07272f66176bf8,5d1a271edae49e9a936ca4792f85150858fa9292285df233add4c76931ef9e12
model-8dc8a60b00cb6c66,6-unresolved-actor,Field object · Phantom Ship,,field-unresolved,2,1,38,44,False,False,research-required,Actor/prop identity needs confirmation; scene/effect names are context only | Geometry replacement hook for field-unresolved,a4e65ae7723b8603e0ad2cfa46e7351a51003f64801b1b34586011d92634c607,8dc8a60b00cb6c66b87073ecd3aeca6abd1327e7b3c6db61a534a64b653cc9f1
model-adeb06139870756b,6-unresolved-actor,Field object · Phantom Ship,,field-unresolved,2,13,199,294,False,False,research-required,Actor/prop identity needs confirmation; scene/effect names are context only | Geometry replacement hook for field-unresolved,5da32d1856115aa494b5d10c0903987e22e40421876c7d5ee6b5bd0a71fbe7d7,adeb06139870756b178da65971c6d5916addc2ccf509c66328fde9791576c7dd
model-ac9329d344505ae3,6-unresolved-actor,Field object · Prairie,,field-unresolved,2,15,169,274,False,False,research-required,Actor/prop identity needs confirmation; scene/effect names are context only | Geometry replacement hook for field-unresolved,6828cd688c55bc88537e01aa43430c73aa7aff5ac8b60813c698a88b8ac15842,ac9329d344505ae359277d6bda25c62f513d3310988d537457255bb42b7a2c4a
model-f19c0cb8a754a6ce,6-unresolved-actor,Field object · Prairie,,field-unresolved,2,18,219,366,False,False,research-required,Actor/prop identity needs confirmation; scene/effect names are context only | Geometry replacement hook for field-unresolved,9f6979459896c2d2ca84fac0b0502c77df5f0284c7b3ba875cf3886d9f459014,f19c0cb8a754a6ce29d8cb78fb96d623440c5dcf263c5bd8ecc90427a8e62683
model-41284b1ff70bd3d2,6-unresolved-actor,Field object · Prison Island,,field-unresolved,2,27,424,580,False,False,research-required,Actor/prop identity needs confirmation; scene/effect names are context only | Geometry replacement hook for field-unresolved | Topology needs inspection before surface refinement,267e400079d0dac060d0fa0ee11aa9bfcf8dcd8ba8e964d35a6d908d0a5cdc46,41284b1ff70bd3d2a8730b1742992887f1cfc1f41748ba7775240541a2acc092
model-df433497c7f883f2,6-unresolved-actor,Field object · Rouge,,field-unresolved,2,1,18,16,False,False,research-required,Actor/prop identity needs confirmation; scene/effect names are context only | Geometry replacement hook for field-unresolved | Topology needs inspection before surface refinement,71a92c5074231503eea2714f6826bab2677819837245daf1a84326e61b070eea,df433497c7f883f24c568c7f091ebce6e64379c54b7960df5578bde754123246
model-0c8a79023b79e542,6-unresolved-actor,Field object · Seles,,field-unresolved,2,15,276,492,False,False,research-required,Actor/prop identity needs confirmation; scene/effect names are context only | Geometry replacement hook for field-unresolved,f28bb345a4190b6baf5ed8500aeafe859da5e445a1c2956f5f8094c02d40a3c1,0c8a79023b79e542720fbc613506d83054eeca615efcaddf1a8f6049511ceaaa
model-353b222956ef3a5f,6-unresolved-actor,Field object · Seles,,field-unresolved,2,1,18,12,True,False,research-required,Actor/prop identity needs confirmation; scene/effect names are context only | Auxiliary/animated palette contract must be supported before replacement | Geometry replacement hook for field-unresolved,9e68ed6ad90b1a132a67508a6196cda4fdf51bdb1d2a0957037ac4b7a064e1a0,353b222956ef3a5f8c87e212e7b10a6adba2afaf88fa95262a61db70622fc96d
model-419f25dc0724d541,6-unresolved-actor,Field object · Seles,,field-unresolved,2,11,160,229,False,False,research-required,Actor/prop identity needs confirmation; scene/effect names are context only | Geometry replacement hook for field-unresolved,f1e421a77288c2b28e6ca758cc49308358d96c02a88ea59a15623d93caaab87b,419f25dc0724d541eb512881ce4cfc6c1cfd31ac0cb0c9f4e29e31dc4f80e318
model-7167bb714d9c3a43,6-unresolved-actor,Field object · Seles,,field-unresolved,2,31,388,477,False,False,research-required,Actor/prop identity needs confirmation; scene/effect names are context only | Geometry replacement hook for field-unresolved,a4de090a7630f5094e656a91585c54a5a4fb908cb8a067d622ad99cd52fb10c9,7167bb714d9c3a43b89211bfc94b7418a5d03337e99663a66c49ac8936be2994
model-8c3d82fed584fd76,6-unresolved-actor,Field object · Seles,,field-unresolved,2,1,28,22,True,False,research-required,Actor/prop identity needs confirmation; scene/effect names are context only | Auxiliary/animated palette contract must be supported before replacement | Geometry replacement hook for field-unresolved,116cb85bea7fc504e652a476d7efedf026c45f5d8e58ee839edccdce4de44408,8c3d82fed584fd7699279a57577574749514265f7c6d0cdba91a17a22e054c80
model-a1db0302a48060b7,6-unresolved-actor,Field object · Seles,,field-unresolved,2,13,200,295,False,False,research-required,Actor/prop identity needs confirmation; scene/effect names are context only | Geometry replacement hook for field-unresolved,1ab55e55b08ac3b9db8750e62b8a71d171ac6a3dfac829b4fc6bdcbb06a660f2,a1db0302a48060b71594526383dbbe76768927bb7b760ba69fb7a648b526c8ab
model-fa23a31dbf2e81ed,6-unresolved-actor,Field object · Seles,,field-unresolved,2,15,195,318,False,False,research-required,Actor/prop identity needs confirmation; scene/effect names are context only | Geometry replacement hook for field-unresolved,d8cb2a9579a40e0a2773da24bf0dbea838bbc1ead909f7f549a2c83dda10dded,fa23a31dbf2e81ed0021d5f76f96b77d7cd85ddf9b2eb696925c102eb9d6bec8
model-21562ef351893f76,6-unresolved-actor,Field object · Shirley's Shrine,,field-unresolved,2,1,34,64,False,False,research-required,Actor/prop identity needs confirmation; scene/effect names are context only | Geometry replacement hook for field-unresolved,cb4b7d4c3bd8ebf1e8a9762f3a01167e695fdb536685059e1d908c3b3c2c864d,21562ef351893f76c312ca46d57ac8fde8e5815a5e89299c2525347ae143a019
model-085bf9b70abd9f71,6-unresolved-actor,Field object · The Queen Fury,,field-unresolved,2,1,21,32,False,False,research-required,Actor/prop identity needs confirmation; scene/effect names are context only | Geometry replacement hook for field-unresolved,d14f8d212b924f4974536edd770d2833f56b5885a66b99b5d58f6b58b674fd1b,085bf9b70abd9f710790031ddd3d93e45b2fc57781fdc3a3da3985f99740fdef
model-4fcf08a0e6fd2fd5,6-unresolved-actor,Field object · The Queen Fury,,field-unresolved,2,1,21,25,False,False,research-required,Actor/prop identity needs confirmation; scene/effect names are context only | Geometry replacement hook for field-unresolved,e7e0626658b1c7b3a259161d34ae4bf99721470b100e74d065da9d62ff032df8,4fcf08a0e6fd2fd5a78b89cc0041b2c0c21b257dd9f64fbcd6bc6de6501806d8
model-616415470a8efbf6,6-unresolved-actor,Field object · The Queen Fury,,field-unresolved,2,18,232,338,False,False,research-required,Actor/prop identity needs confirmation; scene/effect names are context only | Geometry replacement hook for field-unresolved,762b3ed9954b36e9996ebb8d20c6d9b27a4034dfb5455f204240f544ff779296,616415470a8efbf6fb7f91246a28cd644ca26288dea896b1f6fd75adc406f029
model-ad2c968b333ff6ec,6-unresolved-actor,Field object · The Queen Fury,,field-unresolved,2,18,300,462,False,False,research-required,Actor/prop identity needs confirmation; scene/effect names are context only | Geometry replacement hook for field-unresolved,cdb2e7ffa7ba9508b8bcbdca854328b5ea92f27e7860396bde5ccb3979ff2c51,ad2c968b333ff6ec56ffe075a82f8cfe31d7e6efb01d450ff155193c27854b07
model-d292f7c68ad33e28,6-unresolved-actor,Field object · The Queen Fury,,field-unresolved,2,1,21,32,False,False,research-required,Actor/prop identity needs confirmation; scene/effect names are context only | Geometry replacement hook for field-unresolved,ab17786ec731b8956977d337e454dc339ec69d86c59e206cf855439a9949e2fd,d292f7c68ad33e28c6f7fb5337af7947eb5942ef6dc4b7dbb0ef6924b0514fe7
model-eb3beb7e2e5646d0,6-unresolved-actor,Field object · The Queen Fury,,field-unresolved,2,1,16,28,False,False,research-required,Actor/prop identity needs confirmation; scene/effect names are context only | Geometry replacement hook for field-unresolved,f9664c86ada9a68be58828f8f00b1ceeb255ad89a13a2452ec94e6902282df04,eb3beb7e2e5646d01b4501e5df911ba2cde0f886171ae6291d25dd453c5f903a
model-83562b1e94a903e4,6-unresolved-actor,Field object · Town of Hoax,,field-unresolved,2,16,258,373,False,False,research-required,Actor/prop identity needs confirmation; scene/effect names are context only | Geometry replacement hook for field-unresolved,91beb75cfdb0bfb05bb69afd3a10d434ec06a67cf0d1d22209d4b91ff8837991,83562b1e94a903e4fda2be3d239d0226cfac20d7244210fd58e36a12eefe266e
model-5992337561d8fb8d,6-unresolved-actor,Field object · Twin Castle,,field-unresolved,2,1,4,2,False,False,research-required,Actor/prop identity needs confirmation; scene/effect names are context only | Geometry replacement hook for field-unresolved,b88f8d5af50d7f08d348f8c0db6fe33c53cb89b4e0c29447de1db2b2a39fee5e,5992337561d8fb8d9ad7ebd3592948706f9ce091c011a845ebca640aabce083c
model-75224ee2f013c5ec,6-unresolved-actor,Field object · Twin Castle,,field-unresolved,2,1,18,16,False,False,research-required,Actor/prop identity needs confirmation; scene/effect names are context only | Geometry replacement hook for field-unresolved | Topology needs inspection before surface refinement,1a1a9ddc291fa873324098c9aa28137ab4a873a3db541cca70c96b2210d4cae7,75224ee2f013c5ecd676f89b1495584b0a0a3beaf20dc8e06101e2747f5f909b
model-8b27cb7be249a8b0,6-unresolved-actor,Field object · Twin Castle,,field-unresolved,2,17,315,481,False,False,research-required,Actor/prop identity needs confirmation; scene/effect names are context only | Geometry replacement hook for field-unresolved | Topology needs inspection before surface refinement,ca5895488e92ae6d3c8e080a7580dd64039bd77ab8636e4fb37a707a10049598,8b27cb7be249a8b0219ce2718814bd29ebe0800c2b0c7616df2c942a34ed79f4
model-a947824553a9249b,6-unresolved-actor,Field object · Twin Castle,,field-unresolved,2,15,236,336,False,False,research-required,Actor/prop identity needs confirmation; scene/effect names are context only | Geometry replacement hook for field-unresolved | Topology needs inspection before surface refinement,969fa0039fbba8672249fc3d54618b7b1c29efa1105e847b75c9a64ca540be9f,a947824553a9249b79b03cc604f95098dc5b65ab6e08aade48d4179b0d943323
model-b15b76c2dd7e3d93,6-unresolved-actor,Field object · Twin Castle,,field-unresolved,2,1,6,4,False,False,research-required,Actor/prop identity needs confirmation; scene/effect names are context only | Geometry replacement hook for field-unresolved,7610cf9c77264589b5d76ee0810617608b531a1da68c05432c5d1156052a932c,b15b76c2dd7e3d93adde3514cee9eab8eca6635de2abc07a6412e13207ddc725
model-dec346b47d3c9f8a,6-unresolved-actor,Field object · Twin Castle,,field-unresolved,2,13,254,402,False,False,research-required,Actor/prop identity needs confirmation; scene/effect names are context only | Geometry replacement hook for field-unresolved,15f0aa23174119e8e41e4f28ea61e3eca422c88aa6757aee840ba77d123820aa,dec346b47d3c9f8abb8474f0a1ed94f80853e8441b1f6b707ee2367f6e8bc0cb
model-4710c26ef6e54029,6-unresolved-actor,Field object · Ulara,,field-unresolved,2,2,15,12,False,False,research-required,Actor/prop identity needs confirmation; scene/effect names are context only | Geometry replacement hook for field-unresolved,4c7eb97bb95a080a9110a44542eb4806487a1b53c645014bcc808fd21f0ce273,4710c26ef6e54029f03b7fa7acb35e6c5ce1505298d2a2e618f7c38c370368eb
model-6e1894f2e697207c,6-unresolved-actor,Field object · Ulara,,field-unresolved,2,5,47,50,False,False,research-required,Actor/prop identity needs confirmation; scene/effect names are context only | Geometry replacement hook for field-unresolved,921c562f9d00165e23458a89f68cb943dec817833c7b1f8bdca1ce50683dc39c,6e1894f2e697207cea769bf08e9e7c5390356dfa47041eda1f1801e401cc20fc
model-a06e30c3f4572773,6-unresolved-actor,Field object · Ulara,,field-unresolved,2,16,232,342,False,False,research-required,Actor/prop identity needs confirmation; scene/effect names are context only | Geometry replacement hook for field-unresolved | Topology needs inspection before surface refinement,8f72e21ad7ab310d11083bc7f43cd0f2e6748540c874f08915da76fb47f2897b,a06e30c3f45727738b9d237768f9550e30db297f8aa1fad69d951615fb9b0c4a
model-ff70c5366c910bce,6-unresolved-actor,Field object · Ulara,,field-unresolved,2,16,230,350,True,False,research-required,Actor/prop identity needs confirmation; scene/effect names are context only | Auxiliary/animated palette contract must be supported before replacement | Geometry replacement hook for field-unresolved | Topology needs inspection before surface refinement,299c6a8489855887d4559f80c1f8024e13286af9cb79def51cef4cc77b80670c,ff70c5366c910bce3f6efaf2a0325ebbf52620599301aedc752202e094db2698
model-ebf05107e3c57fc9,6-unresolved-actor,Field object · Wingly Forest,,field-unresolved,2,1,24,28,False,False,research-required,Actor/prop identity needs confirmation; scene/effect names are context only | Geometry replacement hook for field-unresolved,b0600b896b88e6f22ceffc001ed8d6f09bf77ee8a45b9e131962613ce18c0964,ebf05107e3c57fc9befc7e9c88355643460ee287c05a542f4fedb43302ea37c9
model-37170534511356a3,6-unresolved-actor,Field object · unnamed scene,,field-unresolved,2,60,926,1032,False,False,research-required,Actor/prop identity needs confirmation; scene/effect names are context only | Geometry replacement hook for field-unresolved,48dd7f0eb28002cf3fd757984b8400160e237ef21be70b5fa5fe1622fa9d1c1b,37170534511356a3bce4ca370e3405ef8edb901de0895dae0872af0ef0b160b6
model-5e91c319f7673149,6-unresolved-actor,Field object · unnamed scene,,field-unresolved,2,15,313,504,False,False,research-required,Actor/prop identity needs confirmation; scene/effect names are context only | Geometry replacement hook for field-unresolved,27a433d068f6de0f752c6cf5dd3d8d90c04a8a7899277e5b81b7585f56177b53,5e91c319f7673149862c76710065d2df06a1e2728a7f7135b008bbcdc91992d0
model-7dfee9da83fa9b28,6-unresolved-actor,Field object · unnamed scene,,field-unresolved,2,15,278,464,False,False,research-required,Actor/prop identity needs confirmation; scene/effect names are context only | Geometry replacement hook for field-unresolved,439112d749ca2bc33190fa3fd26b11ffddcffc5fe255c2ab5ea4d19d6b1fb825,7dfee9da83fa9b28d3ccfb8057c3eac66010955bbfe2c753ee6db7f4063e0697
model-f749249dcddccf9e,6-unresolved-actor,Field object · unnamed scene,,field-unresolved,2,14,230,333,False,False,research-required,Actor/prop identity needs confirmation; scene/effect names are context only | Geometry replacement hook for field-unresolved | Topology needs inspection before surface refinement,d755834d1015a7aaccc1fc2f4173dbda3cd63fe8d43c63ec31cd1eca426f9c7b,f749249dcddccf9e8347b4e2a2f7e3b0448f9ee68eb4b4129fe08fb747a52923
model-6c2a0e8bd145624e,6-unresolved-actor,Unresolved container SECT/DRGN0.BIN/133,,unresolved-container,2,19,434,803,False,False,research-required,Actor/prop identity needs confirmation; scene/effect names are context only | Geometry replacement hook for unresolved-container | Topology needs inspection before surface refinement,3354b9fb6d192e23a489a051fda0cc93d4da705d88bec7c7cebadbf94172fc0f,6c2a0e8bd145624e66fcee51d8ab8df777d338b4ac3c8aa1acd1ffd0f2d52d9a
model-2c8ff2083d593783,6-unresolved-actor,Unresolved container SECT/DRGN0.BIN/337,,unresolved-container,2,18,457,795,False,False,research-required,Actor/prop identity needs confirmation; scene/effect names are context only | Geometry replacement hook for unresolved-container | Topology needs inspection before surface refinement,d1651c10155d4fafac0ef8d473140e8fc2a21dc1ee12135035e3e2490f1520ef,2c8ff2083d5937836e1d829a6073cc4cce025cb77dbb8e30770b770a7fe1709d
model-39b437f74cffef69,6-unresolved-actor,Field object · Aglis,,field-unresolved,1,6,36,24,False,False,research-required,Actor/prop identity needs confirmation; scene/effect names are context only | Geometry replacement hook for field-unresolved,e8f91948af228dec6feb10eae1d58bdde29aeee6cda0edd9e3a044eb34cd2b14,39b437f74cffef69206bffb53a4ab509d32a5adae4618edbe2501b127407df0a
model-4c98d9cc414d38b9,6-unresolved-actor,Field object · Aglis,,field-unresolved,1,29,351,439,True,False,research-required,Actor/prop identity needs confirmation; scene/effect names are context only | Auxiliary/animated palette contract must be supported before replacement | Geometry replacement hook for field-unresolved | Topology needs inspection before surface refinement,1319a327c672efffb9c0e377f453d579276586075ea01aa4a6e85fe6b2e286f8,4c98d9cc414d38b9cc1bd3ea4bb0434e5cd987188bac9f9ac9a0b6ec889a6043
model-57b15069b3ed9a1d,6-unresolved-actor,Field object · Aglis,,field-unresolved,1,48,567,716,False,False,research-required,Actor/prop identity needs confirmation; scene/effect names are context only | Geometry replacement hook for field-unresolved | Topology needs inspection before surface refinement,d7edaf179ad0c50303da5c18932d41f2f00732947fba04a7d9cc693864fc33f9,57b15069b3ed9a1d8b66a215fc37490cad1c1eb3ca4efc1bda545f7e57b156cf
model-4f15889490c63ae1,6-unresolved-actor,Field object · Deningrad,,field-unresolved,1,15,195,318,False,False,research-required,Actor/prop identity needs confirmation; scene/effect names are context only | Geometry replacement hook for field-unresolved,2cb738bd1df0f2fe006b501a639075f35899409ae991e2cf319709a1bfde3aa8,4f15889490c63ae1e555776ce3a8981a32aefc9f7669da792f9c8c69410643af
model-634f4a47689a1ce8,6-unresolved-actor,Field object · Deningrad,,field-unresolved,1,1,18,12,False,False,research-required,Actor/prop identity needs confirmation; scene/effect names are context only | Geometry replacement hook for field-unresolved,4f7763985f117b3d6f009b15f46db4180bb4cb583fbbee06867935e0b4df4701,634f4a47689a1ce8b96da5b404e7d4b0372e30d98745103ed4d9a664ec673135
model-dd2dbb4ea93a9476,6-unresolved-actor,Field object · Deningrad,,field-unresolved,1,1,18,16,False,False,research-required,Actor/prop identity needs confirmation; scene/effect names are context only | Geometry replacement hook for field-unresolved | Topology needs inspection before surface refinement,9a0de60ffa5e00edc83baa162acfc62378238968a954dfa8d61439c5e7267314,dd2dbb4ea93a94764a7498c7f26efadfcabaeadf54ef3acf5f05ba4c4d134fcb
model-5128a2a670471c0d,6-unresolved-actor,Field object · Evergreen Frst,,field-unresolved,1,23,204,235,False,False,research-required,Actor/prop identity needs confirmation; scene/effect names are context only | Geometry replacement hook for field-unresolved,09dfd4b3911aa9ba872c93c694f645070848bfcf0db2f264d73f20cdf6ab6bf5,5128a2a670471c0deeed9513ffae378e387fa66561b481917e421c4ee9b01b24
model-1592d548ca6b6b6b,6-unresolved-actor,Field object · Flanvel Tower,,field-unresolved,1,1,26,48,False,False,research-required,Actor/prop identity needs confirmation; scene/effect names are context only | Geometry replacement hook for field-unresolved,d9eb33986d59c0997fc59fa772740dd8a2df01a63ebb2f434c0fb857ccc8d32a,1592d548ca6b6b6bb0639ae30f3ca15328b94d669457ea1bec6d0fab5514f1e6
model-99187972e8d31922,6-unresolved-actor,Field object · Flanvel Tower,,field-unresolved,1,1,93,168,False,False,research-required,Actor/prop identity needs confirmation; scene/effect names are context only | Geometry replacement hook for field-unresolved,8b703a83bd175136c4c597adfe2cdd338b67e5886b5e85eca136b7cdeb9f6874,99187972e8d3192225551572009cb87ab96b700bb9495e733db0e91c44699e96
model-d4c749a74352957d,6-unresolved-actor,Field object · Flanvel Tower,,field-unresolved,1,8,74,112,False,False,research-required,Actor/prop identity needs confirmation; scene/effect names are context only | Geometry replacement hook for field-unresolved,5e7c9fd51458ceb6e556a8336646e600a7cf6b3db983aee96c32d20069a30bbf,d4c749a74352957d2bb4f189978c1130f7aa57d30434d8a37d03040eba8c70a8
model-08c375885cb63de5,6-unresolved-actor,Field object · Forbidden Land,,field-unresolved,1,1,36,32,True,False,research-required,Actor/prop identity needs confirmation; scene/effect names are context only | Auxiliary/animated palette contract must be supported before replacement | Geometry replacement hook for field-unresolved,e849ce479a3363ecf45b078443057db37f092685a0646b6320caed81c3a252eb,08c375885cb63de5706b7858a1aa8cda33b2b5bab7e55c08e11bf60ae9914f1c
model-10b580fe2eff1692,6-unresolved-actor,Field object · Forbidden Land,,field-unresolved,1,1,44,40,True,False,research-required,Actor/prop identity needs confirmation; scene/effect names are context only | Auxiliary/animated palette contract must be supported before replacement | Geometry replacement hook for field-unresolved,6e64a085ef2c0617d1fb6d465d54ac2eefe0aca1347c0586bd44e67c2862313c,10b580fe2eff16924fdb6a39b1408a6ae0156a781ef0beb1727c09b1849cf032
model-581284245869c4a9,6-unresolved-actor,Field object · Forbidden Land,,field-unresolved,1,10,155,178,False,False,research-required,Actor/prop identity needs confirmation; scene/effect names are context only | Geometry replacement hook for field-unresolved,cb899dc95638d9497889d372458662b90ffe2dc2cb78586195516a31c434e17f,581284245869c4a99123f0311e97a361e7a67ac8847b306cfa896d1ea760268a
model-791cb64f91f498b1,6-unresolved-actor,Field object · Forbidden Land,,field-unresolved,1,3,90,120,False,False,research-required,Actor/prop identity needs confirmation; scene/effect names are context only | Geometry replacement hook for field-unresolved,4890549ec8538b1530e502f002337b56ba7528e85143b9bb1c75ac91c5ed882a,791cb64f91f498b110dc1a920d601d13a7a3c4aa893c1d91aade015ad199d68d
model-82bb5aca408f0c84,6-unresolved-actor,Field object · Forbidden Land,,field-unresolved,1,4,199,270,False,False,research-required,Actor/prop identity needs confirmation; scene/effect names are context only | Geometry replacement hook for field-unresolved,4cb4c3fff880cddfef174355e8787079b5fa4c4daa0473de8f5640f92cbf19ca,82bb5aca408f0c84ee4900ec38f1a070721f99291f2562d592e535855980d993
model-955ffc048a5b3dac,6-unresolved-actor,Field object · Forbidden Land,,field-unresolved,1,1,4,2,True,False,research-required,Actor/prop identity needs confirmation; scene/effect names are context only | Auxiliary/animated palette contract must be supported before replacement | Geometry replacement hook for field-unresolved,c4909d3226381495a49954d362573e973ead7959e56c628f118bdad4de571d32,955ffc048a5b3dace806d1d9768ee40abd9a72462f6a43dec7787565e43d6cf1
model-979d1262575f4041,6-unresolved-actor,Field object · Forbidden Land,,field-unresolved,1,1,32,55,False,False,research-required,Actor/prop identity needs confirmation; scene/effect names are context only | Geometry replacement hook for field-unresolved,8059109a814d5ca70373d0408a8582408adce92e171a1f94f31dfb31c94b88ba,979d1262575f4041c82e10a5cf598486c080fa84b961997e82823870719710fa
model-f6db2210967f0420,6-unresolved-actor,Field object · Forbidden Land,,field-unresolved,1,1,28,36,False,False,research-required,Actor/prop identity needs confirmation; scene/effect names are context only | Geometry replacement hook for field-unresolved,8dd5bed7a228a82678424a6714e1839ec8bf4565c13ee44971f7a9e2d27e2706,f6db2210967f04203b7c7f6e2d92840c1cf6695f7aa018639da6d1e7126ceef9
model-890e76205ffd56a5,6-unresolved-actor,Field object · Fort Magrad,,field-unresolved,1,1,29,54,False,False,research-required,Actor/prop identity needs confirmation; scene/effect names are context only | Geometry replacement hook for field-unresolved | Topology needs inspection before surface refinement,d47cf9438eb19d4814bddd35f9bacd16fedfbb251521cb6d23c1ca4358c0fa92,890e76205ffd56a5d8ebe28eae9660a70ff7a2c3b2df479094d3b2c2ab1fbd1b
model-0395359fcf5526d0,6-unresolved-actor,Field object · Furni,,field-unresolved,1,1,32,16,False,False,research-required,Actor/prop identity needs confirmation; scene/effect names are context only | Geometry replacement hook for field-unresolved,1ac7c0cffc3a7072236836d841de590b38ae8975d18afabe6c8bfc9c7f2a643a,0395359fcf5526d04f260dbd5d7d86b920000c697987dbce80d6a2c13ef20113
model-31c224963f69ba9a,6-unresolved-actor,Field object · Furni,,field-unresolved,1,1,8,12,False,False,research-required,Actor/prop identity needs confirmation; scene/effect names are context only | Geometry replacement hook for field-unresolved,3739d5cbaf81f9e3b4e6800856ac589312473a31107adcbdacef7be548332ba7,31c224963f69ba9a294bc6294642f977a41f72d60aeb093e38212387726d24ba
model-35ac9f680387a9c5,6-unresolved-actor,Field object · Furni,,field-unresolved,1,1,18,16,False,False,research-required,Actor/prop identity needs confirmation; scene/effect names are context only | Geometry replacement hook for field-unresolved | Topology needs inspection before surface refinement,74f5724614d3e6ca6a09389af34a0a4afe30c45dbd006a2267728df489de89c8,35ac9f680387a9c5e4e5c03b47d2260b8c62e46041e22781217eee9ce089d99a
model-de8ebd94e94fb27a,6-unresolved-actor,Field object · Furni,,field-unresolved,1,1,18,16,False,False,research-required,Actor/prop identity needs confirmation; scene/effect names are context only | Geometry replacement hook for field-unresolved | Topology needs inspection before surface refinement,eb55f5884a4abdd745bc843c4a07e43e71b383e38ef3b72186965daad1a85f36,de8ebd94e94fb27a5782c706ae2965a4d13f6d3e129e0d29acb644b898a71846
model-e708c6c0451e1f0d,6-unresolved-actor,Field object · Furni,,field-unresolved,1,1,18,16,False,False,research-required,Actor/prop identity needs confirmation; scene/effect names are context only | Geometry replacement hook for field-unresolved | Topology needs inspection before surface refinement,8c3dc2dcc9b95a787128cfcc526192ae07a8a8b1842982d2f8ce9683044b4ab9,e708c6c0451e1f0d1f81b38a35339a7d1da07887473883eca418457e3681fab6
model-f4bd2cc2afb52b66,6-unresolved-actor,Field object · Furni,,field-unresolved,1,1,18,16,False,False,research-required,Actor/prop identity needs confirmation; scene/effect names are context only | Geometry replacement hook for field-unresolved | Topology needs inspection before surface refinement,dae2065a04d95759eca4a3c51c1dd202a643fad95ef41f23451b215a9df43e0e,f4bd2cc2afb52b66755d345e804638f6c751c416a1290c5c8168a6da0fe60aed
model-89ea710bf9492008,6-unresolved-actor,Field object · Mayfil,,field-unresolved,1,1,4,2,True,False,research-required,Actor/prop identity needs confirmation; scene/effect names are context only | Auxiliary/animated palette contract must be supported before replacement | Geometry replacement hook for field-unresolved,7eca766c457f9cc8975648892e616a14e3bb817a1d0b86b9ca06c6eed352b6bd,89ea710bf94920087c3a072d81848afe5f3799246aa01001581d1f28d5c73659
model-a482c933ced4a990,6-unresolved-actor,Field object · Mayfil,,field-unresolved,1,34,123,55,False,False,research-required,Actor/prop identity needs confirmation; scene/effect names are context only | Geometry replacement hook for field-unresolved,7cd739ca0090d771574c90c31c28a3d9209992c124003da1bf3f510b530a4ccc,a482c933ced4a9909693f88821702ebebcee94a94dfb74373b4645ed0e2669ed
model-00044ad22f610b00,6-unresolved-actor,Field object · Moon,,field-unresolved,1,1,9,8,False,False,research-required,Actor/prop identity needs confirmation; scene/effect names are context only | Geometry replacement hook for field-unresolved,5cc9df8a13b8fba0158abb55ff120d71066ffd0868ef6edf81f026b88fc1ecb9,00044ad22f610b00e49cb8f9cb83774d9b31e5e94c4cd4698b3399c93d4ace39
model-0d92a1ce6053295c,6-unresolved-actor,Field object · Moon,,field-unresolved,1,1,108,192,True,False,research-required,Actor/prop identity needs confirmation; scene/effect names are context only | Auxiliary/animated palette contract must be supported before replacement | Geometry replacement hook for field-unresolved,992da45c670e7c1a18baf82edd392664366d9ab0e2dfb3e87939dfad60d0403e,0d92a1ce6053295c0b7c43f5750162c03bd1c39fbd2aef17d46bcc6cbfb8d5c1
model-0fb336008e3c6d3d,6-unresolved-actor,Field object · Moon,,field-unresolved,1,7,55,81,False,False,research-required,Actor/prop identity needs confirmation; scene/effect names are context only | Geometry replacement hook for field-unresolved,199e0d4edc6aab6abdcb3bee8341cb3e2a6e86aca7998edf05409d135cb97289,0fb336008e3c6d3d9ef3cf758b66cc31bd9cec9d50088788845ae4e6aebb6c5e
model-10bb5e8accc75e2a,6-unresolved-actor,Field object · Moon,,field-unresolved,1,15,315,525,False,False,research-required,Actor/prop identity needs confirmation; scene/effect names are context only | Geometry replacement hook for field-unresolved | Topology needs inspection before surface refinement,6b898a3e8457a202909813f67a784077ee5d085e0d613dd8e0ea70a62a29ca10,10bb5e8accc75e2aed89951d98271d4c94fcbca46542ece9fbf7c920c8e39ab2
model-233446eb469617bf,6-unresolved-actor,Field object · Moon,,field-unresolved,1,17,302,428,False,False,research-required,Actor/prop identity needs confirmation; scene/effect names are context only | Geometry replacement hook for field-unresolved,1ed253853980ab8cf1be3ec48ceb7e4855201a5e3ea6d5cc47795ee73e6c4845,233446eb469617bf12c4194f25f7e56f9ff51cf5018ca27b743a2bbb0a4b6d41
model-493f89a5703e5bb7,6-unresolved-actor,Field object · Moon,,field-unresolved,1,1,40,60,True,False,research-required,Actor/prop identity needs confirmation; scene/effect names are context only | Auxiliary/animated palette contract must be supported before replacement | Geometry replacement hook for field-unresolved,ed0e8370230a5638b2e6ab772ef6fd27406b2869b347ec851b66a7993c19ce0b,493f89a5703e5bb726f799acfc1d8f08f88a33b1a07de90d8516a6b407010d15
model-5b09b9efab945a86,6-unresolved-actor,Field object · Moon,,field-unresolved,1,15,243,395,False,False,research-required,Actor/prop identity needs confirmation; scene/effect names are context only | Geometry replacement hook for field-unresolved | Topology needs inspection before surface refinement,ea4fb0bdec16a2d6c11aa713190ee6bfb6f20a45512e2be0257d05915920dbaa,5b09b9efab945a86bc5c4d10ab19e99cf153ece16740318676688b2d3957748e
model-5b6fc8480add79aa,6-unresolved-actor,Field object · Moon,,field-unresolved,1,1,18,32,True,False,research-required,Actor/prop identity needs confirmation; scene/effect names are context only | Auxiliary/animated palette contract must be supported before replacement | Geometry replacement hook for field-unresolved,dd38439b2129ae6de8736ed9bfe51659211e30f34f02bc815653d5785b0c5955,5b6fc8480add79aaaf891bcb29e068bb42c625faa02e6eb207f283637ef87f43
model-5e56bbd6c8ec0536,6-unresolved-actor,Field object · Moon,,field-unresolved,1,15,187,246,False,False,research-required,Actor/prop identity needs confirmation; scene/effect names are context only | Geometry replacement hook for field-unresolved,bc9a7015a142c3c0336a6b55540e2c97b111fb68ddf20d0dd724f06122e5b377,5e56bbd6c8ec0536704af179a6d66980537b36c9349ecc0c234fa672acd646da
model-64fc070f8adf71a7,6-unresolved-actor,Field object · Moon,,field-unresolved,1,7,58,85,False,False,research-required,Actor/prop identity needs confirmation; scene/effect names are context only | Geometry replacement hook for field-unresolved,b9b29b5b9c37b5c12067289d54ade790eb05a017b5bb9470b301c435a37cd135,64fc070f8adf71a7c5e878578fc21e16d1b95682e15fcc06db3d508d65ae4d3a
model-71361f5875a53d63,6-unresolved-actor,Field object · Moon,,field-unresolved,1,17,234,322,False,False,research-required,Actor/prop identity needs confirmation; scene/effect names are context only | Geometry replacement hook for field-unresolved,07106f2d3a02a9a277253b8493fd185c4c18822dafd983505e44493cd2b1ed4b,71361f5875a53d631cc598b8093e7b16adbe97a0b348097cff08175fd338b9b1
model-856cf4226460cd3d,6-unresolved-actor,Field object · Moon,,field-unresolved,1,17,497,659,False,False,research-required,Actor/prop identity needs confirmation; scene/effect names are context only | Geometry replacement hook for field-unresolved,4f8d5450021abf992e38f74a6f351bf53acd833f72d0d1e622905af982957551,856cf4226460cd3d83cb464c216fb10dc38df4042494ecb0aea639fabac5d789
model-93ca566ce057869e,6-unresolved-actor,Field object · Moon,,field-unresolved,1,15,290,488,False,False,research-required,Actor/prop identity needs confirmation; scene/effect names are context only | Geometry replacement hook for field-unresolved,dcf52eef60c203b9b7302787909e3acc7da4477ec20d713ae5b19d7665d2b0d7,93ca566ce057869eab0ffda37313c66cc257d0b90440a118022eb63d2c73774b
model-952f6a352209b4f0,6-unresolved-actor,Field object · Moon,,field-unresolved,1,13,256,401,False,False,research-required,Actor/prop identity needs confirmation; scene/effect names are context only | Geometry replacement hook for field-unresolved | Topology needs inspection before surface refinement,b86405e08d4594abb39b334b32fd7e634492c2df0acc99ad4198f02fe33fc5c1,952f6a352209b4f0ef5083e902a25f844b958678fb71d151f50845a1a934433e
model-96ed2ee0082d862d,6-unresolved-actor,Field object · Moon,,field-unresolved,1,17,191,304,False,False,research-required,Actor/prop identity needs confirmation; scene/effect names are context only | Geometry replacement hook for field-unresolved,a228926b89466eb8e1184be7505cdac2f02330f52eb6abcd42c6bceb74c00c5d,96ed2ee0082d862deb3857df23ba77abb6e17cebebfb4da78fb7bb04b4616072
model-9bc38b9a6162e2b0,6-unresolved-actor,Field object · Moon,,field-unresolved,1,30,392,533,False,False,research-required,Actor/prop identity needs confirmation; scene/effect names are context only | Geometry replacement hook for field-unresolved | Topology needs inspection before surface refinement,4e47977ca846f3d1ac53742a9b2f323bc406c55b2fe652951b55ec14faa578d8,9bc38b9a6162e2b08f981f00921926c217fabee9cfd90c2545de196b7dcaf836
model-a40b8dc15d69a82e,6-unresolved-actor,Field object · Moon,,field-unresolved,1,1,134,528,True,False,research-required,Actor/prop identity needs confirmation; scene/effect names are context only | Auxiliary/animated palette contract must be supported before replacement | Geometry replacement hook for field-unresolved | Topology needs inspection before surface refinement,591cfa4a69c2c1339a1c6411b7c71c08a905c2164dc1bce54b8dd0e3e987ba45,a40b8dc15d69a82e0b56b4c76b1721ba6dfb409002fde5e17efd65ff0c0c0eb6
model-b1bed95a976c2fa1,6-unresolved-actor,Field object · Moon,,field-unresolved,1,14,236,335,False,False,research-required,Actor/prop identity needs confirmation; scene/effect names are context only | Geometry replacement hook for field-unresolved,ea227efa4c9ed4a5e2c76e8663cb02b27e4f4177fbf2cad394a8db1917603232,b1bed95a976c2fa19d4cda1bad5fe8f3c4a0114895dd288813197846af5aa541
model-bb13b9f6d430024d,6-unresolved-actor,Field object · Moon,,field-unresolved,1,13,256,401,False,False,research-required,Actor/prop identity needs confirmation; scene/effect names are context only | Geometry replacement hook for field-unresolved | Topology needs inspection before surface refinement,595a096d2a03a8ffb5538d12e22b0585fad3db64d65489d9117c004f4ff6c30b,bb13b9f6d430024d43601f645ede5494f8cbc2a968da8e450edfe583fcf654c2
model-bb60c80680d58df6,6-unresolved-actor,Field object · Moon,,field-unresolved,1,37,533,841,False,False,research-required,Actor/prop identity needs confirmation; scene/effect names are context only | Geometry replacement hook for field-unresolved,a2c6023cfbdfc82ea054b9d3cdd2478890d05c434d8001e66a57e2ba797231c1,bb60c80680d58df65ada2583b4981adf54c5e0b49762208c4cc4bdf30af094b7
model-bebc5937293ca4a8,6-unresolved-actor,Field object · Moon,,field-unresolved,1,14,221,324,False,False,research-required,Actor/prop identity needs confirmation; scene/effect names are context only | Geometry replacement hook for field-unresolved,e8f05d2ccb8320ac41f9a9fd923fc72968d22f24f87c7fb044a8ad6ad6e700f7,bebc5937293ca4a841ed17b23ea619679aef96d6383e4f25690556d953d3fb66
model-c503d82f913eff5a,6-unresolved-actor,Field object · Moon,,field-unresolved,1,1,25,40,True,False,research-required,Actor/prop identity needs confirmation; scene/effect names are context only | Auxiliary/animated palette contract must be supported before replacement | Geometry replacement hook for field-unresolved,5ba9ff7da01f2982414f89aa983906138120700aed2551b343510094690dab7c,c503d82f913eff5a60eae11ff385bef8a44c587c201b3d81a8abf7d0d2aea704
model-e05ef72238758645,6-unresolved-actor,Field object · Moon,,field-unresolved,1,1,8,12,True,False,research-required,Actor/prop identity needs confirmation; scene/effect names are context only | Auxiliary/animated palette contract must be supported before replacement | Geometry replacement hook for field-unresolved,c1bca8705b892a8b8754a1363d2db95e03114b2e049f8ff736c98dc29fc65e85,e05ef722387586458521cfbe5e5949c812283c648bd1e9adb17dd6caca3e0b7b
model-e4c65ac358449f76,6-unresolved-actor,Field object · Moon,,field-unresolved,1,60,680,1000,False,False,research-required,Actor/prop identity needs confirmation; scene/effect names are context only | Geometry replacement hook for field-unresolved,878a7f6527c8c723b1e7879dfa2c9d6143da794704e2c552a25d6557bed773e4,e4c65ac358449f7613a69007cb83992a0214118600bdad3005480ad9424ffa7f
model-e9188dcdc5bb0c64,6-unresolved-actor,Field object · Moon,,field-unresolved,1,24,482,777,False,False,research-required,Actor/prop identity needs confirmation; scene/effect names are context only | Geometry replacement hook for field-unresolved | Topology needs inspection before surface refinement,3c3f61249624069a8241c01f8eedeb6f3560b97f6ae6bca43426e15bd428ffd6,e9188dcdc5bb0c64428189d78cd94f0608f56fdd29c1fb7a385906866108133f
model-ec43c938b226309e,6-unresolved-actor,Field object · Moon,,field-unresolved,1,1,6,4,False,False,research-required,Actor/prop identity needs confirmation; scene/effect names are context only | Geometry replacement hook for field-unresolved,c5a1af793d45b2c0d77d2685a50a866c03b754be185b568026da45cd91260742,ec43c938b226309e82eab9ba41fbb7e6f384f90ea196d617a9b0384da7fc4ec7
model-2f7e8d4983ecfd3a,6-unresolved-actor,Field object · Mortal Dr Mt.,,field-unresolved,1,2,20,20,True,False,research-required,Actor/prop identity needs confirmation; scene/effect names are context only | Auxiliary/animated palette contract must be supported before replacement | Geometry replacement hook for field-unresolved,fe1d452ddf4ef200c2535e1c85562c39f7b443b898784f02ddbc385d8383cd60,2f7e8d4983ecfd3aea5521096960abbc13faf49b9834995455bd9527062f90b9
model-d970dca75866d7f3,6-unresolved-actor,Field object · Mortal Dr Mt.,,field-unresolved,1,2,49,72,True,False,research-required,Actor/prop identity needs confirmation; scene/effect names are context only | Auxiliary/animated palette contract must be supported before replacement | Geometry replacement hook for field-unresolved,481f66e7b9c046915844092dc0eb57cc8250fe9ac970ce1925ecd82de3d8046b,d970dca75866d7f34fd2a7bd5d1c8eeef8cc8cb5fa633168730f331267af04c7
model-02f96d85704726b5,6-unresolved-actor,Field object · Rouge,,field-unresolved,1,1,6,4,False,False,research-required,Actor/prop identity needs confirmation; scene/effect names are context only | Geometry replacement hook for field-unresolved,caf0af491fd2a431d6f1354e915912b48b00d28d371129e79a91714ba97a28cc,02f96d85704726b5881ed9d4705a80b05f7b5c3ee8a43f9eed2d2d2acfa00a0e
model-07e1a25e4e8af330,6-unresolved-actor,Field object · Rouge,,field-unresolved,1,1,6,4,False,False,research-required,Actor/prop identity needs confirmation; scene/effect names are context only | Geometry replacement hook for field-unresolved,f43837f110bfe38160980e3e2cc022909e8f109049a92f06cdca212dcefa2fa8,07e1a25e4e8af3304621ab4afed69a4c8b574f772dc001dbefdab19f50bd9890
model-2a1a2762267edbee,6-unresolved-actor,Field object · Rouge,,field-unresolved,1,15,218,329,False,False,research-required,Actor/prop identity needs confirmation; scene/effect names are context only | Geometry replacement hook for field-unresolved,f0029e25eefcfd6968477c7edcffd2e81dfda94112ad7e666485c1a6b52dd588,2a1a2762267edbee286cee11a571e1acd6ff51108f357bc2d14b62f9daf4cb91
model-3c88d881fcedcf4e,6-unresolved-actor,Field object · Rouge,,field-unresolved,1,15,224,336,False,False,research-required,Actor/prop identity needs confirmation; scene/effect names are context only | Geometry replacement hook for field-unresolved,98a641f8db13268b1af25a2c76463795cecb9f767fbd47d1f61e0ca41a973845,3c88d881fcedcf4e8d36c11cc5f4ed562d1b6689915376295ee7c01a6a91f860
model-465be65152f84d3f,6-unresolved-actor,Field object · Rouge,,field-unresolved,1,16,202,309,False,False,research-required,Actor/prop identity needs confirmation; scene/effect names are context only | Geometry replacement hook for field-unresolved | Topology needs inspection before surface refinement,fc8b34f69c3b2aca5f5c3db80b5a8094887173613e9961d84cfd4340ee35dabc,465be65152f84d3fca47de5409110285b84f581f70818f4a0b2f6c7497183436
model-7f34b45a871d93e7,6-unresolved-actor,Field object · Rouge,,field-unresolved,1,16,230,349,False,False,research-required,Actor/prop identity needs confirmation; scene/effect names are context only | Geometry replacement hook for field-unresolved,117a300d8f2da365183e728395c8d8129d6130e4b8e027c9a08fb7d55cd8897f,7f34b45a871d93e7b240a97f77b474b61ab666863361ed950da12b2be53d70e4
model-fcc6015eaa7812d5,6-unresolved-actor,Field object · Rouge,,field-unresolved,1,14,207,303,False,False,research-required,Actor/prop identity needs confirmation; scene/effect names are context only | Geometry replacement hook for field-unresolved,574dab1a3c019336801ef90d0a114a6c346fb43354197cb99a678c9dca7f8ded,fcc6015eaa7812d53600ce6cf3001d8df83f1200dcc0b786b184b1b4ca73b19e
model-4e7e594c3c478a0c,6-unresolved-actor,Field object · Ulara,,field-unresolved,1,2,15,12,False,False,research-required,Actor/prop identity needs confirmation; scene/effect names are context only | Geometry replacement hook for field-unresolved,439e457a838cc34becba8487e49615a58ad4df83efdc672369a52bd427bfe25c,4e7e594c3c478a0c7b91b87d04661ce1a2aaa5cef099157c0ac51fcbded98d3a
model-1af296d1e0df2517,6-unresolved-actor,Field object · Vellweb,,field-unresolved,1,28,394,554,False,False,research-required,Actor/prop identity needs confirmation; scene/effect names are context only | Geometry replacement hook for field-unresolved,e7e97ec80173398dfdbbe615fe7bbdf5da901ad296a5d5c7d66eb48f7e9853ea,1af296d1e0df2517891f8ca8e2c252c2fb9726af7d3302136a27838d17097197
model-4779c6d37def789b,6-unresolved-actor,Field object · Vellweb,,field-unresolved,1,1,8,4,False,False,research-required,Actor/prop identity needs confirmation; scene/effect names are context only | Geometry replacement hook for field-unresolved,2d1e08908aa3a3c3b1c000f094c6be6e20191a3010753fd37796d26f55b724c8,4779c6d37def789b80a2afc30fb053d17f33fa19a0efb3c81eab70ec8f2219e1
model-5ff662690ef793f2,6-unresolved-actor,Field object · Vellweb,,field-unresolved,1,27,342,512,False,False,research-required,Actor/prop identity needs confirmation; scene/effect names are context only | Geometry replacement hook for field-unresolved,2f7e63c7827f46edc42f2477625a0e8bff31b881f5cee8c454a74432d569e30d,5ff662690ef793f2160d6c36beafdfdcc59d4358e9bf6f34e42d7a87ba018605
model-76e137a5654d9eff,6-unresolved-actor,Field object · Vellweb,,field-unresolved,1,25,353,524,False,False,research-required,Actor/prop identity needs confirmation; scene/effect names are context only | Geometry replacement hook for field-unresolved,99ff471ccb73312cf66922a4c140352a272102140ed49329aa4cd435ae45ee05,76e137a5654d9effd1c25603989236729f164003e932566bccc867e84a98c9c2
model-d233d30cec1a53cb,6-unresolved-actor,Field object · Vellweb,,field-unresolved,1,28,390,567,False,False,research-required,Actor/prop identity needs confirmation; scene/effect names are context only | Geometry replacement hook for field-unresolved,e36104324b26bf3d4373e9b7288654735e97c9e90a1f1aa246c8972deca73954,d233d30cec1a53cb821fbb16798d6b129cd98650a58f0c123363827ba671d6ac
model-ee0be325e568c59f,6-unresolved-actor,Field object · Vellweb,,field-unresolved,1,1,8,4,False,False,research-required,Actor/prop identity needs confirmation; scene/effect names are context only | Geometry replacement hook for field-unresolved,1c53f58e2e90421b5e272f126b167a504fb6dddb5f0ee266a707bb4b8c51a45b,ee0be325e568c59ffa4c3269ca5511467b9cc9ce4e8356e67aef4219f1461122
model-4206c64c04e43aef,6-unresolved-actor,Field object · Wingly Forest,,field-unresolved,1,25,194,288,False,False,research-required,Actor/prop identity needs confirmation; scene/effect names are context only | Geometry replacement hook for field-unresolved,de8e4108c057191ddc037cf97f83bd59d9d9e16e9e53b44f4a8bf246aeb1b326,4206c64c04e43aef0d75806b1c03e204ee1aa65c168511153f70b633b6a3361f
model-71f8459627816871,6-unresolved-actor,Field object · Wingly Forest,,field-unresolved,1,1,30,40,False,False,research-required,Actor/prop identity needs confirmation; scene/effect names are context only | Geometry replacement hook for field-unresolved,775111aa1535b285a27742d8496377525316398ebf838c1a20e71e3ab7882363,71f84596278168714820b75f548a837e3eb9d6d7e5d38f7b1f41442e8b8bb1a1
model-2c3fc518fdac5f94,6-unresolved-actor,Field object · Zenebatos,,field-unresolved,1,1,4,2,False,False,research-required,Actor/prop identity needs confirmation; scene/effect names are context only | Geometry replacement hook for field-unresolved,6198ebc805e73a0b394272093e74c42825fd731ed8ee2622fbaa82f678d567c0,2c3fc518fdac5f94ff35853762396199c6af31d56093173771fd19bb11be134a
model-68ca525072204fd9,6-unresolved-actor,Field object · Zenebatos,,field-unresolved,1,12,165,250,False,False,research-required,Actor/prop identity needs confirmation; scene/effect names are context only | Geometry replacement hook for field-unresolved,254cfe7aee39a11b89f7909e0413f9354db1da3b3b54d0c6f80980c80ed788a4,68ca525072204fd96f0a25cc18bee3e6642c489828de6662b68e7c970b7489d2
model-d6494d9d530f901d,6-unresolved-actor,Field object · Zenebatos,,field-unresolved,1,1,24,24,True,False,research-required,Actor/prop identity needs confirmation; scene/effect names are context only | Auxiliary/animated palette contract must be supported before replacement | Geometry replacement hook for field-unresolved,fa39f36ecbec24010f183ddb436b3a642feba9d6202ad01b31330d4f2ce60f61,d6494d9d530f901dff40cc4786a9823a90a22495a785c130caade3d3d9c5cb2e
model-0f1c1db03c0636f2,6-unresolved-actor,Field object · unnamed scene,,field-unresolved,1,15,234,374,False,False,research-required,Actor/prop identity needs confirmation; scene/effect names are context only | Geometry replacement hook for field-unresolved,24a41827f8df708ae9ef10ceda6dccc89d0768058eb347cacb4d3c16d8804799,0f1c1db03c0636f2db2b93d6ec754297a53694ef541707f6ab2811932af9f38c
model-10139c1dd320307c,6-unresolved-actor,Field object · unnamed scene,,field-unresolved,1,18,272,432,True,False,research-required,Actor/prop identity needs confirmation; scene/effect names are context only | Auxiliary/animated palette contract must be supported before replacement | Geometry replacement hook for field-unresolved | Topology needs inspection before surface refinement,4a4448b38b5b0ea7fe864f51c213c47a5b5afaa42c3b7a4c46201fc34d6aa5dd,10139c1dd320307cd58020caaa9ea872b0f385dd3e0225b9b40e70f30dcc1644
model-1c24a8f3589e1adf,6-unresolved-actor,Field object · unnamed scene,,field-unresolved,1,11,187,280,False,False,research-required,Actor/prop identity needs confirmation; scene/effect names are context only | Geometry replacement hook for field-unresolved,638f0208500f8833f8d00b72290f9a9edbc8f093ba4a497e688262cb373c6cc2,1c24a8f3589e1adf7955eb9f7e9de8d10eff733e7b80cbe40970dc4ee0a29e71
model-30f7a92d86acd529,6-unresolved-actor,Field object · unnamed scene,,field-unresolved,1,16,231,358,False,False,research-required,Actor/prop identity needs confirmation; scene/effect names are context only | Geometry replacement hook for field-unresolved,bf5fb5f0128adaddc428db333bfc6ad3777f5f27fb968a060f40742a9c6e5146,30f7a92d86acd52983d8702d0e9089cb4ae1ad304b3b744f8e680278fed7d487
model-3111ecd942ce80c3,6-unresolved-actor,Field object · unnamed scene,,field-unresolved,1,16,303,496,False,False,research-required,Actor/prop identity needs confirmation; scene/effect names are context only | Geometry replacement hook for field-unresolved,955b1b96b108a5d9e1577bfa7106ec763b41eeecc0b6d731b59b2fe08159a11e,3111ecd942ce80c37b5128380d2c11c5249cb1e503e9e820966c2c6ac2e5de32
model-3480d594611abab0,6-unresolved-actor,Field object · unnamed scene,,field-unresolved,1,36,518,828,False,False,research-required,Actor/prop identity needs confirmation; scene/effect names are context only | Geometry replacement hook for field-unresolved | Topology needs inspection before surface refinement,8c52219b978f195d04fc2115f53e6af0df7524227b7ea6dd2be44625c81bce03,3480d594611abab0d595d8292244c4e50d36784a1686b2108ccfaf0594adbe6d
model-48f4bc31acce9e70,6-unresolved-actor,Field object · unnamed scene,,field-unresolved,1,13,361,564,False,False,research-required,Actor/prop identity needs confirmation; scene/effect names are context only | Geometry replacement hook for field-unresolved,4e97fc591e487a17b2643cb2ec407ebef3bc77a25127238fe646291f5c78f849,48f4bc31acce9e7097c59633c1b152092e8c490347dc3ecc32e5d4d624d632e8
model-69a3201f0dd1fdfd,6-unresolved-actor,Field object · unnamed scene,,field-unresolved,1,15,222,354,False,False,research-required,Actor/prop identity needs confirmation; scene/effect names are context only | Geometry replacement hook for field-unresolved,ceac24f5e699c75704fe1ab7d294ee03a6310cc515263feaa332a84f74b55b86,69a3201f0dd1fdfdb82ee4422e2929be2477cb1e26e999ff50abaa4071ef9bd5
model-6ed1e07909a9f45c,6-unresolved-actor,Field object · unnamed scene,,field-unresolved,1,1,576,840,True,False,research-required,Actor/prop identity needs confirmation; scene/effect names are context only | Auxiliary/animated palette contract must be supported before replacement | Geometry replacement hook for field-unresolved,f8b527c0fd3245f5d7a1c6a1c6f7e300e3b3838a1e56c16f4a98952395255c4c,6ed1e07909a9f45ccc5d7f8d77e211fdb1d077ca83fa81fbb8953ebb2d113ba2
model-77d26b3de5ea9e2f,6-unresolved-actor,Field object · unnamed scene,,field-unresolved,1,1,50,96,False,False,research-required,Actor/prop identity needs confirmation; scene/effect names are context only | Geometry replacement hook for field-unresolved,fcf84a053aa270072a74be7b126bcb501d634a2a50b856937da0c0c1ea8359b5,77d26b3de5ea9e2fd3bf4c8bb7720fbe9a93f0aaf748c2867eccaa0ca141f6b4
model-7fa38760223cdc3a,6-unresolved-actor,Field object · unnamed scene,,field-unresolved,1,1,4,2,True,False,research-required,Actor/prop identity needs confirmation; scene/effect names are context only | Auxiliary/animated palette contract must be supported before replacement | Geometry replacement hook for field-unresolved,caf4d2a9bb0a0b9dc9a0055fb9239cfe1ecab9533b148f413163c999ff5bc254,7fa38760223cdc3af76a131be8468b05dd01a97b960ea417f723933eadcf36ee
model-803a321b9a002e12,6-unresolved-actor,Field object · unnamed scene,,field-unresolved,1,17,242,388,False,False,research-required,Actor/prop identity needs confirmation; scene/effect names are context only | Geometry replacement hook for field-unresolved,8a45a3043a37e11d39fae218c93b399848c631c5f3590a6e25f0ab4aa6880d1d,803a321b9a002e120113a81749dfbb09d64c1f2d9622e962b0eb27066f2e1976
model-94cec8f9a5e6a28e,6-unresolved-actor,Field object · unnamed scene,,field-unresolved,1,16,202,309,False,False,research-required,Actor/prop identity needs confirmation; scene/effect names are context only | Geometry replacement hook for field-unresolved | Topology needs inspection before surface refinement,e7ceefdaf5ffa707fc36c1f1f4dc207e8a1e9eec780c33e6e807a21f74a0a088,94cec8f9a5e6a28e25bda6e9b7bb15e96ff7b83fd4600839a34a0be9958bb9c7
model-e4c049b333567224,6-unresolved-actor,Field object · unnamed scene,,field-unresolved,1,29,314,447,False,False,research-required,Actor/prop identity needs confirmation; scene/effect names are context only | Geometry replacement hook for field-unresolved,f3145830cddb753b2ed1000bb804af60076431782941fecc7e4ab95dbe489921,e4c049b33356722454da3144709d7bb3a1cc5f293266f3139119842ce38cf11e
model-ede1acc7fc2e1f15,6-unresolved-actor,Field object · unnamed scene,,field-unresolved,1,1,123,224,False,False,research-required,Actor/prop identity needs confirmation; scene/effect names are context only | Geometry replacement hook for field-unresolved | Topology needs inspection before surface refinement,10d2c6668d377c40dc14ec64ffacd330a2f51b6ae52bf64d73e378c86819a7ac,ede1acc7fc2e1f15c10d82fd6985872ce94b42234eb1241ae79171aacb450e78
model-f10cfc65e07ce4c0,6-unresolved-actor,Field object · unnamed scene,,field-unresolved,1,2,36,64,False,False,research-required,Actor/prop identity needs confirmation; scene/effect names are context only | Geometry replacement hook for field-unresolved,939a4f1e36b9bde092df0328c31aadf71a732d528a4cd3f3a1ee208fc28cb9f3,f10cfc65e07ce4c035c077bbe2548d5020940e468cc5fd8da06b490fb4df278a
model-fbe024df48fac30a,6-unresolved-actor,Field object · unnamed scene,,field-unresolved,1,36,508,804,False,False,research-required,Actor/prop identity needs confirmation; scene/effect names are context only | Geometry replacement hook for field-unresolved | Topology needs inspection before surface refinement,bc0d1c56a130a5cdd72c791fc6cb944a222136053a7cdccf7cc12902b81ef4fa,fbe024df48fac30a35585f6226960bd84f93785c9ffbb086d7626ab2d3f5d476
model-fcfd7e58a508f38d,6-unresolved-actor,Field object · unnamed scene,,field-unresolved,1,19,267,362,False,False,research-required,Actor/prop identity needs confirmation; scene/effect names are context only | Geometry replacement hook for field-unresolved,41b6f65057547142b49f49415cd3eb7d763a1fa49a99596fa742c76583f5ef5a,fcfd7e58a508f38d6acfa19b916a0f773f3b3861cb66245f1ce61bced8cd4212
model-fc6313df2563bbf1,6-unresolved-actor,Unresolved container SECT/DRGN0.BIN/122,,unresolved-container,1,16,532,974,True,False,research-required,Actor/prop identity needs confirmation; scene/effect names are context only | Auxiliary/animated palette contract must be supported before replacement | Geometry replacement hook for unresolved-container | Topology needs inspection before surface refinement,1a33a113cfd239d6b53182c2977a06372fb89065202b41042119c90eee33bfe5,fc6313df2563bbf164839bd8a92609efcbd87cd9b2b8f72fc7700e26fcc2ff22
model-14add05a5466a55d,6-unresolved-actor,Unresolved container SECT/DRGN0.BIN/128,,unresolved-container,1,16,529,1004,False,False,research-required,Actor/prop identity needs confirmation; scene/effect names are context only | Geometry replacement hook for unresolved-container | Topology needs inspection before surface refinement,18ace526398bede1cf30d1cde40342ecde4a499051d59b69265694e24299e15c,14add05a5466a55d6952766a7df64d3a22dbb7ed7837edc35bb814589637aa00
model-3f69fb74fecadd8b,6-unresolved-actor,Unresolved container SECT/DRGN0.BIN/157,,unresolved-container,1,29,634,1100,True,False,research-required,Actor/prop identity needs confirmation; scene/effect names are context only | Auxiliary/animated palette contract must be supported before replacement | Geometry replacement hook for unresolved-container | Topology needs inspection before surface refinement,608aa304dfeb82b470301ac4fd90184139bea14016cd65e6c690c896a77b8fe1,3f69fb74fecadd8bcd736259f9f551d73c3512934b1962541835e5a65c6c374c
model-503463f156cea68d,6-unresolved-actor,Unresolved container SECT/DRGN0.BIN/174,,unresolved-container,1,6,483,811,False,False,research-required,Actor/prop identity needs confirmation; scene/effect names are context only | Geometry replacement hook for unresolved-container | Topology needs inspection before surface refinement,2adea0583b4c5182208dde275714dc6dee7ad360a29643aa113183d02c059564,503463f156cea68dc37780e280fce5650b1b8c96644b38127b668ebbf7465d0e
model-0645105d01928224,6-unresolved-actor,Unresolved container SECT/DRGN0.BIN/209,,unresolved-container,1,25,587,1048,False,False,research-required,Actor/prop identity needs confirmation; scene/effect names are context only | Geometry replacement hook for unresolved-container | Topology needs inspection before surface refinement,f2d790c0c94071ad60461cabb97f026eaffa3f735b4097961ce1e0335169ebab,0645105d01928224fac0b551904eb06834205cf2a06762198b538124c09411f5
model-360905d6f2efeb38,6-unresolved-actor,Unresolved container SECT/DRGN0.BIN/238,,unresolved-container,1,41,865,1512,False,False,research-required,Actor/prop identity needs confirmation; scene/effect names are context only | Geometry replacement hook for unresolved-container | Topology needs inspection before surface refinement,8ce079c479980ee2c151c66a5bc5e999c54d4dccd636cb1e5f03a117edd7d579,360905d6f2efeb38dd5256c20f4876b9b85bd2a0bd07a3dc7247d4ffdc6cd879
model-e2d919cbdfc24aed,6-unresolved-actor,Unresolved container SECT/DRGN0.BIN/260,,unresolved-container,1,19,428,743,False,False,research-required,Actor/prop identity needs confirmation; scene/effect names are context only | Geometry replacement hook for unresolved-container | Topology needs inspection before surface refinement,905b1673c6b76c2fa44c460817295d61607ba00f0dae5c59b2e7dc73f91f9d82,e2d919cbdfc24aeda738295487818c53bcb00c3601c6ff4356ca528b004aa6a1
model-f69acb3203373b28,6-unresolved-actor,Unresolved container SECT/DRGN0.BIN/287,,unresolved-container,1,21,511,876,False,False,research-required,Actor/prop identity needs confirmation; scene/effect names are context only | Geometry replacement hook for unresolved-container | Topology needs inspection before surface refinement,e1f727f8fe4c929481e88b69bbd3f7f3320d01b11ef44b2def78110f3d132590,f69acb3203373b2812706c3759cb3c67a8b4ac651cd8a75d25b8b13df074359d
model-df868d9debb7589f,6-unresolved-actor,Unresolved container SECT/DRGN0.BIN/30,,unresolved-container,1,24,315,508,False,False,research-required,Actor/prop identity needs confirmation; scene/effect names are context only | Geometry replacement hook for unresolved-container | Topology needs inspection before surface refinement,048f5633e4d12fe7a84192be95667834becf89c1a7c6a8c672788d5d32d0aa08,df868d9debb7589fb156c02a53cdee64d09c027c169ca1a09ccf3b2dcc05106f
model-4ea91ee33f44dfcb,6-unresolved-actor,Unresolved container SECT/DRGN0.BIN/324,,unresolved-container,1,29,561,1001,False,False,research-required,Actor/prop identity needs confirmation; scene/effect names are context only | Geometry replacement hook for unresolved-container | Topology needs inspection before surface refinement,fe109ac75098bb8ab6854023c4dfd6f46578c51e5a0a96af73adacebcab567cd,4ea91ee33f44dfcb7c6e11ecedf85b9629e7d76c75c891d686705160462d340c
model-701d713d1aa85da9,6-unresolved-actor,Unresolved container SECT/DRGN0.BIN/346,,unresolved-container,1,32,530,903,False,False,research-required,Actor/prop identity needs confirmation; scene/effect names are context only | Geometry replacement hook for unresolved-container | Topology needs inspection before surface refinement,e1c3dfbb059b150b3814b86ef6601a2ff8ab396bf7b25b745b96a8c6c6cb95e9,701d713d1aa85da96fc4067b70e7392b8ea402aa88f0547e7e4ee47a1444b14c
model-3880422ff53a73a7,6-unresolved-actor,Unresolved container SECT/DRGN0.BIN/381,,unresolved-container,1,23,606,1013,True,False,research-required,Actor/prop identity needs confirmation; scene/effect names are context only | Auxiliary/animated palette contract must be supported before replacement | Geometry replacement hook for unresolved-container | Topology needs inspection before surface refinement,6487949bf7cbedc1e4ca2bd79dd002cbb4aeb61b8809a437ae1ba1028206fad8,3880422ff53a73a7365c9b4dee67e03b3d72dda9e3de68c001d61c709ea1e7df
model-7c3c7d35131adc44,6-unresolved-actor,Unresolved container SECT/DRGN0.BIN/393,,unresolved-container,1,20,478,855,False,False,research-required,Actor/prop identity needs confirmation; scene/effect names are context only | Geometry replacement hook for unresolved-container | Topology needs inspection before surface refinement,0d90780fd24a1b1aecca2433d0ac38c45c66ec1b24b4b6b127f9b23fca623985,7c3c7d35131adc44d0271828e119d24b340ff7826de061cae9a6ab17900fabd1
model-5b0130b942383010,6-unresolved-actor,Unresolved container SECT/DRGN0.BIN/43,,unresolved-container,1,27,666,1197,False,False,research-required,Actor/prop identity needs confirmation; scene/effect names are context only | Geometry replacement hook for unresolved-container | Topology needs inspection before surface refinement,944491d5fee555e5fe197f0626d64463eee4cb6ae03269d54576be58209d8d38,5b0130b94238301054c4833db15ea9fe3a0177171fff562de579eccdc30a4a9f
model-8935f385011370c4,6-unresolved-actor,Unresolved container SECT/DRGN0.BIN/433,,unresolved-container,1,21,547,1014,False,False,research-required,Actor/prop identity needs confirmation; scene/effect names are context only | Geometry replacement hook for unresolved-container | Topology needs inspection before surface refinement,555e0d900e47bdd07a02c496953c0104e1b93c257e8c82cd980e8a6f7cb72de8,8935f385011370c4f4dabc8f7262a0ebaba76eecf0d942fb338d88a21e997501
model-66dfd4fb781cfcd1,6-unresolved-actor,Unresolved container SECT/DRGN0.BIN/443,,unresolved-container,1,20,454,823,False,False,research-required,Actor/prop identity needs confirmation; scene/effect names are context only | Geometry replacement hook for unresolved-container | Topology needs inspection before surface refinement,629d852f3c51575cff5714f10081fa48af77b95ca1c4ef93043ffb6bef30bea9,66dfd4fb781cfcd1bc368a5d12f0f735a627ec6e58e2d2148357555f39b87ac1
model-2b6fcc706f69b2da,6-unresolved-actor,Unresolved container SECT/DRGN0.BIN/472,,unresolved-container,1,1,69,134,False,False,research-required,Actor/prop identity needs confirmation; scene/effect names are context only | Geometry replacement hook for unresolved-container,8e51106b27a6421e4513786b71c2518aecb0583b53e7f7849d3b1b32bdd11fcc,2b6fcc706f69b2da20d348b7d8c79d51e3b0dd49359c3364826786735e235a27
model-719f6af55f208025,6-unresolved-actor,Unresolved container SECT/DRGN0.BIN/505,,unresolved-container,1,29,545,950,False,False,research-required,Actor/prop identity needs confirmation; scene/effect names are context only | Geometry replacement hook for unresolved-container | Topology needs inspection before surface refinement,bb349a605802af91d68a9032f7eb8838ce61e861a762c7e8de840d4e6473bfef,719f6af55f2080255149dd861cbe4a04b56dac5052fe1decb9c38404cc4a3007
model-5d2bacc13ea12c1f,6-unresolved-actor,Unresolved container SECT/DRGN0.BIN/539,,unresolved-container,1,14,412,781,False,False,research-required,Actor/prop identity needs confirmation; scene/effect names are context only | Geometry replacement hook for unresolved-container | Topology needs inspection before surface refinement,75beadfaa0d2f1b179ba523da4fd026799ce5a190b8f6b3792f1c03dda304e3c,5d2bacc13ea12c1fd2e567d194772b8d1a8d3c5f3007d8319bbecd86b2ca3e04
model-d87099df9c2f0084,6-unresolved-actor,Unresolved container SECT/DRGN0.BIN/549,,unresolved-container,1,18,416,773,False,False,research-required,Actor/prop identity needs confirmation; scene/effect names are context only | Geometry replacement hook for unresolved-container | Topology needs inspection before surface refinement,36592d82f9350292545bf3e65042d15b539b6404806f7c69ab398c2d8d668343,d87099df9c2f008435f439e639508a1b02382a4d29c658c3868109a09f872f9b
model-33bd216416b9a26e,6-unresolved-actor,Unresolved container SECT/DRGN0.BIN/554,,unresolved-container,1,13,384,707,False,False,research-required,Actor/prop identity needs confirmation; scene/effect names are context only | Geometry replacement hook for unresolved-container | Topology needs inspection before surface refinement,cf8a04e0e9d42691f0e160d6ecdecba18caa289598ae435c6519eb56a5cc191d,33bd216416b9a26e47fb5d8a41817ca2b8f01e4872f15893324a40397690674f
model-c93b4a0b6517b1f6,6-unresolved-actor,Unresolved container SECT/DRGN0.BIN/560,,unresolved-container,1,14,447,791,True,False,research-required,Actor/prop identity needs confirmation; scene/effect names are context only | Auxiliary/animated palette contract must be supported before replacement | Geometry replacement hook for unresolved-container | Topology needs inspection before surface refinement,cab0dceac591b2854d40e8f46dda8ed5fa6f8ea27fbf4de4c264332f095ac3d1,c93b4a0b6517b1f6669fb737f7cb35ff4054f02b7485a7222006132703b65ffe
model-ff5fec0bd3d452bc,6-unresolved-actor,Unresolved container SECT/DRGN0.BIN/566,,unresolved-container,1,15,480,869,True,False,research-required,Actor/prop identity needs confirmation; scene/effect names are context only | Auxiliary/animated palette contract must be supported before replacement | Geometry replacement hook for unresolved-container | Topology needs inspection before surface refinement,667ee437b4268de9cd39dd3800f06533386b1858570752b9223a0db905c85d6e,ff5fec0bd3d452bc1257a936e4301148770bf03e365b2f760878f927a337e973
model-0bc91b5815487f49,6-unresolved-actor,Unresolved container SECT/DRGN0.BIN/574,,unresolved-container,1,13,440,819,False,False,research-required,Actor/prop identity needs confirmation; scene/effect names are context only | Geometry replacement hook for unresolved-container | Topology needs inspection before surface refinement,f3cb5e75a75c35f9f79bdcf07b2adc791b11578008cc8d84dcfe80de74720113,0bc91b5815487f49c3a74e2597ada343b4a8c39c4ecfe1eb954b73fe06042b73
model-5cf7e48e7994562d,6-unresolved-actor,Unresolved container SECT/DRGN0.BIN/60,,unresolved-container,1,21,509,874,False,False,research-required,Actor/prop identity needs confirmation; scene/effect names are context only | Geometry replacement hook for unresolved-container | Topology needs inspection before surface refinement,fecd121ea7d2af4c96f6d106ec0fd950cf272b0e12d25df2e1505b1b9138182d,5cf7e48e7994562d2ba613891f99ba53000235c967d78cd57580fa1ac505f49a
model-d44ab270518dd846,6-unresolved-actor,Unresolved container SECT/DRGN0.BIN/682,,unresolved-container,1,16,190,316,False,False,research-required,Actor/prop identity needs confirmation; scene/effect names are context only | Geometry replacement hook for unresolved-container,050c26895950e6a52f3f0c30701ef47c5b1b716c0e5d45eed30f283b66e548b9,d44ab270518dd846ab0d4149e0dbfd3676319adf030026eebe97bc1407b2cff4
model-3788e3798a7cb69b,6-unresolved-actor,Unresolved container SECT/DRGN0.BIN/70,,unresolved-container,1,22,526,901,False,False,research-required,Actor/prop identity needs confirmation; scene/effect names are context only | Geometry replacement hook for unresolved-container | Topology needs inspection before surface refinement,3a4d19038685c9e293acf226c2253a57cd0348af22fca49e7dc241a1183d21ce,3788e3798a7cb69b84ccae53d23d6d41f102edf4bbedeee25eca23ca7976e097
