0006aa4093f0087ebda537a6c57796d0a0e1713b63fd14d2ecc95e69029152a1	802b6ae44472099f49ce135bb18efeb54fe76ec8b936c4dc9fbe6fd197eb5a0b	6be218d44b607a7ab84544d9edefe51fc228961b25cd329a8149691a3ad5968e	16	16
0010c326b70b5eb41d5ce5ea8f8eff5abaedd54b817c32adcb712f60f2cf2075	0f87dc702e75b39c7c9f96d6986cbf4bff0be9f6903e8ac9318a6e7f336cec5c	2c02130000aa9352e9542cdfe91eb5922d3faad98a826967232bd33c00d8518a	64	64
001b2a037fec0fc706bbed7b0590120aeb0b7fe7ab60c78c0dbcdf31c17b0c35	876967466054f88ed65d787d975802d3acf86b8cab652e94c8cc9d696d716665	cc47967d7207cfef1567462a56254fdbd3f69ab0ae0f65cc41337c7ca41ce445	32	64
0023ce0d6be80427e21425f3a615abeb83cecad93777253dd0c50d42788c6519	54341e358bd087fcd0caef25d88e15a193d97494b9c17fbe673be5bbc86d1507	4917c74c563df04a99a82e8e0218e479e0c3a56a2b9097e6ebd1073129baadce	64	64
0024e9a8d189b6263d8e087274ee2474d5bd684aff66f44d1b245071cb8f9264	9f9e77b16d22aca1ed3504c128e30866aff758cfb670d927390c6057ea1155a9	e897b67baa0a0d0b24aa57491773702c5a5d6a1882e0a25ba52ae432f5b95572	64	64
002eca1183a875beb82547e4408af38b884549eb3d2b0a3dc5298fec9b7712fe	222839dc6f836d210986708f0989b733865fca75501cd3ca30ac5c0a70dd2ebf	cb17ae4f320033412c34814c79d755fcbf0141254737229bafbe029d57966f61	64	64
004101f97c0dce2d0bdc7df39bfca3542182028e7f007762707d345fb4bbff50	db94731f8092b28174a60eac0be0492d4bc7480307a4f514c4861ea713582811	19a1d901d5b04932a548cfbe764d78fbecaba9e67424796600590fba1c5aa734	64	64
0060a10ff4f316641a1ce4d81ea7648417f7141d7667af85093517b1ab146518	a6690f81b79c53016a7271bdae5faaff75b7b951ec039ff1e4477fb05a6f6859	1ff58dd5d987de0da406e43a9c75847c35d979b2801d5bbe71990a8be3547888	64	64
008597897830dbab070978af5358229b2c1293e50eeb01271f41a8028aa62187	33bf0152e2ecb0e3cd178b9303d92c33e56d265d5cc73585641acbf289d7f4f4	1645e099d3928226127eed54d001b242a4cb57465081f08efdd288ae050f9db1	64	64
008b266bf70aad52c0b11f8914134d477c60a10fac2bda10a2b7a5dbd580e8db	83497fa523406f27a49947891b2da353d0b27a71e02d5b9b65d4b5af817dede2	0b74ec3f83ed0f40c2494d7b8c496a96f73df6a866686997c4b3630d96262109	64	64
009427e42632609ef36e280c7255a4782afe8bff2781962f70e4d475c20eca4d	7e3f80f6b9a96ca87444ad10e0385f2de3c3c8fcfb059f0fc9b2494c6ddd4c70	315af6d9c6b2f6fec745cf9b2a496f96ada959d1e6c3d72c355b3e7078903286	32	64
009c55ffed2dc93ba7bcb34b6e548baecc10b88ff01671caa6c6fae1079e3033	ff55ad3ec9a9c14be6993b7d6dbaa5b7e7c6a34ecb16e4103234e56640008e8d	344ec6a6b505586c3f8ec46f0d954f90b745822195f9a37526ce1d530eee3caa	64	64
00a3d25c9063ab04f5e44c60324da00c6aab8dbcddf1bc5c0834460ac8fe915a	8e9f8857820104f366aba0b1a8ff6095f0d7d6fb5d8c3d6a8060461e261282a4	3c79a22be3fa474183c26afdbd3fc249b064a1042859e768258dc145127ea62f	32	64
00b023c69d8af6db12117e722de9ad733d0472ff5c251921d399a4334ba63bf9	0952ae6a008767758dabd97292ffbc9399e8960fba950519366ce714031d771d	338f927c3ec0ef7490ea3203a2be95aa42e71ec96fd42d326896469f42c56d72	64	64
00cc0523458085bb0974ed7aa2ed6c1b023179a05032da1bff1dc063150c9275	705ef2aaf801d0518b8be5d39f005b34eb2acd6db3a23f7d8703d23483f182f3	d653b54b2a2dc06391f49e29f4ac854d25044ef80c82d249f76778fd70c1f434	64	64
00d11e4c28e01b04e18b252e48823cd191da0f0461f6c760a37633dd83570d15	e9b091bb37751ea8b4090d1be27aa89f40242af6b4f8a8b83f65363c75238af4	437bd43927c4fa9ecb93989a296d1806e42405ed49fa9775a95b5d2a5150d6c3	256	256
00d3da957361a6bd5718d02c2b5b721a93b47186905e1638e0b5d329388e3f9f	ac8ed41f35da795097352c7b45c70049dc959c8820a233ab2824a920856ba780	151bfcd45c93363766f8952eef328fe1d0a239cf0a86fabc49d7d586649d587e	64	64
00eb03b8c5e5f7e45f447795e2c933c7b04df92cb41215fc987ab5ec6164d4e2	1127a82f601522c1503347e81633bc92c90cc040657654dc1b5fba7afc32419f	ea96c446568b6edd5adb4846c1718d801bf44d8eb9aa8c0f94ea9419791f9442	64	64
00ee942f336d11c6b520435485771ea51699ebfea0e20906b927c7ae989a61cd	ea26d38f233c3e122b9dc493bb912c3c33d32877de917f475cdf5ce6aee045dd	97209d1dbe069422318807283aa7a5e4d848d80c8c83f866277c2f7850bf6fad	64	64
00f34b6bb2bfb064e3a29d6217149f0ad425e82c12f902aca6fd6b5c75949136	9622ba14d6c49be5030a30d087f82d2312ea3861b10e4d1f504fba6691ccf79c	b2d099f766145478d21a5294bfdf0bdffafa02134277c0f005dfd3acfc57aec4	64	64
00f8870c4af3b384ccffe5fdf004f9e7ecbb855f9610045b82fbbf8c935f30f5	6e73cccdf668fa38dfba6486c1f69f5d352de6a883a823822f6e1507303da45f	beaf6688eb935b28529c9ff33a973cfe0e53fc8e898fed13ec63853ed2ca3e19	64	64
01034d6c3805999d081dd70d8917140aee8b17ac1340be15baf4e5592d1fdc17	5e9084638c58969aac326b3479274b935a9fd0e0609cccdc07c43dd5651cda58	92fe5cbdf46a624a81c1443bf438cce0236b01acf7bc0544240153205d8a15bd	64	64
01053ba171beb4a99e2e497449a9b5294c5d165e43827006a3dc5512731e3b01	1e540be4c98cb845d62ea99613faee96954f40a5d8004241e0d70a2646b142dd	aa1b11d0d6bc7317fcd6b534916164f6bcb24ce85440d10dec47d652e84a747c	64	64
010886122d1d25c43975999b262b919a3bd40ae05cb8d936b5a69b4b0a56f5ec	7efc3dcee14801723f595e65f69cf9556d127b9423b02c723ecc1891c4916c9e	c165e2cd4f47e58482e548d4045260cf721a5e9afeae56f2a188dfc89bdb45d6	64	64
013a608fb1d1206015093a98d60769bd1dac04e47eeb529abf2528efc121ee8f	14ca3c4b8c032afdc23f5bf6f606839c2f0b833f71c81e78a29913fbbd897343	7732ce006666eaec84ee06e02dfbe2a353dcdbaaa1ae3ebfe205cc507795ac5b	64	64
014bd89c07739d86d666e30dc129aeacb11739c48a032b124ba7ea51adec6a72	d641ee9cee21d1206c7d6dab5824a2502d09da77e6662efe82687d436c6dca21	475ea401ec72250f11b74da30f9a47861af872854384da99860d6831454dcc84	32	32
015b491a688f6e34422aabd202a111d415c87df23b015319ceaf5ab237e77917	86d70496540cf458d4ac3051488e700b8791351c797c596c82ca51310d420f08	505fc0bc877563c06b7efa55e3b52c1960a20a6c9c3d614393822a106aeaf860	64	64
0160517142426227505fb363242bfb452413818ee9f4f96417009d3e8da6f540	8e9f8857820104f366aba0b1a8ff6095f0d7d6fb5d8c3d6a8060461e261282a4	3c79a22be3fa474183c26afdbd3fc249b064a1042859e768258dc145127ea62f	32	64
0167de8d29228b1686466fba00af52774d3e77a2dfb196d2f92c0a02dafa1a29	38603b8fcf58690ba49d768a8989e7fbd81b48443ff3cf34ce018e99bc8eaf69	5f44d1ec08e256d4f87fd8a9966dff0b8b5d49309721a5eb1d748b715c3233d2	60	60
017641b05bbb2705200720a80b5450632f79bb1c1042ea46a84b64e9aa78c191	187589a0ae86e3e18868b1b908203101acea2bcdbc0f6483efa672bb405441c8	519b4aa3a70f29dc2ca9639d38c1eafe8f7324ac08a37fdcdf226704b155dae2	64	64
0177ac5b7093227c840cb344833090640fa2ce9103e70c8848d8385d305d5a84	1c414befeac1035908d1833764503fd25ca6cd15128e8870ab1902c3146b3da3	e17c26369f7419054969f6e9bebe75975b94eac2760e07570b215f1e026f05cb	64	64
0180a577f0ac5cb39ae4a08a685b8357533a78227ef588d16070b7f3accf2444	6ad9468b4b8948f7557c76dd4b7c70c340cc75b1fce5bafe037dddb41dffa66b	a62099904428132a8bb2123356aff495106d4e26b95dece828814a1f130596f1	64	64
0180eb45a0c141c83ab0df84df56b0faca7afc7aa86fe78dd3ea07dc654ade6b	7ff813fa05eb4d93ff3c97442d49621840bef906f431e850a6569466e219d7fa	6e7695e8a3f506b22d1ec6a207e94c07b703f48ab9e5c7d37fec29b8ea88598a	64	64
01815316fde0aeae852ac50c59cbf44df5bffa5aa7b66945e8774765ce3d50c7	b0071265d7c16f09ea4dd15e271ed29ed09f3d4696985bd861d4adc9b26ecf84	668276b4bd2b7f528b96c61c82dc88a1b4161da9e26c9893675d98d342f0bfde	64	64
0184304d880aa64891504e87e22fcf4fdd3891bd3b055399c07ec55edea90980	538e1636d6a3c22dabfa05da24a1ea6bdc7f7b946441f97aff65d2fbc0156ec7	d48a02072d6feb767c341b7598a6bfdadc6f5e7097c5d09e7cb2a4c236de1387	32	32
019249f6d5b8c73f08024f846f1508f079b9646b5456671ec78daefa4465d62f	171890bdeb6e3720e1f30a39df632a0fb3bbee5065618ed220a11e8da2f94d0f	df55f69462672ec0339be2bac806982256bd60441134ded432683d25bafeb691	64	64
0197ac8483ad8be38bdf238f180ffda32c652a10393335f59bdfa39c6ff6c10e	f6eff88516668bc9373f23352585b7cac616446be1834c86997983c7b1ae64cb	4148d45cc38a6d634aed944615a181fd1a02e45e92ed26b13a44b38eed58152c	64	64
01be3369019e0f2391e19885c4ac49bb49aee386e28031e80b54d6e5bbc6c585	0a8d6b0b66748364f5dc064f89fdac3fa1f503dc928902dc5a0b4579f278d130	99c429b4b2579f360e7eeb50a9ebd50e06b91e40c9c9eb0f28afd03ad608329d	64	32
01e701c13a6f55f9682d7c723fe6e9302f6b38a0a0854da85d314ae2a1956fc2	ff92b9fb34ee94a0ac38594f39de356a7cc329f677918958e1d7e4f70c94b774	dfdb56392c0fa4955097a632db8b997adf55c551a5fe062a31c284e0ad6a510b	64	64
01e83f918c301260b009c142707e3fba37a2f04478d3436e246f39342564850a	3042062a72fea59ee1079db8eacc9d57e95b85970b894f477148669338eebe22	8dc7b4628ef35edee2c46542a3bc9345166a8b814dc78f43cfd5a9d19c4373ba	64	64
01f4040ca107964e485832f1532c6d1bbb9554bd077fb848a66cf5e4b41d3d8d	b287c16b5d9471066866e2b640b00da8b5caf19fe1bd2f6a505a91db15f253c0	a72188c2669c9889452d60eeed5070915e7ca0d8ad547cb605c69e0887cb7db2	64	64
023ab540831d71169674262b39b728f58bd461ad23b7b569e35c33630bc3b9fa	39658e535a81e4c1580bd843f4e773d02b6abbc606a14eb8cac92195b43d5cd4	133962acd3807d58b17c8099b7b1b6353fade094ae0e9d0344f4a0bff5d2af58	32	32
0242eee78d57023d1b8da260417010bc8f38e3debd433c2dbe97e2cb243aaa20	76652453e74ca985dfdc2fbe1d6701d10ccc976aab69ed5f3e1daab5a17f541c	1bff54df705ff02b2674282a7eeddce9a7f2db92a4fb2d3febd6a2c72a6c71e7	64	64
024607f21f6c6934000a769351b22578872b5bafc0448b56b4281d4b8dbf57e4	a1281d7938036b8273d0676383bc720600195f03b29cdc596f3ac0dac03e38af	20821d0b0634a51e9db73296dd87cd77f0e7585cfee65c46771b639b646bdbca	32	32
0265541eaa6a7ebaa97415c6f98051d0f38fe6eeb13ae41fc744cd50097e3f8f	76652453e74ca985dfdc2fbe1d6701d10ccc976aab69ed5f3e1daab5a17f541c	1bff54df705ff02b2674282a7eeddce9a7f2db92a4fb2d3febd6a2c72a6c71e7	64	64
027865b2dd120dd34a65ebe60b9f6592830636535f019f948622a6ffe9d8d566	e2e3ffc49b59977692f62cfdaa83651d226765fc3c6ac6cd9076960adbcc832b	1ede887c55b1cf7add3652a9350c4fe525ca07f4fa99a840c8d0e7685c8d5e43	64	64
029c7abb2c6c96f52b94129203f78bef8ee749abbc499a3a5fef30be20ce722c	96b7a79c58a72bf4e165f90633a24f8af804d8735707387f36361308a352125f	0fc1a61be11bbaa97b3decd8a5305cd1a4e5ffb8367fd1c577f14cc9d67e3e00	64	64
02a081b584ec4ea599efa7d77e31a4d73bf71b2eecbd8a43d5548aa5750312c4	de1d5978cbe944f049a6e5ba8841c0de2f593b71c3f4e95bff1ae129a0d8f9b6	734f79e75afdc6386ab19f2ff0bac6d02325155ab4312d793030fd25d7a0b793	128	128
02dbae292dfd12a97a1a535b5d345244a88525290ccb7382577ef2e6b86a6f28	6f454dba9617b295421577876f68913bd44698f32151bd27a544157cb460a952	5a4735d0b42af11f283c1eefa4b70c73d076fc180860143fb31c1875c0dd9dbb	64	64
02f73011669ea8021b25b87fdc69b80a4269c82ea118210e0d380315f1d496c0	e7b9c475fab3c5fda5c75a871338f7e55ca43ac4a306d37005edf1439f58b834	90a10dde4070b477d4e76e3210817b8a24f96a660337462d969403554dadcc56	64	64
02ff73406fdf014ef35879c03a449a1c408fd5221410f5f75bc18b574ec63797	c1e2745e386fb9749cd717523bebf5dd9c35ae9131d4219c23cec5a2d553d28e	29d2f85e5938e5c4c9da2efae9db8eafb5501137994c4113754145812d7d4d28	64	64
02ff7cf365fc1624d3f55922459a2d87fd4fa4ed029062109b19699afa65765a	3fccf2f5f7bca515d5d08e7ae45dc0589671b45b8b88d41d60cac7e32b8c64e2	442e054723e3b2138cb93c7cfa46be2759364de357809c0cf5fa525850949aa7	48	48
031b9137cec42586e0f33a6a6e58916f29124d3f278b97638cbbc4b50b263ecd	c9e352719fc46392d36e99ceca3d76a48074b0e0b3349ff0199c35723cdf3507	b69b1c3ffbc0f7eee1bc07ae1aa244c831701ac21081222c24946a09133f97c9	64	64
03267bc08771eb2d41afa3a9c09a037d425fa4faa2a0cbd16fcb196cfd20f684	194578252d4d821047042a21d6de8e7f702c37a6113021d8fca4515ae5681268	db3b5e7b90fd0dfb2f3a85b6fcc8adf86e61e82ada5755467642063e94aaedf1	64	64
032e4f713c8655ab031a60db92655974fbba7eea11383cdb5f40edbb2e25323b	e061f816fb37ea2eeb8d18a47b92b60497f7167c65e635f4548fc4e0b7fe0faf	b014bd046791f26eaa58b167469e50e907dd6262d40f8fb73697a63ca66f7db7	64	64
033394e98f9308fc8a2d1015b34618332a889800b4f9108513bc0c7c69750347	2728707c50d5fda3bf9c8f6aab628d7b42a70e8ab79f5d284b17d14e1cd6b802	e96fe9283af4441a10d62352cfb4413c9048a5e2b02e103a86f1998ec80bbdc9	48	48
0344559ee5afc028ba69f53f7a8d71416ad0a1e762b99bd111cd61dae2f8eb11	52ad795c6e1a58f57e633741bc8da45d6705c9234d394ea29a3638a7e570c8b4	914851999bcf813dde1b79088dab26225cb8f3d54a809b05929d7a869bb76d3c	64	64
0347a5de71b73b3e790bd63ed68952bcf582317d0aa0d7d0885c7b9dad5615da	6728ac71afb1ed56a515bbb62a5574f5364858aafd02b8b6f77045bf100aff8c	ad969a3503838bf8897beeb533f436c68caec2413cc29911010f117889898a00	128	128
0356954be10a0d1ae65cdd7fd01f293e1ec7b946402d397e9878ac6fc61d194c	607e4e007cead28f67b62e465ff0c16fe9584387876298e0cefd643f12d4ad4d	7704c372cbbb46e604dd6c173da7cf3178eba5c9b8ef14f7c2355283a42b35be	32	32
03805238bc84f158f45bf129f3e30ddd07f60c264d7607505287cec60e73ce29	b8020dcc00f15d7bdd2093af65078b26ab93f69bd31ac9c0b603b59bd282db0f	13a6a37dc16c5c3f019670c5e89280bfc1f8c1d8c78a8b45064f613d4cc6df69	64	64
03a9f12fd9365b83fd577ade1ede8435ace57b4b3a07edbac3b176271aa174d8	8d4f0b6cc26b10506e8e5e9918feb954fcf6cbad6e382e8f258612a7df54ca26	4c7f2afa3aca6f05e5865ba40af68105edd573bd734c2f33a7754081cf568a46	64	64
03e95242cfe890694857de2f76fec3cb291edf5a216dc14339dd698482415b5f	cab771fd1f14bdc72137697286b99e051ab9eca4f089858b1bc55c9a89eeafd9	74ea5dfe9e1b41eaf99bae692a2536900ab4aa36e1cbdb77125101bfdc3ae633	64	64
03f4bd662a8c2c2a6dcaaaa008ef67e530c399f5aa77a298301767727cde6631	6157ef48d0121493fa4b1f8c0fd7efa08e3daab6d6abc4d9050effdd60633cae	e6513969c3f5c2480fc1c414b3f6af6649da60242c22135d81c8137ce469ea18	64	64
03fcd55baa87bd8b42de16b541b0bd25d6cfd9972f29f2b0ca8c830c38c6c81c	904ada27232931d60bdf52c6f2b10da440d48cd055cedf0fa0e9ba760df23362	30acf9cc1272845b58939f08fee43ec3b19889e1c03fa39735c461cf177525a3	40	56
041df21624ae1b3bf29ab04923a0f58e9192c5fd0ff307d9c98d546f28ec5e8e	f54bfdf3e758fc0627eadf233a8ffe4b22a193cae4d386f204fd54afa4ee0e4f	3627ca7c449a5f461444b1c092565335bc98c24dc4d9a03d35b6a004650e2110	64	64
043bebea066f9b89043180bee74a033edef6e707ef8ad3c5a2bc3f0da51c84b1	949bfb8f0aa4e2eed4407027bad5658ad5206c52f1c8b816ca6dbdb9efa2a0fc	6d912e425a96731f5795915764341d1d5fba7c87fc2b2d4d2a1c4b3c07bc0190	64	64
044478b2a37ba8af3613d17d4f6f5dfaafc397739e1e9579e5b0f03e50b95f10	04a29b48e1230092fb7100446d931865921dd80e84a5d090a974bcf670a62e41	6f7a5377fb1921e4b9ddd4af1f470ea47951ada0f1822eb5f6496b1ae3462b9e	60	60
04568c847ca072b52bc37e841f06e98efba56097669542708a25a456add0f394	509bca7dc53e5fd532faa07681e6c1aad5a5518e82a2492446e54b05f171fae4	7854797b5945a860a2a9cbed36abdad884258991de33143ce5716f1d06265a6e	64	32
046a130749f9d79940ef893e4f00085aa2a81e63cfcce2d5f8bf06f8204a71ae	f9acf22e048398223e4e578f9a5b781e109bdb4dd7d139bbe6771d6c4637848f	b77a76fb3e6bd776d9a9af7135bd36dc7ce036475dfb79b62684bbaaa4782c88	64	64
0473307a63d34a1b1b3ceab5ff8a8c4158d41089d94257aabc8f8174b1f71754	d6043a08986d062d2a64370d1ee2300288bbb9b6e438e6a8989d4267c77ad07b	d43beb60e4f9e5459e959860b8fb4bd650c5751d09109188308c7c0b7b932574	64	64
0479858f331f536328b29dbbc47b1c0da1659788672920c12f21a5a6455a310f	fa8c3897545e6f4147a68338a3c1bf5f9f9b227fdd44d8142c93ead947759c5b	78ae08422ba10d833c1ec0e697e4b96df3803f2632ff2db578c6be847feae689	64	64
047c8556c1a6d64199eb660d5276811630ac7d4ef83ff44f7aa8576a804d099d	82d9f21afcb9c2d64d9f523328109e0455e82d168e6cfbeb41c5130400749a2b	cdfcddbfd6b6ad8550f18a153a92b7466ecde5f5b5ba43efde3f7ca161fde03c	64	64
047d98fad192dfcc5d44668fbcdce5149795fe9a3e09ca3a778985cc91ba0724	7b7de6f55fcbcd177667ba2fd23c743c4c95675aceb9c8d0d4900db6341158ec	46095b00ed9cab965621101c9d5ca7390a3956f2599c9286defe731576696899	64	64
0492dfbf49d44c05fe0231ca97bc9e0a673804548e0273a270ebdd85428a0306	0952ae6a008767758dabd97292ffbc9399e8960fba950519366ce714031d771d	338f927c3ec0ef7490ea3203a2be95aa42e71ec96fd42d326896469f42c56d72	64	64
04963b11c91ed2d15365328ec9ad81bbb99439e4311631d3058ebfad21fe60ea	d5dc793e16cb86b33b92490d1315ccf0671f4dc2d45ab4bfe39ee0a6109f3040	1645e099d3928226127eed54d001b242a4cb57465081f08efdd288ae050f9db1	64	64
04a07143f575a130fd693b9f8f9a45d29a8bc84a21c6b2961bc714af669a258e	38191b4199c52a7cad7ea30b439768f608d70a1ce89a1d58cd94b0a24a34d637	8f2db5a85bd262eeb84d46ee75cb08210bac78dee1cf84094f85d9a3e8fd8627	64	64
04a3c83391c222bc9aff911fe9069754424b9499e448470e19237ef71b0e8f7e	363a49f982be0a3977286b96edbaee7ee591738fd355ae81fbbbae678f15b636	297ef80cd8bc34b48fef49b9a4aaec5a15db3e3759c7067a8a1d0eb92f961558	64	64
04a857076cf051b3b09b82a16e61dcb038a7b86f5e6d622a3f7206c7deaf3891	075e64ac7452d513483fab11907c8986a2cc51148bf6304557a705d931a83975	ce4b00cf0cef971dd85296e2f3302f7a0497531d423fd9cb3f67209792231229	24	8
04adf5e0f3541f1d79cfba5fce4f559887b9b15eec998b490d550031d7b6f7a6	2f09c79e41029cca1a4764b9580566ff3cb074f9522d45fbd569962f8494d86b	dd3fde7fdd3ac069155fbb7b60175850723765e5fee70e765f2c27c4cfb1ebe2	32	64
04b4b07474ae10f91724f4439816d29c476bc01754eafdf56d3ead2d6cee070f	a53d13dae2a29dea3689105f927668fb313890a4d507b0d7bb72af8a12814fae	e5b1ee04956febab02b9a17e0abf9d754a64471ccce9439a07f8e1571f8a6809	64	64
04bf1bc790cd1fc2a45ce60c51ca8be31d7a7cb776c46787ae069d65b21e8f5e	84b01cc778ace753eabc4d70ea5005811e116a5393139db9462c3c658e325bb7	48454daf5d1cbfd80d3900f8b8ee9da359a01c8fd998409bce17cfe84552a7d3	64	64
04d32e799dc12771551ec7a61c884d29543bdf20d80f76919781451c9f845178	5c865f7fa41397a0fb00fab9270c949168fc8d33d8fd4801f59a3445939270a0	77418c0cef674b413cbd4f3b9cc9175ec242f65baf60c193671dfaf21c52b5c7	40	40
04dd6ba477446a169567e75db0d4be02d0e11f9ebc1ab81c74179b074356e57f	e71e9abf4cb83a05f4ce938b20c5ad912e2c42b75dccca52c9fc7f4102743091	da5d4ab98e645ec4876d7298e6c5acfa5136d442b0c1105dd837fd7603fb83d7	64	64
04def206d95d2925526a87278a80d47503b96f6aa7fa2106c200107fe52ffef9	69312e9b7a0fe24c6477e8987199dfbc4e75a8f73120854dc5be058617f3738f	bec5bafbc0f189be326109db49e5eb978ee5bc972e095a74844ae3700b0c559c	64	64
04fd7b4b3b5d38ee993ac8999becea61bc6f2562cbb25f76d5043a5944021db1	543b68cdc9a376cc1b3c0f99742a2696288c78efe1e6aaeae5064707ea03bcfd	e25ed8227c7231a95e10a40784c02e8c85d4e59591fa9aeada0518f76083a2d1	64	64
0509b5978272a91f01749581a3d2444cb6ebf8b6e0f501a08cb3d6f0b56b78d2	ff502bf8d43db6e9e99256aa77de4df06039512bcb375fa89d12cb793d606900	1c02da18f7bb4921416305130625edc23509ad9d8dabddb61e4f42fb49e20d31	32	64
050a0c7f09dcea2191520a2b444837b974953b6b3248e3c146f26c2e71e3ba45	803911c491ffe5556956e1c0c7898e584c3cf42ede9aa3e8b70939fbe071fd06	4b5b3f517994ae326c36c49192f3b7fe4d32ed01c950cdc0c7ec0135140ae935	64	64
050f1e922d409fdc7cf76ec26fc149ac1cc010056382f60b676e36327acb4a99	b6688397b55145a64f2c570a56adf093e1b605a2e6c02d6ba7d5f5a286ef57f2	5c214df76a0b83aeec9ef6b3196bfd12999d87d019d0f3ff38a71518d99969ff	64	64
051900c3a357e8bcd714d04fd16d77780cbaf85e15dddf5f9560f6e938ad2e54	af57dd4b5acf50118d280062349fdd18c39bcbf8433c071f6d3036028f6e51d6	e1ce267c0cd6ebff00a1f3cb993e4dc1cb6c250000c5c623709da15db46b624a	64	64
052293e613dcad316290e60b08395bb6a021df7dbc8448d7dc90265e612f337e	22dbc22ee1d111eab9f8ef2f2642e138de2e5608db41edfbc34f9a80977a092d	a8957ef259872cdef937445ebf4a6edcaa26bfce3e63f6b736f649b93cfde047	64	64
0529054eb0c8aa854c93efa7187a7f66fb5633b7e8688dcb6f641801fa9b8c87	f2981a5533b81f9a33a79a5b41ccdfcaa613aa2e39b05eb5f5cbebafb3163983	3c8cd3d621411cf0863fe9d9e1c8395010766ccc13231fca7ed5717e9d0d631d	64	64
052e8f56292bcd60107bd415df7c52f73516ed75d43aab628b65daa8049acfd6	b8020dcc00f15d7bdd2093af65078b26ab93f69bd31ac9c0b603b59bd282db0f	13a6a37dc16c5c3f019670c5e89280bfc1f8c1d8c78a8b45064f613d4cc6df69	64	64
054d221d0b8a1f23ee909477492182496825c5b21e10d22a9cefe1c488527a99	0cc4c41d52cadd772012d943dbfeefb1f398737cd00107bc57e25819d73797c5	b4eefa1dd63be6577023af86bbdf33276c68971081c754087608f2c6384f1bdb	24	24
05520e593d0cf2fcd0f8719e9bf634815b8e4d9c87e51a20712ff8bbe6dd6eae	7ad7fe702141094d295cebc31dc08c5e60f09851804ad8ca4476f64cac7c9519	66771e8319e70d9b0147626b377fc348b768a0abe904ff0f3a76872271622746	8	8
05667636ccda2782fe7910e0d91ece6a659e946080e2790263320d9688605a6b	78001ef3642bde10580a1b05ae87578fdc43406a3373d2af0afc098e53fccc88	033a721409c9d40066972012598c0ac87d25834ed796c182486f2b96a0f2577a	64	64
059e1c3dde8268c789d9d6e970926f40813772ffb9eff69e9daedb4e6f109635	876967466054f88ed65d787d975802d3acf86b8cab652e94c8cc9d696d716665	cc47967d7207cfef1567462a56254fdbd3f69ab0ae0f65cc41337c7ca41ce445	32	64
05a067a01952998653a90e1148fcc9e01f42ea80a6f70b9c04007a2ed3db3c9a	1321a079c8be7d6a511cdfcc4952c7abca4bc46be685d0ecd7b6c94ce4f9086a	707b83fd3c8ed03ecc5841e3d0397090b950b62c0d90c8f4dde255ebf1ebfbae	64	64
05a2ee472aac3bfb599cb4b689af8220c13adcefac898a599cc6fd33f4003bf8	bf02c6472a57a233c12234f45896253b4a59c87fc0a45c5cac962cf100b631a3	f624be98106a5996f0d7fcdd327dd317ad2f50caa4f150635f166c1d59b834b2	64	64
05a5b652d153b4a777cb206003fc2762b7b715651a94110e841bcdf694044eb5	2e3b1dd55a60c73cdb5dfb73c85be2e588b45c5f819e082dbd735452330acd27	6b164ea50f4ba16b56a3e3e249fa794fd8bf61ab096998ba71e0976881eaa79e	64	64
05a699e7e78b01ecf484422eb6524884a1685f65a184ed4006627d1e4cf726ad	a679260a77dccf35f278d3019b7034280a41f267df3c78512d55568f944e5d80	ec9b04d2fd9989554b1ac10160c5d00a5d421a722de040c8f39afb1baa2ccbbe	64	64
05b8738d7f48065a9198a577a8b09f8b6ffa54d7761c3095b4e25028f79da9c8	00c2fae7e2a9ab34c516ec59f012ddefd8ab63d011dc3d797ea2d817476a9f55	3e81ed2d4a96f1fa10748099de0336af9d2f33d301d35cd82ba03a62cf5668fd	64	64
05bae5ee42fc54b7f76cbcd17471d775ae5d6b1a25e656d338a5b6d0176fb61b	f4eba5c19deaa83fe77015f1866ab57c31bbbe736bd88eb6e70f79131bc3958e	2a45dc2e42ee7d182bdab5503526f839391f38385d4291db4d3e64c34eadbdd6	64	64
05c2cfd7678632ac7e195d8928efbd9b93fb045574ba2bee359dc021508124ce	cd75e92fc07aa9fdf5361b83b9d056f165bc87012701c4fb75b3e47e1961b77f	86dc2fb1d62cb9c2793b993404f557f0d49424f4871f52181b20456988ea96c9	32	32
05d43682d923481fda186fa661a844caecd0b060d7e7f9adea401148ff0c0e9f	6005904d0787626279dee2a36daf548974343f804f0aa78e50484e2bafa9d6fb	0ddc5b388828e738f0c498a604ee45f817d394921f0a072ede7ef6374d6089bb	64	64
05dab72442c7c6d1ee2ed028011296beb00f87896d0ff2d3cefeb4bbc133d887	bd2eb7432205784dd7e320adaf07f04009c6a2637dfd7cc9204ce50acdb4cbfe	3aca551827ffc47553b736c5b0121fe1de079e97c5d2f36dd4ecff9ae4f85a12	32	32
05f09b1e19caad8c0e9a9e09c54cb17960795340b8527ad4c26086a2ea5de932	62c263e0dbe713e17b80438272890737ba7315475531a42b94ee9ff72e0f2287	8a6fdcc85431052163fa35ded5323ffc789b7a365ec79b84e0127d483fc01358	64	64
05f7f48dd2ec50841d0a0beec52112448ea3ab1c45757a04f94f4c968192c79e	76a84122d56d6cfc242450452582d015c263d19841b4d0586181dd569d199ac9	9139f6ff995c9d43cebcea2a0d5a3b3fa9e9c66d202c17b8b99e8273b7a98263	56	24
05f933ff20f68f0cf804909eae4e7f5648cd47ad1d3bd3c170f014cf41b8c5f0	442a642a193eddc00eb64477624297fd4c0ce54e3e85cef40c87ad7bcfa0b21d	cf19352c0fe56a2a63fdc68bf90ab42f2e4dbcf7aad9b842217fa314287bef33	64	64
05f989adcf4e501235a3bcfb49dcfe0efe749e89d42a237a6009faf4a927b74a	2e9d2293c36798c71e8ae30ac6dacfecbbdf43ba1bbcd4f0d83084daab6e5b4d	7e2e748972c032f671ba25f0cbe77463cac180dd6b49124531ad49718993a41d	32	64
06088643f5616e2433943c74d1c5c1104c8e3a80f1d4ee40120b8d19a935de74	13ffcfe44bb1fc427c00a56fa8bd2d079feb590bdde6ff0324cbab706a9f62d6	54d1a7bec9d77b5cedc049f1b4adf564a0f244d1c72dd50f7479f8f3295476f8	64	64
06089e37d63609f24512ee04cd06cea85c5fe1e3f707219bf85e90d8e7cc1f64	b793b7592c5cea1c5109062843e657a536329bb8f2953828ece8a218f8de0eed	41a1dd55bcfdb738d045f3d2e1aa3a2e92b0abb1db3d06b2ef5d55d2fb9c15a9	64	64
06208ab3fe86407f447c516f6d8abb34508ffb031316d894c085ac2ed81de459	5d99a5a0ffc250b20abe121389b768e4bf404bc2de62f7248167ae6dd32ac62c	6719e6aa6784cd5402a8e69c3178c2cac54aaae360b29bb2330915abc68efb5e	64	64
06362110648362ff7faefe789045fe982df5e8039f160b8c3f3a5dd4799e64f8	6b22a087de4fb21b5711808c0c204cc8f4c787324dfb77f1ac946d3c22e2993a	7fa5ee28cfcb3c76f3d74b9302b87db12f1c17ec40eeecf138667c8b8a45d4e5	64	64
06378a50bedcdefad07f2eb814881587e708a2d6169655f7174c9bb3d24e745e	17e10919319258484d14b43f86c4b01449abeb3754ebdaf062631a1804ada777	f212cf983cb73b2adb80467fa2f2efc631e632105b8c34cb52a1bcbb20224337	64	64
064030473f31aa3b26879c43ae836bc8a15483ac0d635b5172c8a7accae0fb5b	a5c5c2f2b135543fb90e292971eb4d5b965ab960dbcf6198b8460b895499b174	de7b4e250ca4ecb90995ace6012601fd37048c7faf15b9a00b3799fd82671815	64	64
0642ae6da84e710bed3c77e36e1cda756f76652ef183a73d19f472a81334480a	ce34eb13308174b71e72dd7df06f858c7330723a96e5c822d27992c2209529e5	0dd0e2f50f18419825b01ff34c2aeff137f6410aefdbab22fa4ce60cddc9c1d4	64	64
065a16356294791b305a3d15210ed54020f9defe0ceeb6a0d1d6f955a2c67a8e	bf610813b38e29c53f9b165e050e18e5fc05604cce9ed37be8213bd42608d7e6	61d7b96c2ab10f96fc4b85c9efa67c7298d39a347129eb884efbaf2760fac481	64	64
06679a2d6850df6fec6e13f1f62320a0c00d60143b3888edb1f8ec63bc017e8e	68032329861219b6a153a55289f2490dcd095f7c48f6ece07379cffa3bd8ad03	0a4d57add12c33d0136c57474a2994274cd3c0dd9fcb73157f3c7566a2d610c9	64	64
066821e857b3d8d0d7536ddbaa5704b3e1a29380519166f9878921ad3ab1c6eb	4e0c67c0e575574f78498b531ce846d2806bc1563476421e4fbdd37a68e30868	8e515723bd036f19ba3e742165f0df9290a912ef1b281bfe5d4db982cd67b4e5	64	64
06732d88e4ba54dafbab4b426d4d8d226f999e8b5e90b5dcef96c516b474af19	78001ef3642bde10580a1b05ae87578fdc43406a3373d2af0afc098e53fccc88	033a721409c9d40066972012598c0ac87d25834ed796c182486f2b96a0f2577a	64	64
067e451569f253c14145a0f7f123e42a206fc0c763eca44886efe4dcc4356b95	e1642dba014d230887e9db1148b6f59e2adf3a3e12ba1ab7c8fbfb29ff3d52f0	87717ed1fbc8286f8049dc4d335cf2d5f9cdcce8d52e4d98342c1ca1d1a0666b	128	64
06868f39364a1aa0796582d008b010b1a4fbf3f9810a6b3fa33aba0d6ec25e63	e71e9abf4cb83a05f4ce938b20c5ad912e2c42b75dccca52c9fc7f4102743091	da5d4ab98e645ec4876d7298e6c5acfa5136d442b0c1105dd837fd7603fb83d7	64	64
06875e1e497dd6399b968bd65dae9036fbd5ca5b34dfb23d4a12cf4b96c90c63	69c91f694add996f7868fcde0733542720b3947f62b01401ab5a9cf72cd7a009	da5d4ab98e645ec4876d7298e6c5acfa5136d442b0c1105dd837fd7603fb83d7	64	64
068bfc81f2a80f5f29023dc9eb884b48ab07192bb530f14f03f08bdf484a4b63	4399474d591f1f7f67cb7cd8c375738512d75cae8ec8f9b3a00fef814b3727c4	b47ce0fe4d868059b82d51d0aaf9f6c5d3d93921ec50148cbfb01c73c2dec738	64	64
068f7ac2931fd8522da89d3cf51c5d235733860895dfac28b6eca6433b9fa08f	66ef701228e1f2dfa06987f5c640cfcbfddf4c197906d4646388c1b542b98a62	d612963729db4bf03c035f1a714d519faaf9a270e13db919c4fa521c1b88381e	64	64
069525c7f40c4bc5d7893be69ddc5084d39a26b490e0fc4eab90f1f21761b902	4ba856a6a3b82e8e4286dc08a777eb3b5af2982853d457df8a1061b38dccd676	111c5f52247c54afe4d97ebf157762ca0d3c09dc3951193727546827f932f5bb	64	64
0698648ab45d51a7d37bacf10a9dce955644641517e3588bc5f6b1460bf62fdd	96a9a0cac26a161a0279945c396dfa8ae7287f708f4399485199131a67a97b9a	0eb08f872ebaf9391889891ee6e17878adfa6a5792c56dca7e61a1d28f5f88e3	32	32
06a24fe4473f9648687ed6c4a4412f5d85254a192f50ad26d9ef79e07e260c00	083c1cee4c662db3e34b9868f6627d603d033d8c24633ab29dbb0ecc569f3b4a	cafdff970ea278f1fa08301a95a56a069dbadf6498a2411b5f5f54ad04961d4e	64	64
06a8b9f38693d954880ab5fc59c019e136fc8ecbf2a5d25894bdcd385c4ad7d3	79cad7255d2ea9f86bf3dd59e5a442132f8a72e917c1ee54728daf85a74bdaa2	01ec0efa703df5cd5db293d6b74410f3f56e62bb3ae91ad30d654322cbb37dd1	64	64
06c30ed446135a88199cfe0cae081e3d99bf81db19206bc3f9ed46d9bbf4b4fe	7a9242a9dafb03b1d23d3bafacde4c2b72ebdb847212b35f0497183a4a11f580	14cafcadf2c6ef1968fe173028d6a6ae93bfa9d1549e7d3e7762b994f5006b08	64	64
06c50c47948fe911dab9027f5ec8817e64f5310f6ef7dfbc26f2c0c5b04dfbb5	10284f56e22e7b11254bab79b3ccd20bf7b9ad84369f4f70c7665ddd7a181f20	71233d25a0b62bdae5faf41261d5918f99d03a32567fc8f77c34c86e1c19be35	64	64
06c86b929376ac612fa34109419b80bc41a276cf2e06e9dda6d0cb62b8f1cd50	3874c5851a214aed6b43fedf0befe870fc03ef9c5372937f3a588fe6f528b61d	83a114aab9394c036440029d8f343d52689fd4dcbe2852d172010aca9793a513	64	64
06e4ab96ab93a54468ed3573b2cc28b65ac424677946f4d8f5a0f0fccee9f802	56fa7ea6709102c5f2698d125b56fa7191f5191398bdf5f9813799b562676724	8a06adeb10e28b0c5beb3a5b1f8ccafc05c8da4ed38a46a81d21e32edeabec7e	32	32
06e64569dcd1ec524c75fea5572e41dd6c793ca88f042f9906e144cb6d298a1b	25e0b77ab90592cc99bc33af0ed62bb7b3eb7e128c9520bc99cd6cd52f3225fa	2780fad731db4d56316b7ff6a62c492bbe5a13caabfddc07df765f66155021d9	64	64
06efc741de34e1f917ee1062459f04826dcaa6496acfc0572fc6affc1e7570f0	d777c2475d5b258496f68d05eaaf02c21da9b1f69b5b398ccfa2fdd0b14f2094	42606cfdaf81a5b0b540c2f21723fee1e3dee8564cb6e5f17c1349cb2928863d	64	64
06f27eea796c00ab5a9f42704a2758e72c2880ff7d4e73e91ab68a37efacf656	4017361fcaa332a089c272743c1906f6fe7165982dc65b164f028580ebc216b4	d58feb6dc7b2c25cb555927effeca7c69b75e255f43287cfec97a968b38ca54b	64	64
06f7bf6974e0f56b74b3e0e8939778a011ad4c12d96d8dfca5ed43a8e4af11a2	e71e9abf4cb83a05f4ce938b20c5ad912e2c42b75dccca52c9fc7f4102743091	da5d4ab98e645ec4876d7298e6c5acfa5136d442b0c1105dd837fd7603fb83d7	64	64
0710747d1e491b793c60e21aa9e7906ab7db1368187310160efad51f61571cf7	993fe3e4fefdc7f60bba19b5dfb092531f25f3b5db2ecb0e1f905cf7c22f577a	f2e8fe01448c080a33fefc529a109d531ea627a5a937dc1e72c9d0cfb7ff1430	64	32
0721795bcf6041b4208c483e9ad2a9d84e0e7606b6387ca21da4ea25b48dd26e	1d08039295dbac3d53c83069b313ef15224b25580ae7b95b53dacfe9d040076d	e1f97936fd54327c4e4ff45f0866415eeb1656cba5791d7c6b4f975ff0f33df9	32	32
072b0fa5a8e070a115a66036c7b18d6a19667517d904c07af2d322c1d9de9c86	76f71b9d6c83f78378355df8fd8fc52e052bde5a1ce17782c3a58224738e6006	e801a18502783f246ad2c7437d8248a544c2085de0ed745d372c6fdb159a854c	40	56
072edabae330e15f829be33fbc0f4d456d1923c2f21026789255fea9d57f44cb	87a76d7e94867d7ace49814251f53f0f42fe3f7d98c41a4fe68b2adc9bff55f0	dcbd4a22c05dcf0d35398f5760b96441021c57ea781cc55a44bc2a595b6522f7	64	64
0736637e1c3b5544cf0f4f43b3c3d69b674d746b1d2c3f51fbc62f25d7db9b3e	178600b1bb680073b7d1e96ae114467e04e6b7d1e714eccb0ef670bab1e22f76	9fa05274f00b11206cd26cac3f98999b93b46d442bdee1b60cea004a841ce0c1	64	64
075c4012ea5ffc9d4afb03be191f54cb9d3bc84494e69e29ccaab2a8b6130737	dda43a393d9b62519d07bb220938cb2b578d742a00e9c22ae518fbc49a731aba	c65e50a5e1d2471d63d68ee91246fdb82cb653c86c5055fc5d04417b9ccddbfb	16	16
0766afb5a306565fa4c19e989f26b00dc6d795efeb75ff26b5dfff96cb6b673a	9c5928230ed2ef129e38a56c3b6733b494c3e028070139983de9d1126f462077	3626cd456ff551675872658e859954de50bca87ac145ffcb75e0450c679ec58c	60	60
0766fc82ae53e725425006e764cd9fd63fcce1f24172f04231be11e05906428f	d3ca91461b3c4409e16a27afa949295437b8a7bea1b86ddc8eae5e5e33a04a83	e9db54272f8c6e249e2723cb75fa560c0e51a1adba60db91b8d98d47abeee2d7	64	64
07700a5a3a530b789fcc1a6b5454e61072386d2d96a83d343ba74aa38d24869d	187dc677e3474ad1254ef7e3ab972e2f977acef992a4584f19c60a666c30d469	f296696d9afc1552e74919bff5b89820e85da031b90f0a29b737c8750d6a3768	40	40
07825698e9eff6baa9de54eb1723ac013cd128083e83a4882000bb489755783f	76652453e74ca985dfdc2fbe1d6701d10ccc976aab69ed5f3e1daab5a17f541c	1bff54df705ff02b2674282a7eeddce9a7f2db92a4fb2d3febd6a2c72a6c71e7	64	64
07852f8a5d16a696064b72a1e358e2785bbec1706aca1ac30c55deabda73f282	0f6479b9c7c1d234d0263303fa2f8c7701dce9cf08ec2834ab10710dad3ed76b	57673ccd509513a4220044497df5cb4776cb2186926a9324fdc18e7e707cb303	256	256
079777697f937f79b6ea3c7a989e74d76a9abbe1979557b88ad00d97743b3f32	ec081825c32bcafd12d78499084926e7a663e693d72344b5bfb6ca8494a21889	0d9e3f1d4f9d681700b9e65df662aa1a3392b057ef22625dc9afb7dce817c432	32	64
07ace23f8bae037919fae3441cff9c7a6b37e5a31269311bf8edf0db53e3f4e3	62f91dd367458d153666de0480634d08e30d5a411bf4dcccd91df908e605fb2c	b3dd553c277e8608988c74e974ed44680181be742fe2872cc64ef65d6fbe3634	40	40
07b45c589d72e5df7cc75dd64f8dbd3cf3b1a75867ac3fcd5febf211abd227fa	0792721f33859f9aadfd0d88a80ea59f13edf76273fb0e3a166573495a2ae482	4cf7859d24a267819df3210ade0ff4f50155b993cfa35fbaee29b4d0885c029b	64	64
07dec02901a0b49e3d6f7d897b999022fb07b16b565d537f21b4645bde23de8c	fea1bd9095600b71e36e7c5a7b3bb8b9b669aaf12437ea74e6d04d101adaddaa	51879f6f225192fca3f82424bfd363911afd3b01d8cba2322138ad5532a143b3	64	64
07e3c88787e22698b185c34ff73a204cad7147c59817c402641f29d58dae427b	042b8c69977f6cce20c16319d1ef74bdfbda5346629c7344e5c3fec04ff025d4	faa13ad799533c0d1cb20ec26635658328c6dbb2e8bdbf04f712a60f7bf9e5b6	64	64
07e5b8cd80f7c04cebdf75fb65af8a4dab2843ac86311086098a729f173c2405	995eb03a7b7a2af1828fc165ec6516f726fe55ac8bace9cbf53f966972ff250d	ae1dfb3a66401293654101358a44e2827b36f7a366a3f6d51856bba94a5938ea	32	16
07f90cebfb4d2e31677eed77bcf0d108abb849695dc79224a9d3e9b17d45cb3d	d307dd12b77bb141bce7163b99321e0fb76b087fa58ca0fb2fd3e56576459e8b	f846d73a3f359aa0d54394d9665461be82c9a37952a8fb09a999dcc5e38ef822	64	48
0803e95e1466152b1eefcb31bc58aaa6d28cac8694f81e17558d109c320699e7	8eaf3b6f97fbc04d9aab161f7c5e03392fce84827d4da5e9825894bb3476ad4f	46ba4106b4aa8c0e47ca2d145750953e3199e6499eb0b5ec9c082e76b04b060c	16	56
0834828e8de8c86ff516396a097ea4e4fa378be8d4d777ff4bcba955aada4ecf	f3339c3381b1f671a90ddcc6ba758e8f9f9982250c22f6bf65aa4e548607277e	edae66a67a03cceb567670eccdf1912113139fe4e66a82e86c0c263333a69582	64	64
083ed888996803a2fac81e92cad32ff8508a4ee2e717c05440d44872e78a1e43	1a3d7e1eea1905c9ac05939ccf05724506d833151ec4e6a32b931b32b4c7e71a	0f8436a8a301f1e14ebfe635a9e74bf95d17a3291dc68f1754938d979655b5ff	64	64
084cabca3bfc71cd6de86022476a572060db450bed21bedb3ab4ae4c50b8f8a5	61e2b705ad8081af8dfd948c35de70a7e0ccbd58779cec0a6ff27f986859f0bf	aafe4904a542d6e966bafe428100787cc3c88846ccfc92f4dc53fd451df9c02a	32	64
08534692db53471649d8fdb4ca54b825c89e755a082bdd768655ebde04f0a2dc	31bc021ef0a87c03f03c3f277bba33a29fd13e486b5e1080a6a472dfe5c6cd3e	190fd4ae3740947f642d6948b067f7f2aef2b6df3fb831c0a9ff9aca04c79e73	32	32
085bd8e1d833b0bd6545cc26a9782cdccb2978d8d593db67bfc9222662999c0d	372480c61364fe9cab5708ebcc25b8b5fad120b765512b1b58fa64fdae0cc29f	7864078010996efffd066e584996e4d36e96a8f44f2bf71dd501d42df16ba023	32	32
085f5ecc4cd107e12178e32d909bfc75e80ad3ca691ae99f5ac41d3675a7de55	5043ffbf6f4386e4590c4ebc7597cefd980b0e5a9286d8a9932734498f774dc7	2faf363d770958450972c811fe28e204cc33255b0fdab3f0986bd3585612ac80	64	64
08644a416bce9d61fd6c458196c914b622da424eaefe9610136afcd6173a5881	2ddbbb8bb6c7ae1bc68114e50e2c18093f3487e2b360b8f8e49478dc20b1fe4e	04be9e6d36e943389591e01daa082ba3f37257cbc6c44446f619f8e1a98af551	32	64
08647652369467c98a7d7e4bd42c6b1798d8e3ec7282936c48dd18a2737db847	3ee41d98a94bc0ab34618dabc00bdbea0f85a04760f6e1c5510acc3004540fbb	99195cc2a66591eb2e352b15f96c301c4902e8b742fa664fe7457fc5c44e82f0	256	256
086bfa62e29f14f488482fe2d5dac706d1bc5f9e499fe724f3b655a67a72e2aa	7e387dea0df7447d4af78f448c8902af7d8f7b08773c8293d4962d703f125ff5	93601abda542574b506b82969b3be11e8bf356a7c2f3ef8938055e36e694615c	64	16
086d45188db82ae87407108f56820d8a934458c26c26614dcff306e0f694ee34	1b87ab5b7afe5f0b1b6c5c814b9d0b65753d0adb8d6003e610ec740c1af6f67d	ca209bc7bd99184ed96b949c65e814fdeb9dee620d6682afad86a7780aff59b6	64	64
086ef691c7803406e35cc57fc1a4d451369aadbedb958f9037e93bf7e9466f15	ce867ecc4be81971b2401c7c2cbb7f95f52ad56a42871700d0888bd4edd338ac	c112e7534bf55aa2fea6e526e674828ba922180e10e11b20195a92ed7e002b95	24	24
088037c58dfd103bd08d71bbab42bc692521fa40cb4e548f926f860844dd0963	039c62a1f56cd8f9774bbb29a0b6bda1aa2cbe6990870ed59e829e0a9d1967b3	8fba4b9680c5a723ed2eb3090086e9ced0a638024c4af58e59c6601303c0d728	32	32
0884f61c17d74934f54719f34290bc3a03456fe1680d55dec19cfb97c9feee53	a3395eb44f36554adb208b68c35b865afba21843af58e098902484c84eeae4b0	69cabd25a0a3ad488758c3bfe1273aee342bb8fd2bd893a0c3852c63028d741c	32	64
0897fee62f78a1a79077852ce001ae76bbb8539acb94e13dbeb26920037bab82	d5dc793e16cb86b33b92490d1315ccf0671f4dc2d45ab4bfe39ee0a6109f3040	1645e099d3928226127eed54d001b242a4cb57465081f08efdd288ae050f9db1	64	64
08a36eea4621a10294fb03628804ae6e085a3642075e4e00b486d2ea6aef7c1c	fb7f9737f785f2bfb9bfc72b53426beb8dad7341589b252c7ba40d00f4c8bb5c	ff1ec2828bdb5155d64792e6d94c6553ffb7fdc2c2ed82f30fb73607a2437f2f	64	64
08a93f2892a53688901768a9e864866b0609199218d2fb849b6f2f89189c5057	a1281d7938036b8273d0676383bc720600195f03b29cdc596f3ac0dac03e38af	20821d0b0634a51e9db73296dd87cd77f0e7585cfee65c46771b639b646bdbca	32	32
08ae21fbe68dcd1fd23219b7347a3e092b932ee2bb462a5a36fff02feba31cf3	94299c10335b0d7544c62dba64fc2cc656fef0d0a44f34fba69bbcd5f2e33290	2a382dbe90c29fae28452d6d194d7497c2c5744e83101723bda4d411f4592d41	256	256
08b450fa1d0277f716914cac1b83549db2f74b330eca41269a07196c477997c4	bafcacfd6f843c02c60ec7550f135a23e39d3e3a15d78f380541a6fa8c71e806	2c05df1d2eb60737befa99dcccf0bbaa323442738ede41fa87503065d6bbac7b	64	32
08b5e4efea7bf4f0d877949a061af98db6258f7d8ff68267ee256f1c12532113	ec4f687b8584d076793830ebf205c2b21c0631f2d50fade2bc7b5e27fafb5424	e44e152c131b771daa2792b8a3ee41c51864905772c4a496ffce971df1ec7dd6	64	64
08ba496b3ef7cc72051809f3b0642371d8429245b2353fc17f3a76bb8ac01ce7	b4d6e6888bb8b6294265bb275f91326dbb06e8fcdbbccb3ccbbc48d114617727	e569eb66d4e98afa62e0f9c81ae257d6b6687e46d2b688730ba057971220ff6d	64	64
08bff74611093241e7c77131877edf0b9edf496b3462d22e370a011836062215	6fe529fd38d91aa1f522de5bff38bbeec80d40cb16e9895f813cc909bff612fc	e48455c4db0014f4daef2a5d4b1a57f881f04adf3ad98406a8af993d828faab4	16	16
08ddd6a49d2130c452cc0dc532685bfc8d3bc31aed800d168de9151c040a2e47	6151f047c64ca8c0e91462eea0869c376e6a730ee28681e80101bbe7b10084b2	85641c0e01a9e8ef953a9edde41d4bf48f617b063536f36a07df5756dc75cbb4	64	64
08ea4195516b60cf14832ddacbde7b13688e12f1a42c752eda8719a1ed48fc9d	8256f0bfc734926eed0b852c8aa1ca7bd88bf8cf9e84f088656ee6c2e789d773	d923aac3b339ab05d3e1cd78f4b3a650eaf672c8220a5c0e14f5eef2ef631d0c	64	64
090fda0fccbd727c65bb800fe1afbeebbf06e71a7583d8f86398b84df0bc0eb8	eab409718a85932c7205c0cb092afbdd612dcc32e8aef37e0c384594173a267a	712e4aced805b2e6584c0198e864be350b74f9305bf0b14ede5c3aa405b7a708	32	32
09183d57bb9fcc61f83acfc741828547659599c2e14388c3048d09de945dce54	213f377c2033c438ae2725e897bf54559633e5a096b2392f7bb17e5e14840b4c	d1c0ab87d9219f6c32e9b73274334e2fd84c1568683b8063a81b9bfba5e2c0d0	64	64
091a6d6f31cf26538994255548d1d6e91fc0d9b0a742afd7b40165ad45d9f269	3740ccd0c2f6a2af0eabaf4d4551667a79c0d9bb1570836166cad1828d851071	418943845d075b0f198c4f1f987663404841bb8cd6391d66ef8a687aca7926b9	32	64
091ebfef5c43992185d8967cca05d06264390d5f92cf02474087f8176baf8ae4	cb7b1eacc075bb4d832b86fc1152d00eb3c9d534ad5bdf6a170bc1b4e7f04cd0	d874dcb20ffd4b66fe006b7ccb6cf03c9648876ab1607a49376e4a48a2d499cf	64	24
092b8db20c02af14e701cf75365417e268a318e702c75ac403a8186d6c40a85c	d7d4f1a5e3217a5a1f97c598451f6e9426be61a2be55d4282e783bbca957cb6a	da26326b736fbe1cac17ac92e480de484d03760c523ebf53747730684b188097	40	40
0940baedff4c7eca9df62d1e499d2ba70cdabf3e47ce249bd4ec327da1959cc0	1321a079c8be7d6a511cdfcc4952c7abca4bc46be685d0ecd7b6c94ce4f9086a	707b83fd3c8ed03ecc5841e3d0397090b950b62c0d90c8f4dde255ebf1ebfbae	64	64
0944c8ca2c951e411f263015fd38226f92889f9a74bb4222c6126e881add2e4c	a6690f81b79c53016a7271bdae5faaff75b7b951ec039ff1e4477fb05a6f6859	1ff58dd5d987de0da406e43a9c75847c35d979b2801d5bbe71990a8be3547888	64	64
0949c657164fb574e27d1d38ea14ffd58bae84eec5505d9ed3f98635474beee9	705ef2aaf801d0518b8be5d39f005b34eb2acd6db3a23f7d8703d23483f182f3	d653b54b2a2dc06391f49e29f4ac854d25044ef80c82d249f76778fd70c1f434	64	64
0950e7f62f51b6cbc4b1ab72a719c0d37d61e39df957734b301e79c90a98376b	0952ae6a008767758dabd97292ffbc9399e8960fba950519366ce714031d771d	338f927c3ec0ef7490ea3203a2be95aa42e71ec96fd42d326896469f42c56d72	64	64
095979dbd05ea69c235586a8f0b131e9f2815001de30c321f00be6033dc91575	a1281d7938036b8273d0676383bc720600195f03b29cdc596f3ac0dac03e38af	20821d0b0634a51e9db73296dd87cd77f0e7585cfee65c46771b639b646bdbca	32	32
096414792717ff56926579c4396e3b493b7c6b2da64e4eda5435db61cf6631bb	07138e8c11d19fd9a0fcb5593025db2035200e6bf61577b84bc683408001d6f4	8f20d514d2dbb2cd39a0b595e704f66ac54061353110140fc3fe3651a1c84250	64	64
0966a5e88d40327ed36aca9973684731f91cc258cbfb50a5013460eb25562376	82bc7705bd48033e63769e97f479e1fb6892d8ec5942608a66ee4230da6b115c	fdd472edd465bb3b0b2bf2e32063bdbdddd05858ec396d86e01f96c4ebc41477	64	64
0970903bf05da4735fc7f53599ed7fd0fde6656f445bdf53c8fd899dfff7b9bc	5f1fa98b5df9092c73c9ffc16c6de1d0a266e8f37b1e2179ce8c83c572b51105	81d8c11b430425301da6ab2593dbf1d9fab8ca8ea76ca0d7eabc09c17f63e162	64	64
0975bd17d860af85e459075a4d0f5764e899d1308476663c371861a8695a1066	c1e2745e386fb9749cd717523bebf5dd9c35ae9131d4219c23cec5a2d553d28e	29d2f85e5938e5c4c9da2efae9db8eafb5501137994c4113754145812d7d4d28	64	64
097903b1d0bb7aaf26fb2b80c37ff615fcc63f6e8cdf6fc7967b2041ee66f92c	1fcf6390e6fb949dcbfaae3ffe35ca4017ebe53fbb142efd5543af152c1e40c5	c4e8bb5f3a842f83712e481d87c8ce77021263f442b6ab4c85a535b4a5d9156a	64	64
097f537bc0e250e432923b32db844c570e91b68556a397f5d66f726a3d9c301f	7bc38470e438313c823e768a76625650f5dbb9529811cba627d986d337df3d25	e2db022f98c7839815fdddd9bdbb9dd7c56046cc7ffaae042bd24191230f1c05	64	64
09857fdfd465337b301bc7106424a653d577430eb3d08da10e8020f710fb7b49	c9e352719fc46392d36e99ceca3d76a48074b0e0b3349ff0199c35723cdf3507	b69b1c3ffbc0f7eee1bc07ae1aa244c831701ac21081222c24946a09133f97c9	64	64
098a1c48f38aef50bbd4d676df0275a54520b133fb5d5c981a3df33bd9545223	be6f5bf23b3c91d0acb9d1e0dfc29d91ee5564b1e149a72beb32479d21e908a6	919a0652aa1e90cfa924fa4b6f366c96ae50d932e728c296c37d9b90d058f4f3	64	64
098acb2c49d4af928318c8c3abb5c3f20ffd37e0ee92622cbebde7210f29e3e4	a6690f81b79c53016a7271bdae5faaff75b7b951ec039ff1e4477fb05a6f6859	1ff58dd5d987de0da406e43a9c75847c35d979b2801d5bbe71990a8be3547888	64	64
09945eb29379e1c348c2fc70232a6aa3d9d3f222ceb3ef9b3d89ce4aef35cf40	fec3fa2a6311114b105141427ad565923c2cd7545fa72c70788aec9fd4c226bf	b9882a107e1377bedacb204b081c7358cdb8f2c4efec8fd6402c060215dff3e5	64	64
099b36ed4a2ca61646657866dac8465f00eba1b20e979bf370d6b487644ab21e	5de3809fdcc84dd10ac0b6cec650b2706a1970892481997ced21a438ecfb15b0	0517dc22184eb7fec059514fc0246ad3618019eca209b14557a8a500cbad9733	48	24
09dd8368ec46cf92f386d5f3f91d573359bb465c9011e158ced998f028aa714c	15ccea3c160dbf49f55892f9d875d45d8e37310a8d91702073b6f00a81f8a296	374d77640fc89fe3d9c3d635e2e9e2f06b4b7368c0c9caaad5558cf7e0becaf5	64	64
09e6c72454ccfcd4550f9d4be159043cdd47e28c7a9a11b5622c8274cfb46447	87d3aab0da87a0e5f21e80680c310eddf4a9a9d2b83880e85744fca1d62ad085	529e2f2929b25c280a685b71e9dc0fde4bbd7be67022429f36455416acacc23b	32	32
09e7c2836fe4b08c2e1770d103240b6e7fe05fe993442fcb58e1fe867079b5d2	81434b050cfb8d7943c3335b230c1eaea39dce806307efce0846f864532e6cde	cedc257c1b1452effd3c18510660d1bb6d7ae7df7cf381cd6f49aecce0620719	64	64
0a085a69a62b8b9effed79872f5ac4ee52170cdba8501a7411ab7babb157f5e1	3da28a3a6e78400af2a204047c2a285b423cbb94fe1c60684ab185473b4f2728	0f64ffcc75d1a7b38de8fe1b0175144a6b8f3b6e3fd6e46639e82d8dad4e5a53	64	64
0a0d0abd962bc307feaace5e37b6b58df160f05fe4f1feb10c475f41d20f610b	7efc3dcee14801723f595e65f69cf9556d127b9423b02c723ecc1891c4916c9e	c165e2cd4f47e58482e548d4045260cf721a5e9afeae56f2a188dfc89bdb45d6	64	64
0a34b4b0ff408f9d04695ca949708302f59e662528c8bbe857e081d1ed487e00	7cb4ba820ea92620aae5569c529c518a11628856d9aabdc45a181a0afadf141f	9a89fea14acfc875b2de1fdc8c5a3ca33fd338ab3bfdadc249f4f226e28d90da	64	64
0a35d6b588a09bcab1febf8625c9caecd94cc73042bc2c90eee20b299f27a7ed	4399474d591f1f7f67cb7cd8c375738512d75cae8ec8f9b3a00fef814b3727c4	b47ce0fe4d868059b82d51d0aaf9f6c5d3d93921ec50148cbfb01c73c2dec738	64	64
0a54165aeceb9c03988e35616439b963e78052bd247287b778588c0bb44ba89b	c05fa6b6ae70d35f5c87820f29056054334348e7602a40281535a3b9291d9c8c	dce923d10d393faea45a240470285917bc577ce7d1b67fb101c8cefba5e89682	64	64
0a5b470d2f0b472d0d09593c285cda33601e54b2dc1e0147b7db45ee874f7e74	b79312abd10d4c7afd09b97391b7b3461808f2825a6d65be799e0a4dd99649a2	33c731a72f5bc22dac4d58581c9d35daecb8bf9742742c3172e51e67325e46c4	64	64
0a73e03b5699976baa5c1dae2ff7bc2c758bfdb0282b7ca748980a5a0ad3e752	76652453e74ca985dfdc2fbe1d6701d10ccc976aab69ed5f3e1daab5a17f541c	1bff54df705ff02b2674282a7eeddce9a7f2db92a4fb2d3febd6a2c72a6c71e7	64	64
0a766083b4a252cbc545c304ad948f4f8e50597f3ae693a83c681898dc9ebb59	87a76d7e94867d7ace49814251f53f0f42fe3f7d98c41a4fe68b2adc9bff55f0	dcbd4a22c05dcf0d35398f5760b96441021c57ea781cc55a44bc2a595b6522f7	64	64
0a818b4e82f3e635a91971a7364a93876ba67d9621120f525fedfda65b685838	1e74d637fa7a2926c17a7251fa95bfb617cede8958c349cf3e31f9e1768160b0	93d522bfad3556f77e97118971e6a6b741bf25cc5e98562e30fd5308fd9b569e	64	64
0a857314474353b2e36b159fcac57bf51ba01d7c64ea99522bb9e79bf7b0ba6b	289e4e15c94cf3475b336d26ba5d49d3b69dafcc03382656559c989a0b16e92d	940c9fefacc976c6c80f6cdf3335611ebf3db657c5531e741a2aefa858a269b3	64	64
0aa511cbd1e1322c39cd54444d71507b4492eb103c7b960df75aae06301e5a37	c9e352719fc46392d36e99ceca3d76a48074b0e0b3349ff0199c35723cdf3507	b69b1c3ffbc0f7eee1bc07ae1aa244c831701ac21081222c24946a09133f97c9	64	64
0abc1b95d998429de4a7933bcad296fc3e638c226a78253c1a459c93dfd7caaa	8189f02cb3cd8c47e99144293d0f8e6bd8fb842068864aab3d3e4ce998fd9169	715495b183c4b8e1cde62373d70824a79dcc18e29187f5ba7f945c77a8c7d8ee	48	48
0abcc8f27768f596d9983705db89272dd64c2955de2f5c4cc62010ed33b4e628	3505572501625601366c4746a5efe5bfe99b5e7911950d7cf8d6b143dd419ede	063b1840b30d74f7db59b71dc8f547c913ab0217b64612f0b99b4118642a75e8	64	64
0ad9faa58e331460a21840bc29d6eacf76baaf282dc6e752cde108e798955d77	0fdad7492471c30c067cd23ffe92be728b2dd7e21773da7bd6f29fc9b628280d	31e719eb9eccd9de3d7b74d500bc7ff838736125329f1a2202d7308a4d792154	64	64
0af61aeb67f0bcaf390d40eeca8d63cf5c5cacb0c24763e0ad1cdaf3e85b3d91	055d1557d3484bc84671e0b69d29afc0b584e258d3ff79fe33609a6122b591ca	8eca59345640878e2a156432f9ffbc61ead86b125c580f1fc5fffc787423b6bd	32	16
0afa247d027f46476c8ba0ac759b9b71a25adbdbe9a6e718d04bbbf4e27ca88d	c5f22919b5b0119f3fb8ed29ed5c7222225900d82528550502f47c85f48b8434	376b01f09a2d09ff06422ed20ccf59bafb49b91f00672fa3414fd4420c9850ae	64	64
0b10b4dc096d04dc4d1036395c6ca01fd30cafeac4dd0d002b32eed457c49534	76652453e74ca985dfdc2fbe1d6701d10ccc976aab69ed5f3e1daab5a17f541c	1bff54df705ff02b2674282a7eeddce9a7f2db92a4fb2d3febd6a2c72a6c71e7	64	64
0b161325f922e1d48fe0372250bbaade6fc8237d05608ce67250fadc6fdadc70	4b6d2dbabb1d33e7a5922e86d570d4f540999cb41a6ffd0b40dbbcc85ef476e6	3e87f21fd8b844623f5cb9bd83642395e437bcee97399b151c03815287cea15f	64	64
0b1c8bd7c98cbc51bb682fdc96afd575f5a1fed7804cbfc1305315de9a2dd260	7cf22e5fc9762c68eb96c94461bf80e7ed44fb9e79c37cdcf1c027dea8f0dc4a	c3a9ff97961e0ba3e6bf734d2d43a656e3364fbbca907e548447fa57962291d4	64	64
0b29390cc3f5c24a6e75b60c5755ffa136a6d2d8e69904b37593411dc6fcafac	9c94ab481244ff3400b98a36aec77b8f8d9429de2e32513b55e72d39b5595da7	cd7431abb211be398b78fccded3770604b7f2f4753d54b347459209649bd5c70	64	64
0b337c0a6ed287fc518df479c51dc5866a59210162a3eaa282be89f179d0472d	fe52071b77ba852079c9abc03581e39f371d2bc74eda9a3083c504abd0f7700a	2d997d813002e4541b1b841976c686914abb68aa3b01f9d3a80522192615c6ba	40	40
0b34b73a46eea44505a3775faadedf639b470781846aae9a2370c7ec6242a446	56fa7ea6709102c5f2698d125b56fa7191f5191398bdf5f9813799b562676724	8a06adeb10e28b0c5beb3a5b1f8ccafc05c8da4ed38a46a81d21e32edeabec7e	32	32
0b3bb5a4efc8253759da96c565a060642d2fa53b0720c594e61b865fe903e300	a1281d7938036b8273d0676383bc720600195f03b29cdc596f3ac0dac03e38af	20821d0b0634a51e9db73296dd87cd77f0e7585cfee65c46771b639b646bdbca	32	32
0b4b5d1fa1fd6edcd16999cd5a295172206063fd9311cc4278f6c688d961a796	792e8db5fdf111c745e199bb90859a4e024b8e4a5c40cc41d1a193548fbbb34f	6be510b478b6581c6852b793b08bf2ff8ea257bb7015d45a2ed9825aeae7ca89	64	64
0b4e86cbf70623382c24ac61ddcdee0d41c863eec31e1b66421054d59dd991d3	346ba6b35232d38a86689eb073406d01a5e5bcc6ec4138476d8bc7c3bf8f5017	acf4dbc34a042ee82d5f785be599f6f8f27911079eaed6c5822b9f702bf78e15	64	64
0b5e02d49d64ff87f9a1bc8f3ffdcf34dc5073bd89d824f06916371f418fe231	0a19b0e9a4264f18fdab18f70d1563f089363e273b2de7e2e2c8fc61821ab3c0	813a5d3e53e95e0fe65a5a618201521887f52975a53f5d77c9480df1e5b45258	64	64
0b61b667ba660cab7cd2578be9f6ac73c16a4fba0484445331baa6046eb758bb	d5dc793e16cb86b33b92490d1315ccf0671f4dc2d45ab4bfe39ee0a6109f3040	1645e099d3928226127eed54d001b242a4cb57465081f08efdd288ae050f9db1	64	64
0b63a5f7e47ba25eaaa944f5e3e0bd9fa613d17d25954dfc14e14962bb5ec10c	726a6128695b4dfe3c81f8098c99c6cef1d6f20c66e81b5044077fe547042d22	ca7b52d918630d495f5e550086f5e441bfd4ddedf06580be9af8f8921f0bacfc	32	32
0b7026e6490c4911b2a34d1ca5e124f812349c3a5110ea0aab43cd3f2f2a8ae7	4ca1533fd44b4d43e9a809547eea308cfbc6d8795ec6a798b76e28ced36874c1	1cc285860599d1cd9fb87aeabf6ded7599269d05faddd8d93bbb8a6bffa9d31d	64	64
0b80a7028ee855ec71d39b6402c066eb36d8da98d2e99c74d2c945a1bcca3a71	9869ca206bee3893be98cdbd53596de38731a66f7a890fb6e7080d8cf0ad0257	825868e6e730e8085b7eea0858d6d804469e4af9c34bce4deb49651154f57305	56	64
0b8ffdc63c99a037c262ced9704638d11790611b59d25b6da9f58cf8b7a4d933	f2981a5533b81f9a33a79a5b41ccdfcaa613aa2e39b05eb5f5cbebafb3163983	3c8cd3d621411cf0863fe9d9e1c8395010766ccc13231fca7ed5717e9d0d631d	64	64
0b935c2e89cb2223a20fa7d2a5fb2231a30d9fc0baa84caa977f79e3141f6c63	6005904d0787626279dee2a36daf548974343f804f0aa78e50484e2bafa9d6fb	0ddc5b388828e738f0c498a604ee45f817d394921f0a072ede7ef6374d6089bb	64	64
0b97b1d3e191472d011435c9c9011754cf1502447349649c19a94147334ed1c3	cd1eb089e3b5599a7e10a19d0d2ca9fc34a5b7964ea92504a41c0acde41da990	ba1e5f452e1b2a89f473001669319fb2a4ef33804b8dfaed85fe076fc53243c0	48	64
0b9abb080402c89dd762422ef6651c46f6486e27951036a5c59a0bb4d8776e02	e0d12aab0f907835e4560f75eb91a516921da79f52b3814ce50c2a9b78aeaa36	74fa9d7654ba0ca294c9e77788eeb484b39a207841d635873435dd85f9d59a4a	64	64
0ba43ec096f62c86b5939abbcfd587b6c074dedb36ce4f6dc623f72ce15105b6	76652453e74ca985dfdc2fbe1d6701d10ccc976aab69ed5f3e1daab5a17f541c	1bff54df705ff02b2674282a7eeddce9a7f2db92a4fb2d3febd6a2c72a6c71e7	64	64
0ba4fab513433ed80b23df80e3f59d2ab003ebc20de5af686900868a2affb608	a8a003fed18cec88bb4689d81db9d38d7b1aa2c6e1dccccfc9fa1f2a05dfc81c	97c8cfb9e65f4ab835824369192ed014729e4a488f145108a2d710bfbe0d4fdd	64	64
0ba593bc5a0a38e7bd4b8744d8ba5860e7f4f94378e60b8739b8d58e525750cd	a5c5c2f2b135543fb90e292971eb4d5b965ab960dbcf6198b8460b895499b174	de7b4e250ca4ecb90995ace6012601fd37048c7faf15b9a00b3799fd82671815	64	64
0bac365b7a21cff31d7ea9b751d616231dc7d9a9da755451fa72dd25714f4010	f83becd7a0faf6768de8d1cef14cbf22fd54ecc562142a427a889958240340b6	5848a9c73369a1978df13047e28783f34c3204e0e20b7af09576bbda07b75e7d	32	32
0bc3c0c78e330f812b65a845d23ade520a457cf909bee40c9660fbbaa00c6d34	1e12c936de390d87c9ae4b9511f53b31ab3102071957a2616029ca6ce5701dcf	cacdd5d3e2f94a2f244b92dbcb5176f10d26b1ac71bd2c58fa8f87ee46c00a9b	64	64
0bcb08cc04361c7002ee663d5596901f9836c0efeed9da960b2ae3aa8eeb7b28	4eabc3ed9450bf68dac8f2320d7d276055808e404e6e9f876afb0d183efebe05	862b75136167b32daf3cb893bd0e56f41be975ec30c91ffe8e7cd5df3da344a9	64	64
0bd65312bf125d6edc6c86bd8da084be73bb13fe73fab680fa3919993150c906	057180778b819246e0bd85b7e750f776104e48b7b4177ed96f40ce3b482a2ef4	e85cd5f7d1bc1a3d453ac2808943888e7201dbe4bcc96afbbdf6b53e016a4ac2	64	64
0bdc05f382e96db3073147718a6f4d6b39590c9a57785023672ae9290c012f22	187589a0ae86e3e18868b1b908203101acea2bcdbc0f6483efa672bb405441c8	519b4aa3a70f29dc2ca9639d38c1eafe8f7324ac08a37fdcdf226704b155dae2	64	64
0bf416c9c43da807a48898d1b1fb17e92b97044e9f4145867add865a10a8f5ad	96b7a79c58a72bf4e165f90633a24f8af804d8735707387f36361308a352125f	0fc1a61be11bbaa97b3decd8a5305cd1a4e5ffb8367fd1c577f14cc9d67e3e00	64	64
0c04901ab8e9b4b7cd34321fe94acf6a95847ac56a91ff7088201a7d5905d925	44a128544f1dded6ec4605406be707a2f2273c0c727b55ca0b6265d6b45f869d	6ec7946f4aacc818e883628d58ee3be8a2097cc773548212b3e8307e4bc369a1	24	40
0c17c262ec7b7e94aa00ffcb534105e760d4b42bff5ca2dc37721b85da671c18	a66b6e6d62c7e009821b115034232d352f5c1a4c4469298b80c9f592682f41ff	865b916a5d59139ece674ae71fa74794d21b635ac910b6744feeaccef6bd8203	64	64
0c24c87545b4a836b3aada53e235a0cbb9c95b95ac2424e33dc6f606ba0c8bcb	b0c3aa9157c3f4e2995eeb73ae2ca1a4fc53cd5da5399099f59d1da9f6b89700	7760e421d3d9378b8cb0e9c7ac3295f8a08aec5630e831703d570532eaf97b2f	32	32
0c3d76bb41ecad7f1641edfb3c0ff4d9b48ce1f97f68af343fc8c6f12632fe97	733e959b606379e5e84912c87021581236d0ed0184980a619ddca71657e6a68f	295a5a07d1f9a15392e8a153e904807d1e8f3dc50b204df92a3b2ca36c792522	64	32
0c3ee9a8d844af563d4b1c23e3a283c05dcc89d70656148abaed3b0be84cc53a	c0c553422cda2d4041891fdcc4713a8bbf53400a39b4cb3fe375f882eec6e125	a2b6edca8fe6c3f335ae6c55add8ab977d31afa87b73df11a4f700d6f87ea255	32	64
0c3f53cd999a7f89c9eaebed2602f306060c42873bcfcb1cd49c979b4842c867	34151e9d52fcb58ced117d3bf6b9ce6df61d1cd5b5dbf2cfc091ead1519d6f76	6ff3bf1f64bde0fa12c4dd350835fbdd25d8db4df9cdd5821425aeb49f142103	24	56
0c4c9a24c9337484e96ecc0f835f15d823384778b6f5bcdbdc938b9457af87cc	98372d6f7fd8c3989d08553524ce4dbe861d9f413cce07739901f1f950b07fd6	2f0cc5d1a1bf96d95c695d307706d05267979e58fe2f916573ed657bb8b094cf	32	32
0c586eb2a8b5e56e29e268ec3e6244570363857ac79f2f00eacc0a9d4722561f	b7f1bcee34199b6e85f4e7208be79d081d2dead8e4b8e51f06fedd1ea2568acb	ec8ccbce58552b35fbe31e09430c683f1b474dc54d5bb8894f3ae09793791a49	32	64
0c5af81d71a70d1ce0fa7c8ea53fe5721b474f05185d527e6041e2c928ecfe56	84fb7b05d5ae05cf3d3f2b68eff9dd47573d3de6d2dc307a67e889ba2ce2f017	1ac2b956e8dd268d4e6f865eef90b479a0c14f7e764b1189cce91a10e42a6c50	64	64
0c5bffb7ec28f50956d5f0ad60e1e102d84ccc82675cc9f1a1cec81f6391a885	367269e3bc6debaff7c3c8be731a4e3a477383810e84c4d1f22c3807f2ebfe01	c372ec3701b592e2c53476562170fb6f4ab4366814aff494dc0190ce5ab1b383	64	64
0c77d65be401f5cf899fc99a4045ab4fbc7095914888a8b94164579ea234930d	ff55ad3ec9a9c14be6993b7d6dbaa5b7e7c6a34ecb16e4103234e56640008e8d	344ec6a6b505586c3f8ec46f0d954f90b745822195f9a37526ce1d530eee3caa	64	64
0c8379fb029749b168c3e379f301f7a18a8639bbd671f5c94972ec1fbd2b1917	b1e604959a05139fd1f8d55003df4a098c891a1b59e5510f5005a192227eaf01	bf1646cee475e6c9a535a3b0947076a3d5f9b282a40f18a8f73a3e8a7da3b4d5	64	64
0c8ab404e7de58df402f1bc8643acd79b40aef0c944d3010f0bd9885da007896	a420743213d068a3b581b92650a1a23b90649464b76c664fa084d61657d484dd	0c7eea72de7f9b8b15b76b76c8fd35f8bcefefa3a73c31c5886df71cb62cca14	64	64
0c8e87c5521c4fbb5de864d0d4bc461ce56b4dc6f0ddb7049f337e75a1ec7af5	6ada633e956d7ce2140d344aea0ae865f9ab5efbccc7b0a3b9ab850e22d6f967	52bb2671f21d5a08ed8a24b4e270bb850ec9357afb0edc3907695eb5197ffbf7	32	32
0c9e220eb52ffd9b100d1ea9decb4be49d3f77bf7b0cca80fdbbcffb5f952dee	9bcf22e3739eab7c817914eb9cc9b1f7c4e52b8d049244e59a8237aa37a13e7d	86abf3f61c7ff1c10711a273b58c98d64a5590ee684732e47108d9eaef622f33	64	64
0ca8e3a92a5be8019ce3c1aea02c74ddc645f98bc72a6b8cd7dc6db777fd560f	aed9e9504247a5feb53184d0e395916a6b422f5caa8c2c734188b1f2f3989d54	ca03ac86a31ea320d6a0dfb73af5eae8dcf4cfc94a1e692cf349afdf69cce5c0	256	256
0cc762b7456fdb77c99b3c40670c524efcc76624354a8764cef6eda2007c8135	624f3fb73ff342f30c2a2092cba1c43914b54cb27efcd4502547fd4afd5a899d	e61ebb294c22f96f997f6dfbf66d3f760893c87f04a457e175a4b7fe8ffddf34	56	48
0ce094d6dd86a88d7d335bd6498c1c9172c1cb8e6c1fede1af845258b26b5e80	5ab592f1161f917ffa093467c9c8c2afa7ff9d65b1116a6208f1eaff1bdb4135	bb6a7a87bf90480923addadddf89faaa5e83dfaafb9a1f95fb4513dc1b66a628	64	64
0ce3ea61c2460247f778b324679f85d18c71438d673319526260cf91df79ad12	728d1cb9363f9eb95c56766085c9398284e340065541cd3c926f4ebd3b6945d4	63ceef6ea7d4f4d19f86f5a48d78e955460b32ff672ab41c3c2f97ff3fabad44	64	64
0ce6369491059aa974afba1999ea7cd247cd2fa8f7fc40830a3e6c1d04d33e60	337d3f26f8a515a08bc5578689f085924b632976db49a9364175d03ec4f39cfc	523a7f0492bf5210f3a5c51443d8b9174573149fc5f3608d0d87b8137027843f	64	64
0cf520e3ca5ffc2b88738bb5016120dbca652b61e0f2c3ccd15d7757169090a1	20990aa0c9fa395eb927a119faffb7cf2985d36eff0fedca13fd74445a78dfd5	29e09de105e582ab5b27b445bc3f0c2b20009a5c1466d2cda8335ab7fcec6810	64	64
0cfe96d6c2a7859dca3556ae23c7d609a7907a9ed98304043dade61c58cb31fc	f7538d5fbe00669114d67ea45e60e4d8efb7d2a610cb8a2ccc026dd8f003362c	37420c9d7c30e9d590fe3b0ba8b40aad2849c6cef6c0fd0eb95ecfe561d71c14	40	40
0d0505632b14f865bef5a9aa6222ec31697fd3a295ec13369009a95699770980	998e5b8b60e2fe83ab330681c2bd619f57b276aecdfe9defdaa9ac56af841292	ed6b9c9043c89d29a4e5d52fcd569d95f47f096c72e67440aa05048ffd45317d	64	64
0d070edd07dc57f9a1fe12b96d5ef45341a32cab0ddc700cea3fdfddddabac34	34090edc081e72358d03c702003fbaadadf7acfd68bc38c764e7eca020599166	b284f81426a3ded5b7b15ee2f943e33a4acbb86ae6cb9cb6c823aca083fe5a34	64	64
0d0775d3e8c28d49a9e1053ec64ebcb42b146802042a37a5a2c265e4fb19a892	465a43f74535c4665799b9ed8e26a620980f50962689b8715b61864326321f41	78ca3bd670f0e5779e38c029915a7475d018a05fc397996341225e1ca5ddef94	32	32
0d2ac3b8bec4c70fb369361f18863b53123fd5a7d2f92625be10711d85f7bc9e	d7b649e96d604785f2aa39618452ddd4b08982017dc1cac83e83b835e8a0f274	11c8a4d238ebd35ed88f152f6a551dc7b0b11d2223d46ae5bf9dfa6f5bd7d648	64	64
0d4600bf0a06011eccd54897cccff915c882bc971adc796100c5a96026c389af	bbfee16612151f4714580018a64b75ba552f2e61adbda532149f2487fbd2c93e	80f6829818c85cd0f6b361ca895509f03f219cae0201ba07dfe88aa9b31158cc	64	64
0d51362b808c1b67ca76c1191ff2288a97b8fd9efdebdc8e125e02d2cff93f9d	2a7fa96268494da1c939444925c58e08a4dd11d2894ab0c8abca28b804974d91	627d5ec6f82f3db95a762b7aa60184a5f78bda97c2b00682b693d14af77101c3	32	16
0d5587ef802478464abc601015026db5a24fa7f55a728db34b520bcdbbce84a1	4da998feecb5357780c2b059f20f95a7c98fbfbe0df21d546c377cfd8395011d	575f65a709218c9a850786addf775a87fd511602d484dbc534e41db491eb20fc	32	64
0d72f2126207f42d142c32f21021be1dae5a67a8c2228a4c4a98cf6e3892b9e6	e71e9abf4cb83a05f4ce938b20c5ad912e2c42b75dccca52c9fc7f4102743091	da5d4ab98e645ec4876d7298e6c5acfa5136d442b0c1105dd837fd7603fb83d7	64	64
0d761c8086201491a3dca2eb6529cb032797b5d0aedad250d052c5613922c7d6	5e9084638c58969aac326b3479274b935a9fd0e0609cccdc07c43dd5651cda58	92fe5cbdf46a624a81c1443bf438cce0236b01acf7bc0544240153205d8a15bd	64	64
0d7b26c1e2a4bbf5b0e00b24cf94b50751ca2f7be68a5d90fb4c78f5db549c97	4558dc03bf71c2bc1186020079f2249236cab525c4578e70c7cb62a58a83315b	b6b099f4622396eeb3e17fc4a7484a99ce1fe7a80ded1991bc0879132ab84268	64	64
0d8627808e6268c0ce615b491835aecec6a7a3bae2ecf08148e007886bb1b6f6	50bc6308eba10e853b9c34cc1a7f70aaa2eaf44145efb9210909cecf8a718ea4	149338e324a6f6552576aabbcfea36aae8bf814b73179c1ac42ad8f919a31654	256	256
0dba97b9db8f56d4c43a8c07cd5ad617928ed4eca40413fb6f52cedc6c238d87	3151fdf0c4178b16e02a1abd003bbb86cee6caec537da2d54377bd88dcd29f15	9042bf91dfae3ce87aa290445b8fb0d9babde1a5ec19d15daf79674cdd1d7f0d	128	48
0dbb6798ac3677e744f5310c37790cd436c9d5087f1e70896cce4bcbb38748c2	f0ed82470229bba7d6373782ac1ce233abab5816a3b36c9bffd07554f4767a88	89bda9099e43c1aa8f8de29a058ccdb123dec474cba440513ff95745d988b896	64	64
0dbbdbe1d72be1f9cf21655dba989227cb286160a81982878f2083f9a81967c2	c356a87e135a5524eb0ddeb4f176ba95b805863a9058eb7194b3d0fd6e5e1a9e	8004418573f6f1e4bfa821da73f714946fe74f92ee04c177c58a35c1ac490290	64	64
0de06f5e11fc36b0f4d3c122046f56f8069f15eb40b4aab782a205c48a2d5e50	ea26d38f233c3e122b9dc493bb912c3c33d32877de917f475cdf5ce6aee045dd	97209d1dbe069422318807283aa7a5e4d848d80c8c83f866277c2f7850bf6fad	64	64
0dfb6f38e0adab1caa378f44b3bd9e0dc4568a05e01a8de7d5ffa98403bed264	55e1900674b2a74859aa717a5362897614d241b490281527869355d6e473ad75	b1b0c10cbdfaaa7c83573c7465ddc1abb65d6d09de75e29271d85f66b354aaf8	64	64
0dfcac1cea83053ed534297a300b0ca54ebb4d37ab0eab7ba96ddc7b01bbea0c	82d9f21afcb9c2d64d9f523328109e0455e82d168e6cfbeb41c5130400749a2b	cdfcddbfd6b6ad8550f18a153a92b7466ecde5f5b5ba43efde3f7ca161fde03c	64	64
0dff311e423e1ac17bd34fb85975dd66e30f6de09b47d0ef8ec57b80238fa0f9	9387c48723940a8833de05d704f1d759b8d1e7c5ca5fff5b510d50cf78f49bb5	e914817e01c06faf290ee2a44e99bde1deb1446c309ce44da38b17fd8375d459	64	64
0e08adaed4de7af0a8e0f3f9f0a1a3ac78ae62b4404a67f9c190bf59b5887298	2e9d2293c36798c71e8ae30ac6dacfecbbdf43ba1bbcd4f0d83084daab6e5b4d	7e2e748972c032f671ba25f0cbe77463cac180dd6b49124531ad49718993a41d	32	64
0e2a4d7f9f0307cb0414f359dd80ce6fd1ea15a8e62c63ef3f5f4de762990457	8d4f0b6cc26b10506e8e5e9918feb954fcf6cbad6e382e8f258612a7df54ca26	4c7f2afa3aca6f05e5865ba40af68105edd573bd734c2f33a7754081cf568a46	64	64
0e3733660e4480ef6dd62841ca580b65d6f7f4b70a7eb7c1ef65c6afa7c41a94	78ec240880193b2abbb1796d5e0678edf5e2ea8c6879209514e5b3393653e873	59eb32fe5181903bf8d91043ad3950382871d79c54f01ab1233519ff805b8c2b	32	32
0e4e38dc800136a7d31b56c7050367b3968e49d90c954eed2b84e1b410397464	3a73e1140cffdb008189cf5c100373ba5c0f2b9d209766457b9a162ae7e78a6f	d17b1b711e4c4b6a30eb09fe81611d79d14f1dcc2abb81571b5561b459c43773	32	32
0e5b2079fc9624ababb2ecf126b72e5683b5497b26703cae20f4db738f7dc3a3	6da443bb8c54547c2910b3b7ee2d5c6938a926c199cbba748e90d603dad9a5a1	03db543a14a4f5e7bff5a702c816f0098d66bb91f403c74f29b2b4f0f4c4a535	64	64
0e6a75d541ea5bf494c340bd96e1f8e3f5fa9fb2f4cdac3d4643421845b25158	5a6047dfb2309e51e986a49d04c4c4e63cf083ac7209070e8194e679e20c5d03	6ef67d2020148d9794132bcef1817dc1857afa8c803419ed2bbe58f502ccd8f2	64	64
0e9cff10c4871a6b05f2ab8a0b9508ef9e5d96f20e1e4c68e9ee29ba6998df8d	54651acffbecbeb8fbe341b4db768e18416498da49384dbcac837335c90f96b4	30304185a9977392e09d6113f376f0914eba7bde4d85dddb1756481f62daceea	40	32
0eaa4f4decf6f74ac6f0b51c523fd51818b2d806d24ea11d199ff91526c584b0	104fe514753dfae9cfd059536e5ba2cce8f1fce1670dbeec8e12b3269ed6798b	7baefd6e68db9bbb4d88553068140442bf427065f101e08525f60d752850073f	8	16
0eb0e1bfd8d60de33f3e2929a059c9abd415d26abfda8c8fa59330bd4dd07520	e9e0a3297b045c9d248f4bccd45ef4ddc6a24ce157f349ff465177775efe28c4	de721bef72009af7f77beed1d882aa7c7753d95a52a57bcd9740c43b587fb1e5	32	32
0eb829fc247cd67e3dbfcc5dc6f8da9a26a8a7b8749f5847fb9ad35b4862582e	8e9f8857820104f366aba0b1a8ff6095f0d7d6fb5d8c3d6a8060461e261282a4	3c79a22be3fa474183c26afdbd3fc249b064a1042859e768258dc145127ea62f	32	64
0ec0b032dc859cb7400e4f56ad449e7cd5be4f1d09882deb9f4c2c5e945f7512	61e2b705ad8081af8dfd948c35de70a7e0ccbd58779cec0a6ff27f986859f0bf	aafe4904a542d6e966bafe428100787cc3c88846ccfc92f4dc53fd451df9c02a	32	64
0ec1a1cdcca8f371e6da0ddc040dbbc41c57f71e497dbc5ba3a9195453450ba6	b5311d924b67207c75ba1825859c09a7b152453563b5870791ddc74db4e52955	acf548744b89fc028affe4fe678220433c8731f9eff0d741012d6f1391f8786a	64	64
0ecba8e94ce3d0dc8497c878cd2fc6ff8fa98bd704553bbd5a29867e27a42cdf	3e0192cca7d3549addf95cbeed664d022d6f79a5fa0f5c6147c02c93db1790c5	0b64743ce058e1d609d89636d5eef076246c0b064024da863dade88a4a794e26	64	64
0ed3a29d296e9f5b34cab4069452f7a77c58300a097eb496572794ce7ebf3132	62c263e0dbe713e17b80438272890737ba7315475531a42b94ee9ff72e0f2287	8a6fdcc85431052163fa35ded5323ffc789b7a365ec79b84e0127d483fc01358	64	64
0ed5a6720df96a6f986db7013f70da85322ee3f420a0acd3fcd7bcad92ad263e	cbfccdc33412e805ba112684cea4f39b9fb244bc484c7930d2f3c61fb01c417a	79c8319d42b3a57461a5dccc03b437f040064f7b1dab539b769e4a3656144b1a	64	64
0ede24e515c49644dfc6580d515fa472f441cfd2dafee1288a13e44a94095686	67fc6bc19c770a89bee748a113aa1adac6ae33515a363ae056747cbde9ba3552	4993e6afc1cd4a683d1b75f5348308da3815b401c64778bdebeeb800b7461eed	64	64
0f06f661d37b1426d583f07fbedff2a266d08dd2e01d558b50ac0c48bcd810f7	af57dd4b5acf50118d280062349fdd18c39bcbf8433c071f6d3036028f6e51d6	e1ce267c0cd6ebff00a1f3cb993e4dc1cb6c250000c5c623709da15db46b624a	64	64
0f0bff35fd03e59f2d7221b0679298de1de31b1884091edc4cd1b83a5e5dd3bf	f7c539ccf27bf26f981ced80bc55eaed78ddf84be8dbcc568988cd02ffb10caf	474815b5d25fcadf0cbd9d55a9e75d4d0dc3de1b909429d263da6f2e3cbe889e	64	64
0f11050884496e13c24d4629c13a8c0e71685c9bcf569bab5aa0fd7c3b762d6b	8b539bde44472d08e6c36bf35485d3d0bc87ede20b142e597feb5d3e4d1b4261	3b7de82c07c424339b91bc1b93111e6811bcee1114ff7cb193376cb79cefec6b	64	64
0f2ffe5a4ff54b3e03212c1a1a154b2daf619e28551adfd4b961fdce334b920e	160b024380f1dc56838680d82f33eb2195b75bde4c386531f94f9346ab24c221	20a86baf5432813003cb80c28de16ee90949e853c7442a083c3f424a89876868	64	64
0f3334e82eee5bfdf46d6ece2ecb3ad835dec0b71d4aa2770aedbbcf8a4f9361	111f93c72ec9657e6815060b310d5bf25389d23d358d8f0f4562e60b1bab96ed	0377235d94bed46fe10696cb8fb8004b723082449b87267bf34e103acee02f86	256	256
0f3ae5dba8f013aa2a7ff1c8be4f407bdc14d485d5c1917a0bcd121c101d01e7	ec7d692ffa062905cd9be579aa56265dce7271295f878d25953d52c10d2b5245	077fb7b74ed09dc808c3b5aa5ebe0bcd79e2aa2e55d7e00a5c0923ea5c495a49	64	56
0f4b1950764ed23949ea63161f20e1e4af569f6c0853448662837bc624785177	2b3f446eacebba9d1b94e9de51dd65becf4f44559a24bc224f8b36a6e5b4f523	b5f70569ea0c2bb5ccb890cd765adfd94363834d70da907096cb7dfa3aaae75b	64	64
0f511d47941762bb3471eec9fe03e682ae9b6297c326bb5eee4365b16e35d736	45f18a406f6ba444b4c2412b870eed5961b4bc999c09f1c7d38289719fd2e7d2	f17354971743884405bff2487c3ee248f92ebcd4811b8c65a5d6cceba2b4dd00	64	64
0f5b7aa3f855a6c41bd9d5c66139489b42fbcd3e3291d16f0232c82350868098	8add65133a45965815c0655a71134511d7cdf5294422b4e18f7aad0897aa9241	7fb85796089a4166aa0487d99a2e1024f41957e9320f763014e7c78ae7bd33c2	64	64
0f5c477e8fd24264ceebb656f0ed0e893004e7e8bea283a0fc40ae8b51e9b2e4	2780dcec0df57dfad832809249c90355df036046c0ecb55eea9415a50ddc3626	6852f07b48786ecbcf90a42a607dce5272657d8e48a8b5c8350b0da3082db295	32	64
0f628b3fb8717e7c9a60fa144bbb71ab601d735d7fa391dad7f0fe481c60dee7	07138e8c11d19fd9a0fcb5593025db2035200e6bf61577b84bc683408001d6f4	8f20d514d2dbb2cd39a0b595e704f66ac54061353110140fc3fe3651a1c84250	64	64
0f6b2340d5be517ef0d3317ec613696032daf5d11a1ca1b3a201411962974733	3da28a3a6e78400af2a204047c2a285b423cbb94fe1c60684ab185473b4f2728	0f64ffcc75d1a7b38de8fe1b0175144a6b8f3b6e3fd6e46639e82d8dad4e5a53	64	64
0f800d09b01408a601a9c21bda7969f51f1e893347d9e6b2510ff52a9da242b8	07138e8c11d19fd9a0fcb5593025db2035200e6bf61577b84bc683408001d6f4	8f20d514d2dbb2cd39a0b595e704f66ac54061353110140fc3fe3651a1c84250	64	64
0f90b08a101adb1bcb8839c1dd67ec911f60369cfb39bf25f3c08d539ae59059	392ba539605354d5c52fbf5f2698f7cc4d5190cce092a3dd6bf5c721232a98b0	c5bcf8146b1c347fd1ea8665decef320ae8aa3b2716cea570738275db181be0c	64	64
0f91a5c57fc2dfd3fc5cacf9bc046ca5a0f01f9f8c3e489299a3e3722dbe6817	d1e370287b092f24b35b34cf218c21607ae4975da813a5c59da83779aef46fb3	1dbcac3905a8c676d5a8aab0b5cf63349ff42d33b43909e5b3c5efffecea4e1e	64	64
0f928a03fb06cd0b7e4a9cf8f46219d7d17a537fb755bbac385d157b15656df6	4ab62006d4d0633d38b5e10cf166a360bb3ca497ddf78d5909f288e3c05db7a5	65e2813a009b854a85f698d64267c25128dadf3e4adcb856a633a50053cc01c8	64	64
0fc0f035b5b3ada472bd95d4de54c0b64fa2a41dd9c9c2a67ceb7bac41d8ace2	c09bbfeb01181ab1fc5ccd8445fbf3160b90f1d99dd90c47bb774445478735ed	bcf86b6f113bab4d0445590fc972a9f980c720c2f2c87fadb6c830908328705a	64	64
0fcd13e37d246e1df1ca449ac3737671805065ca6434f91cf51dc4ad5a2e28eb	4158f2a4a700facebcf64a92be8ee29ab0d6a133b2ffb623db2db08ae6b70a75	c0dfbcedaba936984ec1f5ac5c4c0c11416ecd77143368fea90c5f59ee5ec7ac	32	64
0fd57764fbb1617c4df210e3bd0da53cedc51eb77fdac24e3f8cc94e362955eb	72693f2a2441bfc24ce860413222402a7d22ac1f3ebad5b48fdd96bb25596ac3	d0f8e136602dfd80e2a4979b289562545572b63300b398ce83d32764e7e2440f	64	64
0fdff1c2fc26d8eef0254e6a31474daa800f348865512080368ddfbcab4af6a9	eb68ec8bd48f2ec031b263a47a9e3594515c8c33dae66e9e3068a4ea2f41cce6	00dd07dd827147b0e43527aa10e2f6f095efbb0e8d775076e64a2f9ba6eccda7	64	64
0feec1af44bf16a655dc03bc531f77f684ae63d7d0d6e5dfcc7780131a05420d	c2331c960c3ec30d55ada9eace441876715cbf48a8493c365865f5c885dba016	e423b6fd6a09b05cce8411781db7f16012751f99b319b82def9dd82cdbe25119	48	64
0ffbedb23afe169b92b667b4d55c68d60e7e24bd0c84a45b390f7d93b4062ac2	7c4f926b6f3b7f11d4118b18987554ae379bab8c00e526091556303812db3e18	e5ec7d6d85c89dce3f966f7b974acbad6367cda6df6e00b257505dcc57b7a813	32	32
0ffd41035e8dc5e1fa11def45bd64dc87454d7d8a010fbee9421c9d14d9ed7d4	0d9074e56eeaef7c42d8afede9791f06f9a1799122dc43faf2410549dbb8aa24	d086ca016a6dff8fec5304ad1b8306b3ba4f8bb0f46683c826e2a58561c3a4cc	32	64
0fffbf2004392a628004644d8d81e5850b49dd191cf1e05c7cba3728f1a81534	1849649a8f3f8c1c6667a28bb377dd091abd2b817d70d33a1144ef27e681100f	c0da1ab1f2ebd05694b313858f51f0cb1d03399f1917463210d2ae1d5747670f	32	32
100c1e66225919366b82f05641c24c9e073f9aed9c6693acb3d65e521e8e59b1	ae8bd74bf63e65e87fd831f420e6160945d9763bf60513c6bb0012e22c7ab567	f157d24b9d901ab779c7170a0e7f5ca9dda52ce07e3702cc903926f724373d8a	32	32
101b8408299ec3768f3bc5dd3285fd035f3df5a0545236b907d5df0f43c303cd	f579fcc3a317e2f0735d609c9d7b1f1be1ccf674d9186c8c43cd9408ccb88a3e	9a37d6ba19b8d9bae79d1783be2e4ab0d52fa59a3026df31a6dc57fe7b8d7172	64	64
101bab7e52dcadcc613497778a34c5475de2dd6f0695787be6023cebdcf2851d	2c7def318549405843bf415ce7aef4ea1a1567d3deb6b9d47d71d11643538bb8	f24069c86c0d5ffdbf0d7644db71fe7add716cdd7d788e9c2b5b6cbf5423f8a0	60	60
101c537bf99b2ab59266ac832c78894c346a9e2b97e521fa52b3d4f6ad52a08e	10aa926a52d391c3b6611f7c38237420cd2dc812c8c6cb43cf0ee6390336140e	58a04f02bbd8b662bc5c0cb76daec03874b2398e50b0351b479684330df5e1e8	32	32
1022142f42ed46a60b6b476c4155ab64e20a028885c79f2e322b2ce2e71023d1	b287c16b5d9471066866e2b640b00da8b5caf19fe1bd2f6a505a91db15f253c0	a72188c2669c9889452d60eeed5070915e7ca0d8ad547cb605c69e0887cb7db2	64	64
10228d7d8526e9a7db3a8bae8ed9475289690065b67ea333cc87a290517e0ef8	f1afea0d80d94a0362a6c924f59789f9c01c265b732c52989c38e1114440a2cc	9b7053f13cc3f17b7cf9e493860c8ea9bcdc06f47d95f33e479f81c70a91c690	64	32
1022f64f4e9acabaff93c7ef673f2ae322bf8b4e2651e9e68be74a9f34c8ba24	02c194bc3f94e2f03a9bc8ac397d564be1b50330930f9376a00860d0c032bcb9	eb841826e353c34eefd51510201c73f293ca6548c636f9a6f88b2f25a8d99669	64	64
105bdaf7477e1b873e852565e4effa8ed7b2d86cbb9ee87e1dd44ab1c25adf09	6e1d6f0f7b9c9ea4af693284c8e7bd70a13fc1df24fa3837cbab9c03120563b6	9fa6c3326a4c5debd7dea4b219ccc87115cd09d8478c9d8c413046cfe28fbcd6	32	32
106bcf9170534ef4b08ef9cdbab524cd5e045a35cc099373e715d29cfce4ef6b	fe09d93135a0cdfb540a73ed6bb6a285cc106843265e05a86b2f8dc4abc3b85d	e1f83f50daf6a5e86f3a4a0e6505b3de28abfc1730aebdca51b5417c5c734f49	64	64
10815737ebc2b56d5f8bdf93cc88051701765078a5c0b13324a06591b18bb5b3	474a7e7356ca34a6c454e19bf190b8b7dd174b881663259de1e87fa9056deb16	704f5a90d71a63e4b156dc3112d0e0a8c6b4b520c6baefbfee8aa9facd873a0b	64	64
108ea964818acb52b2cf1e7e0d3a5aefbde91a51860793346878358564611e8a	461c0bf48b2764ddef7581b85abca8fa1ca8fc0758acd5ff5c52b1a08542352f	454b0904da9205799ce755253333f717c1458daf23d6a2a9f704a2ad62899d46	64	64
109537103dfa278ad8711162e945a1bc1face7558dd2992e473574250d1543db	1b116b5a2d481776aeb916a9cb21d9ad22464a64a40d80ab9fbdd8fce6b87adb	e9f3f509362a7bae91313cabf64a5f439f14f996b0dcb27e65f444351cd292d3	64	64
10a5564169f46e8c02c07944758b243ff277e039127701b7f6c4de9b60ab8936	c0c39f74a7358ee6049f9cf5224cf68d6657819c3d975eb1b2a450096f69e616	7a016423feb3724983cea5361543ca661238580c49c422dcdf9a0bb417575e55	32	32
10a8ae33feecc7f64f47612b5efcd99b21996dcd40560e656d772f0557e8c3f5	9db65640b2b707957daeadb04c2abf106ae2d5fd275e875d55ca1451ab053ff4	602f1c531fc1a4f8aa86cd04c752d944824f0b3474331dc2fb04dad77bd7c373	64	64
10a8d8f7c416b2cc1003923303b3c4eecaf5b5ba8e13265cc7007fd146945c8a	65780330d01fbcac5c6ce0ff1fdce08f6c06031a9e26e85d7d1f0464cf66ae92	6ef1606868048463d6dac7f21f7066977bcdb7106daa89b7fb7e07c35fefff08	32	64
10b2fd438b76c4f55e6ee8eb8d49ba148ade359690af738b5a103c66e664e529	6b750ce779fa0bc4d40f79aab1be3026781d41263e4dfdb9683a74fabbe85af4	ed22c5b53d9c203c356356df093d546977e757de67e72d9115a60122d92bc269	64	64
10c60499f17ab71a0d140ada3e06dfd8092fd3ce090a77fa038682fd3a4efe94	4558dc03bf71c2bc1186020079f2249236cab525c4578e70c7cb62a58a83315b	b6b099f4622396eeb3e17fc4a7484a99ce1fe7a80ded1991bc0879132ab84268	64	64
10c73d2be143940ff6e2209b49b3e73cdc576246452c4aa8ae6fc23f28c19580	a1a60c9823e0b6c37ba20430d35fa7cd338141622064be6f7072d8b479d7e35d	257e4c3841b6f34d9f9b6e288f537775b9cd237343bf6474bfaa459f067de652	32	48
10cb69c76a70ae2ebd33904bebd69a2d74ad9e32700ddc3ea7b7a3c3e3beab48	1a7e42f095ef7061e5ffa3a34ac7cd3da03320a42d8164e26d8dbcc5df7af55c	44883fde26d9611287d426316697db6332deaa4b8b8a5d393cdbbd96c35fbf00	64	48
10e57c9270a4341dbbdc78bc324fdfd19c646e85ea8ecf5c6e44cf1765d54a6c	ac62f0b82bb7de3dda41bc510296a0ef942449f95bd8058d12ba0c8e3217e851	b6d2e455844812fc3a471c0d7fcc7d795183d43ea0c8d28a47ad205fd110512e	32	32
10ec0630279e36c5b1a45b9cc388f4b41520b77a1b98e2636afcba2d66df477d	bc0b23a5529f2cb006d860259dddac731c05e8dae87e6a378d24fd90a3e48beb	b88cb66afaded454e02f44a1f3636abfc275d6afacddea0ac1d7d0983d1e4702	32	16
10f74be671e2709de3bee37cce7c5342c75d665e50c3fd64793242ed0bee11a2	46ba4c2d1e94010129435ea4e7ac907f081dea4f119c145d3e0034dcd7cb14e5	84172ff8d918e357d6de31f9bd64df60848c02db206f489e2b466c2cc459989d	64	64
10f76d03cfcd004219424b4420658b0ba36f06b796b301addd79a52ca07856d9	2780dcec0df57dfad832809249c90355df036046c0ecb55eea9415a50ddc3626	6852f07b48786ecbcf90a42a607dce5272657d8e48a8b5c8350b0da3082db295	32	64
10fbf503864713c2bcbcb04924fe2b9e178c492671976c4750aafacb1990c4aa	f22bbb402474148869881264cdb3eddc32be8306ffb06ea744c11edc5c53f968	64ad5383c20e7b646aba90ea0f45fe3707745314704d5e9f67b2e189c2b0f419	32	32
10fceeee16e441135f76f47c85a4f86bb07a77d6c69f2e1d756b68c895572ad4	dcc9db7947d372bd05de25406dae94e447e85d8e866133decb1863b2cc2ffd22	268a1f09dc9f44421e088d38b443358c364f3c245e239d8ca4748380dc827e95	64	64
110988909206954c7a4d3527759b6b7b3efab40b9314b3cbd2b2e2d3356631f2	f2981a5533b81f9a33a79a5b41ccdfcaa613aa2e39b05eb5f5cbebafb3163983	3c8cd3d621411cf0863fe9d9e1c8395010766ccc13231fca7ed5717e9d0d631d	64	64
110d243c9cc8ce67e8a344f4773d038b3478919ad00c420cec173d970908c42f	10284f56e22e7b11254bab79b3ccd20bf7b9ad84369f4f70c7665ddd7a181f20	71233d25a0b62bdae5faf41261d5918f99d03a32567fc8f77c34c86e1c19be35	64	64
1111ba295bf14ac6c106de9581e0e085bfd4e45b0e453c2ac2a5e9e51f6d77dd	33bf0152e2ecb0e3cd178b9303d92c33e56d265d5cc73585641acbf289d7f4f4	1645e099d3928226127eed54d001b242a4cb57465081f08efdd288ae050f9db1	64	64
1119c573cb6b2a052a5b54ad6b48e977951a211f2822feb7a1134efb573a228a	beb1aa183c78f0f5577e499b69bbe7aff8df9451888aa438048d68e2826c8714	4ae2b1adc1932558a946104ef81ce792283a208666e5afd67a1f58a607f5aba9	64	64
111ce4ca0cd219696a40be7ac49e42f966d5e51549d3fef5e33fac9461f4e2cb	0a5fae3ddc4d50de80b76220536a352f42573e52e8b4f840c02412064832106e	c735e203dedbd2802c83c8e3742ab05b388c2ddc4636055b5ce3210a6cdf80a1	64	64
111e36549af67865b9b0577776bfe1788da86d245b3eb2c5b74d0b7094a46867	e4370227693ba2853f363e798a779956241374b407cd56052768bda418f935f4	0b6baed0f65e1d02690f652858f5ee4cc439c33a5b2562791cee3bb23076e676	64	64
112269489ecb82627ac2bb64a2d75711f4c3fec7bdba72e861b0dc496fe567e0	cd8ad5b64af277913e3597bd7f5d1d02e30ac565ef081e8e0b03d39bb074eb73	5883ec0977b0189bd0d4b43eda712bff4ca0d4c31741bffa7ff78ee17c54199d	64	64
1155cabf5dc97cbf2fe423ffeb21a0bbf9f683af720e2ac276bca54966bc606f	546b09b4ff89bcd17b7ff59d36c9367569ad09e91d335f1d693a69f1018972c3	9df8c3133c5533dbc56bbecda906163d6e0879aee19968992daa4f1f3077cfed	64	64
115a3d99eb1a767bd90f5167fd66e9f78f1885d410d480ba3fd0b3ff994390e6	d595c1355e217607dc9c7268e10e9ca855c39ec0df5171fba7b1deac31945357	4908158975a3356801f1974199cb3fb0e82fa50008fc01074ae697264d8e40df	256	256
115a7feeada80566af4c2b564920d02836b175396191940e71222e93fbe63d34	36d921b44ca4f5fd88d372aa8b1f60bda408944b0851d39566c2bdfc5ffeb5d0	84ea5d428c3afcc80cca2ef8867bef10c53a7417c7a07670bf931158cd95b3ea	64	64
11715e15f702456469b4f8d604314549d1f2ad168ee629149c153e721cf11746	9eae3f6c09a2bb8b2d65d51703b2363138037ba1282a4d4d6f9d6e1e6a58fef0	0e4e9d99fc38db581c7e6e06546709c81b899fff44a238df3e67f71fbf6ec3e1	32	32
1177cdf37f0dfa52b640267ecfe1efacaea7a479e232d39e2d071f18b3646217	6c5e17918ad256cb3e23d576881d4fb5ff7dd8e2b860c08d617dbd5367836a25	4757840cf54d2d984f6f0a195965c3c87bf0c894def89a2d88b67e88a0b1f55d	64	64
1195c7cc945e3244ad4dcbe595175747dfd0a3bcc0f2af1a618a306342d6b1d3	8d4f0b6cc26b10506e8e5e9918feb954fcf6cbad6e382e8f258612a7df54ca26	4c7f2afa3aca6f05e5865ba40af68105edd573bd734c2f33a7754081cf568a46	64	64
11a146176586814f1198ed4e5215d882f9b6c89a6ab031e507991aac5424ddb2	1d08039295dbac3d53c83069b313ef15224b25580ae7b95b53dacfe9d040076d	e1f97936fd54327c4e4ff45f0866415eeb1656cba5791d7c6b4f975ff0f33df9	32	32
11a8267045889648d81122578278b979744c211bfd1496880d8289a0ec424b74	c1e2745e386fb9749cd717523bebf5dd9c35ae9131d4219c23cec5a2d553d28e	29d2f85e5938e5c4c9da2efae9db8eafb5501137994c4113754145812d7d4d28	64	64
11b247239960815ab693ddd5230d77f8258a1197dce8802fa797799830a394c5	c73a7ca5b269064706329af036cf5883cf688767adef5dcbbed7a4f65a1ed497	90c8ad86a7ca39407bbef301c60b441a39a4d1a12d9af22038e8bc58c50ca7a9	64	64
11b3313305c544b2c23e3acd2daf047033c446d1b289ddf799feda75f282876b	363d70047fd9297db01b170ee9f2e79b803a9f0f6d5e1b999797a7a6f4232948	05be916f345bb0d264954ab42ef6007d0ce07bc0947aba39313017be4e707c31	64	64
11dcdcb376c0f14c17d34c43f4b875603fb5ee46ce65369a71e62dae27196a9d	b3e78704a88224ac7d8fdfdc5e1d1d894aee56a2dab462eeffafe3c2ecb32688	d8f7f122640bb9306e9b106abbd7beb63d418759fff1324fb1433ba52241abce	32	32
11dd36e01275c0e040f5b3ab4e9d3fd2c1a360425d323449ee99156a9c5524f1	0952ae6a008767758dabd97292ffbc9399e8960fba950519366ce714031d771d	338f927c3ec0ef7490ea3203a2be95aa42e71ec96fd42d326896469f42c56d72	64	64
11ddc32c71ef694bae9ffdf81356c9953b05de18a24d5b3b97ceb8493caa0b90	0910376382a71cbd163efe4ffda1ba4962f913cb5b91583a31e4c35eae23cfc9	9ba9eec4c3d6519389e090573aa6d7c8b0270745751972d577008ddbf9ce9d1a	64	64
11df0e4143abdffe965db06e348a4ed752416df1621d10d16e66241338fc0a2d	87a76d7e94867d7ace49814251f53f0f42fe3f7d98c41a4fe68b2adc9bff55f0	dcbd4a22c05dcf0d35398f5760b96441021c57ea781cc55a44bc2a595b6522f7	64	64
11e2923c665cc761b5e49f7ecb8b0b983b493c7b1c98396f55fb6ae8418ca4a9	8add65133a45965815c0655a71134511d7cdf5294422b4e18f7aad0897aa9241	7fb85796089a4166aa0487d99a2e1024f41957e9320f763014e7c78ae7bd33c2	64	64
11e51774d24eedfd633e02df853a7dadb2148fecdafe855ab39d15295cc24016	e42c61b4ba1bb089359349bd29dbf508ea21a5a14f4ac31ac389d9be3a8a1df1	aa644fc5941f7a913362f302c3322e8dcd3c19a5c1e01619281ac6e86ff5130a	64	64
11ec7e892189cc0e4b9dd344f593d1b738c89fa3c5188ecb3b44d878cc94082c	0537f6e059ac8520523db9c3f217f6423dd0099f0cd2b52d2fc4fd765c59a03a	442569a4ba9c1f4ce5bb8ce0c2715ce136a6fcccd164fb9768fb09e8220509bc	64	64
1201a2cf6021161201615f79deac787435698777fee15272346e31a566ef1610	d44cd347462e8eb81e3235bde2e571908aab1559c66311ce3930c154b5deb339	bebe6802bec560f0ad675fb4a66c90b76f44583bbb27ca0927696f0af7b30368	64	64
1208887d2e717febd511ecc8b90f3432875dfec02bb179401b1813a977603735	7bc38470e438313c823e768a76625650f5dbb9529811cba627d986d337df3d25	e2db022f98c7839815fdddd9bdbb9dd7c56046cc7ffaae042bd24191230f1c05	64	64
120c9ab885258a337fd65625b1676393b190e86ef7cdb8a98f177897c575d0cb	178600b1bb680073b7d1e96ae114467e04e6b7d1e714eccb0ef670bab1e22f76	9fa05274f00b11206cd26cac3f98999b93b46d442bdee1b60cea004a841ce0c1	64	64
1216d442be49e259616b83251d5bb2f34b3a342d55f4219765377e23748f79ef	a7e50532a9cc9ef4e715cafee00362fc589df00eaf324e576893e81f33364f3a	d6abe33f5e6ce31462aa2ba8f0d3b263da07d18f9e2c9ff94e4b3418cfa408c4	64	64
121f637bf124391c8c143fdee66df19cc771e74c82613123d4d2f5870c842805	d6043a08986d062d2a64370d1ee2300288bbb9b6e438e6a8989d4267c77ad07b	d43beb60e4f9e5459e959860b8fb4bd650c5751d09109188308c7c0b7b932574	64	64
1231b5971d6d0a22789e39c03d451e21bb19100ea63888c1b072331514699c75	7f7034ecf28b26b245c48afa922112aeba76abe4b86e12d03efb2ffe1fe62a65	df2dc61903ba2e0b50cfee08333294dd8140650c8aaa6c975d7ccc300c71680c	32	32
1231bf857cc9cb3f11cb52ccfb1a2d256942f756d253ef853f41ef1699cbda07	b55ddbfd4e8e4b4f097a912d8af0f8ba2c452d19246b8598c6f880670b0a87f8	7d01986d3c8c20614cf2890db2683f6b582b920fcc14c8bdfad179262cc348c3	256	256
1238116af130613ebeaf1d54abcf3961e0dff5d6bcae77c7ac9218edaceeb121	9c94ab481244ff3400b98a36aec77b8f8d9429de2e32513b55e72d39b5595da7	cd7431abb211be398b78fccded3770604b7f2f4753d54b347459209649bd5c70	64	64
123d32e454ff519577fb82b44a3107ca54ffcd02436f1d23db82e2e38c670807	5d9bbdea3e36163bb34f2041c8c38b6dcd5d4277eb99ba54445a4fbce1d8fd26	e21b1afe246214cf9cbc46111a1e80e8c9e843c4f83ffa382bf367b226e8ca3f	64	64
124d4b482999fdf93b17e5053520d75bbea36194851cf229b05edd16207c4e75	56fa7ea6709102c5f2698d125b56fa7191f5191398bdf5f9813799b562676724	8a06adeb10e28b0c5beb3a5b1f8ccafc05c8da4ed38a46a81d21e32edeabec7e	32	32
124e152261598bd4443e3b27120a1d652099b74a69b42cb2b00e29fb5b6ab03d	7652fe61a17e77e3f61eb8a90eb0b33dc351aff28efd6d076ff175cc0e2d069d	2c523adaae0bc385f34413ce81af49ebbe3699804275d427f40c0299f03a9854	64	64
1256e5c6f630808381006f9d1f1bfbc6e1b2e81922045cc481ecc66042394ea6	e670d44e72c30e9e625d5df8f2800c88db6d438005651bf46cc62f9c866b932e	2c9482dfed8ac381720238140443f7ccc74dee625bab3af9e96bd0d6ebf2abb6	64	24
126c72f53b78c1a639c725e424de6409d62e62001383f457e056646e1bc86b33	cc9a10e00bded984388f0b2082ef375b63b6355116b60f2a00abbbd17bc94ea8	2e6942e609be85e65a89a7befb2b764c1ed509e939d2d5bfca38e6f99f0b52e7	64	64
12702feafcd9b9b9ef0abb04b59d5f01b3ef5722862738d72abdfe259c7cb473	46ba4c2d1e94010129435ea4e7ac907f081dea4f119c145d3e0034dcd7cb14e5	84172ff8d918e357d6de31f9bd64df60848c02db206f489e2b466c2cc459989d	64	64
1273b867ae0f95b861a8a32c9e19fb7790cb2a773f36881b51b2fdb2a433db3b	9db65640b2b707957daeadb04c2abf106ae2d5fd275e875d55ca1451ab053ff4	602f1c531fc1a4f8aa86cd04c752d944824f0b3474331dc2fb04dad77bd7c373	64	64
127db90123f15fb4ac58fecca6104f2565ab111da13c3e4dca8507504feee8c1	6d275e094488d1e7d6d25564bab567c7fd85e56222f2f7114c2b900cafc0d022	9f8339d956873097a0dc5867fb656df12ae4dad7c8f590ed08d7f666fc277964	32	16
128cdb7d2549570907b225d888db45f7d29d039a1dba16e83eb7b0dd24584248	e71e9abf4cb83a05f4ce938b20c5ad912e2c42b75dccca52c9fc7f4102743091	da5d4ab98e645ec4876d7298e6c5acfa5136d442b0c1105dd837fd7603fb83d7	64	64
128df04874d3f85ca24ab1ab9c2d428fe94fc12b52343f1b4468c3cd5dd72cce	8d4f0b6cc26b10506e8e5e9918feb954fcf6cbad6e382e8f258612a7df54ca26	4c7f2afa3aca6f05e5865ba40af68105edd573bd734c2f33a7754081cf568a46	64	64
12a253725415a7917791ad44836f71eea29f4419c7d55d253c4bcd5ab7bb1481	b0071265d7c16f09ea4dd15e271ed29ed09f3d4696985bd861d4adc9b26ecf84	668276b4bd2b7f528b96c61c82dc88a1b4161da9e26c9893675d98d342f0bfde	64	64
12ab77d0def6ab9d2c9593b4ce52826cbf9b4b2039b60b473241cd45420d5dbf	3761d6efb92944b515d9def0edb5166e26d9735ededbef75864b37f12dea7055	297ff7dd06ece098a9dce3292b94f5d570e579768d499956a31c81df74e03c1d	64	64
12afd8c28a81270f1c0ad53702f71420f4a24297a248ee5f6f03d3730ec1d9cb	5e9084638c58969aac326b3479274b935a9fd0e0609cccdc07c43dd5651cda58	92fe5cbdf46a624a81c1443bf438cce0236b01acf7bc0544240153205d8a15bd	64	64
12c42939151e18dd5bdb79746e6672a5d9cba340826540a76d4e07c4fc41f491	0952ae6a008767758dabd97292ffbc9399e8960fba950519366ce714031d771d	338f927c3ec0ef7490ea3203a2be95aa42e71ec96fd42d326896469f42c56d72	64	64
12d2fb1ad25eafa21a768b2d2afb817b82ad904ce23a95fbca2040d7ceaf62c3	8528cef1c158d736e0cf4fcfc35b890fe1e2c0b15df17e6dfbc0b25ef1733812	e833d1d8f1f4ad82dd9e116491f90975003e3512f58798fc7f53fdb38f721c26	64	64
12d5cb7f01c910ac363cc6d995351c010c5b399d6f36341a18b2cbc69effb764	76652453e74ca985dfdc2fbe1d6701d10ccc976aab69ed5f3e1daab5a17f541c	1bff54df705ff02b2674282a7eeddce9a7f2db92a4fb2d3febd6a2c72a6c71e7	64	64
12d9a77a119b93eaaf7c633f3e1d52eddcb1f616f1aab26149716a8a4041a529	223f22b03ac37725f6e306b4aed468a345e090178a1b9314e11b60dab4b8e465	06e77e829c6ca971b2b1cebb77564cd687ed2bbf3ac9ff594ed37748c0cb922e	64	64
12e4ae5c2d2ffde59d277fdb3ae79bead40652704eee3430b955f81c3c4fa28c	6ada633e956d7ce2140d344aea0ae865f9ab5efbccc7b0a3b9ab850e22d6f967	52bb2671f21d5a08ed8a24b4e270bb850ec9357afb0edc3907695eb5197ffbf7	32	32
12e852f2f2f0cd11aecefba3633e75503c022984917f4f779d9431bda03a70e6	fe09d93135a0cdfb540a73ed6bb6a285cc106843265e05a86b2f8dc4abc3b85d	e1f83f50daf6a5e86f3a4a0e6505b3de28abfc1730aebdca51b5417c5c734f49	64	64
12fa44358fb3580095fce94fb0de4961e4aa4686866f5369bc173465088a33dd	8fb529d2880cafcfa7126d4252e2484180782a8e36ec0363461700fb8810b61c	0b24602fddf9754b6505f939f4b08a8274b5f28f5eaaf20c5faf482bf54d1ef1	40	60
131c06e3867273d710b05b2af012f67c040d20a24d091d94b0a617e707891544	c1e2745e386fb9749cd717523bebf5dd9c35ae9131d4219c23cec5a2d553d28e	29d2f85e5938e5c4c9da2efae9db8eafb5501137994c4113754145812d7d4d28	64	64
13347db0fdb93ae00d8dbd830464969849686946dc3a90356c0d7f88ebef1a75	76c9b8b129f2ed320ad53f9ae81c088dcbe4d21e385ac8ddcc759f4352ad7081	f4150e4dc31fca813343eafcb5997f2995852c49c7f3101f3a3435b6697c3245	64	64
133a05ff88ff505c12a825e0dbaa9a48d94e638c7e69ec90e9f0c6e81692c330	87a76d7e94867d7ace49814251f53f0f42fe3f7d98c41a4fe68b2adc9bff55f0	dcbd4a22c05dcf0d35398f5760b96441021c57ea781cc55a44bc2a595b6522f7	64	64
133b3bc1bd43a4b6698a7ae2b619499706b775972089805b7279e36207c877c2	363a49f982be0a3977286b96edbaee7ee591738fd355ae81fbbbae678f15b636	297ef80cd8bc34b48fef49b9a4aaec5a15db3e3759c7067a8a1d0eb92f961558	64	64
1342aef04f9d57d78fa7b0c5197117055cdb54ac6feb3491e71fc1ad7a99e220	70852b595ac43a46088196a0a2c77c8b87883d005612f3df4d0dfec2941494f1	abae56c06ce284dfe3d337c0c3124bec94d877a96f1303d7a08d69646bec13f8	64	64
134a4629bfa963711877eb9c2c22c0c7851bdfc52873b535995355dd1bff0b17	74ca31345d941f51dd940171c6dbb63d66976a440a4dd68d67d5c02378f38ca7	ed2ae1e3043d5f936ecdd2fa8111bda59f8e1f422192008487618aa919c3a563	64	64
1361c9125a4f43dc24d6c6ef06df798043e351f7324023ac8df79cc3bddd8993	1361d7ee2d618108cd539536c6307a98dcdb44f6799c1f575a09629e8a70db1a	23e9253cbaa73a5eff61ff82f0e73dfde72262f83f2dd66ebdd44762cfa17248	64	64
1368f15fa559df75c8484937402b62edb64e85c42c151f7c6626b84edc33e731	c54bb46c92dcd37a2c14df21a59bec7aea23a60ba72cf07d6d8c9de497f61613	083746aa3da4caea89df89505399575eb63ffb1af64a141e5e96208baf455f69	64	64
1396755e346689c89f85b6d1c9af9cc764e055f6eb92735c5469207618cce675	a433773333c812fb0c1a434501da34a224c796142e230fda56fa110d225b9908	c78cd2d1867e59069c470b5e774d7333920023a7997c8fd724786b1df95540e6	32	32
13a72ea47d3dfcd79e9b42018264d79d42c1f55ab73612d884f93d08370c2daf	4d9e30b10afa023a13e04cd5f67da66e9f9569931337770eca2f650f34a5185f	d0713f2169df20dcb33c6e749b58fbc519daa7671effe9ef2eec18061db0e3dd	32	32
13afe632afc10cd031bc8354003b3d57e6a43e1875f9f4bc497438c682e126b0	363d70047fd9297db01b170ee9f2e79b803a9f0f6d5e1b999797a7a6f4232948	05be916f345bb0d264954ab42ef6007d0ce07bc0947aba39313017be4e707c31	64	64
13bbc9aef26e1a60a0b7f123574bcb47da890108885b0307062bab79438bda4f	6b22a087de4fb21b5711808c0c204cc8f4c787324dfb77f1ac946d3c22e2993a	7fa5ee28cfcb3c76f3d74b9302b87db12f1c17ec40eeecf138667c8b8a45d4e5	64	64
13dc48be1a135470e10b83d724ba84bb623ba890eac3fa52c3cde2b79734a80c	fe2c10ad2e5e0a40b51ba3d4a66f77af431f49c46272b367a929dc6b1f20fc98	22db6b36ae494f8ba1c8c661339d5c5f87f13482bd23c3e4e7c2ed69dbb1aaa8	64	64
13df543a8a98d45e5fdb7f7a2fed8f4a5e3efc4180215961373af51790feec19	b287c16b5d9471066866e2b640b00da8b5caf19fe1bd2f6a505a91db15f253c0	a72188c2669c9889452d60eeed5070915e7ca0d8ad547cb605c69e0887cb7db2	64	64
13f03bba20a8d4f181d71e79b3e7ec0a69d16c1e0ad6aacb53dd9310fe88c490	fe689fac76befd8134028229458360c8fe1aa9b61831c848106572eed5fda0ad	68414c4cb5eb3fb9eb873c3ccad0eaf20cf0d0ad106fcc6444547cf19b41edf5	64	64
13f489838a06b7dfa774238e51cf30e8450af1f2efe432e4405d4d21846ac011	946884c1f281dd2ff497c957495d0ffe387c9d289bc22ab832e50859ce5101c8	4d310275b1c0a988a0085c7090fb8a76e0bf4850a45bb68749827efe4e11a4c3	16	32
14033553d08d858f08b24d297001a7aab5984b32466431a84b94ede3e12a788e	8d4f0b6cc26b10506e8e5e9918feb954fcf6cbad6e382e8f258612a7df54ca26	4c7f2afa3aca6f05e5865ba40af68105edd573bd734c2f33a7754081cf568a46	64	64
140b9c75e866b117d672438121e0899e6abd2b0bd1a0aa9686ac7f92060dab65	3db3d37e21ac092e32c84d5b5866a86a9ac825cef0cbc12015f82083514bc184	cdf050e1b38a4fe3418a24a8e2569ac57904c6df504a6a8c42e91e4a8e1e5b12	64	24
14175b9fa61f0e42b34c8f37b89c1f28a91b1ab0c4f39eb07b6b9ca66c0b0593	17e10919319258484d14b43f86c4b01449abeb3754ebdaf062631a1804ada777	f212cf983cb73b2adb80467fa2f2efc631e632105b8c34cb52a1bcbb20224337	64	64
141b1599dcbb2a8783302d6c35cfd4083e9f4c950e40052f48cdfd5f15e555a0	e16489279e1ac0d0104c2f1baea8bf9354f7e9033238885fc69bc44233315334	991442cff2e2ce625cf605f9a61c796e6866905f731607e797df4b11468a5927	64	64
142d67e031e7fc67785d335812fce6ccfd1dea8f6a5dab6bf9ea8cb5adb37ddc	ad4c358e538dfcc738b76e60612660517470e0757f036c7f54265cfc5c29e147	fc32efd533b2e22974a647691f450f8ba1c8033a2e5f62a4aed46cc2e19358c1	64	64
1443352f6345d03342ad4a8d561232bb83fd05c430ff12b01b45d0dc33338000	db18c9947679627401b4a20048d816ef07a57f0f3d4904625765ebdbcad260b0	5684978eb5ca9d3206b5ed4a28c61bf918ee1dbfe6a6118601f5e44b6c5ea805	64	64
144b030ed0b524ee7eab6e9457e417156757212a0900182747204235434c05ba	efcb768d4f4cdda419e6cfaf7c00197cd30064d9bfaad32886e99cd30dca02b5	edb6356b885696ca6ecbdeaedc94380ea9dee4a446078734433527bf2c65d175	32	32
144e7f51dac4d8171999df87691e54919ec1d3da7087070ef4415ee33097f714	18e4ed055d227f0c95562fb8cc42fa33f1f438525038a189a71252410b8b59a7	fcd0f84f2007974806727665b1891bc78b561629e8aa23c43e7629261b24b387	64	64
145c9fbefe5b0d2b4396b34a82e5825b1a307c2112f2c0b0a4353ed7c1e4db90	038afd502dfc834b409d35d7df8bc5d546c4d81fd2848b21d2e72f1405b360f8	c44d03d40471707fbfd02225d577ee57c5eff26064286f658ad471cf5c577b8c	64	64
149cf0f4a09046370185aa1af15e956ab5469c76a42bfc6474e48a209ac24b2a	b7e27daac34b650ca7629431c675177fce3a64ca3ec6fbeb4419d390766a62ea	3e6bfcaf3221ca1d0e38c255d4323976f50d3afc1582e6afa4e61767757b9b5b	64	16
14a254e01afb9d9e15e9a553586c1de3618fbb7b91ee29f468b47cc9c61b0aa1	63f0bb96224126e14f9b2a69ebe038fb038d2ad21accfe10a9912fa7b52f839b	af11a9878c3be01257f00863911916f84518c76f8068d5069e35089952463c0b	64	64
14b1a59b8ba0b96ed659e6b77f7bdd591cd546527ee6554e992697456376acf3	c69fedfdb0eaacdc4d32e6fa9030103ad671450c2f114e8b058a47564e75231a	89d4f55157e7c1524c9a86fb34605f19aa636be4c74679994dad8b86be9fadd3	52	32
14b4d840489566e0922c9cb0e03432cd113a00b93a4f3dd3755dd4ac3d8a3058	a8a003fed18cec88bb4689d81db9d38d7b1aa2c6e1dccccfc9fa1f2a05dfc81c	97c8cfb9e65f4ab835824369192ed014729e4a488f145108a2d710bfbe0d4fdd	64	64
14bdbd6965a5afa7b27d20dc49c5f3c7c109566db229960ce1bbaa7fc0ae1139	38c5032fe4559fc4b3c4d637bbd4ce5af05d7c76bbb374df5ca11091cebb9a09	88210c8c993de53ed21fc531caf55950e8a0e863169c21731bd75f347b1e4c06	32	32
14bf3d497537152022cf82e1b091a10016d3f27a18ada4b1ef819d296fd34b96	2455570eeee4c25fc68253ca630be6e1240f612f713b9681fa08c03812c8efdb	8f379ffaa9d81645638996425a73df851c09cdfa62a96622f9092c13d612897c	64	64
14c10bebb350e2cee58813c1e7d3fe94e7dbaf44f9b632e9f811f74db027a097	321c6cddfd05a4e6dd169a6b867bc03a615ca07c45d5f98cc6095704a06df22c	efc858e291abe1a344947de359ad8e71fb74aa72f022cffaaf0fed3e2e2ac6c7	64	64
14caedec46eccf7d40031aefbe4c09dfc7fca940b8b6a0c1c56ef2b7111c7b6f	37b6071514246c80aa40437ecb0264e772fb614f542e499cfefe88b6f303766f	b3a8e75a9f89612fb1c4bcceb29894286ac970554bfcd10a79c0f528990beb76	64	64
14ce80b2bc5ee2b85e4874a387026c20f497ec884ca631c6696c551dad115edb	6b22a087de4fb21b5711808c0c204cc8f4c787324dfb77f1ac946d3c22e2993a	7fa5ee28cfcb3c76f3d74b9302b87db12f1c17ec40eeecf138667c8b8a45d4e5	64	64
14eff7581e729e66c99cdef72b5dcf119bd9d4f173d85dd5dc8e86087b760648	f206eb28ff0f848d08a460c2e4eaf714461b9e2ef142c766ab286fe47eb7885a	b542122ec474e6e2124284f46c104a3e8502088e82f2cabafa1e0074ad022718	40	48
151913a43cf1c24628bfea1f0a27e66df9ed1b065bd5ff3a6e46ef57d67a175d	d5a79b42ad02f580c0f708e709f080560a46e7cd639eb6277666d874a2b3b313	088132c1715598ede42434f5fde52bdc8e92792a662294b04143f4eb818a265c	64	64
151c61678260de5d567c098c659433ba5eefb45566d546f4d12117ff91342fae	85ed64ccee27a3624d3ec1bb4f414429b8fe5ebb6011c80809ea13d0b35fe3d8	a9fd35674f022820f57d4c5a225f723c9d39474bfbd397c386a327a96b892e87	64	64
1529fde5f7553528eed789b4fe1ce2ba88160d2d9883ed7e2f0443e818ac0c14	a1a60c9823e0b6c37ba20430d35fa7cd338141622064be6f7072d8b479d7e35d	257e4c3841b6f34d9f9b6e288f537775b9cd237343bf6474bfaa459f067de652	32	48
1531d9010bbedc0fe16b774c0104281317e9ea2214a17da6bda48abb3f72e027	a433773333c812fb0c1a434501da34a224c796142e230fda56fa110d225b9908	c78cd2d1867e59069c470b5e774d7333920023a7997c8fd724786b1df95540e6	32	32
1534f79c5430b9afa9785a1184f6e2dd8d66636263ed73e68e8c7eac4f321490	b7402ae4a9b18c1983d612ac1d0555c379d64ac12075725408fa35c9e3ea1abf	da908bdb779ba00e14f83f137377979452ed71c9092827b26130139e7b530da8	32	64
154ea104a3fc5deaf6b39e1edab9c7ac7a65ead6bbab69e3fe80aefb2fff2a49	66e6299dd14ec4c3a46672bad24babb7dafaa31042398fac50f5c9357c186a0a	4312dcbc6d25f1c3864abba31b70d7ebfcf1cd3ec48caa07694185e9b42b9d55	68	64
15811c71d9e1bc148c0bacbf227f22fca5d040a9675b69d0d207c199abadc12e	dd0b7bf7f8a77c8d694e99fb08edd5857d2e46ed6c6e6e380fa19fb7f047cde5	84c7462e226e545cec8615577925d86ac0369839521358758307ded4c0aa3f65	64	64
15aa7c4380b70d99ddce44dea52583ad64cdcd68dfd8c28c240dc44a98f19947	fcb00e04a34d655cad0dc5ccab51d5116b9540ad7186984e355ec79772176fc0	471f63aa944a08e496bee3cc2d9025152e19e667592a155e03238a5f93727c66	32	32
15cc24f187ba64a5d62ad259239f9a807d1c8e5164438f16fb2f6eba638620c2	82bc7705bd48033e63769e97f479e1fb6892d8ec5942608a66ee4230da6b115c	fdd472edd465bb3b0b2bf2e32063bdbdddd05858ec396d86e01f96c4ebc41477	64	64
15e17aa53273f2ac6d6e47ccc48ad0d125ab8b9a33307bfa73342037f495dfc8	422c829e0c944457788eed54a4aeda0b18dcc46506ffd3d0868bb3294048617d	6bbb7eb21248a3d3a168471d46912da20aa08a1d8c6342c9ea8fa563e7154631	64	64
15ea3c32a0cf8ca1a3f882f0cf034ccacb8bd536d9ff28329a1b0c7146b191d7	69003991edad8109e30bc4724fbdc1e56f308bdbc20cef3df7f6a89853fc58fe	1d627525806a49de81e0ed0c1af40598648b9ac4da20c01e07f2f5ed9368f726	32	32
15f0a390dc92cbeef4f90301a71ca8731516d7a5e42b9b5b76047976b587a860	9f850f98625ac6b1c8a27c5fc260689c66a64727f172671bb9995debc3ed4914	f10bb80e9db1c5c66bb2661eaf90002924e3a5a930ac2ce751be4fba4c9cfdb6	32	32
15f823f115ae4270fc7893afd46fb4a6045b7e1ea1ec9ca85f1f5454a76344e6	eac54ebdc6e83ae839d6048992071c62807b768709fd270ff243e37f718001eb	b7411a80f2f55f4d597636a283ce7e578f2667062b3192de31792de3cbb7120d	64	64
1614341d92b74415ded536ac9d633a4e2b7c619e18b03a6ff851a9031b8a3fb5	b7f1bcee34199b6e85f4e7208be79d081d2dead8e4b8e51f06fedd1ea2568acb	ec8ccbce58552b35fbe31e09430c683f1b474dc54d5bb8894f3ae09793791a49	32	64
161c354bacfaa62a74b7501c8dc7278f2385cd7d6bc61a1c4dda58d7c07ee651	4ba0a477add1cbc21d463c6d24b9c7c1b1e48a2fd506aefc9e3c3dc3e97b0a92	b96a50455eb60d72b748fbe06ecc985d89114a893c879b1f82e89414457317eb	64	64
162acb3cf33c6ceb9e861ee1ba2b0db9405bbbb2704f4c0de325ad5243442683	321c6cddfd05a4e6dd169a6b867bc03a615ca07c45d5f98cc6095704a06df22c	efc858e291abe1a344947de359ad8e71fb74aa72f022cffaaf0fed3e2e2ac6c7	64	64
1632b440610e18b8f41e35c431d2bd7cfcf7f24d95a662d8d4ed24613acc9c52	6d275e094488d1e7d6d25564bab567c7fd85e56222f2f7114c2b900cafc0d022	9f8339d956873097a0dc5867fb656df12ae4dad7c8f590ed08d7f666fc277964	32	16
164906bdb8f03a9710921774e57c978b5a6f15e83bdad8cd90ceb358f34df3a0	84b01cc778ace753eabc4d70ea5005811e116a5393139db9462c3c658e325bb7	48454daf5d1cbfd80d3900f8b8ee9da359a01c8fd998409bce17cfe84552a7d3	64	64
1653fea2e3813abe7e0003f31f53ac39717a059cf1af4d431bbd9ca5c99badb1	e9e0a3297b045c9d248f4bccd45ef4ddc6a24ce157f349ff465177775efe28c4	de721bef72009af7f77beed1d882aa7c7753d95a52a57bcd9740c43b587fb1e5	32	32
165d49c4ec23ecd4cbd6a0d4cdf7b8816f7428c5c61ad969c317abb4e9e8e475	5f6c495597f2d7f37ed38be81fee80322a2c631e6372c9024abd4532ac6e0b45	3c0ecd6cfa06d297263f30121dc2ef5f5517259f8c2c29680294435288ec7b24	64	64
16777eb88d673bf21bf0af92115492b6ed9f7f4766d8f44c36c5fc3f79c8fd8c	728d1cb9363f9eb95c56766085c9398284e340065541cd3c926f4ebd3b6945d4	63ceef6ea7d4f4d19f86f5a48d78e955460b32ff672ab41c3c2f97ff3fabad44	64	64
168ac79b93b66d2f18202aeee533c0a1fb9f90162fa33a2a2c78fdc9ee6d81ea	133f74ebf3bf8a7557f7d204fb06a2485837a964238cd7762742b4856cc05d78	70c3970f9503787be377f61320e861ca0131a6d00c61907942201beda3c0342e	64	64
168c1a7ad11bbd0ba4badd15dfa70f9abe5e25233ccd858f506bda7091bf6a24	ea26d38f233c3e122b9dc493bb912c3c33d32877de917f475cdf5ce6aee045dd	97209d1dbe069422318807283aa7a5e4d848d80c8c83f866277c2f7850bf6fad	64	64
16c738952f99bdf905ef63a95c3cfc16f5ef6e76d9514e85c8f2e7c76be8220d	41ebeb8aea94c100f1f0c1afd2b51959b4a550aa9475528ea075811c2c2892aa	2e690edd346839a9f33a52af65c4c68eb191492e975e3cd52239d94ca5b69b15	64	64
16c748b0b119179e87018f528d0366a189ec1796c5df838d001c72927c89da78	0b6cba6d6686ae3ec569a7e944ae9c83c274336d984d49cecaa262cdda3def3a	94937b67e0ecd11c413fdc50870472b469fb2c738f3b991ff0deaf35c255db4d	56	32
16c7a1bf64331005d1f943a91b57dbd61dbff1c8e9b450e98853ecae76f5a3bb	4558dc03bf71c2bc1186020079f2249236cab525c4578e70c7cb62a58a83315b	b6b099f4622396eeb3e17fc4a7484a99ce1fe7a80ded1991bc0879132ab84268	64	64
16c990e4a7ed1cd54673cc40e1838a0baf14ffde6584384fc5e9e58b020f406b	fe2c10ad2e5e0a40b51ba3d4a66f77af431f49c46272b367a929dc6b1f20fc98	22db6b36ae494f8ba1c8c661339d5c5f87f13482bd23c3e4e7c2ed69dbb1aaa8	64	64
16d729330934ce3d428df6c36f9746d3c60fc4ec6a991e6cbc7ccd6da51230e3	96a9a0cac26a161a0279945c396dfa8ae7287f708f4399485199131a67a97b9a	0eb08f872ebaf9391889891ee6e17878adfa6a5792c56dca7e61a1d28f5f88e3	32	32
16dae6ec9c65cb8eac4290e6a7c024baa5f06e37d5470c961873a5e83e28f358	683c8a3e606220d4a8b965d62474c66c4b40ed83b1298c6e6cfabe7f98d4e083	68d12152fe9cfba34033f0fdda3843f25fdf52681e17178ea78a9621457de0d7	64	24
16f43c6c64848f7f94693e29c71500fdbf47fffdc843bb269c3144481e11e131	e184786bb9d22e5b5f67c9a2cdd60014fb6a69e555bc4db73d54a88242f09952	ece111aeb9b87968d9c45544efa71561192eae08f13621f5e9790dc5a7edbb51	64	64
16f71686e649ef615081bdc6f9afbd2acf39828f2c5b7a735fe2a26676924b47	187589a0ae86e3e18868b1b908203101acea2bcdbc0f6483efa672bb405441c8	519b4aa3a70f29dc2ca9639d38c1eafe8f7324ac08a37fdcdf226704b155dae2	64	64
170d7e8421059f1eed599aaa1a25a8a5df8a88ab1f6c7ca6c165f340dfc3c0d6	0e1e6061f29b0598759c2b21ad8896c739517baf0fabbc6411d1f8de23b29304	86a8475a8006d178a4452e95f7cc73d673d67940d519c3e10461865c297a6440	64	64
1710a2bfec4a49fbfbe6c489307e28472037dc69f781bd85ef59a77ca45ec555	8cf3e4870314aaf256e5c24e9a7b5a4f05194e4504e1e97d371775f14db6634d	731dd18f5c5e2f8b99b85320476aa209894bebec266f31af478710a99c51fc1e	48	48
1718bfc13c1331d0913050629f0a2f49957577c80786282686331009c835ed34	bfd0d65596e9a9ea00a49b1e1fe5bb0485982998a774e6ba1447ee53c8e2f2ba	6c147898ffed24edfeb8b087be5d60d163293d8d2ba442a98a76e0b4912a437c	32	64
17284d67b21943ab43138b015669b085c93bf4123119a6e7313f184225abf4bf	a6f4786f75ec9bdb73b52537025c5c057fea528f5f7a18a74d259354bfbfb00a	d75157748f952ea3c510fdfe7b1e92e9124a544cba574780b854cf64b607a21b	64	64
17286dd0555642ae7d1e0db132fa3065924b10d729f54603fcf7531e0eed7204	69fa37bc5588dc02ab4c498bc523ae2fc8dc72d2947cbaca38649a19ff2b9828	69ad5920e383d80a4b8800a8c57c022fd8eeef3d2b724445e84088e10e54e65d	32	64
172bb99807ba2101eb2d7a23762cc1eb63c39e6ef758d89560cf04e177c81144	53b6db1048fb4adffda2e08a97b9ff0ebf7e9c53ef1060c326dfd3264b82129f	74dc72ca2f59271b159fc84255fc7c7b3a326aa1b9c5925486ebfe73b407fc98	64	64
174d06c5946cb04cc8eae32a7675fd122f2e0d4ca1ca1938f4504427584cafea	5a3de358d5f9cae2a270988b11e322a99a2d6de59a0648c202445efedbd61c91	4620180738a98f0bdee041f7337458078a1ec3aa24d7f177c946e80133b175a7	64	64
1751d900d8408cae039d930832d6868faf458abdabde491163789d7b751b48ad	84bb0948b4a49050ace8131fac92a4b947812bf2c2dae328a379a0d78e0fcb42	38b0ffcad70b43aa333751a3bc653c593603cba21acfbc60aca24da3618743e6	64	64
1780e4a8c23dcf4344e5c37b114ef7cc3fa14e90b7fc18fc62df8d21758e4c8c	9f66ae4c8ed94dc6fc8a845bdde03829a422a2dfa874fdba24b08b9e8c04660d	84ac860ebbf833d224d725fe7b6cd0b4e2dab01db898991f071ba00bebf710f2	64	64
1786aa041955200cf7b0ad1c7703d2abfbcc4d2430dde8a46f3f9d93e3d2e010	dfc46e306db18c8c7e0d440d15d48af3046a18dbe6d469122d277289a32c28a6	c478dd29d4e1ef5a6d7705c5d99961832f8efbf569b90f75b3d4c11aac920726	64	64
179ecc90fd0a6154058c5f84a53c01394ad729bc088a22b329d3cf114c4a24c5	db18c9947679627401b4a20048d816ef07a57f0f3d4904625765ebdbcad260b0	5684978eb5ca9d3206b5ed4a28c61bf918ee1dbfe6a6118601f5e44b6c5ea805	64	64
17a83773da2a93472badacd357721e186351ac6ba63c290b25e235e5e0a79a92	36d921b44ca4f5fd88d372aa8b1f60bda408944b0851d39566c2bdfc5ffeb5d0	84ea5d428c3afcc80cca2ef8867bef10c53a7417c7a07670bf931158cd95b3ea	64	64
17cb39a1e3381c3270dd8091decb52f0c9ce7300ba8a2143104a6f1a375aaa2f	7197fe10dad8d9bded4421bb1540c3df4e14fe7612b539570bb7d36fe36d508e	841aa1ebccc4b8863b6136b696a4a7d04ed4c514a86051162474de636d70c09e	64	64
17d66122ab62fe6865b9c2e4d33de406dfab7c117d4fb223d1dc82a5f5f8c91c	76652453e74ca985dfdc2fbe1d6701d10ccc976aab69ed5f3e1daab5a17f541c	1bff54df705ff02b2674282a7eeddce9a7f2db92a4fb2d3febd6a2c72a6c71e7	64	64
17de041eb399500c16b0b47f124b8989e3b292049e370ce97dc8f1df2e345b16	086cdfa430009a667e7f8b1d5df6354a10d91a0c776a984a3e0fe57d4d8f8a07	bee92ccb235782a283e1e196aff9de8b471b108fb236244aa155bc9bc54c61b8	32	64
17e1908a4fc6fcd97a43f633ae6ff75ced99f52adb95369807335057bf6fbb09	0467c1fee015779c520cb1e35dddaaf40d965db270639b39d8ec655ae25df589	a798d1bd4f4b73c3b8bc44dd7d14d9d4761f7c06871c0f26e0aa39478ae6c899	64	64
17e72f9e2da98c7f1257caa6efe5760c8d50f0c85f51951d50b171c169b56a14	c7327dab1366b85a033c38d2ab726eff28c7373d23da90fe7693f46474ce53ee	3d0ff75e8f4721029174ba04d0bd2473ba3928a5ad370500026e2304a4e3dfa1	64	64
17faaf2ac1dbb25d00e50a3f52efc86537ad4c4c0d843c46f229f54cd71ecdf6	560fb20b2be7b8502b54eb758b09773f8412c0c0903fa15388aecefe7127a7dd	2901467c403c2488c63fbbb81dd015b801c04a6e6a4dbfca9a8e47b72b6da92d	16	32
18016529ab6beede12614a52c1b04296b9fa2c548f1de864d3671ac9727b2065	d5dc793e16cb86b33b92490d1315ccf0671f4dc2d45ab4bfe39ee0a6109f3040	1645e099d3928226127eed54d001b242a4cb57465081f08efdd288ae050f9db1	64	64
1814faf0bbc45d6f96af8e8244e2805f1acd3e07096a6b52b8e94aa488ba71c8	e71e9abf4cb83a05f4ce938b20c5ad912e2c42b75dccca52c9fc7f4102743091	da5d4ab98e645ec4876d7298e6c5acfa5136d442b0c1105dd837fd7603fb83d7	64	64
18175a39eddc1a9d5fbb48efc7fbe0c82c3e8a693123cc44857161c1f77f6120	705ef2aaf801d0518b8be5d39f005b34eb2acd6db3a23f7d8703d23483f182f3	d653b54b2a2dc06391f49e29f4ac854d25044ef80c82d249f76778fd70c1f434	64	64
1824fa087e178ffc93a5d352fa59d30954f71c15827b12d5946d9dcef0dbda19	be798e66f7b8bc707878695c954b3add80217f775844414d94c5217ff0268839	05f233dcd95e4882a533b9b17a7a2e635484b268cd233b0ab3988c677e82921b	64	32
183917816ab5de0a20c90c46f31488b41df1a721df6fb60ea18104337044f54c	93d1206dadddceba1ed21492219af3d07ebe0bb6596139dc424310b868cc9c4a	266d0d435f507554c0de899fc2069ebf65ff671da531192e22ba99eba1a21332	64	64
18620476f12f175a5cf39313781f07854d68280fc461f54e5738c53aff01e204	ec0cbec2d63b1b8df4008148647a87f707566edfbd7051bba2f68210b59d4a76	df1fdfac4e9ac671fad70624f1439832661affec0fdf4cd26c3255d118aca4a6	64	64
1863bbee87d23aca0c1277b2a3cffd581903d5fb1fe37e47c9d0def8cbe6f90a	f5df97104770fa7cb506e82b9dc2c9ce1d0596375dd530714547faed8cc301eb	7ec33b6f9b9a758be22e832c13c8886820d88fb55cf18191663fed2954a99ea5	64	64
186463aaeed21d9690607df5c7d0bc6ad6c3726b84430e37ea2b8cc4552ea6cc	8d4f0b6cc26b10506e8e5e9918feb954fcf6cbad6e382e8f258612a7df54ca26	4c7f2afa3aca6f05e5865ba40af68105edd573bd734c2f33a7754081cf568a46	64	64
187740fc6de19fcd14e8d7b605039e16902595989830551bb57872de69a3b9fd	a6690f81b79c53016a7271bdae5faaff75b7b951ec039ff1e4477fb05a6f6859	1ff58dd5d987de0da406e43a9c75847c35d979b2801d5bbe71990a8be3547888	64	64
1892256434190129b3932426be0bfb3760fd9cc316f235ea29930bfb5a7913ce	0d842ba6af5514eb522e85b9eeb731f8c90c6fc603acb110abab0125458862d9	181c3a8c69ff08dd32786f5781aaf9cf24154f021b541fae76e1c26c05219823	64	64
1897089cc13db6c44966991ae7efef6441805e45048bf18abc39b8791a7cb64f	63ddec32cc440a4a5727aedb1845b36686cc6097f10318f1e7c0dd17183b6381	40f627a11f9459eed0e5afc83067a23f932c0bfcd476e99b1d6e6c8533fa2c34	64	64
189b86c505b22f8d6d6482e10eb4ffdf0c59545675f25df9fbe05a358bf820de	f42b13be622a455bf0ce8cbac8c585b4bef5d7cd2466e658b6a3585c89d767a0	ed07720ac213858bd56f6822a0d8ff570a03cda19d2d0ee3468e069ddac1e221	64	64
18b73016dc688305902a1a634466d47759d393a83e5ad863047370d1d6eff38a	f579fcc3a317e2f0735d609c9d7b1f1be1ccf674d9186c8c43cd9408ccb88a3e	9a37d6ba19b8d9bae79d1783be2e4ab0d52fa59a3026df31a6dc57fe7b8d7172	64	64
18baa258d7ee68023b5f902fc91cfd84f05cc13b6109dff2cf0315432a03f419	d13b871e7a2d3dcf25b7ff77557d88fee47e2637f8473536fbff4122048ba2b0	389789c5abb2b1d2a20d0d5ff27f348a5a31eda12b65b51db1976a872818c93e	64	64
18c2701457d98a5673c1f41f8386d20d040414b43b488821b44237afef459a1c	c1a5cf20c30868e3abe866983cecabeb53aebb7b41b33ff349acebe6c7686193	5c5d7d8f14a1c2cd92bd36088c19a9d6a7045ed99595672cae28ff821a3ed23a	64	64
18d0866092fcc00b6956403250f4c633ad0ad7210d05d584d650c41e4a862a60	90b869529220a7ac7de3829d9ec1d6b17ecbfeca2322aedb7c3a173d459ad016	4fbe91f9e6053cdfb378fabad843433c868be852ae9d4e3161bff4f695b27af1	64	32
18e1da95b55cc10c4d0664a9368e93f7472656bd2752f1cf0acb99f64b81d095	45f18a406f6ba444b4c2412b870eed5961b4bc999c09f1c7d38289719fd2e7d2	f17354971743884405bff2487c3ee248f92ebcd4811b8c65a5d6cceba2b4dd00	64	64
18e7a185122552309bd2a8055b09367d1307170164712bae9e50da42cc59b961	3450e67bb1f46639ef91e2a6bf76690938e2b158ae4a043572418920629e2ec4	7e07c2dd469462e3bd1797ff6fd83b482f163c44ccf91d860ea7ac8b90e67bea	8	8
18f8c433d25f4cf5eec3ea9849f0e455c2ee68a97ca412a4478558fae9a9bb4f	69c91f694add996f7868fcde0733542720b3947f62b01401ab5a9cf72cd7a009	da5d4ab98e645ec4876d7298e6c5acfa5136d442b0c1105dd837fd7603fb83d7	64	64
191bdbc2f4050bdc6dcdc5e55b2a1e3b8e263c2efaf78bf9222fac4f4c6f0083	284934e4038d459da4ed4e8b357fb6a3c9ec996c17e10144b543520caad1752e	b566ee78fe3a516c10735fe76dd33073838012e801394eaf207388c194fcd889	64	64
193ec7cf7679434f6781d1a7d28dd38ba0495878c50f98983f151346232f79b5	22dbc22ee1d111eab9f8ef2f2642e138de2e5608db41edfbc34f9a80977a092d	a8957ef259872cdef937445ebf4a6edcaa26bfce3e63f6b736f649b93cfde047	64	64
194f4a2f13cb1e5fb5a06185e19438012a5045199f1b6a129e067ae9c5996b66	8b6be39b35c9f31696eb32ef14cdc68051293b6af33525ca828f12e7df0cbad4	4ebbdc629e4b8126b36893f1f0ce11450baa51d3eab6c32fc5dd205310e8e9be	64	48
1952265c036616d1e991df4a33743846ae6df4782863fec219f7a41f58b41090	0a3c1cfd5fc5bf47d80352b462ea5abe8257d21387f7cb01d152ccf22b6d9ffe	adaab9d1a5e99d0cc2dc0eae2ff47ab825a033873b94444e0f10b2c7da08ad9d	16	64
1953a944b6cf4cdb101e15c67f70b399d8240d3aae35a60f43c92aa01bfef583	7d278f5a2a50e437e70f408b126763540b1414c0700d48bf767c20a921c3228b	efb21db831f91cc3698a3c511ed29360c781eb1c13c27c2c8623c5aa51f01369	64	64
1956961a79e288f3be7adebf23ccfc9c269dfc92f5326ec470bbd87c9463e60f	30ada89931102f062f7c4e6e1aa475897181b334583226f36314fc9c889067c6	9e243cdf5e9c3a75a15c56b3941120de7292a7dd2dca10ef557a9b0feea00910	64	64
196c50f5b2941957fae56a07c6379124ff7f9f34b2ca79de8564736f9d7dac15	647596f501b829b60c1131a403d29e54f280d653ec90daa1c6ebd661a6fd7135	2032687d15e7fbf6a3618f82e2d4f2e5adc15a2e47eb25c78ede57a172d6d55f	64	64
1971cbc09597242f7ed30448bf3106fe2e28ede425f051d058c7a37dd8e40852	b5a93d278fe6e2c7789905839d928608c506cff3b43121951ed4fa701af993a5	83a9757deccc9fc158599065addcc533470a9127034675740034fe6929d7db9c	32	32
1986154e6ad4251102b551192e1c364be4a550632ba431567774445bfebb63ea	f6d459d09d2b9416d5977c551ce20107a5432043b6a9d06038660dc5c63d3ef7	91747a58ad210ad3bb38b84adbf896242f1b2abccde1782e2decdfb220b9e2b9	64	64
19a047ab6c226aa54f57a8d7d903909ebcbc9b8747876bff53bb8f40ef498e45	156b4ba71754ab2396bb08b38b8f38d2edd69a6c2b5498b5d7601b4420a69975	ea3c2b3a232c693b991c05c44b860264484fe744e0656d1abe33016b0b9b7f42	8	8
19a9d3fc25eb28fc875c4f69b6192f8c7d6f9cb377b54c3626fd79155137f001	9aa4fde6690d909d0a1af57a37207e638acfc471d52098f1ec43dac4cd008b93	630456fc67b1bc06ed0d74e90ed0c94829580a004a525ee0d48ade8dfdbf006a	64	64
19eb2c92feb013b15be1dc8d41d0927c2cf5b2e8e12ea81d97411e11f75f995b	538e1636d6a3c22dabfa05da24a1ea6bdc7f7b946441f97aff65d2fbc0156ec7	d48a02072d6feb767c341b7598a6bfdadc6f5e7097c5d09e7cb2a4c236de1387	32	32
1a16d99604886abe25054fade340c7b97441e88b14f62cbd89a3021659c6d5b4	68736dcbab0cda0ad89bf522304d9718ef44ff0c46cbd59170d7dee8a8567ba8	10b19b1875001b9f9550864d43e9db24f2a709fb6fd77506e47b239d7e0ea4a5	64	64
1a1f0963d079109836248b5b93a67ca3c8b0e8c755aedd61207cdf8a18010d9d	abfb1374c3d4e1fd397d079345bbe844da83037e5eb5183c16c51d74fdd1b3c4	9e5a45436e187420493e0287abf77fdf40bf8f06e8b35a40eac2a22fb1522608	64	64
1a27f0e03be71c2119c14405f2752b7e8e3d536605fe4c548518e37c0709e06d	7e5937343fd17171279b65434c0b8ee2ae7db3c957b13449d7c67235d61af49a	d44921fd51ac0638aaf7757cce5f64466a7cc7fe07132ebb0024df32442ee4e4	64	64
1a325a1a43c39dbe653df8c6715e2dab8dd308d9703d176ffedc5143df5794f8	db94731f8092b28174a60eac0be0492d4bc7480307a4f514c4861ea713582811	19a1d901d5b04932a548cfbe764d78fbecaba9e67424796600590fba1c5aa734	64	64
1a54d4763ee376c84c11103215edd90a4ae36a02c4e0a7974cee634ddc1c2133	ec229cbd340df1ed0683ac570500a19217a41e7eb582da528fd9542ecc981d4b	0f8f5de7c10bd037ab55a00fcc9e605bbc56db100ae9eed9e550652101e04ce4	64	64
1a5592b469c0dfbfb68256a5273540dd1ac57421bf7031ccf7632d6522989962	797daa1b37b0f19f0112ae1634271bc03bc8125c59843d717ca2e78c27dde9eb	647954acf0575cc0a9906a0b9084974c63e0499200b2a683fbe77680153203a7	32	64
1a5be8bfca2ef78f4ea0b9f46621df1699f87bd79f318448ab119604d7879917	f700a8553136d372dd945cbfacffa26c6ab4ffb057f675b21217824c6c682804	753741a3480d9de911332d23cfc0ade558562fd81ee67e931d9de60104e24a6b	60	60
1a60f8404e19697dbf7577dccb446c343f8103a4018a5f23bf31755a295bfbdd	e71e9abf4cb83a05f4ce938b20c5ad912e2c42b75dccca52c9fc7f4102743091	da5d4ab98e645ec4876d7298e6c5acfa5136d442b0c1105dd837fd7603fb83d7	64	64
1a779c16bf65a653719a20d991108ca8805f4aa4fbddd3c2f5157c21faa3c7fe	ebedb6d3f7001078c1016eab72f08a59b73875173ec7b3e0c3c142d08728c1f4	6db09bf9273857e281f34b284bce8534197a3e378b6a3f7ec391a857b99918c3	64	64
1a8defaa894470800e21841cda6a6075e254a6f931fa76de3a792c6fd7dac47a	f2e30dfae0e0fb813245c1d5e8ee3e219ce0b0b67dbfce7fad85fd2bea0ac0d1	adfc567c0348143dd43f5e4d2440fa9f4ff14d1bf0e7d9edee2f287d2a71dcec	64	64
1a9b021f88d5ebb8a356ae2c84104ac3ad33247101e5d21ff93d0c6637997d3f	705ef2aaf801d0518b8be5d39f005b34eb2acd6db3a23f7d8703d23483f182f3	d653b54b2a2dc06391f49e29f4ac854d25044ef80c82d249f76778fd70c1f434	64	64
1aa9e12d3cb0da94c07c9f11f231d687c8180ce93a839ad2a359dafbfddea3bf	060fe4bb3a2ccdf8bdfda1470b5212dc80f45b8f6d3b479e42af026c6daac658	e4d5e481979548b409a0dd184dede66eaed9e3d7f76dd36f68f3af5c9ea047bf	64	64
1ab8a38c0202e17d7f97819204bb3e814d04366c21c16754fca3d3f526c97935	19189380fa7c356f189d3259bab3bf762b75268b6a6dc1f776d33fe343cfe220	2000f3a23108dd9f3af23db9ab08d272b1f6e9e1de899b34f8b5119acd051db1	48	32
1abcb348705ec6993dc745d66ce461d1fc9141018b7571a102b32e92e4fc57f2	07138e8c11d19fd9a0fcb5593025db2035200e6bf61577b84bc683408001d6f4	8f20d514d2dbb2cd39a0b595e704f66ac54061353110140fc3fe3651a1c84250	64	64
1abdc33c74164f10acb0d184c79b520c10482ee95b4aeb40644adeab5f9a6330	cd7336913ee0d1061f9b690afa9540560d65ae8b0ec7baa569b544236f8563a0	10131c9ea3ea8b0c2e57765c4cacbce53905c2b800ec6559481a509412922604	24	56
1ac011848789b0f195786388666d68b7fa207e357c8e585fb40012b242e63ca6	9c46366196d5d52e5c16c882874a0e4e2310b9fde8a7d877e87f7017ebabb063	4509cb6e1b6dd50cbde063b60353cd4994649ecede669da372be6b474d8db225	64	48
1ad1e8bda9cda9f884ef7caae2e7a683d30d73404ea2632b1758225517e4f90a	0a19b0e9a4264f18fdab18f70d1563f089363e273b2de7e2e2c8fc61821ab3c0	813a5d3e53e95e0fe65a5a618201521887f52975a53f5d77c9480df1e5b45258	64	64
1add7cae92972df8e333292d8494dbee2e55c4bc24ddbc23f0ebedcc83019981	75b1e26736c5b90af8e1e943f3f5dfffee3e530bbf84d4fafb35a615591d142a	1239e2356110038492bcfcb2e1fae36de69c9f2c6496ebe378058bb8d1689f66	64	64
1aea7ebbdde6b77f16befb875360d74c1e728dbe2d16e72ac6202fa5a91a6604	2e3b1dd55a60c73cdb5dfb73c85be2e588b45c5f819e082dbd735452330acd27	6b164ea50f4ba16b56a3e3e249fa794fd8bf61ab096998ba71e0976881eaa79e	64	64
1af36472f58c1b5fd3836bc7c931b768753b26ac3fd20b1e6db97b9d27503508	f0ed82470229bba7d6373782ac1ce233abab5816a3b36c9bffd07554f4767a88	89bda9099e43c1aa8f8de29a058ccdb123dec474cba440513ff95745d988b896	64	64
1b0b8b4bcba86ccf332c31f29e37cd6f3eaa9df1622cd7cc88652d33ae367466	082452c2c0f5f2f619e5cabae64e407b37abf74c7eb2b29a3c8c8c24a3b35920	0b30a8f7b5a685fd221ce45d1318362dc16e2007e3d0eca2cec350072797c24f	16	16
1b118ce569c9948bc0c9a8b1a69aadc40ef3cb664138b07c06a599c9db7f39e3	7cb4ba820ea92620aae5569c529c518a11628856d9aabdc45a181a0afadf141f	9a89fea14acfc875b2de1fdc8c5a3ca33fd338ab3bfdadc249f4f226e28d90da	64	64
1b18a5dfbd7ec3e4f95093807e7344990f8b59e8f7eb8ceb6884d7e564f4691b	d9b4870b4f2bfd81bc7d383bebd6feca28a0a606d164e5b81564698b3fe48af1	8ec1d1a1c5a7a30527deaa769b348cc5ccd247451abb66e52d0b307965431118	64	64
1b229d61742009acf5ad90f265ca60b77471a231428a5f3a2c8984d678b135d4	ed7f2e1f422dfec37c8d38a441963f76f8cfb664419efb6d028ae2a85db7b7e6	4d7bdccc3cf9cce178a6399693603707d72d73be5d97042e710ab6c29a651c0c	64	64
1b24d9470ff9fe30c5be7a8fff8f86f1c7b79198dab88ee1abba51475fd5f6f3	89f152b1a1ef060a03194a32f2c88a59a3a204a1235b4228c044c09a49aa0d11	b3bf5b09d0876173340b2919526c8bed4eb45a15159c446faf6fd6e65c787bbc	40	44
1b2993ba680b5973581358cd77f40e5502e7a754770025b9e03f8e232fc5a1cb	7efc3dcee14801723f595e65f69cf9556d127b9423b02c723ecc1891c4916c9e	c165e2cd4f47e58482e548d4045260cf721a5e9afeae56f2a188dfc89bdb45d6	64	64
1b2bde4b1d8c56c0215cf9e10e41aaff68b0826ac25a4c932f3531491e0c6b00	33bf0152e2ecb0e3cd178b9303d92c33e56d265d5cc73585641acbf289d7f4f4	1645e099d3928226127eed54d001b242a4cb57465081f08efdd288ae050f9db1	64	64
1b3ed6a2ca28addb1709fa086a3331e1a0f079b3110bd76efa92e660e2765016	93d1206dadddceba1ed21492219af3d07ebe0bb6596139dc424310b868cc9c4a	266d0d435f507554c0de899fc2069ebf65ff671da531192e22ba99eba1a21332	64	64
1b40c3f937a5fa8b4b4150a957672eb0c28f4e585caf1362f666bc2c223c8156	69c91f694add996f7868fcde0733542720b3947f62b01401ab5a9cf72cd7a009	da5d4ab98e645ec4876d7298e6c5acfa5136d442b0c1105dd837fd7603fb83d7	64	64
1b40d7bc53cc123b925321e8f1669319877f41d91bf95cf407d47436a1351cd8	17e10919319258484d14b43f86c4b01449abeb3754ebdaf062631a1804ada777	f212cf983cb73b2adb80467fa2f2efc631e632105b8c34cb52a1bcbb20224337	64	64
1b42d5b152fb9bcd91aa293a96aa20fa080fe8130ce11ad7fe5616d4454d7a30	9106f710b3b4190e9aabf80895d7842ec4cf364c2802788e1555120988ccb354	366da6be093ec14800fa900fa2492cfbe5e375d1b4d0302a92c04d560a72fee5	64	64
1b4ae196e942e9a1c4ebec3afc74ab1fcfa41e61134ae3ccadb73077c6c58a56	f9300baec2e7c49062ebc31f2ee6eee0c5a68ae5584df44e809fa9ae5983ee31	11aa1075925701ba6f95c05323dbe771aef78bf35417aac4f248b1f3f9297fbe	64	64
1b53dd13ce4b2826271316290a7d286b104f153ddce232eb09fd0f59b0ba0a8e	af4602a70f7084cecafdc443a96484092b6c60245a245f15c405ac3e4497a7c9	e6ee5fb5155663621b9c335849de5101583516357a7c2a09872d435788e03964	40	40
1b5c692bc8d12c96d82ccd5edb889d54341ab0ae43ea91beec4b0a2896f376ed	4838ae105f1c0a9f2cc299b3d67ed087d0c52a2918e5f62637fdff17d7d1cd79	31b105ec226b7a7312446b7e1185d0fca3d4b68b33197a1ea6c9aa67e5d2b9dc	64	64
1b7ab43139219e895b18ceea621a8ec02c6d2a30e71b7e4b78b302944ac001b5	de2f321184c4de4a703482fcb1f25afb9e01400cb3a129583f53fa0c7f83bbc5	225e765a6f707e29e096522ad6392ed84e5ceb9aca248e13d99da0baaf543fb2	32	32
1b7bf1c02364fd69fd8cf582e885e515ab682079b1f1c5ecec2d4afc1fa0ba89	a83fa5cdf88d9f2c08b61543a64e009d975904fefaf286a61c131c1c3162a70f	3b5fae7e87160eefeafdc1c7476c106f05f97a99171c74f5990e51d90f94cd3e	64	64
1b8efe03eafdca21479dad3c75b3a4c926aef35266108d5cfdfecac9b56370ab	21684e55e5d20fd7f2417a4c986c12de9dc48d93b50cf03f107e3781b4761ae7	6201a5dab224a870e20776552ede4bf5f5a187560c2bee66dc5f2f789285bafb	64	64
1b96d89cebd754fbff61c7a75f3224337c8acc0e0dda16248befd772d9ab67fe	25e535d3c53530bb278c8c8f77d2f43c44a57e267240e0d665752e248a607a19	2115f564f3bc6c69497eda5bbfe969f77963a97765b2ea076d1dc0783e7f5f46	64	64
1ba0cea5b3ed133b088093ee9d1c56fc5f0a3e96dab1f0c20d50d328cae3bd69	372480c61364fe9cab5708ebcc25b8b5fad120b765512b1b58fa64fdae0cc29f	7864078010996efffd066e584996e4d36e96a8f44f2bf71dd501d42df16ba023	32	32
1ba6cf5a04f234c3e4a12317f6306fc01bc4e9af8e3172b2154defbb8670b006	245d640c03bcbd2a35cab38376ab995f43518bb5d8fd36cbc68c70d7ec46e748	d239d1d651ffa07381c179aaa55587ec38c10ea0d75a9f572184d92cb4e67bcb	64	64
1ba97eedeb4baec5bd835ad5fd42a00004a6a672976b13febdfda9e497266a5a	933bbbd70bb23c10eb81dd6c35cff5f936f1732b7b4e7e9e783723853e857f3d	a88d20ce005ade1fb4aa25a59912c35e0bb391f7ec6550039d15a47217ad0faa	64	64
1bbc6e743359a2d7b5d49b026c48ad0ca88de94e24488b44e36182312266addc	0a19b0e9a4264f18fdab18f70d1563f089363e273b2de7e2e2c8fc61821ab3c0	813a5d3e53e95e0fe65a5a618201521887f52975a53f5d77c9480df1e5b45258	64	64
1bd07f85d4515eb8a5b5f6cf14db62b75104c6f8af6d97db037a16386f856f37	fde55a3cc24368b98ddd157a83e0881e2ab94ad4e066ed87fea8def546fe06be	320f07e12ac60c3a537a279abafdc2e41e8f103548261ca8c10e5e601add847a	64	64
1be4ee784db929ad188ca5a9a717d30e6751cbaa09414f7531906adac31ac109	c54bb46c92dcd37a2c14df21a59bec7aea23a60ba72cf07d6d8c9de497f61613	083746aa3da4caea89df89505399575eb63ffb1af64a141e5e96208baf455f69	64	64
1bf78e3dbdb7e3f9089769046ca727d3e849a8abe7168417de28aad15aec9579	33e84ee6e43cd73b7661f58636580264bd99a684e314f1c34acdcf091abca35a	42f134245fb3c69a36ec202f8e33e63628716b52e7b0a2b3341884bbcba29883	64	24
1c23b6bd34219ead7fc78f74103364f998d48515efda1ff99de3bff9ae28e7bd	f7c539ccf27bf26f981ced80bc55eaed78ddf84be8dbcc568988cd02ffb10caf	474815b5d25fcadf0cbd9d55a9e75d4d0dc3de1b909429d263da6f2e3cbe889e	64	64
1c24300ae9ef810be5d0746238c4097e2ba7a8d625f6b3d3b6ccbf0626825013	ca2f398f82ada056b70c8af7f486b16cd738a41a743ae73f7793b2af2d2a5d02	178ede712b99169aa08708de6d4d00d510e9079c149a9413a82a90ac84d4569b	24	60
1c2bd3b100786e407bec8ab09fdeabca85c59924874c7cb8424f1427214ef336	3a14590c9aaaaae44d300434c0c7dad449da8e0701aeef35fb5965e43cf0492a	4dcadbd588e28f312220d8d6eb42a15a0ead8eebed61daf433fd885a16b80f0c	64	64
1c2f1f83e0bd013e92c2c9e4a258bcab2fa9bb24357620f1d2d3f9b7e0ce6f03	f52cb8d7cfda6d64f42c257e4bc0c332c77fed8ce37551eb8a0664cd2fef4ac3	bddf1b8ddc34e81fc2ca23ed012c3bf0db78f1ec7994ab80d48e70102d404668	64	64
1c324c3875e80e82a922e6bb8b24f2f804e7fc3203566c142d2a7f482d017581	b8020dcc00f15d7bdd2093af65078b26ab93f69bd31ac9c0b603b59bd282db0f	13a6a37dc16c5c3f019670c5e89280bfc1f8c1d8c78a8b45064f613d4cc6df69	64	64
1c367cecdefaee3f040b138eda47526c76f3fc276f1ed5765a92ba9b54637138	815794d4d8e41afb70b61fd683cdd9dff3ca74f4f69acd30a26dfdeb626a5eb6	3ee3de1046c41e458c0d7f13d54e98addb84bfe03d639fe68ea1c5212559c9f6	64	64
1c42042512971d04f63e899208fe056c219f0ce563a0c7c9e5bc794417e0c2ce	6a385b4fa3b499fe8c3533f32e098716ca5f6902f0e7f280842aa3242947212b	30aad091eb246059eddda4721ee4625424c08cb48d2db062c293eabba6e70f85	64	64
1c433088f1c1b8ece87d8cb4f324abda300375fae9f25810fb0c6095657b4ce7	db94731f8092b28174a60eac0be0492d4bc7480307a4f514c4861ea713582811	19a1d901d5b04932a548cfbe764d78fbecaba9e67424796600590fba1c5aa734	64	64
1c4dec5a370127bf1efafab7380d8f752518a21731d91ecd561bd179f09d4309	a8a003fed18cec88bb4689d81db9d38d7b1aa2c6e1dccccfc9fa1f2a05dfc81c	97c8cfb9e65f4ab835824369192ed014729e4a488f145108a2d710bfbe0d4fdd	64	64
1c586d92c084e6e05e5bab2bf73a4bdeb13859db3fcf65ad22ea4191461b66b2	7a08bb1bf281d02eee55554f692832442f843d6888e668b686a78d5082b7b488	b650dd8dc88028c59d65fb4b2de3fe56e0f98f6bec9eda7c04ebeb75bf08f766	64	64
1c6e8fc965675e12804c7b7845432f2b0eb5671d776fd7da08664ad29b0e6b8a	1387b683f1a6d05ce0d0607e77ca335f2009608f14703278b3e326d2d11f241f	7a4c4920cbcdcbfd95526919cfe19999e0bde3ddce8a8b735396dac935f3ab76	32	32
1c8e868b6a80b595ea2ff3e6cb6dcc275f4e0da338a53bcf5da17eea5d94bcd3	1a18e8284e4fde0eb936e4098a2021b3e5d840a0a08de675b094b67207cce51a	4e45d273c71def09bcf4d9afb20865a365139ceb18667ba13692fda9f72eb61f	64	64
1c9d9991e0ce53bc3c4a11dd6c7cb011a17f80604542aeff157a1680882f156b	870a34c2b73e210f2203a6967195d74cc1befa018b00d0a7b94530bc43c962d3	8e1541a98c0d7584fd1091b3f47a931e04c32688de03cc25a7853ec79022ff5b	128	64
1cab79b5dbc7a49aa44ff89b51e064fb20141aea9e29007038e4dcad6bc61d73	9276b3baccbcfd41f4d7079e73c03d1d76265f56a025f8f35adf235bdeae8380	5aed830c5e96e68840cb534d523bbcc3feb4f82062ebdc5b9e707d29eb33d582	32	32
1cb933144f064d60e3bdf5bc779ce304ac81328880e3856ca4f0d2d4d04578a0	62c263e0dbe713e17b80438272890737ba7315475531a42b94ee9ff72e0f2287	8a6fdcc85431052163fa35ded5323ffc789b7a365ec79b84e0127d483fc01358	64	64
1cbbe47d5591230e9d783adbe6d4b968266afe255d7dddc046876bc385d7d954	4e0c67c0e575574f78498b531ce846d2806bc1563476421e4fbdd37a68e30868	8e515723bd036f19ba3e742165f0df9290a912ef1b281bfe5d4db982cd67b4e5	64	64
1cc11658cd7353ac0c5050dd92a687f91b612ecbc2d353cf71cbf6e761ab773e	d37c7b468175226eb19c9ad52a8195035b44c3ae861902d1d787dea18a04c063	0770258dda7a7fc063da058a69507235bba382a086a3ec9af8a825d3c9b58583	64	64
1cdb395597c4301e5227a93148d1bbb64abdc51d0e887d4e805627b707de69e3	c0bb007632e69bd3b3d1628d341d366a55bca9e7a0505d9d34962c79b56c4024	0a046b32b289ae3594b47ef63cf2cd94f5ba1e035f1778d40d4df97c41a3600e	40	40
1cee7412c5481b35dbe8fcd32ec76b97e09ebc33ded0fcd323bbd98c708467bb	2590b8e624b6a8d790f9f87c2172beab98df5a665fe1d41245910fb1155b9cce	5c6a247029c0f24d97b389c4b34fc1bde398341202f88b28d8de32cc01b20528	32	40
1cf56462be954d5cd25f8f663b8479ae305d28683270c6e420bca2281ed499c5	337d3f26f8a515a08bc5578689f085924b632976db49a9364175d03ec4f39cfc	523a7f0492bf5210f3a5c51443d8b9174573149fc5f3608d0d87b8137027843f	64	64
1d00a045599048ff5fc90c20ad6ae1e1271ff1bd83a0cc04d66bf31f6042078b	69c91f694add996f7868fcde0733542720b3947f62b01401ab5a9cf72cd7a009	da5d4ab98e645ec4876d7298e6c5acfa5136d442b0c1105dd837fd7603fb83d7	64	64
1d34949b326f3102755c99041d0f1098fc77dfd6fc2e451503e7025ba8d3b69e	fe7c12018afb6b8704dd078d2d2018714515bbbd1a27e76d8e9fe21cc5386877	4994816dc2c8bf884710a2bd8de392a4d586544791f66c24abfe433b7321df33	60	60
1d36bed1694071923357d2a8868d4a7da408a1a5f915e598c6a71a19c79d479a	ff55ad3ec9a9c14be6993b7d6dbaa5b7e7c6a34ecb16e4103234e56640008e8d	344ec6a6b505586c3f8ec46f0d954f90b745822195f9a37526ce1d530eee3caa	64	64
1d370d20470b9360a73eb6c96ba626658e32e30dff7f28c0436ef8b411e44b16	3d192d77059b78ced48b2da1ccf7166e9464de1648ba2a901dacef40d9c5701d	5ff439bafc0a2661b854a6a179a1339e02a74ed9ff50dff2ec210956a4366071	16	32
1d4d43271ad0ad20b4688694d7c9c30175fe888f31327c81cb4ef8b69593b0f3	96b7a79c58a72bf4e165f90633a24f8af804d8735707387f36361308a352125f	0fc1a61be11bbaa97b3decd8a5305cd1a4e5ffb8367fd1c577f14cc9d67e3e00	64	64
1d4de483b434f7c99cd28944ec46e43ce97516212a92d27c878c063300771374	56ba8e723b0a34e6e4774ee6915fd44e315b2996637846e113f19c68ee305c3d	8e15ea08e9731a3f54a5ef8f5a55117385a2aa0703a78afb57d2b5c0068ce914	64	64
1d63132a030ae23cd20643048f5a4ed842c802f2924f5739b98a6e32d77ca1fc	91587150c5a5dda8dc88c78034b9e9fde7b0178dc18aeaec872d669c35d0cbce	5b70e54acf9a4a7dfc2acffd09eaddb8c7496dec544b808a48e08669adf4371b	64	64
1d7894ea6801b6654fed91f8e8dfdfb0110cfcd81d5baa5bc54bd99bc783b7ae	6bd4fdaf40d951dd30dfe98911cfc98915d3fc0911d0eb2adf04aedaaee17cab	b49ce805135272406d713642342a8f1d74ff6b6c20a22d8ed59fbe51a6230e7a	64	64
1d8891358ac205092cdd310de67c2e6d6e1bac42109e8e8ec4d73bed00d01fe0	dc12a3d3ecf1a209931bcd470d3ee1f28e30854c61967157d8b05687b6384ae1	e0a600268e4e838cbb2d645ad9b64530a4ccac386ae25907aad6d9f68271b733	32	32
1da087d7237d53c32440518e3c6f71c4146749681e562f74940a993a99b5dcae	16caf1261575258b27535502b05652c86c5e86af81c4e83d80f8971157ddd4d7	b64e560697a5935c69baa07b3b6ee62ff3df588b6a015cf949b4cc9e05c97cf7	64	64
1da8f994d841c9a74736463cd6445ff3698d237401ec6742ae9490e8707d13b5	d420ba6c5fad0e26ab9cb13a47c69a654917b1f6e016a1cc854ec22723d8715c	8b881c885764bfb13c2d5355b2aedb63476e429e4e8efcd6e905193b05f01ad8	64	48
1dcb7ac13d07dada688308e5389a3c03e066c5422f66caa06cbc6c803ed0839c	f363f839d76abbfc9b2bb65969916af8f649fc2742cd878d5c0fbaddd46d34e9	f0418eb4d46d320a123b1f9636f9dd7254c6e525b430a92b47607087e9ee892e	32	64
1dd2b24a70682cb7aa48bdc5b490bdb2cc62d8659465548f99fb2ed9dbd02b9d	6f12c2768a0c26e356204c168e825090f42018c6b93b82767edee5f04da02f8b	5a8ba5b69a44967f91fe4d443815bfe070995a28e0a35b83c63f6a3a8d0488e8	64	64
1ddded4a25afde4e77091c45078a472ef97adb994103c8c60b9b67be832a6f77	bfd0d65596e9a9ea00a49b1e1fe5bb0485982998a774e6ba1447ee53c8e2f2ba	6c147898ffed24edfeb8b087be5d60d163293d8d2ba442a98a76e0b4912a437c	32	64
1de60efc71755a8881df887507a39861cbfea09d6fa3c069976be64907ca2bbe	726a6128695b4dfe3c81f8098c99c6cef1d6f20c66e81b5044077fe547042d22	ca7b52d918630d495f5e550086f5e441bfd4ddedf06580be9af8f8921f0bacfc	32	32
1deada12b4bcfdec5031f859234a152f0f4d57682248719198483da488b959c2	07138e8c11d19fd9a0fcb5593025db2035200e6bf61577b84bc683408001d6f4	8f20d514d2dbb2cd39a0b595e704f66ac54061353110140fc3fe3651a1c84250	64	64
1df40d3f97ff7be5ae19a5eb50fac5a3036bd5c2259106243939995104e15f1c	876967466054f88ed65d787d975802d3acf86b8cab652e94c8cc9d696d716665	cc47967d7207cfef1567462a56254fdbd3f69ab0ae0f65cc41337c7ca41ce445	32	64
1e1fcf55cde56709eb123e7a0478a3f7024f7692b43e93115015d161cbc4dc23	96b7a79c58a72bf4e165f90633a24f8af804d8735707387f36361308a352125f	0fc1a61be11bbaa97b3decd8a5305cd1a4e5ffb8367fd1c577f14cc9d67e3e00	64	64
1e2162368b2f73c19198357fe7a312ee451d5699c1bcf85612f0eae0ab06fd29	ce87cc9695201a463e84fd60e44f58befde7dcab9d77359bb89bc41e29ce5329	b1115e66e0913a8ec6b0765a07f0765922ceb3598eeef7fb292cfe8133ec7be4	48	56
1e3347f0ca5de7296eea8e4a2f1089d8d539e6ba20761b35818aaaf91df3c73f	262852198350971c98d901d80a38983dc5f92e1f1a636537081c0e551629e0fe	fbf4f8f5c49c4f6853ef732256482bd03276d7398aa9d015e256607f769844c7	64	64
1e4c1b722e3132be23ac9766b7105aa6e3bc2a280d7121b1679f323e72f1a908	8cf3e4870314aaf256e5c24e9a7b5a4f05194e4504e1e97d371775f14db6634d	731dd18f5c5e2f8b99b85320476aa209894bebec266f31af478710a99c51fc1e	48	48
1e5908df172b81b0a0e1315d13d32ea06b1435c9fa55de4e75b5705dea638816	e710f1e47cca095235cdde431df9782b126e4b18964ee52f47b674b89ac9ef90	935a1165a1e48c440ee13ea466d8461fed4170ce03aac008d5ac89c760c5d0bc	64	64
1e5ed7cf2f0078dd47607506c3c5d7cb2cdb11415915295e8308e9447a75684f	e71e9abf4cb83a05f4ce938b20c5ad912e2c42b75dccca52c9fc7f4102743091	da5d4ab98e645ec4876d7298e6c5acfa5136d442b0c1105dd837fd7603fb83d7	64	64
1e6c6440f636bee932a0ff5e97c92685fe5bc75d9bd604838c4a191a1da3b965	4464e4a18dcd904d4001dfcba5a55379865d59631e94c971fbd472e941b9c580	a6f0e8f96c838d722dfa5bb01e751b9ed5a8fca8203f90e965199d0e75bc2627	64	32
1e9dea874d67596b6b103a33881a247a83271b5bf079eea2e8521ecdf1f98eeb	6d275e094488d1e7d6d25564bab567c7fd85e56222f2f7114c2b900cafc0d022	9f8339d956873097a0dc5867fb656df12ae4dad7c8f590ed08d7f666fc277964	32	16
1eac5692b1bffebfe09baed8acfb49b69783141949f62fcd447e449cdfc2f3a3	20faf3d764741a211e52c88570ac14c6a75b70ed8dec1e75e29036b113f21280	55d3a7ce0deaf9e482d372d57334f79d1f7c2319382cdc874199848715dfccd4	32	64
1eb6e2ded01f436e912a0b3872ed0a5d6a00cac90165debfcb7116d2627c8015	feb92b792004437a2eda5b13233cdb64db06fc529a4103edce529dcc138e7c36	06a1be97b7fda0e64fd76cb962d1e9d5de295a2a6aa802002abd9b65dc82cf83	64	64
1ebffafa9ac1e2f37e1f7198a548374d58716fa9dc89220888b6b0e14760da09	d5dc793e16cb86b33b92490d1315ccf0671f4dc2d45ab4bfe39ee0a6109f3040	1645e099d3928226127eed54d001b242a4cb57465081f08efdd288ae050f9db1	64	64
1ece089fa53b78dbd58503895ec036423c60910eb6c8c5a7ad3ba2910eb7ca44	df3ba9594ed393f4fc6226a348cbfd065d9d59c3f562b7ae9aa8cc0d56ab8e48	511383ff6998c09bfed52ee0e2d5b26fd64e36677025ae5df545893599e0a44f	64	64
1ed163c19087cf04f229f6358c8ac4933892ae86e5ad6d692d84d5ebc48bf79b	9f0714b68dea7f66dd5f01a5369264a1b091a50bbaf72f2a51b36ece111dca97	ee3b3cdac610a1c4628337f5ce5a2138404697b9d561d0ed4181c415d658600e	64	16
1edf95da1bcf8eb8e7efd86d1a04a85143e4038d048b93231ae0aaf431825572	fed7bed2eaa676cd6343a9939be657f5986fbfca5703158cf3c52a7a61aa27d5	5c76712f5237e2fc3cebf57a37ae4138c8688e9418d2be289c5c2baaa6ad6a16	60	60
1eec4fc4746695038bc1dd0a8be938b0ceb0f6f5636ac21c267aae3ffe58033a	e9db53d6eac38db0a6b222384b810ce2ba6566a516fcd5bbc16e40dc300eaa28	0b31d87481382d2af36835ce81b5daf980b8554fd6938ccb6af5ad32c04b4c5f	64	64
1ef1e4abd9c1656a8954bf96c0ae8b2724e6fdc54da50628730d68de660976a7	33bf0152e2ecb0e3cd178b9303d92c33e56d265d5cc73585641acbf289d7f4f4	1645e099d3928226127eed54d001b242a4cb57465081f08efdd288ae050f9db1	64	64
1efa7367206e9d5fda105bf1a1119a7442969fdc1c0c6c82b259ea42b07159e4	eed79e39fc24137c94650a6537a399d9a5531b63bfdb8c2076da9c745713ebeb	7606288ddf3ede745b5b0316fba1a57e2d30714fc0dfae027d8d238dcba67ad0	64	64
1efdb8dc4a0042fb905edafd505b61fd80af069fd5de75213837ebc2dd83c40f	1e4078eae8556eabab4746bf12ad8540cf668f880490aae1a8335b3aef94a8a4	97ace371685b8e9d3992990f3c8b62b394bcc3a008e9d1346a776f4dac878878	64	64
1f005417422e89fa23f8d620c425e119fa527e87b95ca372bcf6daa0afd80bfb	00bfe78b67668af5c0610233143d3958c66cfd103af9c4416a5014e4e62c508d	666e085e98e2cc597eae7cef64b10fb4d8e6e4cb7a069d7a724ad49b3dcf7d12	64	64
1f02b9b41657c113e5d328c7d41691ccfa3ec0f2c1a0eb07d91ec70cd72cae65	fe2c10ad2e5e0a40b51ba3d4a66f77af431f49c46272b367a929dc6b1f20fc98	22db6b36ae494f8ba1c8c661339d5c5f87f13482bd23c3e4e7c2ed69dbb1aaa8	64	64
1f064e0b2b4e69c1350b4046ae32bf482830db5ace2fb1f3430cffe56e4dccb7	f701eb8e82dfa5163b6cfac0993d1a7d950e3852e7a0e714b02e32a60fab3e23	fa5d03bd39eafe90768f98d09d48a7502dabd727deb4f94e22734671cbeb6b54	64	64
1f0ce1fcaa3540cfbb3c0a78506694000e884c2ea2259735a52bbdcb9664239f	f328fe6aeeaebe7879e1bb9f0c1cde602f69be6e07c6e85b6d158d546eaa8e60	5c7a94fa33676f24c49609f55367086285fb1d8bb889ee8912eaa207e903229d	256	256
1f1088542ab663426fca5bbeb00f7b7d648d3d4bab7ea8622352a16eb2eaced4	17abaf98f0877ec052d7b402ebc0aeb174c9af96f8c6babf73a2df51cbc4a916	7561efc4eeef4fc33cfa16567f102600fab5501a3c4c1f11f69325632a4447bc	64	64
1f1a55dcb6afcc9751101a17a4bd81d1f8c685caf2765782cf894a3667a2e107	ce4ca9c7cb9d05be22bf743f977d35b8756592946fff8717c51510758c84f68a	7912e9dc8efa086a61e8e0cc64af1034213b809a9328a50874f7bd2d33c9147f	64	64
1f1b86908d41931aa8360f66c545b206144fe4f4ff14fc0276a0ce82023f533e	eac74c362302a01923f712305aa4c951971e8fb3a4d2164351d2053365ad060d	61e7ad1fd823d7cf1f0883d39e3ab00edc4c5f71cfb68146f8c34b471c7bcba7	64	64
1f1c1702e61a423a59fcc1f67335b05cfc7135947f9865a0f95bdf35a3b52c87	953959dd00e411f8b3512b5376735bca589fa9cd230dd61a686d115946bfeafc	63e2dcbdfa5a4bb37cc46d4e01ea3736743c53b4a7a2a775c9147aa1dc034a55	64	64
1f2f20d0deb0654f4002ab6601fb929316976b0cb56e990d08261e02d02b7827	0fd02cdbd32e57e0ff0a8e593accb3e6c2a862b830630065eb66fd8dd258ea2f	4e3f3948f548b3d16df021026880334ffe08e8e84035c5f1b8bf4ba4fdacd22d	32	32
1f303da2f2cf348cb0de77292ce46423c03dc2201d2d8202e4c64c97752f3428	3ce74d266f5f8cfca477f66ea79827851ddb6bc9d5f714bcaa2d5929cb446d9f	15486e0fea80a07ba1052323dd9eed12475147f8f58583e2eec1a5e9e03595b6	32	32
1f34dddb46c16b09c4c4622322dddb66880ae682723ad4bdb06426523f6cf514	933bbbd70bb23c10eb81dd6c35cff5f936f1732b7b4e7e9e783723853e857f3d	a88d20ce005ade1fb4aa25a59912c35e0bb391f7ec6550039d15a47217ad0faa	64	64
1f3a85e67c056acae46a96aacdddca1820f53802e21a31f37dda1ff7f5c59fad	c384f02cf80c60de9ac9fdae0b1ee1c7752c4e5d7e12dbcfee1d652d8985ddd8	faf57255bf5b8fb7157aa89b187fbc5fb93e4c33f7726d07580d284e1170265b	64	64
1f4ac5c4d9e6e9d04c1e8c3733ca72260879f5a815b286d366e5cd2a1588bfa3	68032329861219b6a153a55289f2490dcd095f7c48f6ece07379cffa3bd8ad03	0a4d57add12c33d0136c57474a2994274cd3c0dd9fcb73157f3c7566a2d610c9	64	64
1f55e215b4f3ac30978c7a5d82a922503ab2e03a5e2bca2b24acc2fff41e1157	94c849eed5fdf9d7437abf518c60cba295e3a1f1938de8736a19e3febae79c27	de48e534b6a5b94444a1c54abf638a8f67a6e206f9049c31661e44eec79fa218	32	32
1f97668bb26bfe8b0187f6e090d0a7704d6511448c457cef5d6d6dc8dde80d67	18e4ed055d227f0c95562fb8cc42fa33f1f438525038a189a71252410b8b59a7	fcd0f84f2007974806727665b1891bc78b561629e8aa23c43e7629261b24b387	64	64
1fbaf216f1c8a0213d217b0d511f27f4e46bd4dcdbd31594a3b4fc8d800729b0	95cc88a9ea82b2201b51bfe340fd05c492af323af81c83302c385819d25a02aa	57b9d7eca39a53e6b01e29e2d4a8fbb08baa928040dc7e5fbadc95763fa66c11	32	32
1fc9fa8b4ddee6b422f8cd57984ecd73d281731a5ddf2cbd2cd563b9f8dcacd7	aa252929c3eedec43c6fda418cba88878b59b5de2e7a9b7c2d3599ee86256d6d	0ff2e3fcdea8186ebed6c6de3925a41005d907d64d463ab56c31349f45f0d626	32	64
1fd2ede45ed08f57b4c9321501b80c6b84ae0279282f56f55af10aad0c2dcca9	c2185070bb4e575eef7e45f110648eb00e67283c59a3e54f441674b84762b88e	552d9e3771e465fa57a467269be01f36207d492d73acfd865a5be70a80c0fb6e	64	64
1fe4207442bfde84a3b21457116f7ce848d637c2ee99f834d802434ab2753e26	69312e9b7a0fe24c6477e8987199dfbc4e75a8f73120854dc5be058617f3738f	bec5bafbc0f189be326109db49e5eb978ee5bc972e095a74844ae3700b0c559c	64	64
1ff583ad663fdb96c552264f516906012f2655ca599f89cddb88b96ee30d7a00	3e119983b3a014b898890382804a0566069c121267c5045443bcc9fb348814e0	55f866a5edccf888949ffa85d456f3acb20134e3cb8e0f344d9591c81da25f8e	64	64
2004a3bd68b31e444e8d74321dfa8e3c8e7a46e0c4c3eb665d7d95ccb3bc786d	a7b4f3fdef10ff5c37c80df803bb78607b4bc2547dd3efefc07fe2f4db317511	eacc9660c215dc12708642ba744b3906430bf7fca73784f55ba339d44849e240	48	48
200741a8682937a46a0d674c3141bb96652851366dd6b1da0988235fc029ff2f	fe5ae48fd5f0a1988e13a34eb20c80d2ba84be5fb10ed517e3ce12d7e49f5bd2	11db18071fe5eb49fe8f0962d4a512f59ebdb59101fdcc160f989192b5ee721e	32	64
20176744aece66f1943a9a47c74da3e61d8421cc78e6fac6f202c2a280d9ee55	ab2a1ab9d7be8f1b8cdb6fef702a8498263dcc6913ca742ba5421bdc65c26fd4	f9bf26387d1d6558805bcdea1840e370a6745f5f1589aeab949693d69b84baf4	32	32
201b52f02364cf20f9b53be092e69bdd75e233af122a23ea21d1ddabc4d64729	59a0be0e6e673df79f8bd2d39a2b02bf9b688206a005f9ea7352a492357cdc19	171be6fc0cfd2ad196e3c06be7684ff1784ca30a09976fd162c80f294e4a7a40	64	64
20427e14ed280045bcc7231593f6a64f2eec47a1b738bd8f5a4dc78d10840e2d	1d76b4e7bb6a0edf4a65dfdd4c2103ff56ebfcf85f430bab4ce44c5b61428283	ce6079c6ace1fadf7205ea93485246365f79934937bb5527644a7712407005e9	16	32
2045cf169c20b583e650d0c1158f9ac18dcc3552fb7960dd5170cb0f11f2e4a7	b18fc65e65ebd388101bd90bb5f48a4f8c99c01f69f25739f04b76be0e351700	e80af6413b2c89a2f43d2dcb56e42d8a3d4f186280af53b9a6bbe02fc62b0fe6	64	64
205009ddd173de10ca7390af2ee9cc092060de03ecb50934e3405aa01916bb1a	8add65133a45965815c0655a71134511d7cdf5294422b4e18f7aad0897aa9241	7fb85796089a4166aa0487d99a2e1024f41957e9320f763014e7c78ae7bd33c2	64	64
2066a0192b8ecf19579759acd9f07702901f89ff8a542d954b4aa3c4ad8127b4	a6f4786f75ec9bdb73b52537025c5c057fea528f5f7a18a74d259354bfbfb00a	d75157748f952ea3c510fdfe7b1e92e9124a544cba574780b854cf64b607a21b	64	64
207265f116d9aa5e927ec7dc4a87b01a511ab814a23f1d783ffac3032e48b0dc	5fc2f04f94a382efb0c15a52311b192e86a16c386ece6f648bff71067013cf9b	55fa04ea14b0382eca41792588b76b368df782cdcbddecd51bdaa807783380fb	64	50
207ddec6cab0f80ca5fe0a711651aa2a5e339ce98f226ad0493d6e171cec795d	01af38e052d9dfe8d85d49fa2e662532c7dbc27a08fae2b4797de13f96bcba0b	c1a8cb8b4326906cf687dcca736e9e164e50f04f76510617b4793793cbfd2686	64	64
2090e3ccbb958465454f99dee1f52e2e7283fa691c7467e78a567f58f914630b	989cf603f19db291fb4da5f76f8a18b6257b3e290f93caceff53b509e3e5db47	ed07720ac213858bd56f6822a0d8ff570a03cda19d2d0ee3468e069ddac1e221	64	64
209650088beaa8f7bccea0c517bad1e3e3cd50a4f64d7f6c49de67c4cddd1127	d701814235ab91b27813fc8718087d9c918e535308370bc7a90a2aafc60f1b2e	8a705d65370c141f838df1ebffc99d9f65e1bdfc6d424beee1bb9133bddd0a69	32	32
20c401173cce64a0a05b8f3202dfeb88f6c669e644b0a92acc6b700e156446e4	45f18a406f6ba444b4c2412b870eed5961b4bc999c09f1c7d38289719fd2e7d2	f17354971743884405bff2487c3ee248f92ebcd4811b8c65a5d6cceba2b4dd00	64	64
20d625b7cb5008423cd5b09f7f371700cbe0f758dda992e0c696bede8f84c6bf	901c6da3682f676cd561644f7d7b225fb590888c01bcfc3ce68ecb9612d536a9	444e35f4f14b62587f7fdce9c7147ac0cbed2407a9dcbe094833ff83b9c72521	64	64
20d95f90b4b31d61c5d448ba47704edb4aa35a003046245c4888f69062bdf57f	4089c18d7d56fe9f3ecddd59c035a6199f329c7ecfd9f42028b09596ca703bcd	b231e0df8d12cf7c57617b07678683e00f29c192a1a763f2ea55f33cf3d6332f	64	64
20eb2d4c2671c89605b51a7041c331f3109fa77b569f769df0b0af5e3fff9b03	efcb768d4f4cdda419e6cfaf7c00197cd30064d9bfaad32886e99cd30dca02b5	edb6356b885696ca6ecbdeaedc94380ea9dee4a446078734433527bf2c65d175	32	32
20ee69522057fcf048d7d045c8ab294d9fd589e2fef7efeff545337f3f937058	6ff37e7a227257a789e8368cdaffd31df927847e8a340214261de383d9ff66be	4c5d65bebbe8c21b10a3fb55f65d61e5d59be9fbb7ef49db5d3b7a6d7f6cea1f	64	64
20f51c35156c9dc79247b0b383cccdec41cf796ec26d3e4efc52be21c5912199	47a3eaef01319c691291443ce79355cfee814a08f4995f293cf1cfbf20426770	3024d3218f7dcea017e876f600bcd3b7cb0794b5a4ae27e79dd19f2e2d079b7e	32	64
21063ab8bcf7369173daa1b013d07863647a81aab6e032abf59c1ea0c3f3b5b0	0fd02cdbd32e57e0ff0a8e593accb3e6c2a862b830630065eb66fd8dd258ea2f	4e3f3948f548b3d16df021026880334ffe08e8e84035c5f1b8bf4ba4fdacd22d	32	32
2109cd5510ea29a8191ab04a2ced78df8cc72272a69167cf8a002edcf86a8eb0	a6690f81b79c53016a7271bdae5faaff75b7b951ec039ff1e4477fb05a6f6859	1ff58dd5d987de0da406e43a9c75847c35d979b2801d5bbe71990a8be3547888	64	64
213cae4fd8294dba7099fc48c1c9a36d53c4bf984a89d51cfde9ff3f960f8767	d16c1d0dda17762c9f415ae419f2c9db3d352ade3d64bba11b3301ca2599355d	a14a4b21f602c12b8d61cccd0740cc2c1d74bf202564a11bef38e0be00ba0b0c	64	64
213d0f3e90cbe435ee71585c118ca516611a8c4525c69182cc920b0d8338b90e	7bc38470e438313c823e768a76625650f5dbb9529811cba627d986d337df3d25	e2db022f98c7839815fdddd9bdbb9dd7c56046cc7ffaae042bd24191230f1c05	64	64
2145d1749851d19298b5936730dc239fed4611f7f05544fb37456346b3f8ea83	6317c7d5779360640eda49e67b3008beb2e7d64041572f165c172431ca469fd4	29fd7d8c7afe93003ca3f93c71f619a4db73dbd21fb012f48df62b3e23ffb013	64	64
2146f925f5ddf77d90bce5530dcf1cfd262945871bf2638c1ff9b5f319c93f5d	fcb00e04a34d655cad0dc5ccab51d5116b9540ad7186984e355ec79772176fc0	471f63aa944a08e496bee3cc2d9025152e19e667592a155e03238a5f93727c66	32	32
214bd8ff292238df782fc30a5c65371666639ab5ac09e8fef451a31ab1d31fa2	7029aa7fa31252041bb76e55055b49a5fd6bcf4b4e6d404801793ff06ac665cc	cb833da0e035fa8d0249732610d024f17f9b3cc603a14ad532054cc6fa2d4186	64	64
214f189a1c76d6990fd7f7a52a673813ddc481144038ec871ecfd4801e44f47d	0e9bde8e2190e4041dbda850963bcb44c63dddd8672990fab40321dbcd283308	0eab62f6427f55ec3535e1f5d4b3a350a9da835c1815d3cd6f8ad29598f95c25	64	64
215ead8c33e7796347555160a834bb051c2a6a38b93f722e41b18c6c13671d07	2710c8fbd74c72a1a71bb2c092e0989ce3426411e0b6b55eb09b571b53a98ce0	026aa18c73bd1b02e84e6c38b6d2e29dcf66661960ddf34d6666f7c7133e6f6b	64	64
216192d9faf388ec91861e966d259aae5fa7caedad0fe6fe0ff397b06e20ac0f	20faeb179482ce39516e54912143a21cfe19cc8507612dd1b1a70edac9e87d53	3acd7e26a0a03cfc9d697920acdec74a9ccef98a3feb229951ea7bfcc63d8f97	48	64
216856bb5288790239c7fda4b13f68a5d86e85c523339584b0556bd91f9bb648	5ab592f1161f917ffa093467c9c8c2afa7ff9d65b1116a6208f1eaff1bdb4135	bb6a7a87bf90480923addadddf89faaa5e83dfaafb9a1f95fb4513dc1b66a628	64	64
217a471a87bb9b9184484f4423c6a08def09af4b3e2be97263f572585f5fa438	9181c17e3ffe19f247d39911ff1b281d9887bfda180230b05d45d08aecf39eac	246eec25bb277191f08ebabcb49f530a5f04bfc57c3e5bc40d3bafd66b98cda8	64	64
217ce27ccd82c645e61bbdc52c68b037f894ca8ac1ee41891238ede2ce61380c	51ad1a861f2a3a98378b5d5fadeb8ea36d4550d3206ef840abecd29caf09609c	d8a14dc0fb45c3e916c8775e25c061359e1fe6a9648ba4305c410c9e17ab3d71	64	64
217f88f6f409fe09b79b2e05196f3c84ca73ddf69f09e3faffe61c7f33b8fcab	c575567765e91e2af53e9c3ce94f02dc109d78df4a3f6c478ecf20a96aaf4a67	15a4059afe0a6a80eaebafda722ddb46101e3ace77da5d1717b8dcaa75bc19d0	64	64
21847ec5e35f2cb42c5612d61316a08db8de9a99dce15b32836aa89b152259f8	53b6db1048fb4adffda2e08a97b9ff0ebf7e9c53ef1060c326dfd3264b82129f	74dc72ca2f59271b159fc84255fc7c7b3a326aa1b9c5925486ebfe73b407fc98	64	64
218d3096a14ec4442feca6622b81ab1ee690f95eca9002328d49e4223d9a626d	6b22a087de4fb21b5711808c0c204cc8f4c787324dfb77f1ac946d3c22e2993a	7fa5ee28cfcb3c76f3d74b9302b87db12f1c17ec40eeecf138667c8b8a45d4e5	64	64
219433209e73c51763042f403d0abbbed707e80f59e1fcdfe8223efc0d0cbc87	b287c16b5d9471066866e2b640b00da8b5caf19fe1bd2f6a505a91db15f253c0	a72188c2669c9889452d60eeed5070915e7ca0d8ad547cb605c69e0887cb7db2	64	64
219c0f53df378035252dd354061ef31ebe51a8afe07169103b268b020aafb49d	81434b050cfb8d7943c3335b230c1eaea39dce806307efce0846f864532e6cde	cedc257c1b1452effd3c18510660d1bb6d7ae7df7cf381cd6f49aecce0620719	64	64
21a5122b4201d19d698307b0b6512fface0447d7ce7914e9c23af77984874e1d	538e1636d6a3c22dabfa05da24a1ea6bdc7f7b946441f97aff65d2fbc0156ec7	d48a02072d6feb767c341b7598a6bfdadc6f5e7097c5d09e7cb2a4c236de1387	32	32
21b47c7475434f39997f71f13bc5b13c70fa38eb054fc8547fc0bbe4ce820e3e	a1281d7938036b8273d0676383bc720600195f03b29cdc596f3ac0dac03e38af	20821d0b0634a51e9db73296dd87cd77f0e7585cfee65c46771b639b646bdbca	32	32
21b49e9ce09ba0ed49825a297f49a625188fc95dea8d06b8ae97169611e28e06	d947dee5a5c938cc2d0b4cfac3022927100029ca312e724514cac1b76d042558	493691673b0db80b601558918f84e594e2ad2885abfd7f191908cf5702c137ba	64	64
21b6b4360357994ec84302c1550d9f7f049655ee73fbdc9eeb8e72eab7418073	7f8192f0e996d7aead9793b7c0c4560f702a12ec9ee019ed52ddc20352b73701	f90e261144bca66e90ea2b50201551e5a8ca02032aff3dc263714954103a370f	32	32
21b7217c6cdfbbc3d2ab27037fedc8e6e14fe823d76c73c4656c21cf37ced161	1666c780869d039a51240c400bbd5a34831d636ec5f37227b76264ccc02f60ca	eead685971cfdbc7cac9515101f6db85950ea2a8bf3d25eca0bf517ddf2cc974	32	32
21c6b934d1016334f8f6c66b8fb203cf4a92684f882a8df3034a8c8e33a5cde3	1b3135de70373b2aa3629b7c46b692816cff898df9f879841fcfe586e59ac435	f76abfb2653da215bacb8b44a4d28529b9509b4517632c98cb0685fb893198e2	64	32
21c7b85a84b8912560678890544dc5cd5d09733f08d9052ac4643ddf400a8643	f90b9a011ba3aa7708f0bbd032149b5fa3b437d06e98f9a97df18ce2546570e7	b98d7aa45f9e1f3bb9b597563a5561c460ad10dd39a5761efa98b3ce8557f89d	64	64
21d21f016f1968cc2206a22ec672e8dffe064797253c8789652fac179e66b9a9	160b024380f1dc56838680d82f33eb2195b75bde4c386531f94f9346ab24c221	20a86baf5432813003cb80c28de16ee90949e853c7442a083c3f424a89876868	64	64
21e5b48943a0ba7d82744905aa22df34bb0d0b33e7f3d43e60915a689dbc5f3f	8f8ac15026dc7ff812c672c6c6c88746174c3168ee8128c91efa3041afeb043d	166d36670ae1c36ee4630ffb3e7355b84e60c2b437a24b0f7d6f804bea54cb5a	64	64
21e890d84db6533f0c7b2a3c17b2e7bfcc25120ae6008f664f1b3d0afc5a0ceb	efcb768d4f4cdda419e6cfaf7c00197cd30064d9bfaad32886e99cd30dca02b5	edb6356b885696ca6ecbdeaedc94380ea9dee4a446078734433527bf2c65d175	32	32
21f292a3d3923b1f05c0d1be01b4120334f08afe8d2038b1d47e25641009c3d5	82fba70ad39173f42aae25ce904e605997f1c1ad7b55234b32efa0b6784c7f38	7b66a55f1cf4bb056d9517fc861076256fb18c9011f1f1ab9687c85e85b0f2be	64	64
21f94b9e4e7b48a271cf337c6a7be4b1f00d3f0085b533b3a9a65099c0864b5a	fe09d93135a0cdfb540a73ed6bb6a285cc106843265e05a86b2f8dc4abc3b85d	e1f83f50daf6a5e86f3a4a0e6505b3de28abfc1730aebdca51b5417c5c734f49	64	64
21fcfd9d03c2e094715140e9f4fe9db9e2c2bac3d973cf3b1bab9dbae6f7a81f	b8eada978193a88f6544f8116091dc1bd6d8e70c7377772ed40263d2c344afc8	4afe5520c55bca1ff726d8b8edb19930ddfd171ccd03732460268599c5ecdec9	64	64
2200278b09bfea2e5d0a1348bd6be14d9e0e7b82ce760333069d6c3f43753abf	4228658ff3bbe8400d7ac13ac5ae9b353288dbadf37b3723fa0f4286b349c988	d6249d45e471ea39eb1a67aca797ef09b15d2e9c48202e86bbdc4b4d9eae74c0	32	64
2214ac7ac6fec440e51c04c4d3a2a4d270d83ecf7ee8c42b1309041b2a8f319b	705ef2aaf801d0518b8be5d39f005b34eb2acd6db3a23f7d8703d23483f182f3	d653b54b2a2dc06391f49e29f4ac854d25044ef80c82d249f76778fd70c1f434	64	64
2214de8aa95545650f6b39cf6774f298669dc8237ee2d2ba0128b29b3a9f209d	cf6450b844a1c6113e337e88360356626dd3b7dcd2509e60ca9c3d45b30efce0	7fb6bba3c4550727ee43242f424b37a5145651885bc6a70a284de84a9f7cde6d	64	64
222074a54e57362b1e281c0394fbedb260dd85f424e2461f2815ab024bcbbbf0	6d25a06c877fe6b30846e44c9a30fa3eec238a1af84451e5a19e25235a98ff16	0952c554bc8a99574eca74d06a684972e0fa58ae6aa1d3789d06bd761da7ca80	48	32
2225e7c7ceef59ff35923067b8b3b9e60c9400e991f5f514a79cf8c3b33634cd	af41ac4ebbe26d463d9158857bfa883dd8ad9513adf65c9858d6f781c73010f2	eac9b59ae7e642715ba1108ff85f05cb203d66c14f13c97eba0c497545cae526	32	32
222aef70314eadbb5d5160c563384cd51985d60ce7c5dc6dba9e11157600777c	4a08c21999217cc1644ae0f5378e7b2bf367b0734567d171daabbc45cee0aa50	52b7f84fafa28d343d80286a8b8c923a91a596e99e9582f86624479b6bc49734	16	8
223232e4d90433955f63ccdb895d7705e961616bb417cbd0f07ec324d6857efa	117d65f0f157f159117b04639feaa4398537e0547fdcaad705473eaa32881589	9cbcfe7c62d361d44eafbc7c73e75dbf42fa1479001a179a30449918680fdc33	64	64
22488e0bfddc666ea098ae29b936269ce71c23b6d4b797afabd046e9b745adcd	a0d5eece1017c1eb4667526d8db2dc523e0ab10263e5b93a76af90cfa1384f9b	677bd7569f2bcb005e097a44764ae493790b537b2b072dc528c577b10366e70d	64	24
225cf5134ff49c7f6fc01a4b71c4b5c0ff8f09b9177f5a65349e7f633545fae9	e0a0a5ec57f44d449492f196dc793d903286c895dc03cdf94baba1a4ad8bff1a	c59e99ed5d79bad08842615eae1b32487c31176a5fad79f427eb11b41a4c510c	64	64
226ba67bde4768de88739c7d4f2d4bf0730f804fe266a7f9927c3473590abe9b	dff5359cf75fe1e7458acf0a4d9a88290735313714e6293ac307228ef87170d0	8065ebf91e02c0f8781577b91ebe8957a87577aefceda0337e17b241c05cb013	64	64
227c598619d4bf3db6cd580c508ca03959960659c226a4686dcfb5d7480cec9a	3de363f9d2d1af5602b1e08fcff491d8a6325c6de899dd97caa35e0b3955c4e8	bcf85080f6454ef144ac4a200d5d854c32251a26916a1b4d0e5b1b74ebc1ffba	32	32
229cea18fd413ffcc2e1f6b5648348b0955f1eb0018d9fe90c44df973bdeb5c2	e6359441dc4860ea077061cbd779e80f036272d37d0486acbc91119e255466d3	4723b766a9d8e7de1eac1bc983fb7900283f8a18f41e0f6c8f7a39873099bc29	64	64
22aeba6ce522cbab42e8d5b30392ca4d84851a5d7ee8ae8bbc26c99cbb541fbd	1a7e9d7bf8b72f761b117f2d4f3818510931e933d7462369e00bf38466a525c5	d79ae994a77335ef9f7fdce20dc9a60e5f97b13f93df70b99b5a2b76d9c382f6	64	64
22af7a64809cd1001db503116dd9567dbdf30c7d22d33ed5c73391ae180a979e	33989f9050ec5d0bc5b8974a22b567ee2338aa0d2ce61e9554a8aab84ad57735	deae67e7d2c1c376db136fdcdaa34af5a625814759db4300ff5bfe3a2aa07b58	32	32
22bcf04fa25b546a326a737626299f05af297401ae393d0d58a67c85e447e596	69c91f694add996f7868fcde0733542720b3947f62b01401ab5a9cf72cd7a009	da5d4ab98e645ec4876d7298e6c5acfa5136d442b0c1105dd837fd7603fb83d7	64	64
22c5a9e7015f0179684efa5126f37ca8a2ba413e9f5419321d1992a288841f30	b8c78abcf289776b51c22a09a9b64f1d0d084566c8dbaea81ea1b6dbaa8361d4	dc7977e38c7e8ac6d868ee6b0230499e3ed3791fee0c6e060f48265d2c68d664	64	64
22c7ae27937f5f90862092b4a785899144c8dbecfd2a5cdf1951ed34ffa1f8be	fe7c12018afb6b8704dd078d2d2018714515bbbd1a27e76d8e9fe21cc5386877	4994816dc2c8bf884710a2bd8de392a4d586544791f66c24abfe433b7321df33	60	60
22c8deaff9d9e881d4ab8dd6042a65fa1f55dc35e8828c1ff2425ece971da190	6bd4fdaf40d951dd30dfe98911cfc98915d3fc0911d0eb2adf04aedaaee17cab	b49ce805135272406d713642342a8f1d74ff6b6c20a22d8ed59fbe51a6230e7a	64	64
22d99825a1c2621eefbc78fbd2fc9e493c20e9c3aa15bc99a50eb64976f66868	87ae0ab6bef9f305a5daa37e5ce4967d73ba693104c6362bef85eb99160b7ba1	5388188d397fcdf9a36b94e3ac0b73ac4d88cde53921338d59aa5404fe7d0147	64	32
22e2a7a93b3536a3c86babb8e43feb7f0139f85b1c4fbbcf4f88d959bc620630	9e35afa9a2188ba7af646dc1d2ef09e0508e5ea5ff5293880f19574ff20c4e3a	b4cfd807feba9aa3e1a6ab9f73dc96db99cbc538e5c72ec30268fe4e040f1861	64	64
22ea87f9a1f638da4f591d103955784061948683e615dbbbf949316912aeb868	94c849eed5fdf9d7437abf518c60cba295e3a1f1938de8736a19e3febae79c27	de48e534b6a5b94444a1c54abf638a8f67a6e206f9049c31661e44eec79fa218	32	32
22ecbb8f2e2a39619f16eb8ab7a4802b82498b049a21797a3f28294ad20c2e17	ea26d38f233c3e122b9dc493bb912c3c33d32877de917f475cdf5ce6aee045dd	97209d1dbe069422318807283aa7a5e4d848d80c8c83f866277c2f7850bf6fad	64	64
22ee7c5e54d3071b13fc64f55cfab0142a42dfdf146d4fdea81b27f3ece08417	b9588dda12a599ed744ad6b90a78d2f899a4bac4c7de9213bac0bec21e1f5dde	e4fcc9b5d7fef622100bc717cd65b4ad085599626d6f1bd223133065e96b5049	32	32
2303c44cb0473a30e16db0ede240c7573e1268a76e6086faba7fca0b0897c22a	7a7e8a90efe90a83f13c2242731cb8d0777380316e4a142171a2d842c9a3c153	f26649baeef0eee86102fd39deb51a212943cfc510dbe5963fba9515b1120f25	64	64
230d1f42d4dd0f348e40b26ee882584af1197a9ebde53c3ef3a6daf51f928271	636fdb036617e6c4f1a6f16b9b905fbe711e363fdf5744d69833a557c7a15dfd	21766e8712924d548e1ef8a2569b45993751f20799edf2185dd0e38bd51742ef	64	64
2310286f39b10f7ce36bbfb542169c1a0e5c3090f7a17babe9a41eb6995db113	8d4f0b6cc26b10506e8e5e9918feb954fcf6cbad6e382e8f258612a7df54ca26	4c7f2afa3aca6f05e5865ba40af68105edd573bd734c2f33a7754081cf568a46	64	64
2314a5ab68d01224c1d1bc8aab87e415b5bd1fb55500ee3fbe8965d0b79ef343	4ab62006d4d0633d38b5e10cf166a360bb3ca497ddf78d5909f288e3c05db7a5	65e2813a009b854a85f698d64267c25128dadf3e4adcb856a633a50053cc01c8	64	64
23344c69e9cf29728388e3b6b762a71b6e3c320d7b77dc6c32ce7950cab99cdb	4c10e857971c1cb2d5568867430dc147460ac4d3bfb46f46df28bdd9313ca40b	1dfd91edbab70f5a7a6d56605bc543402b958e441308a3206837d614b3bd7c14	16	16
2336db17b06da06eddb04c5491ddf4b0d12955357558a2c17dee795d1b0a138c	7b8e127b73e7735a31dfea87590e1b00c45644ce3afdfa357f87261ce63fd9d7	7050d0c43dcdd1b85d02f77393c222cf1660b8fd42ee773f9c5ff7a04cad3e3c	32	64
233f9cf3c838c7438e5ca6a5ffb13ccbc895f9befe68bb7fb7ea73da3f4f15a7	76652453e74ca985dfdc2fbe1d6701d10ccc976aab69ed5f3e1daab5a17f541c	1bff54df705ff02b2674282a7eeddce9a7f2db92a4fb2d3febd6a2c72a6c71e7	64	64
234b79eb52d74ef4bd48c9e4dc2758f82fa8b86581760cb692f8a01374646f9f	e7d3fb55d51465e55c4e7bcf422e915e227bd0aaa772decd672b2851b05a338d	3dddcf3685beeaa2ea71339f8bbd74603bcf8dfa07ab24a3e140f6ff6006c8d1	64	64
234ea9b7edde5b6534828f14e8269fac4b618847fe44c133c347a5e580abf53f	fd3a88b1a49db34aa9a848f8d0733991f03fdfd9274712d3b8439a4c06500644	48f91d214ae4e071298e215ae2bbb1a3f1241e17ffdf0c4214af9406aad965ba	64	64
235e3802bb682791cedcee7b88deae934d0996a4cda93a6d10c028cd3bcb509a	76652453e74ca985dfdc2fbe1d6701d10ccc976aab69ed5f3e1daab5a17f541c	1bff54df705ff02b2674282a7eeddce9a7f2db92a4fb2d3febd6a2c72a6c71e7	64	64
237e7d9f180238f5da504283113ca8e30b277826c7b05c3dd24dcb1de093e40f	9db65640b2b707957daeadb04c2abf106ae2d5fd275e875d55ca1451ab053ff4	602f1c531fc1a4f8aa86cd04c752d944824f0b3474331dc2fb04dad77bd7c373	64	64
238c3aa6871ee74712e2623ccbd78aa29ae424b2071ab879205bf965aa76b09f	4ca1533fd44b4d43e9a809547eea308cfbc6d8795ec6a798b76e28ced36874c1	1cc285860599d1cd9fb87aeabf6ded7599269d05faddd8d93bbb8a6bffa9d31d	64	64
23939a966cfc7b98e11c384bc8f29c6143f386ac74f95d2ef78c78b209691ca3	f54bfdf3e758fc0627eadf233a8ffe4b22a193cae4d386f204fd54afa4ee0e4f	3627ca7c449a5f461444b1c092565335bc98c24dc4d9a03d35b6a004650e2110	64	64
23e2df72252526d3aec00243ac989393998b819f88a0fa0c65f7b9287439d6a0	f8130e3ae111fed4e2ad5424754cb073062a329c6ec402077bb4f6fa06715472	02dac45231e434f68228c7c66d5b6008ad45b88325fed5ced22b91973329aba3	40	16
23e2f02dc35c66eb6d52242ee1235c1a1613a38962a956dc516c81857b0a9aef	697cbfda1a3feed4a48c9bffded7d759c504a5bf8d40adc336a1f03279dd793e	e0a600268e4e838cbb2d645ad9b64530a4ccac386ae25907aad6d9f68271b733	32	32
23e6bafc702667f893ce30c1a88abae3e5102c00a9091cb660f95829234d2435	76652453e74ca985dfdc2fbe1d6701d10ccc976aab69ed5f3e1daab5a17f541c	1bff54df705ff02b2674282a7eeddce9a7f2db92a4fb2d3febd6a2c72a6c71e7	64	64
23efa3dde277eaf4d06ca4d4cec8404430a194ec2b188aeb33ad5adbd50c4597	05c1735502af23c53abaf04b1aa1bd74e6e58b7b88b116286a03037ed548b108	b46947795f014cac9f867174241812f9010d89041f419d0816ff2b6042bedeee	64	64
240c6dd83afbaada161a4233ac027a7a88496bb44f18a7c1cb65d35959c0482f	eed7456143d6ce87635430e921d7fa8b10dc6f0251821e16703d519454d456ef	c25499eb85b29e041fbc6dc9f83643058ae12c140e9834282f15b45299fad3cb	64	64
24176962b8d5c518039ef52abe0ea55e899b2956b8203e007d9483af9c041316	0c38f2af1377a608ceb6b0c0cda0af32abc4d9fb88584f872a5b4ac366bb3bf8	e7d99fa905a4b46dcad2c858270555d1b5c00f8153a0b0c55cecf82f703b82ff	16	28
24209159771c1bb5be7df793db0689089b641f29382a5ee8fe678cd1e155b82f	46b870eb2a60d7e4c3935d3e1c2bacfb1e933696021c9adb6ee2ce72111b135a	a0d81a0d7183b16073a7a7928ba6aaf901bf20df6fa9f65aefdd48a5158b7eea	64	64
2422a3f5f18c92b95a86baf007b7e1ed1f5a486743489f8bffa254411478d881	82bc7705bd48033e63769e97f479e1fb6892d8ec5942608a66ee4230da6b115c	fdd472edd465bb3b0b2bf2e32063bdbdddd05858ec396d86e01f96c4ebc41477	64	64
2422f8ec04b4344d2a6625fa403bc2a3d2f739abbf598139fd6269a2f3f83198	e71e9abf4cb83a05f4ce938b20c5ad912e2c42b75dccca52c9fc7f4102743091	da5d4ab98e645ec4876d7298e6c5acfa5136d442b0c1105dd837fd7603fb83d7	64	64
24236b6385daf29f9a2428081516cd27ab4d0ff0f7932a2b89458c19d8b04835	9239c18c4ed4b21517306364e222f65ef7acd084e89678605535af932ac29305	4e8cc6a4dafed8a6455738880d6872c6e6ac43a8cdb5d4755dcd478367a60be9	32	32
242807dce969b32cf902e0f4272df247e5621ed48a5cc4fb1b34f0b2b371e6bc	fd1f99228802e0af9189b3eeaaa53c8da44a77cc34740f332ed7224578b07485	06914ead1bd93d0463086a9e78ee1c05e56b2ded3681470f73efd0d992a166d4	64	64
243042491fb0f3f571f6f5124331fdefc1673931f77259cf42d825e53552ca07	2cfb6553240033a7da124c9053cc192d17adeff88082bbd80b9c2ca42145f67a	7ed18bc3816972e378cac580e57bfd861fd514df84abf0199e4a0f2d588f2b77	32	32
2435d97ec08a5d1305c901aafd0654d45d62b3216e3aa2ab8071d02bd66070c0	aacf06f6d33991d0edac5630d8d76e73e9a58161e434a2621671c1b191231090	3477d9c41176c476cdff40ddbf3dbe90dcb8a28b8f0cbe39534708236ae79c3d	64	64
243870fbf0fa7a74cf09c4ef6de2c2b79ae6474da7c43bcb678e4b9f8eabe1b4	a0d7c3cde34208ab18c3899498911360466ac61233a35ae86ef4b4dc727c7683	24309c4d9e57313ad14aa8919b1ce7ca458a335ae6a80102cf13907b95362320	32	64
24461c0bc1133ff6866f45a44af46b4ecb92d2d906adcc5bfe35851375f37ce6	346ba6b35232d38a86689eb073406d01a5e5bcc6ec4138476d8bc7c3bf8f5017	acf4dbc34a042ee82d5f785be599f6f8f27911079eaed6c5822b9f702bf78e15	64	64
2447218909ca4ad7e2ecbaf3afcde069bc4f04f97390fb027cbf116bba648668	3121efd03e9a3f68a576e529509106d2574d5d264bd5a1bf1b1601589d397006	673e7f9f1d95e5da6166809c979ce3186e4c5dcd676ad2ba3f2597654b7797cf	64	32
245d241573de902f4a774e9736dd11eba90707e49004392fb80368425966c36f	aa540182439741af5fa9197673eac45bce3e939b7eb3076f58c57050aa570c59	87dc85aa3e458ce901083e1ca5ac500b5c12aa6a822a3cbbb4c65ff5ba071c92	64	64
2465ced195b4f2618ea165b04afea06d6499b5e99d87ff3f8d15835e41654e07	35782d1ababe3fdc27ad5aa48d5b9449fd935c72f856d2e188c929a2a1802d26	4157a733668d8d899fd273afceaaa6e233dfb833ec421d287cbdcdf2471af539	64	40
2465ede8383700dca57ddfc48ebaf4813d522bddfdf45550c087255af3da0365	dd0b7bf7f8a77c8d694e99fb08edd5857d2e46ed6c6e6e380fa19fb7f047cde5	84c7462e226e545cec8615577925d86ac0369839521358758307ded4c0aa3f65	64	64
2466c0a9dcfa6d9e2eb584feda8e95e71161c1c24b1f4e4e4fadb879460415e3	703f72c79a97e21e2272b11335d7add9df3fe8b59d5977d4f06a10ca829cf6fd	539803305904dd5a18cc66370b1d99ff20b0c06fd562e9cecba6fe4cb2434e6d	64	64
246bb14be813958c539b715b95c80112d6577164e0600538a6eb3e42f1fedf0c	e421a0796c239941d69be730b8689212e5529939c51532b3f7069b80a0a3db75	cc0fd103299faaa3fb27cd910db34815c455c1bc84e8f93837c3b79b07605fe4	64	64
24858df552e3584dd64892dfc767e87445fe3253d4db9eaa8241d7c74400871e	6d275e094488d1e7d6d25564bab567c7fd85e56222f2f7114c2b900cafc0d022	9f8339d956873097a0dc5867fb656df12ae4dad7c8f590ed08d7f666fc277964	32	16
248d39326dc0bfcaecf777a699a96133a71dbe8d105e401f84da8f78527eb7b3	b0c3aa9157c3f4e2995eeb73ae2ca1a4fc53cd5da5399099f59d1da9f6b89700	7760e421d3d9378b8cb0e9c7ac3295f8a08aec5630e831703d570532eaf97b2f	32	32
249522977b099de86d2099f12fdcc8dd08f4134ef091a2e5c1e2c3b474a5cf20	0a19b0e9a4264f18fdab18f70d1563f089363e273b2de7e2e2c8fc61821ab3c0	813a5d3e53e95e0fe65a5a618201521887f52975a53f5d77c9480df1e5b45258	64	64
24b89c431d7497f732508464904a11c367d20c59acb2833779b30982b8ff45fb	e7367cda8aa48d72dc4b056e347b8fdfcc1de65430036a7bfecab164e8e17e22	5eb6d59914a6861e745722037d944e02c91953a196745c082961d32e6b381736	40	40
24ba1f5bd422dbd722955eb27a9937c3f9b6c2cedbaca650bf4200844abf2aa5	f3d4f935fa4a246cec359ce055c4a44361f368a1a1036e8f49faf3f3c0bee628	5eee82edcfe9ef775aa8610cbb988c61b590660257bdcbdf5d6d8373f58f258c	64	64
24c1bfb37f7d2aac5389d6c6708fc455f36f0eb08165f99d4142a13402d480c1	efcb768d4f4cdda419e6cfaf7c00197cd30064d9bfaad32886e99cd30dca02b5	edb6356b885696ca6ecbdeaedc94380ea9dee4a446078734433527bf2c65d175	32	32
24c85e0a5474388dd1fa520c050e9a73f2c13c0a8c60a195e04505dc7737dc9e	793feb9e137566f8243a24cde9aec1e69cf2da215f28e0936114055be8823442	ad6ec0fe2285fa02da5c51959d57d038afd7ee8332786d1b12fde175da7ce06f	64	64
24d275007a55f52cf7dfbb1de1d97ea09e0e3cea9331469053444e20ef2e057f	38974cfe17d8ab65e86c0b8a437e3afc40e8e0b86dbff3cc9ba0896fbbf35e05	f09e6d39dab64d8ca7be1142f1877e865d8597a0e42914e27c784844bf9af7f3	64	64
251165fe527dffead9526330de258456f6295f73874730e626be25af870d6259	c5f22919b5b0119f3fb8ed29ed5c7222225900d82528550502f47c85f48b8434	376b01f09a2d09ff06422ed20ccf59bafb49b91f00672fa3414fd4420c9850ae	64	64
2518f76851d8f5b0e57272f2d8543cdc980c7412aa25c1e4d6bbf5ca41212b0d	c9e352719fc46392d36e99ceca3d76a48074b0e0b3349ff0199c35723cdf3507	b69b1c3ffbc0f7eee1bc07ae1aa244c831701ac21081222c24946a09133f97c9	64	64
2531ffc8020e37d9309897f79c1b088b3afef24e5349cf2f6cbfaf15bae4ca71	2c5614bd57c67a2fd90f157d8f620179c5fdbd48c480a2dc2d654207d95ede93	333a6e9e7798fde1b5b8d8b26d23fd68f70da39fad0b4b5bcc043e8326302573	64	64
253487484ff5b55ed29559502edf09c8c6f41d65c83f5f6ae56b80079a88a3d2	781a35ddc0acc2774abcfed16c506b181ff86d326751fb294f59803f4d94bec9	0c52ae715b1d5ded8eb71168c2021ab4440a8598d9f31f71ea1e03adeece5784	64	64
253aab6a897b3774d4f02c18dc6a54e71a630b632f6ecdc8a7a2e2f6fbc23d58	090624768930947e78cf24ea982ce5f0a43651fba7ba983243e300375073119a	c8cdac7286306c36256a5fbe5545909463732f4cde459a80c6dc447c5e27a905	64	64
2543e03f1ae4724b7be9125c1a9d3bd056af2c0d0b4a034436aa4fc8155e6150	38974cfe17d8ab65e86c0b8a437e3afc40e8e0b86dbff3cc9ba0896fbbf35e05	f09e6d39dab64d8ca7be1142f1877e865d8597a0e42914e27c784844bf9af7f3	64	64
254acbc0e36f717a3d57f779dddff543b4769dcd76b42820f739f09d616e97a4	9a462c5abc69da714f66a9161f254cd728e80b0e4458abc5569c3897c7404090	31b7034cb7c89c4cadd982912df6593b10c82c19ef6b0e77c1692373930e9115	64	64
2558acb90fcaeb02b17e63e63fa80ac7a6852905a0ae4ace159d13f2087718fc	f5054d3767847f7f2d4d3dffdabcd48c6e6b8bbc53c5b1a2f03324614cdd64a5	38740e9349cbb5633cf33ad8dd3cb7ab031592817de5c38b30b013240ba16d93	32	64
255bd08523a7b8a82b2ac79a9f7452b54fb91abbab47c18175ddf7d95c707e1d	7a9242a9dafb03b1d23d3bafacde4c2b72ebdb847212b35f0497183a4a11f580	14cafcadf2c6ef1968fe173028d6a6ae93bfa9d1549e7d3e7762b994f5006b08	64	64
2568ee366424be7b7ed970ca4b1d45fa185512eb87fd926bac685729d02d8cd7	ab0d2543b32fcb35a6b407bf960efdd9a8ee073b15106704db485b8a400f9d67	574810ac52bc497245024fe83ecd8318a7988bed1f2e6018867fad1fcd46e1cd	64	64
256c517cfc1805acf3496bfc5ebcf276841bf2d2da470d50a41fd3058189ec4a	52ad795c6e1a58f57e633741bc8da45d6705c9234d394ea29a3638a7e570c8b4	914851999bcf813dde1b79088dab26225cb8f3d54a809b05929d7a869bb76d3c	64	64
257d9210e8311645f5b5b8d8c0e3fa7b1e9a99e50342a130817329abe58f0020	2ddbbb8bb6c7ae1bc68114e50e2c18093f3487e2b360b8f8e49478dc20b1fe4e	04be9e6d36e943389591e01daa082ba3f37257cbc6c44446f619f8e1a98af551	32	64
25886fca73f458c9be9987365d7e0ca8136926a373e42d902663647bc9972356	187589a0ae86e3e18868b1b908203101acea2bcdbc0f6483efa672bb405441c8	519b4aa3a70f29dc2ca9639d38c1eafe8f7324ac08a37fdcdf226704b155dae2	64	64
25926fabceb4e16b7a764f244ac869ba1251695cfbad00c0b5c0906fc75a0fa9	a66b6e6d62c7e009821b115034232d352f5c1a4c4469298b80c9f592682f41ff	865b916a5d59139ece674ae71fa74794d21b635ac910b6744feeaccef6bd8203	64	64
25fae32ac27df2ddc9f03b73e1d5f81ad90d13c5e007afb295bdf7455feb06fa	b8eada978193a88f6544f8116091dc1bd6d8e70c7377772ed40263d2c344afc8	4afe5520c55bca1ff726d8b8edb19930ddfd171ccd03732460268599c5ecdec9	64	64
2602209aa8e8ed135a5db503108f0a5c07115f1cb33266e27545703df8824e4e	69312e9b7a0fe24c6477e8987199dfbc4e75a8f73120854dc5be058617f3738f	bec5bafbc0f189be326109db49e5eb978ee5bc972e095a74844ae3700b0c559c	64	64
26076cfe8be23c2d359d11c4ff78c1d43fa225ab756dfd68200af200ecc9ac5b	e19b8cf06fd1fec1844b3909abec8ed2553f76d37f86befe4059351fe07cad38	169d6a9703699f0f2c2a163ab8951e578912c9ed4c19dbe7924ee29d6c64a0cc	64	32
261709857d097c2c49935dbe22c2af232fc4a2c7a4f1010eee9f236915cee33c	0a19b0e9a4264f18fdab18f70d1563f089363e273b2de7e2e2c8fc61821ab3c0	813a5d3e53e95e0fe65a5a618201521887f52975a53f5d77c9480df1e5b45258	64	64
261a62f98678c7d5c33ec4292010d194d80a80fb97c9fa40812c9de9e5b97856	fa2350b5b76b39a92af4f66ea5e7813496d004a2f2a2fc32f5c410b0b5650610	908b41c3d7f09074442fc5499819dd83e8056a243e2fffa3ece2fed8cb6fd975	40	24
2627ef2c5506d9578eec75ae85918b70fbd7a6f72a19050638e654f4fb4f2ea3	e71e9abf4cb83a05f4ce938b20c5ad912e2c42b75dccca52c9fc7f4102743091	da5d4ab98e645ec4876d7298e6c5acfa5136d442b0c1105dd837fd7603fb83d7	64	64
262be90971485c51ae10c266f96727da22a61234cfc53ca19af904fbe9cb30c6	91c08323a9f875d8e8559f1b976e3f153dbfae2cdad94058095c932b178b3955	4eea056686033236ca2ffdaee4acbf6c45f3dc39cf6a28660dd97d2c679be529	32	32
2630a2e43b9bc4d44545b7a1fce031bda3f67f69b28931294f1d2079f78a5689	cba27ed253bd3bf958e1fe8659c9225b0f9ecd14532a5f39dd0d990ff6e529cf	da7911da64ff3fdc318bb017fc927a0cf940d263928685916ee97fa808dfddbe	64	64
2649efe8ec37cf7a41786a68455b54423355980e1e482293c8f58f2103950156	a8a003fed18cec88bb4689d81db9d38d7b1aa2c6e1dccccfc9fa1f2a05dfc81c	97c8cfb9e65f4ab835824369192ed014729e4a488f145108a2d710bfbe0d4fdd	64	64
264bd4c1c101f46db9ae39f3b78be8d625741eb317368d3e04fcb52a3289f31d	f5df97104770fa7cb506e82b9dc2c9ce1d0596375dd530714547faed8cc301eb	7ec33b6f9b9a758be22e832c13c8886820d88fb55cf18191663fed2954a99ea5	64	64
265e92fd0825850c7bfded1271c314cb05215a5473040ec38bb4b698ecdc6e44	9d7de9ca3e4dd23532f88aaea6fd4df4f3602be33a89cd830f98e870a7c42ab4	c1cb16b46e6845b9d2cd7ba00e6ef8dacc0dcd806d4713f030bce0a14744a12a	256	256
266478acbe8657b80760c0c9237ce7e17a3e9d91e8274b386cf646729ce8672e	fe3bba8b4267194bd71c7d0f2fee058461971ba07ba95c5b55f31b54e1322b0f	e14851ca6c5e92b9bedfe86f05c8326c2f88c685e08ba11bf265d050065b61f4	64	64
26769590c61fc2e5e81aa59260abcbdb4e34e8ff373b382d42ff62cc46f498db	953959dd00e411f8b3512b5376735bca589fa9cd230dd61a686d115946bfeafc	63e2dcbdfa5a4bb37cc46d4e01ea3736743c53b4a7a2a775c9147aa1dc034a55	64	64
267a75150deae06c4f7799d4ab3584c490a2026b71ac544d579e20272603ad54	a9c332f2b4d3e24f3f5c28d0e001c0ea001a984b1f2592e8776ae9159825f14e	f217e67a8f605248efa14344f5de2913ccfe246d29785b8b9ecdd3ed878ed6e8	64	32
268bb4d9717c1106fbedd825ecba49514c171a1fe73c84155df0dff8d8732326	af14e4ef92a4b383cd6ca5e481c1f23dd2d2cf863f8c8d73e47c87fa6412653c	86db30cffc0aff311ff1d0ff7a164aa3adb7ab12b03fcde90e1a34e099f5796d	64	64
268f583ef942e9a5f979920aa772b0c794108e372fd390db4563dde9903d1ac6	e149d012ca9e7e6a2cea7788223d3821fe6c98370e3c3aec28b0698b3e02da9c	29c096b641e147f0749366aa39ed251d458fac70a9922b1a864b5d17e4ea4e55	64	62
26b0e36bffb9d18a527b7fdd28041d9268f1cbdea5bbb38eb4d617dc5562e935	0b0641513c042dc86ec1c148608f39664a7f438c97ff4d8ad2227a402efb7fb0	d13ddb901876fbd296c31713845f8699102ee02a44b4c255f41c6b62bd95da8d	32	32
26b43f42827ea2d19cfe42b372a45bbae01ecf5153dd510dbf2c8cd10e29852d	2ee9190e759be71dcaffb22ca4ceb3c6cca9b821fbf481da536c890bda9940d5	a3d0303a23a5baacb9db7021a15e0a0dfe8b32af2dc688cd483e04807657e210	64	64
26b960482395b6a9089c6fd592ae59da74e98926fe329c37ec2c5ae7a1f23b73	41e5553fb87dad9fb3b9d93d1338c6e36cd38f024656a8bc0dd08f55d91e1aed	5f61eeb4e26302d20806a87583dfe3db6312ccc97369e9e89e739b33395beeae	64	64
26c324b8c9f443be7c036dfd9c39bc5dea42bfdcf49f95213c3ba2e22f0b4f30	00bfe78b67668af5c0610233143d3958c66cfd103af9c4416a5014e4e62c508d	666e085e98e2cc597eae7cef64b10fb4d8e6e4cb7a069d7a724ad49b3dcf7d12	64	64
26e849e9522a7cd4f4d4d3db96c677b06283e407ce9e4561d0663c34df1acd34	648d2d494528841ede443e27c4d5ae53aa695d64d0571062bf2372be0c53321f	eec4e58d331fad8b61fdd31351771acf60a4be4d24061d1bfd89ae3503ab4ebb	24	56
2704302099d0fd9c69d8f1dfd3dfb7db9968f2e63356122b81a77318932b0cbb	64e46f0b57a697b5dce9adbc14d4c4398ce9ef507911d3f2a1a5a48bf8538d3a	ef6d5add8c5707f1c9dc454aa63a7aa8c5bc4306e03ea15779d2d8b29e39f4c7	64	64
270837ba78714bf6cf26eb7680892e3453d8c5a03396bc319d8cfae59c11b7b2	0952ae6a008767758dabd97292ffbc9399e8960fba950519366ce714031d771d	338f927c3ec0ef7490ea3203a2be95aa42e71ec96fd42d326896469f42c56d72	64	64
27180d57d2d22f09cf529b4b3b5b6b065cc8f8e71722fd6ecc992791aa41f91e	63aacfc6f0cb5027ac6e43de1d02f8b55a78b12a0308f5fcd29b612e10fae46e	2d99d6ffe43eab004d0db0b7f11321c19fe14bacd67c61da41cc34638ba8b66b	256	256
271944f5d49163a461de7a33137f2a05c04c85a3d957fd90bb31d8f139063d2d	ec0cbec2d63b1b8df4008148647a87f707566edfbd7051bba2f68210b59d4a76	df1fdfac4e9ac671fad70624f1439832661affec0fdf4cd26c3255d118aca4a6	64	64
2728f586d632e3a4d979e9a1a43ed9f73d1f5aed20751f84e7d291d5c6f9bf77	0b2d6ed42e3d9fe7da0d84e2893ba2f02e2c5fec4127dc04f604b4c906ec39b3	453b135ca8568a2a6ffeb584cb5639e8918d23e3b6394986980262e8e06a2bd0	64	64
273bbb1de8c4ab4b52484c445da368bd6ffbc6b610100af0c95d455160dd5cb7	94744ef7f4739b09b4cbc8a0fc2022d0619470216767e99b9a3e4e6722656193	162086850086dd3804343be671955192581571fb077202035d7de85595c4afe6	64	64
274c8c73847d531136522cd3394391af602e94252e65980d792b33bab2c815cd	e71e9abf4cb83a05f4ce938b20c5ad912e2c42b75dccca52c9fc7f4102743091	da5d4ab98e645ec4876d7298e6c5acfa5136d442b0c1105dd837fd7603fb83d7	64	64
2768dc1525b044a8140ce50b80871bfbca3b169db29f8db87e1aca7d8bebf606	8387614409bbe6d61cfd163802dc3bf7bb302a1a4a65e877192b563e1cab5759	50f95071b44ab0ad3c661c3e8a3ecb73e72a168f6f4bed9e1d7390385e6218c9	64	64
27694a1b6d3a1fccc7bb5f22d20d0e715134e0b5e3eac4c84dbce4b416f1c0aa	ec225d1bfccec5a3a1f49af2badcbd7dd5f1ca451d36fd35707e45b457f7a940	16b6b424847d8b7a7104c7cf4f58a25f3fc2612811fd1351da7e6eba35a9fe28	40	40
276b2d07c996a0588e2f69c29dde01e8f457d01d4383e8a815408cf3aadd99b9	2e9d2293c36798c71e8ae30ac6dacfecbbdf43ba1bbcd4f0d83084daab6e5b4d	7e2e748972c032f671ba25f0cbe77463cac180dd6b49124531ad49718993a41d	32	64
2789108c1895f6ef9880e8ec688e4a802c2b41ba6b39f24353c7ee4a09197747	14bc762fbb80944007f83fcd4162b56a3e3aebf338ed19e0d0058b4bc30deb13	dc5d8fda01cb66176c0b7621ea2aacbf110e6a2c578da21fd4b5886c8e43091f	64	64
279aa1cb67c768d6b4b0b7befa716521adf434684946270b90982dac2a7ec1b3	6e73cccdf668fa38dfba6486c1f69f5d352de6a883a823822f6e1507303da45f	beaf6688eb935b28529c9ff33a973cfe0e53fc8e898fed13ec63853ed2ca3e19	64	64
27a342204f1c4b1dd267d4b5c9c01e0f7a3cb88994e8c77e9ed373cecdfcafa3	9c94ab481244ff3400b98a36aec77b8f8d9429de2e32513b55e72d39b5595da7	cd7431abb211be398b78fccded3770604b7f2f4753d54b347459209649bd5c70	64	64
27a42ac0a539644cda615b73cfd0a0df7fda7ea8ca6aaa2bae346c73de540daf	786685cd2b45097122c3c0a999b74184d277b9e7056a89791803fdbb0cb5ae11	a1385b20d37d0297dbc78fe1a0af0802f81a2e9a3bd82a1ce365693ceb6c2425	64	64
27b24cea701d462e3f78771c1bbe444ac8050f4b657b9f045f5b1c961f25a7b0	236443e66ea8afb03472d9bdf07f7270d25d9b7f5ed4d8ccac0fea3786c1e21f	df69f3bbb858b7ca13bed48fb32cb5c2d93f88b25679168abe8b865a09d3b543	64	64
27b3a03d4a05f01fd3412b1b36130a61a8f48c80a52c9182b7719862df3d17ac	6b095a05046de492f7b5483b403463b61289cfe343a5c2135b49644c5662a583	db1eccc9d5d460410cc40bada9440c6dd618cddf31d61902924c75928aa9391a	64	64
27bd3660ecfa8c095786105050e091c2ba5ef23dc6e7b22e378f410a35846384	e0a5834cee1665946c95fd82c2df5839baf1c63212983e320530b7fb51a434b8	efecdba5685a9d8840718ef1c6afc7bcfd54abf3fd987af83fc4725054a663a0	32	64
27c3112dee183af786ef215f103dc6b9613c7a0a6ad0bea2f7bb77dd73df363e	69347431d3d251bf7d465321a9943dd77ff8ff8c62d4d8d5fca2e78620cf66ce	6681c233090e6e3f41309821b9cb55607e88f957de19b344ddfab410478a1985	64	64
27c775ba8fbd97379b528ec7f0d5895418f00d848bc2b223dd3d9739836fb195	1379b35243d7784435c8eee8eb53318313a060e5d1ccd0261103f2cff0023fbd	842f055e1b55d8709a3e316919dd353158fcc4ad9ed0a0589354c0ebd7915b9e	64	64
27d2801b9a3b92e9e1f5a2848a46bfede551be9333cbddce22e1ad2e2071a087	bfaab4f28166d52194f9df9f073fb5326c894690688ee5a4b065769373d57dc5	5479dfeef11f3f7f815e0c5c0d35e5db77759658c6fa4a5963c467e7b07bf00c	56	48
27dd6f582df5ee4ce84cd522ba12ed1a52ea9680e0b0c08ef8c7a0d95b511353	3121efd03e9a3f68a576e529509106d2574d5d264bd5a1bf1b1601589d397006	673e7f9f1d95e5da6166809c979ce3186e4c5dcd676ad2ba3f2597654b7797cf	64	32
27dfb105265045f025d6f4c4370983a3f68ff2e4c80f1600053f7e4e16902503	8d4f0b6cc26b10506e8e5e9918feb954fcf6cbad6e382e8f258612a7df54ca26	4c7f2afa3aca6f05e5865ba40af68105edd573bd734c2f33a7754081cf568a46	64	64
27ef39f04a949a52dd2a6b464ef12333acb5d84b07a59e1070066a6f225c30c2	1f6dfc6223182a70e303a2574c7806e03267c47521c7af4aad3333c370e7a234	4d00a7230cce317ecd74b1cc9c9b7c3085ac6a47395ecd24509bbe65ab71b66f	64	64
28088bc3a0b654c9a10c251967152b4028cf47fb783681b7787df6202d4de32f	ba289d66e382929fefaab739a2db023d75bf84e8630c6dc4a725e852f0e3b171	df2dc61903ba2e0b50cfee08333294dd8140650c8aaa6c975d7ccc300c71680c	32	32
280eb831417377a2dd9713a74a0ef9e93eee1e32e8c21303337adbd870f0e4a3	cba27ed253bd3bf958e1fe8659c9225b0f9ecd14532a5f39dd0d990ff6e529cf	da7911da64ff3fdc318bb017fc927a0cf940d263928685916ee97fa808dfddbe	64	64
2851186c451a0ffdfbae8369a8c6bb66c8a396030d46b59830da2c132b1482cc	f6d459d09d2b9416d5977c551ce20107a5432043b6a9d06038660dc5c63d3ef7	91747a58ad210ad3bb38b84adbf896242f1b2abccde1782e2decdfb220b9e2b9	64	64
2851feca3b3db2453695f99b878446324ae78911389411cfc69115ddbd3ae6ec	46ba4c2d1e94010129435ea4e7ac907f081dea4f119c145d3e0034dcd7cb14e5	84172ff8d918e357d6de31f9bd64df60848c02db206f489e2b466c2cc459989d	64	64
2876eca3eb71ccd3c98e657a895d1655a23fbbac6b716a9bf75887a3265698fa	5fe0e6b5ed966b87dacf7cbac5e82cd370e9dfe3620aba6a81c19a7adcfcadf9	5e8ae3f85540ba85ca6f23e0f0f4325f47ee6e0d9d64ce753da5109a34c45a2f	32	64
287a240332b2d137115dc294e53b92d9d726a9000c5d287782f8e5e21c776a43	8fe7a1d8c28cd49c9def4951973fda6fc09f8031cee87945a2dac83efe6b9f7b	d097afe821040e869226cf9147bca11bc6363fca055a8314f05284ddc8323ecb	32	32
288a6bf50bc43804d1401dba98c0e01acf4ef315e2a6d5898a722f8867d4ce7e	cb221ca41518c3111854dae9678a5bc230c4fe84b0ebbf860165f2739b82db11	74b974f4a697b39d8c194faa1160c571e7f9bb4eaa611b25d1d8a4a5c0ef4c20	64	64
2890e4f4d10ceb65c4b2ac8b09debadf81f5192f9abe6e7d03d85c4a2d8921b9	5746d9036213eaa8c6a062382cd7df0929893eb72156d969a68c0ccd3c6c0fe4	8982fbd5d3344e608c11a62df68be01dce27b3609a62d47195796bdd61c58244	64	32
289c78e2991299aa08d8386d1e77375ed3cd605348ce450890c5072c05f4cf94	ec4f687b8584d076793830ebf205c2b21c0631f2d50fade2bc7b5e27fafb5424	e44e152c131b771daa2792b8a3ee41c51864905772c4a496ffce971df1ec7dd6	64	64
28abeabf42bede77cdab82364475d64cc6380d8b68dce741637f5f08314a018e	ecc147231e06867c4a1f73f2624249e7a9e38de2dfd3113c95538624d48a4815	8e39f689d4fb74a8c92b418fdabd41484ee909a483484bd98ea24a2f8c744f65	64	64
28afe5edf2a87ecc017232e0eda3afdf2dd7f83fc2ff84d2e4ae58e12b44e091	d5dc793e16cb86b33b92490d1315ccf0671f4dc2d45ab4bfe39ee0a6109f3040	1645e099d3928226127eed54d001b242a4cb57465081f08efdd288ae050f9db1	64	64
28b3658162b9ef79b45a3310e121c7eea033aaf12e3a975cba10b46dd520a8ce	67cdb42fc7aac458eaedc3a7c10c5a494bb597fe3ecfc67f7b9c7934d02edb82	0989f60ead77ee0bd4991351d1673224bfd5fc1e43d52f07c0192a8d586993ad	64	64
28b4ebc1845199a4a29e05207c51d89313750ab2c6eac68e7e4dd0542dfc96e9	133f74ebf3bf8a7557f7d204fb06a2485837a964238cd7762742b4856cc05d78	70c3970f9503787be377f61320e861ca0131a6d00c61907942201beda3c0342e	64	64
28c38b3bf3bdd75b14d010fac9b407d447e3ae83c6b3f4b9525df83b67d9fb01	d6688879ac3be85c5adbe9fdb8a01d18d3d8a9f1ff23bbcce26158347076284f	6ba945517774df5e178c1bd49715a712d127c819291b9351ab940ff9b37fa9cb	64	64
28e7a93cb0f7309121ce0c50ef8e269519f46ce878bbce7c0baabd2e68b82ea2	ff55ad3ec9a9c14be6993b7d6dbaa5b7e7c6a34ecb16e4103234e56640008e8d	344ec6a6b505586c3f8ec46f0d954f90b745822195f9a37526ce1d530eee3caa	64	64
28e98fcba1ad56f9ffeded0a9f2c4ca7449ed2e682029146f984b302ade3c85d	845c6ae1a15a52a81583c99b1a46fb27a053c5e027748d99297225488b96b9cb	c849f9c15cf2d2fd3279092afdb2da42d68faeb1eda19340b99c76a9e998d350	64	64
28edbd7d75fcaff4d3025ebe3000905689b23b896b93ec31c4866cf43c1f9c99	355024a491d4e9abd616bad96b61d117db9eac8e1342077de351082a25340394	9c2d04b096f3cf0161b5019db682398618ce13bf886b4e958bfc1b7cde5bc7da	40	40
28f92e1cff82cbe05e8a298eeed4d820593e471b77f1d9b8b91dd97d278616fb	8e9f8857820104f366aba0b1a8ff6095f0d7d6fb5d8c3d6a8060461e261282a4	3c79a22be3fa474183c26afdbd3fc249b064a1042859e768258dc145127ea62f	32	64
29010c858579121deb990435dc7b13e1d40e6251a97c9b813bb9fc98eb562822	327d0bf5598635c5bc9b336439e563770fb5c718ed7911a0561613dd69182e56	cedf7002b45979eb74c29de063e3705c5b5a2149df10ab3a5b36cb092ab24216	64	64
291ca6f61d74e26de3663dee7cef1638a838a730551b2362028a87866438bba2	ebdad2a21950f4de88c8f367337bf165959906c7f7626d144912463f5b34b9af	1417fdd2fb945194f95b79f485e7d05cdd8c11c9e6cc5c0d5ed9cf24e94a9fdb	48	64
291fdc147e4100276534c23347765228364bf8f66579ca55659d071a01ed79c2	ba289d66e382929fefaab739a2db023d75bf84e8630c6dc4a725e852f0e3b171	df2dc61903ba2e0b50cfee08333294dd8140650c8aaa6c975d7ccc300c71680c	32	32
2925bd3221d373cd192bc199f61c7bee7f3ed043cea496cc393635ef0fd96f4c	26d255cf047051ccddd32ee28e74020e4dabde8e0566f9c9dc9dd159e9a8b1f6	51df42db2cf166e154ef37c64e8a0831cc745829a680dd128144fe332165a96d	64	64
292b8cb5a6f1a05df340a335352a9201e2f6734d85184e6f5ee4fe7eab5dae39	f5616883219a36420b6805990f7cf328bdebac4e7d234034984a303a242b1896	27d641af45f84fdc8476d8f6588bcf69b13ee114bc3522f8e5003965bcb88a96	64	64
292e754aa8c68d8d24ab5647cbaa6a1b47d2601be90db35478e8006a97214c92	e506e55505858a50b43c925122b3b809964c02d4b69c07f4773826861dcab167	e4dbd77583abd72abd73aa6e30fcb3bdafd5842561c3839b3a22162bdb4eeeb9	32	32
293e777448931e40eb3d6901847d07f20e2c39c5614723a135e3b41e1bc42389	713f3b781e3a2164f99708b3e189192827d9b85f2a6e8c03c8666155e1546db8	382e2f320d53af277a05eed5bee283f3a46bafd91bda9bbb8125cab68771b0d1	64	64
295ca23d6b43102ab108b6e4d5635f502a0684ccfd483d15ef21ed995749c8a3	f074436786115e7687ebb8beed9091e1b9b2a0388ce38736873525f1674e4148	1bff54df705ff02b2674282a7eeddce9a7f2db92a4fb2d3febd6a2c72a6c71e7	64	64
295f83ec5eecaeacbdb94d1dfe9236d7c06ac18a87af0f85950b90c0c9acb075	00235826007b128e55b4a591769b3bc9e04f7dd91552bf5d9083975cf1ecd628	0e123a0cb9d314da21b4cac45e84ec61e6556b454292dfdd506b906d78ef7dbb	64	64
2960a9fb768a45f1d291eed1a1fe8b8513c261430d45e6fa277ed04935189590	a88e96ba35406d10f6149fd5d2990c0e606a2b9189435afd8e7d10620bf27509	f049e1d99b36a17cc2e8f8e5db952bee0b4c2513888e1c2c6bc5fb366dc806bd	32	32
299c325253acfb25a3e89867ea2d0b688753d5f1e9a01a446931e394441c8b16	968d82d289a1827a6c98b011f314aad5717c84d7042a154ad057035aa57d4241	52e9bfb8537e91a3b4e7172681cc8019ea60ab1b2077f7cefebfd75c4b0f322b	64	64
29a5e10ec2ac553fe2f52ecd8ab523224b1e04fc6e22c1832e6ec651249842dd	9c94ab481244ff3400b98a36aec77b8f8d9429de2e32513b55e72d39b5595da7	cd7431abb211be398b78fccded3770604b7f2f4753d54b347459209649bd5c70	64	64
29b0b1434eadef2c85a625aad3dc73a233b478fcb2b36b2645194e2d90383eff	f8a7e01b45af4acbb1557fa7c13ae8a20b73f16d001ede2985d9c84dc564f0ec	6dcd092e80b895fdfc216c45a6e55b276ac448a9e2ed7b40f5252536e4fc1851	64	32
29bbf57ec73c705f950a0dab25c7083e0494568cdbae141cc44d97286743d65e	a3891f850032440a2b75bb9653f8f164d3b2b661e72ab164fc63161bc9e34987	9033fadef67a07b8d2937ca4ad9dc9045180d8d17bad9eb6bc047cf0596c86ba	64	64
29bdec077de661f3cbb759d7eeb2d2d2e90dc972cacbf304ac14d9c5c5069daa	2455570eeee4c25fc68253ca630be6e1240f612f713b9681fa08c03812c8efdb	8f379ffaa9d81645638996425a73df851c09cdfa62a96622f9092c13d612897c	64	64
29d01e09b4ed0baacab27a56b30710b209b87714c21405445c364c774eb34cd3	7197fe10dad8d9bded4421bb1540c3df4e14fe7612b539570bb7d36fe36d508e	841aa1ebccc4b8863b6136b696a4a7d04ed4c514a86051162474de636d70c09e	64	64
29eb790bf158d5f3112dc04c7b60e7f4459d1c5f17fa306006d2fb5349c0d36a	c54bb46c92dcd37a2c14df21a59bec7aea23a60ba72cf07d6d8c9de497f61613	083746aa3da4caea89df89505399575eb63ffb1af64a141e5e96208baf455f69	64	64
29eeddfaf7d75e38253983c711a20f860e08c5180f798c177e408545c1583e7b	0a19b0e9a4264f18fdab18f70d1563f089363e273b2de7e2e2c8fc61821ab3c0	813a5d3e53e95e0fe65a5a618201521887f52975a53f5d77c9480df1e5b45258	64	64
29fb942f1174bf32736fc6cf039f0f8d555956b32b2ba2c807a0f7134e569d56	4af29daf5175fa8970c08a885df63aa7ba7d3f6453c60a9a143b7f59a1cec5f6	b722057a5e5123bc2415162ed35d6c1c5272bd67852cb402e6065980d71c7dd6	48	64
2a1405480518919afbe315682a4bbe7dea047103e10735d28bf927a74e9137f4	fe04b8e0a65041c0dcaca34d3b964b61af84ba4bf2883bcfd1f01fee0d2afcd5	345e41be0c5a0fa06f3c59732c67302428a2dedf6ed6c797c4e93c389528e22f	256	256
2a2101edfbf2530e511dfcc831b84eca266375a805a49b5b660ae8419446df38	0a5fae3ddc4d50de80b76220536a352f42573e52e8b4f840c02412064832106e	c735e203dedbd2802c83c8e3742ab05b388c2ddc4636055b5ce3210a6cdf80a1	64	64
2a36343efa771ab30712cc7894944c3e78e7ae05b96a864e55e0a883a5585bfd	c9e352719fc46392d36e99ceca3d76a48074b0e0b3349ff0199c35723cdf3507	b69b1c3ffbc0f7eee1bc07ae1aa244c831701ac21081222c24946a09133f97c9	64	64
2a505f556fe377d5dc66a67a936b797871ea4bd9c4be6137d65b1a73c427ed8d	6f51b6d5e44cda3e11b0387ad6ce8c8c924282aaac21f2e7d620334ba10b724b	285f48f27a5d854ff39e6545f5dd2fd5e62482e0ca8c3b583e3ae3ed5e49bd45	128	128
2a5c656ddaf5f1752371923acf191a7c7694c3212bf077c49983917277875a57	b8eada978193a88f6544f8116091dc1bd6d8e70c7377772ed40263d2c344afc8	4afe5520c55bca1ff726d8b8edb19930ddfd171ccd03732460268599c5ecdec9	64	64
2a63714d8177c77f0e911a18edee1fdae7217ecd162ed9f3c417261cb5580de4	0e3d6392d4a40d38352417325bd35ef5318250b80f3c6fd20799af0acd156fe8	39c0d27a805c08d29c2a271674b469eb42db6246091a2adf5627160dbfb96349	64	64
2a7a521f5d930414f596048cdc9e74d41997904dd98b5fc8c124d510862ed039	14ca3c4b8c032afdc23f5bf6f606839c2f0b833f71c81e78a29913fbbd897343	7732ce006666eaec84ee06e02dfbe2a353dcdbaaa1ae3ebfe205cc507795ac5b	64	64
2a7b346b7511a8b137310c934c244fe312cde8f4c554837a984f0cb27a698e9e	fd07fafa744c9a4647970112c6d45aa52c7a53adc3a9cba0041d8d2851822366	1b30618f82ed357315e89bb4b05c5e0b374c4b12ac09e31a72a0e807dd2e493a	32	24
2a878a169574b6700005f4cdccc957dd1fc87abc3ae30bdb6bd009641af8d625	743770cce56b7c10ce0214a694ff0335db9f624fc83956450dd577306a4dd8c3	1464f303eba39b4cc24a4023398dabd6d11ff12515b39c579d007bed7b686817	64	64
2a8d2392f6bd9a32051e4388b755d60482739da765374e307ea1a8bbf57b301b	d4fd2d551118b1575b35ce196a1af5f349a92eb0a62ca8b860f7d7182abe11f9	537a0148b54582a2a4347b907e07b34192ca0131d5ccb63ac7b1aa7584b21360	32	32
2a8e3f8ae0223f90c42d5ee246f7133d0c63c5f29a8f5ac20895930a8831b768	25e535d3c53530bb278c8c8f77d2f43c44a57e267240e0d665752e248a607a19	2115f564f3bc6c69497eda5bbfe969f77963a97765b2ea076d1dc0783e7f5f46	64	64
2a9c2c8813b3e8945c98bfa4b49d09ddcd984b6020c2571fea2f0451a36d053d	3c5fdabfc8a6e5241f8130aca524bb9375069e2581b36496e26ae81b885e07ef	157c4bf834adc37ece083b1426c9a4a740d2f01f181c3b32b7a642a438091076	32	64
2ac65d6ee78fa1b94adc8a896ed4b1001c47570f9916047a96be67a8cd1350df	952bdc4e1527765d311bfc25e25d314c7d470821cdf0d30ad7514913eb357cfd	011d6e479f465637148dbc7d908ee26348bec8eef444b5d5949b67c311d1315f	256	256
2ad1561592bfa46d582e1da521abb5527a9b7fd5fcfe20a5273a0d2e4146ad29	63f0bb96224126e14f9b2a69ebe038fb038d2ad21accfe10a9912fa7b52f839b	af11a9878c3be01257f00863911916f84518c76f8068d5069e35089952463c0b	64	64
2ae8c2b4bd9c5dcc58678f758bcb3109c136be549c9e3f0f835471ad1269201c	abf7765ab682ecd7c9ee33d2106619419d28ea245016b2ffebb678dfff5a859c	949ed87fd6f832ffd8cb45437ba0f9bb0b3e9b9147989094dbac4cac123cb970	64	64
2aef47c5e43d0b85e7eddb2d373f379c8c7bc3c63aa20e63cfcfb7453701f8ab	07138e8c11d19fd9a0fcb5593025db2035200e6bf61577b84bc683408001d6f4	8f20d514d2dbb2cd39a0b595e704f66ac54061353110140fc3fe3651a1c84250	64	64
2af3cea88ac5c1aabb8e8a3d107ee6736059f8ec89720e6e10087470bd5ac67e	8552877798215d7d2e09570924b8015af03c8320a8eca76f7b93bef3c01529ee	8e99e9cee63511579807ab1bee4e052ac1f7ac823ef3761d06426115b1f57095	64	64
2b089f9f3426197343d5214ffa9cf397868749612ec0c990690efe3902a46865	f3339c3381b1f671a90ddcc6ba758e8f9f9982250c22f6bf65aa4e548607277e	edae66a67a03cceb567670eccdf1912113139fe4e66a82e86c0c263333a69582	64	64
2b2a288cea007b24ab465fb9fa81877437bd3eedb6bec71627d59228a125136f	6bbb36b080c8b07bc0277c87e51ecc9c1f3e02c9b68a20dc14beb2547dee185b	41755928b87a2cd112e91380df939c80c1b1783084f8f5ff82063c54b975f76f	64	64
2b32fa82995451d97159294e2c3752e1620fd30e29618a66cc8ab86c20e216c8	0f87dc702e75b39c7c9f96d6986cbf4bff0be9f6903e8ac9318a6e7f336cec5c	2c02130000aa9352e9542cdfe91eb5922d3faad98a826967232bd33c00d8518a	64	64
2b3ef526e7b4b329e1b9bb9c07d62753c93e39fd44f290b63a856cabd848fe57	9393b9241632ded1487b2b3291874d98b250c9e684d91535ff4013232072068c	a02b4fffccaa29606986a971ba3e9bb45928c0ccdfa05e20252d0cc04e6242e5	64	64
2b41942c27c5b1041709f8b02d6edfb8a1bd665cfa6152235e684a5d1ed7cbc8	1fc9892368e756ff9d4667afd704ad083455a7ad733be180ae30ea835ee704ed	092f9cae61303cf52566535be0aac7aa0705fd88d9eec5b125d91e992ff0faf0	64	64
2b47345e01a89205a5b67af20c817af25caa901f199a9398bd2138ab4c205b6d	d37c7b468175226eb19c9ad52a8195035b44c3ae861902d1d787dea18a04c063	0770258dda7a7fc063da058a69507235bba382a086a3ec9af8a825d3c9b58583	64	64
2b4c57bdec3f606931d462251e5081f10f262934c4920b37046a3e1dd0113978	b0529de2c82f59fd804f9662517254658d6e534a9dc89b649fc1a4cd57ae499a	e65d9cda2198623c97d3b5aa2315e507afd615741c0f1d5d2cf401bdeb2eb6c1	32	64
2b4ec0f855fc858ff36cd912fac87322afe0430b528bf9b1be86d6457b0beb04	9f9e77b16d22aca1ed3504c128e30866aff758cfb670d927390c6057ea1155a9	e897b67baa0a0d0b24aa57491773702c5a5d6a1882e0a25ba52ae432f5b95572	64	64
2b63595f60b2803a68138ba8eefa2ba42386b83fb79e0d470be9e64a1173570d	1d08039295dbac3d53c83069b313ef15224b25580ae7b95b53dacfe9d040076d	e1f97936fd54327c4e4ff45f0866415eeb1656cba5791d7c6b4f975ff0f33df9	32	32
2b658f0f2d029ec487531488816108c35c27c2c7433bf2254b74806684ccd247	f579fcc3a317e2f0735d609c9d7b1f1be1ccf674d9186c8c43cd9408ccb88a3e	9a37d6ba19b8d9bae79d1783be2e4ab0d52fa59a3026df31a6dc57fe7b8d7172	64	64
2b66ef785e9022c690324c548b1721f9c919193ec4ebc54ac76e8b035290837e	b324a5a22df237f4722edda5dcdbcd54dfe5a3694727cfaec92ede8fcc31743c	e73a97a23b92b2395b85ad766de2882f93db7725bd68c210b7d6d9c2c3f1a543	32	32
2b6847d92f920bb82626d875d93dd0a54c7ff6b32f24ea13d4db2147bb917b60	1f66bfcea8278dc660d0694035db37b9b4a729c6dafffce13d36beff2dbfb472	262c51754746b91ce781224c2d9f7d630532f96e5fa0c9394b5fffe3b1ca273f	32	32
2b686b7ff37eb9176d88d14e30e121bb743b9d6e664649a09a192d4ba478a28f	7e8a80e4c9af4b4d4cf0da3511eace9d49d8ecd554f5d447785c70cd6b3d4b13	51d5fd91624e0edf1070bd7ef89f1cf71b2727c8dce8a3652ffa0c30c485ca9f	40	40
2b78d530794e50dc7f0b4640a5c014dae170a9afec8d9f94da30bf42201e6e31	c62c0c3d4e528505748a4eb740065bf981bbab94908e4b3c039df432a2fc5bdd	872f401cd9fdcf1c43ac61434cc631db9b1dcc0e6e6e2d42de648260f8c260f0	24	24
2b865c7b3233197a54638234ffe6874a6959c8d909c40aabf6e7f6150425ea3d	573e8b5403c7afb4e1d8da4791607936b196211444846f219a18dfda5ea91242	d6c6f3bdef49c9a733a60a2c7e67744ed1c2116dd15a69c17c591d391de44fa1	40	40
2b898850d57925b9a0aefe3fd0ea1cacee19680455662d45310ea2cb90a4c59d	28c4d0eb33924fcf1fd82891d4ba4ad93531f9b08253bfdede9006d6cf80794f	0acf0b9ab5b497e4dfd25fba2dddfd7460c9feb1cfa224427017ac5af36f56e5	64	64
2b8be57910e4cad63325edeaf92066c9995ca0fbca06f6d864263e29fa618726	246195222b021f7dc403ba435aa27b63ba61c3db71f8693bbafede463d32c556	6f9ad6d02febd23ba08a4bcb0c93929810784845afc46dde37282c35e6098a67	48	48
2b8c1051367c48e61857b7daf6788110ef21cce6ab3bf5847022b3a4febc0f62	2f5d00ebb466edffc882890606e3c918659356205ef7b0aec9ad18f99aaf7678	57ad6c1e65b52692c74de2699537db12f832248c30cd19434ec9a44d8721ea3a	32	32
2b8ea7963dc7b6ec091c087ae22f1a77cba5e08dc897e209ebfbda9ea927bb53	f412f7f0f0a1b8430de0a982ad506b5cf2c8f5fa4fe96e42f53bf15200171f6f	a150293f80bdaecf4b41c0e52ef4c4b2d31d95d7dacbdb21d85bffe6efeeab8f	32	64
2b9d12914930bd691ff49441806b4937f5a61d57537d56d37beb584952df7998	ae279e3a930523ef4e5091329e551c48c560f97812a5620061c8d54e1c6a4654	b4ee76148af8b62bd59494199fad920d988fab3c0049d3837c3b40698352d3da	64	64
2b9d193ed063df764dc1022082e1062d0fa382c4499d4c92402bf2f0c7121a4d	bfa026196904d317a334a4789d0b6f2e7b4b52c951d0f4bdb1e890720704d4ae	741f789fe4f2ff34b05d5f5ebada25c66332dbce7832ea1140dfb0fd434e0848	64	64
2ba63fb9490e0169b795fbed7daa8e14d84fd107ccba46537d887d0184084833	ed22f353fbf55865c7ed39f5ab29bc3541572eb8ec86ce068a3a2c2d287d869c	25d871ebe77e8514b4e8828700efd5d52d73ab0123376f206db1cadb905f0b06	32	32
2bee4040f4170fcc6d6dba66180016174a01ed35f023a5f4c352e8515fa0b8e2	ce34eb13308174b71e72dd7df06f858c7330723a96e5c822d27992c2209529e5	0dd0e2f50f18419825b01ff34c2aeff137f6410aefdbab22fa4ce60cddc9c1d4	64	64
2bf6ee8d7426ece392128cacc729f704c2d0c016921be562eb54beeca389c645	c1d9a48cb40784aea94ae113006f1b3b0ba06dd8cdb4b54fa6a96de608b0b0c9	11250eb48f0afe83787b5ea32337b595ae5ad0dd4304ca29a8407502ce89598c	32	64
2c0d50e0ba3cc41510c51a197029a02a83cda6b32898eea8697c8e9e9c0adc9d	79b8dba67e789029af481df061ae0838afa0618912824e4f276fa61a50173621	9c0fad0d04982d88fea9c7c1f61a440bbd4cea83cf76ffa3bbd4c9ce0837e295	48	64
2c15dc6ee99e3e48709f9063bb7330f5c12b141a4b7483e81fda4b14ea851ba4	a53b1b3dac86ef70c6583ed8ac36201da1799bea03356b44fe8378a750635372	01211c2b3e17b63d66241534ff0cb140107930e4f3bb960aeb161ab42e64dbf6	64	64
2c296935fe5c4018af8237679bc216415d673cdd86e46e94019052cc9d5dcb0d	ab2a1ab9d7be8f1b8cdb6fef702a8498263dcc6913ca742ba5421bdc65c26fd4	f9bf26387d1d6558805bcdea1840e370a6745f5f1589aeab949693d69b84baf4	32	32
2c2df7df3b47f4ceae96223057e44c9b45916e394de1c9d67e8373aba7c9ff5a	45f18a406f6ba444b4c2412b870eed5961b4bc999c09f1c7d38289719fd2e7d2	f17354971743884405bff2487c3ee248f92ebcd4811b8c65a5d6cceba2b4dd00	64	64
2c3382d54232ff37bd5076312bd3266a9bcd30e27bc4cdbb5ab504d6e8415d2c	16ae43e43f7c6db656ecf456fa8a45250534f1b618e4f3b73ea303693ded7848	96330cab040c54adee492d204a392364510c9525ace1bff8c9959d3731a6d361	16	24
2c431129b6ee744ad5dc6ef28a2854013af8f04acecb69718433ae404d3dc3ef	69c91f694add996f7868fcde0733542720b3947f62b01401ab5a9cf72cd7a009	da5d4ab98e645ec4876d7298e6c5acfa5136d442b0c1105dd837fd7603fb83d7	64	64
2c784818640ff8d538290789dd06536321aac1eaf7008a32d8b1b773806b9fc6	bd509b581d00c6a6ad016e2f994fd15cb852f5f2ed955b131010caf48baf2477	2c058c700fc7d472acf193a41f967506d39705b711ddbfa3eac4828c66d3e099	64	64
2c87b034805826f7bdbdaa47b023985fc352ec1ff45deeebd02fd10dc15484e2	cb0aa91df30327b1057091c89f050d4073fb4044f3e2601e0e3db6bf5eb9702c	1243c3f5be351fde94711528618fb8d2e13e9e0867d1309aca0a70a97ac527d5	64	64
2c887cb46d5bbb91afbaec571f54d8c51e9627fb254449c5079965a57b746714	136148d6617f94aa60f6b5f023a86c5849d2daadf340acad5cd4b62878dd4cd2	31424013a681b5611c72f1c0aa9820647e09bfe327475714df3035b137f985de	64	64
2c91e08c70f21b0667dc78e1fc72a1ba2f4fee67ed2c5a4077c1226e3e675d26	a53dc52e4f976a35a268cd7682fe9e8df4c1158660580b59731d302867f2dccf	dfd9a38eb1322ab85bd289661ecec19a5e8c39531af3a3d3176256363e8ceba9	64	64
2c9b0f2904c417320d6c3b4b36bc8e15577cfb719c8377c29ade871a4356e41b	8d1e2aeb2e1b731b06a7f320b26bc48f09ec0df52be694e5226240c39338fd77	4c8d0fda79ae97d7853fa965453dcbcf5b0064a248a280ab5d0f66c7e591f252	64	64
2c9c27dbc256e23d783fb5b94806507ecbfa16f4c7b05a7c451ff9ca6c646ef6	fea1bd9095600b71e36e7c5a7b3bb8b9b669aaf12437ea74e6d04d101adaddaa	51879f6f225192fca3f82424bfd363911afd3b01d8cba2322138ad5532a143b3	64	64
2c9cc755a4d34484263b136ca6c3aca10cbf429f642a7c1136e343f59d734afa	09927bb8d914734f3f61b2d919d8e4841c077390ed34a469d787d1b8c5f40d51	64767d43526131866b9bdf032dcb4199a7e4c36e3cb58c200770906c167220b5	8	8
2c9e7650d5909ddb79074aaa18396ba99a1b6b69a9bf92b3de3896c9c1c5749d	c0c39f74a7358ee6049f9cf5224cf68d6657819c3d975eb1b2a450096f69e616	7a016423feb3724983cea5361543ca661238580c49c422dcdf9a0bb417575e55	32	32
2ca138c3d751ee5cc0916c2565820da04d87a57da104719957d4c15bf556832c	f23753e2a3a6c6cc0f2894b1f1b0c367fcae27c823adb5592b0d7f72b39f91ea	fac15dae137a5fbaf5b5ba38690bd7b99cf8e5b0662023bf3573720ec40d0458	64	64
2cb87a87ce882f20dd44995bcb9532d8f435eae85dd115e1f02c39497d829254	b8eada978193a88f6544f8116091dc1bd6d8e70c7377772ed40263d2c344afc8	4afe5520c55bca1ff726d8b8edb19930ddfd171ccd03732460268599c5ecdec9	64	64
2cbc3175b84d9f6cd098059760b785fef08e9e60935cdd3da9b4d03f84e35259	6399110491a73b2eaa2cf31ce8040883c7ecfe5e2d37e0546b4df8a0147d69ef	064f8d6fb19f02f24ed7b2558d0d6ba0356c58edff4abc367cc6951deacd63f6	16	16
2cbcb8327f40dd3411bd352efed6f4d2b13a9f3ad9721039765499cbe853f68a	82d9f21afcb9c2d64d9f523328109e0455e82d168e6cfbeb41c5130400749a2b	cdfcddbfd6b6ad8550f18a153a92b7466ecde5f5b5ba43efde3f7ca161fde03c	64	64
2cbe7a511f0d2e67664edd04c39bb5654934b62a4724c493021a5bc65fced7a1	e48a0280990792580bbe8b464faf4bcb3829bfabf3f96541ef539253837a0f9b	5bac0115091b6c25e0c59b849e00f59da98747718cb8a243d94e3a3ec0c53053	64	64
2cd2d3f6b9fd0b2de46dd626f0fd67493b0a9529cfa1cae45d9bb9d2d27b6663	7106841515d8e704f2e4019816d7c8ea28abacc6718ee8a20b02e8f53a7f548a	a0cc4b99f599b59b8bf3b697489f92947d885f4973b2c4c5fef22d51f2c29775	64	64
2cda63d6175a33ec1c0d6beb9de88bdec6ba3ede8a84b2531d95d06eac981f4b	f2af664d75683ca0780f0dd4f0689bbf62ce9ef5bf4fcd3cd21388bc7523a9ef	228a0a6721b882003f70d27e3b8061989e14deee6fde2e4989dd610d238e70de	64	64
2cf6b5f0ea09eedf7bb0c46ac873ea2d2b51fd0430507e7a820f4d59e50e2a73	69312e9b7a0fe24c6477e8987199dfbc4e75a8f73120854dc5be058617f3738f	bec5bafbc0f189be326109db49e5eb978ee5bc972e095a74844ae3700b0c559c	64	64
2d09a09f1c182b2889af7d4d448179226bf3d8393fc578112c77423de275705e	f66a7546d5c17541f5725d48cf264dc33043c6968bcf0ca548d5b848302f6c8f	a7e847b1fb63396b7c8a168ade92cb34defc60059d673cdcd7a976821710cddb	32	32
2d1a017ae26b8c13d338ff5abb49de5ea9d9783e12786e3f2e891a4931b59e81	5e01c8531e269c031e7052bb42ca2f51d4f5e8319e68d506b73961ff77deca95	423ff48fe5e3233d471ba5f9c29d5bf3e86a208c2c59ffa6ec9d529f4ccd9d5b	32	32
2d1f1bef5180ed956880148d6ab411c048d10ccb9adc35eae04ae5f1f88ae8c3	07eb56ac4930e4851767153074bc2a1c66cf97258f7b74f8a1e4ce410cd519e8	455b857eb766975fd741ea03871655f22c0c16e5a84326c15d1b4e2a881582bd	56	20
2d22c1f28407ea25fffd6bdb29855f1fdc912e87f6521649bb59df49007cae97	953959dd00e411f8b3512b5376735bca589fa9cd230dd61a686d115946bfeafc	63e2dcbdfa5a4bb37cc46d4e01ea3736743c53b4a7a2a775c9147aa1dc034a55	64	64
2d2ec0b97501945c92950b6ab1fda17d3f1419da43c5847c885c1b89ca8d7af8	5bc0109d7465cf42be2f453e8bc7f71d3ce5d71a301c4f6c7996706eaf5667f2	d38924cba5724d3429b2d75cf7959c301c161bc35978c0b76ecabb1fb05a609c	48	64
2d3393470b3bff75aba81c13112d6d1c07f21c0a82bc91e560bc65eaada569eb	698e1f7a0990388c8edd9ebc42d7f41c9a26dc4c1c9771998a8a9c8466d6c130	60878f07ce8939891be844e45bfdfc3835433137aaececc6747288b75e908d7a	32	32
2d35835c9a1c1aefaccc883d0aebf07231a0fee194d19e83c5c0e74359113a5f	a6c3363475b69b5fcbe52e073c5a79d22a02a593b231ee599576cdc785cfe2cb	8ceed71243535620afa647a2125318fc1eac0ce4df5ef28c366482710565a006	32	32
2d4ddf05f0239c036b9680428468632a764852ddf13f62933e71b5f9cb371cfc	ce34eb13308174b71e72dd7df06f858c7330723a96e5c822d27992c2209529e5	0dd0e2f50f18419825b01ff34c2aeff137f6410aefdbab22fa4ce60cddc9c1d4	64	64
2d651fd9966188a768b9f33bc22e6fee5106213606376112ae6e1d21f242026f	2d1a276621e417f61f16695d0ca295c2b8266a2bb546ebb16da8c3946c584f16	5b99afbb13462c04028187fcbe018571ff3d2b70c68db958b1361e8cdca6ecda	64	64
2d7f7d97f27a26bf2b9bcea4c4cfb58af39dd655468e62fc1e9c9b303c2dedbf	b2aee18d44206c9483de72fbf98c9647e590bf63614d4cfccbe3de05078d165b	4140fcc43ca61877f5446302e073e6dbdea7c47804b3b5e11b7d1dde7559f8e3	32	64
2d983b9af2a704ea25e126f18ffe300d38c38d975b4640c8cc8530b9f8e09447	2c02e7813c31e6bdfa8b6c8c844008e5210b2623cddfc683733d6011050e82bd	9ac69d5490bdf4e32f0d7ad639c18cfb6fea65623875a1711e17481f7563e3b4	16	16
2da4eb8c10f287d6e3b90a9d54c0ded2e72ae695f5c5943113dc9ad5aaf8b425	1a1ec5174e44b99fff025a8dd28049f154eddcd326af9f38c7cb1410e5900890	66b8af884fe3d4e679ce67d272c0f26ce846c9d436954a28096e808e6e8d8a3c	64	64
2da593000fdcb3f8313af5aebe4db8cfaa7710a862d3d78a7b36a9a9b4649b39	8d4f0b6cc26b10506e8e5e9918feb954fcf6cbad6e382e8f258612a7df54ca26	4c7f2afa3aca6f05e5865ba40af68105edd573bd734c2f33a7754081cf568a46	64	64
2dbb41866d0f1f8a09637334d6ed600bcd2481e02be83bcb92dd55e14f16c734	cfe0a8cf60c3046cafa74a6216a0ca83c22392db94b007305de6f6d9bab99445	5ce89e904226b1c1d39975e839280c3f2e06c93f892ff60c31ceb42cc1c86bbf	32	64
2dbea5e2e91a0bea0d29e89a542c32c57580c30b8cf7884bf6bbb1f96255e07e	6fe529fd38d91aa1f522de5bff38bbeec80d40cb16e9895f813cc909bff612fc	e48455c4db0014f4daef2a5d4b1a57f881f04adf3ad98406a8af993d828faab4	16	16
2de482055ed680b3ba256e109e4bdb6b1f35d7827fdbe39e6c7258bc1a3a08f0	f074436786115e7687ebb8beed9091e1b9b2a0388ce38736873525f1674e4148	1bff54df705ff02b2674282a7eeddce9a7f2db92a4fb2d3febd6a2c72a6c71e7	64	64
2deb9a36940ffdc4428411c55effceb4f8557d58fa4392fdbca450a260d0d915	45d4137f002af1cfb4d459fd55107ca4d723d4b4440f875d6104d9db79b12218	2ecc83bb1eaa446f67f5e62468b65919ce1dc518c3127cd5ec0d44b9de1f7a4e	32	32
2df638e3d88b91b63d5595460196673b972c402e9703ba9f6cd13f4d5ae3938d	0c3c5afbf7d70303e2addc3377db980fc8b6fe2596b3e521bfb32beef79bd99a	85f8d6d91bd1be4d8c2fd79a0d258acea27001bc78e192de093023f29c64876e	64	64
2e06c5f153cd6916ee325eac062036f400d542bbf1d5a29479ea55b22a8b5eba	d64ceeb24d0543d805a6c7122751c27fe7faab38925e194657a0e529c8599de4	c1cc72eb8cd73135795e1ef0a943ab66baa9860b6ff1db630497065601965de9	60	60
2e23496dffce89b8599a3414474b763c4f18130943c9d6e3afb5fb0d02992c15	78001ef3642bde10580a1b05ae87578fdc43406a3373d2af0afc098e53fccc88	033a721409c9d40066972012598c0ac87d25834ed796c182486f2b96a0f2577a	64	64
2e2f95c8e670d6e24d0fe52883012cc53304ab4aabb02a6467bc8ba31019405d	132eb1a6aed66d009025ded6661c465d4c0b861e7b9707a7acf03b9049db443f	240fad2da44e10de17b584ef5284c470dd2692641d67a2444c07f2bcae858bde	64	64
2e524045f53ab6b33eb8f7077b98fdee12d84e43cb7e53622c27a96e9c46541d	04998d0f0d9dab2a804073a4fa3793aa733e7d5e874dcfd75fe0e2763aa3dd0b	30f490e6a7225d65a842b8e44d7f3ad15c4586dca06f64b958269c04d0b971e9	24	64
2e556b54d7818cead95295683da2021f2041662d3de4473d9ac8511dc6f9c0a9	2b3f446eacebba9d1b94e9de51dd65becf4f44559a24bc224f8b36a6e5b4f523	b5f70569ea0c2bb5ccb890cd765adfd94363834d70da907096cb7dfa3aaae75b	64	64
2e5bec7dfb0b910ab0c43edbfb19affb024ad7a11755f2b08415fbaa5cc44aa3	a1281d7938036b8273d0676383bc720600195f03b29cdc596f3ac0dac03e38af	20821d0b0634a51e9db73296dd87cd77f0e7585cfee65c46771b639b646bdbca	32	32
2ea3794c118d9df6149f50ece29f824ac380e5cc0ffa44dbf1b8c0208977568f	dd0b7bf7f8a77c8d694e99fb08edd5857d2e46ed6c6e6e380fa19fb7f047cde5	84c7462e226e545cec8615577925d86ac0369839521358758307ded4c0aa3f65	64	64
2ed18924308f24cc101a442d96b895cd1a0ac6bd944c706e0afa3f096a4a679b	9c7ebeee2ec9adc731d7696f29381f7e376704a4219fe28a686f5d33a73014b9	18de03f23562ea2a714fca36fffd6b473ace4e45f09105563880cf85e07f923a	64	64
2ef3f6642033c23445fa5aed7db61ac070182720fa5f9e07fef3a9322bc9a1de	ffc8ac65a398038773d0f209807701fae25da7bb57f7649114c1d22f9889c578	197002c3cc7563527ba9110765aaa02a33a0fc83c658f41e3070f5aec7f33c0a	40	40
2ef93742a725a17eac70747d2694ab63400f99e0691e717243d9c615f2d8cb34	2f5d00ebb466edffc882890606e3c918659356205ef7b0aec9ad18f99aaf7678	57ad6c1e65b52692c74de2699537db12f832248c30cd19434ec9a44d8721ea3a	32	32
2efdd11bf36e818e26f8a9b008c4d313bfbb1f146e0ac0987e8e92830337d4b6	25e535d3c53530bb278c8c8f77d2f43c44a57e267240e0d665752e248a607a19	2115f564f3bc6c69497eda5bbfe969f77963a97765b2ea076d1dc0783e7f5f46	64	64
2f07f570bc5d97792453b4979729de1e0ba4eb663fea6cd01c08c9cffe317380	f418ac96615e9cd27a069e188594c14fbc51d54961deaa6eb1486bdb20bd4061	5c7a9e566815fd0e09e989e32eea88b08693c295596b2e774e836f0eed908765	40	40
2f0cf59df1e8700479626f7a4aba9abb8819abf4012e84a09605014473296c36	59a0be0e6e673df79f8bd2d39a2b02bf9b688206a005f9ea7352a492357cdc19	171be6fc0cfd2ad196e3c06be7684ff1784ca30a09976fd162c80f294e4a7a40	64	64
2f1b52b4485d6059e7c15bbb360ae1b9fa6ef84fae5dd1f8fb80967ba6ad2ca1	e9e22c71700ca2aadddefb2afcc063ff729dd5d17360ae3656578b072e8f1ecc	90418d4cd2cfa3ab81cd8b33d36686394dda3a6e19450b838577ab9d669c035c	64	64
2f1b607140cea835fdb0054191203c0d5edcf6dbc5b47b8d101c0b855a4a99b7	478254372d85f82121461fea6914e78e83bc9ce29745144a7fb819898a20cccf	7e91404b8628b3239f197adf60f8688ba56c18df57a1b3c8b58863dc3a8388f3	32	32
2f2b81df63e7a15705f011a6b6ffc8b1d1c8864dba73f3a3c8e0019953476195	d36af96e1f04b890b98e0617996328d2faefc2d8621bc85494da63334a2821c1	d522736378d9880798b8453d5ddb320b84198cce2a9281c90110674d1c722be0	16	16
2f30bef5425fcaeaf4264993fe07a3d46d550e0b2663ddd6f1ce1132fe75ff07	c93d7f6142c575afffc500185936490845bd5eeb1b5d958ccf83d2b6ded7898d	90e9e40eb0ea23e4c344bac546030280cfe5608683ef26b5a1cbd2de7c6d091e	64	64
2f35b029abdaea3652fd22b4e10e6b17c2ae9ae49d461962675e98fcdbc9c493	3042062a72fea59ee1079db8eacc9d57e95b85970b894f477148669338eebe22	8dc7b4628ef35edee2c46542a3bc9345166a8b814dc78f43cfd5a9d19c4373ba	64	64
2f3c9000727cf11d1c09b99105d80bc28e35e96356890e3e8079f538a0eba6ff	9612cad775b8df2fe210d0cd6268fbeff19b789efd3494bf87f209edeecc9e8c	17712935b1417cd9fa044a6d4633c7570f124679f608564f7e9e691e442c3523	32	64
2f45202dca9c2150ebbfd136f8d016f9549a298fe1deb5f9df88f68a6285e96c	0d98742d9b8ffb992401d3d4da922aac2b68fa146c8b050f2d92ce419f3af15e	8304aae9837a3bf2e8fcb1713a40976114fdf769a57d0812c76d46e7af88c0e9	64	64
2f4c3707ba0cdb6f22c89b1d6cae9471cde08f80957e5950500234fb9edebdde	8f82e69b9e51b86d116e6fffcce5d307c43f5ad62ba9a0bacd6a5342dba243bc	90468bd23d4670d10cb6edfd3a4277265eb43c17da00053a7a03a82bb58ba4fb	64	24
2f5a1bcf7579040a47c116c3497d21f6687e1b4421135a9613ce4467df1be9e4	16caf1261575258b27535502b05652c86c5e86af81c4e83d80f8971157ddd4d7	b64e560697a5935c69baa07b3b6ee62ff3df588b6a015cf949b4cc9e05c97cf7	64	64
2f621048034160aa1e7ce1a8360e680b39f3cf24e06e6747dd3368a9b02651f8	e19b8cf06fd1fec1844b3909abec8ed2553f76d37f86befe4059351fe07cad38	169d6a9703699f0f2c2a163ab8951e578912c9ed4c19dbe7924ee29d6c64a0cc	64	32
2f83ccfdf6e4a4adfb6e0e92d743a2e11ee95b1091b0d56c52f437d50bce3191	d4e089d6d549159a28ba5efef7dd481799f528da3d38b7594a129b5ab65cb463	f3daf9066a0a9ae28d0662d99da9ea8be0f7f4face1d0384b12af000ecc86037	64	64
2f8e1c9915a62a96cd06b3316543fed8d36f6f777f5315eb7e0e3e1f5a844d15	187589a0ae86e3e18868b1b908203101acea2bcdbc0f6483efa672bb405441c8	519b4aa3a70f29dc2ca9639d38c1eafe8f7324ac08a37fdcdf226704b155dae2	64	64
2f947bccf02c344cdb5f48430c9f24eeeaa61e773af0d2b337fef64af32664a6	fbe42e351eb878e1318759bdb32dcaffeecf63674e4440fbecce9211b22d273f	338f927c3ec0ef7490ea3203a2be95aa42e71ec96fd42d326896469f42c56d72	64	64
2f985209d2c339619a5b137913af9417211572214327347dc30f8fe2e255c0ce	96a9a0cac26a161a0279945c396dfa8ae7287f708f4399485199131a67a97b9a	0eb08f872ebaf9391889891ee6e17878adfa6a5792c56dca7e61a1d28f5f88e3	32	32
2f9d84ed9944bd938203add1cc3096f19a12e20f748ad284f93ae906f0a22ed0	713f3b781e3a2164f99708b3e189192827d9b85f2a6e8c03c8666155e1546db8	382e2f320d53af277a05eed5bee283f3a46bafd91bda9bbb8125cab68771b0d1	64	64
2fca98f9f74a7cfbd01ce904c4e08ef836c7e250b3223d20de2c3b68ab22c09b	94d0e1e41ed910ea1aedfe1811c134602c198826da05fca78887cd202851d097	6447aeb5e82199e15054cdb5e24ee11a74d77a469b0d869b43e5e38037846b20	40	40
2fcc6d7b63923e5d5f67e1e926ef173ad4eae2e97600d6e74389786c81e729a3	e683df884d4f71704b804a9bd7b2718408629704d9d4bd32c6849013922f4f91	ad1159a8105dc92f262470a0e1f24993e213b728210ca2e55395889eadf9cd1f	32	32
2fe0f843d43368f95225bef2d984ca71842c4f0c5eb652ae73c28a730920e91a	64e46f0b57a697b5dce9adbc14d4c4398ce9ef507911d3f2a1a5a48bf8538d3a	ef6d5add8c5707f1c9dc454aa63a7aa8c5bc4306e03ea15779d2d8b29e39f4c7	64	64
2fe6fda75e1974037df487c9a07932cb6fde7ad3658fc790378481f788826759	0b19c4cf179508a1080a526537a8c6a877f336bf5b9e3551583b509f3fb12924	df7a51cb5492fb97688d9c8a5d9742eb3f86122cdb937e6aca03be8bd141736f	64	64
2fe91533a2394d563b7bee231a30794a14b4afd6afc1bc519d54d03e7c061f42	aaeff969d678efcdb1b0a9802e66ab3db8765da94257ebe7092279f6d98eedb6	770e65cd69233ff29844f2e7dfbfdbb404bf02304f21ba7424bed5e4a0816825	64	64
3004aa0f43329c6f86e85f1a9e3e02811c0494cc19ab0246de0c8f553152e13e	fe09d93135a0cdfb540a73ed6bb6a285cc106843265e05a86b2f8dc4abc3b85d	e1f83f50daf6a5e86f3a4a0e6505b3de28abfc1730aebdca51b5417c5c734f49	64	64
30099bb278ad63e817f1bfb6e14a7e090de311a19b30bb1331578c00a061d0bb	d5dc793e16cb86b33b92490d1315ccf0671f4dc2d45ab4bfe39ee0a6109f3040	1645e099d3928226127eed54d001b242a4cb57465081f08efdd288ae050f9db1	64	64
300aacee7e91773f245e25aee32a9aa258b596d957718d64ddff11ce5a1cc3e4	f7deb6e4eddc86068db6f5eaf2f88bd3ff4de304e80593c114974bb7bf9eed34	66e29f4b07f339d5d3b897adabfedbded8190bf88407ebc1e7d68b9b89e2364b	32	64
30241f0719c8e8fd8c9d2871dfff65b45346d1bf0039b30fb235f53e70b6ad75	69afa68a7692b7f6a89949c52ab422e3740eb18b39719c4a45865cd93a1c0d71	401cc803fe144956d48380b82689a4b7f01a5ed09f54e60a52c9210c265a4088	32	64
302bacdb0a707bb0f98384f281097d58c3c52a3e816b7f8711ba57c21682e997	304ff40757ef298f4ac40f7ef1e4034bf748b3f88b79b962c0890512fde993cf	8bd1e43f4985597b81fc12b7359d2b6aa21545864d28ad1cf29f0b3e41a01ffd	16	32
3056425c116b1ba42205295011916fe85336bc2e01dad99b592814c33dcb8ac5	db94731f8092b28174a60eac0be0492d4bc7480307a4f514c4861ea713582811	19a1d901d5b04932a548cfbe764d78fbecaba9e67424796600590fba1c5aa734	64	64
305acffb7b23a222cadb3cf5e16a479a53f8093a30f9908a860f90716c0cd845	e71e9abf4cb83a05f4ce938b20c5ad912e2c42b75dccca52c9fc7f4102743091	da5d4ab98e645ec4876d7298e6c5acfa5136d442b0c1105dd837fd7603fb83d7	64	64
3081b162f65c265c0f450c1a6a3af87d5592199e8e24f7be2e1d81fbf2ccd212	0e9bde8e2190e4041dbda850963bcb44c63dddd8672990fab40321dbcd283308	0eab62f6427f55ec3535e1f5d4b3a350a9da835c1815d3cd6f8ad29598f95c25	64	64
30923f9506c1cf322c85f1679695809f258b6b9b1a5fb533ecc2e6f2fbde57f0	754d3916bee6f6035de5636692d4312a90cd525abf0180753d23afa6a147035d	58f0b6646f5de53a65ab2c459ec055ea9ccd2d31263f0e4acfb326d7798491ef	64	32
3095928c1a06f3c834c570be56d2921803782e6e9d45759b71eb6ac82674fa52	72b484cbfd7d43b445e901f957d35682e179b0c9314ba1be8bb99f003adc3eeb	7b66c235e45e941c9cfa4fa47c8bd7cf33afefb4ee7ac8f434aac49b830453e7	16	16
309bcdc7963dcb079c25f296fdab06df1842aec6369bf05a8da3c4ca6f117afe	6f7c773bb3736ecd4864a326bfa4358a3f99a7c847c27089bfbd72ca9890176c	48485745d5734f468a6584190a54641ad72ca588023d16b5b697cfee34ec6221	64	64
309c14c54b3b4b8b5833324c34bf44d20068f9a11e2133b7e52afff72ae39edf	4a08c21999217cc1644ae0f5378e7b2bf367b0734567d171daabbc45cee0aa50	52b7f84fafa28d343d80286a8b8c923a91a596e99e9582f86624479b6bc49734	16	8
30b29435036e83eaf543687d258ff27f278e3433874998611a4a9d9bb84dc16b	abfb1374c3d4e1fd397d079345bbe844da83037e5eb5183c16c51d74fdd1b3c4	9e5a45436e187420493e0287abf77fdf40bf8f06e8b35a40eac2a22fb1522608	64	64
30c013efbee70d9003c3d790e1b3c72f1fe23e08ab7abcdc6e9d06d6bd8a6618	f0ed82470229bba7d6373782ac1ce233abab5816a3b36c9bffd07554f4767a88	89bda9099e43c1aa8f8de29a058ccdb123dec474cba440513ff95745d988b896	64	64
30c94e966c11095c1436323613dfb36041cabcbe202c7da5fadc77f18c30414a	8f89e9ec2dbdc24fe4240c07427de9f235907e518208e84058126bbd7bb71092	b4cbd767b0f73d37e31f6852fa9794d78bcdf832235936b590c5cfabf3a3d9ed	64	48
30f0678450fddbfe21a595a01a45a9df0964cced824d3a245055c77a884a023f	10a37030e5dd1969cdc0abbe55594a8fe72790c19499e13ae24e31cba081152e	10fe3b466920a276eac87d802005e6acd17a177025a47229f91b812496a1ac96	64	64
3102229015c7afd4e3975de550960505ad1cf538b6897c413524c7e61e5d63ca	3a14590c9aaaaae44d300434c0c7dad449da8e0701aeef35fb5965e43cf0492a	4dcadbd588e28f312220d8d6eb42a15a0ead8eebed61daf433fd885a16b80f0c	64	64
310b86029313c0071f7da01e725f61b4e9edcd2ebc520fe9cb12908a997af545	d5dc793e16cb86b33b92490d1315ccf0671f4dc2d45ab4bfe39ee0a6109f3040	1645e099d3928226127eed54d001b242a4cb57465081f08efdd288ae050f9db1	64	64
310d10d95f6b6bd06357ec2ef1e622b92d026fa21d195880dad07be9e5cfe2b0	62c263e0dbe713e17b80438272890737ba7315475531a42b94ee9ff72e0f2287	8a6fdcc85431052163fa35ded5323ffc789b7a365ec79b84e0127d483fc01358	64	64
311008187a25d92d5b0dec06797ac60493149bcc724f1d28ecf7506eeb4f3d4b	947aff56d9d19241185a969e1e52a0c57a4365e1e86727d51a781d343d7fbbdd	86c6be4aa2a6830c00b5f29d06964aeac440ece72252e9bf5ebcb7237e6a255d	64	64
311a1b909c34c0be9f6d3082a0364c73876e4ef8cd55611b7275f574d4bd82a1	a07f6d6254d1fdcab304160e467803c136c6efa3ef2a1b0e77eb87d9a3fdb6e0	17c96c4a308b8447c49a3bdc5abda364d03a3e6a844e9af0a04a2eb8448aba50	64	64
3134f108d5b46f62fd046dd4e23ee43e9a0f8ab0133d143738f89ac774c1ed5f	7993d1f4feacd5357f5bc05c14174c9b439064522a29e9a45ff16c684cd49e36	1346be867d7f2004a183559a7cf07a835c0af46cf38f0370d56d66bd3f989e63	64	64
313d74499e6e532f828f167c82a64598545deb02a941d4a5a54010977e6f4dfe	e71e9abf4cb83a05f4ce938b20c5ad912e2c42b75dccca52c9fc7f4102743091	da5d4ab98e645ec4876d7298e6c5acfa5136d442b0c1105dd837fd7603fb83d7	64	64
31467699fe7f9195b02579c844ec6d76b66e027db7bcad96327a975a78b62b32	e71e9abf4cb83a05f4ce938b20c5ad912e2c42b75dccca52c9fc7f4102743091	da5d4ab98e645ec4876d7298e6c5acfa5136d442b0c1105dd837fd7603fb83d7	64	64
31469926e5084bd72c7acd6c917f76c4941dcc1cee9507c83fb1313dcfff88fe	22dbc22ee1d111eab9f8ef2f2642e138de2e5608db41edfbc34f9a80977a092d	a8957ef259872cdef937445ebf4a6edcaa26bfce3e63f6b736f649b93cfde047	64	64
315214f445ef12a10a20afe3f461fc48b27eef8a04837731f8bd4079f03f1945	cc2ab6f2136c7609fe90979da093737b98c6e38cf350b22b87a297c0aa8f9251	ee6727d20a6f49e3d343683e6cca15d2144ca43b149966f3ef550e7cfa42a423	64	64
3154f13158a0814af144e4a0f93a82c1a6bd8033e0f3ba057c2cc313f45f204b	ad7d158d5b41ee9af8163bf15095962e0866a794b6e56cfa7b1ee5c6fca76e5f	bb4f56c875c7b20e22f6d073642c3345b570b0a56a5d5608abce5e08bd04b93b	24	24
3159cdc9548696c537e94418329cf5a407370c15cac276117a6d79248ed87510	7608f51ae6c11a29bdbbbcb0c0e805b7c31929451ab1e23a6c273a0f370e74ec	76df2e9df014390cc04b9789e9ed4508e9210e16711a145c0454afaa1b69a90e	256	256
3160acf0c25365b1152a093adff7dfc2e4e2e00a5cf5c8a65cf263fc756c554a	1908e01995a838e65bbb0650ae57ae06d5039885a25adb169506d4fff0a4473a	fe6e3ae7ff0d084f979c9da9b37bd44e8e70308ed6c97aa3588e973b439705cd	16	16
316ad060101bb4a77dd4c1f30423736bbe4f32bfe92a755f8f2b0dab3da1d7b4	d1b3ddea02de0843b65a284eaa97dc57a7b5ed40aa16781ef39db08a2fb8f79f	16710d1dec44b8709467ce6ef8c0defc38081a74461d65640433f784bea18a52	64	64
317466e012ab6e9f7868aa69fcb56d01af65278611fe1a46c582a78bec8819d3	dcc9db7947d372bd05de25406dae94e447e85d8e866133decb1863b2cc2ffd22	268a1f09dc9f44421e088d38b443358c364f3c245e239d8ca4748380dc827e95	64	64
3177203a280c3ef5e554b257c959390ff305bae0a14909402eda571f72296bb7	c241fb4daa75dac83bda654ab9d1236ef9ceea90de3e3d44c6f9f85aa386bc17	d697bbc5476cf3b43eea46a111fa62aab3ec4caf7b34aebed3bff1a949748ce1	64	64
3199e9ed0ad3829975bf4478ac00d26cef57c5c81c4a607820ca53437c49dc81	b18fc65e65ebd388101bd90bb5f48a4f8c99c01f69f25739f04b76be0e351700	e80af6413b2c89a2f43d2dcb56e42d8a3d4f186280af53b9a6bbe02fc62b0fe6	64	64
31cf3d2501325440cd296d95d7c9bff982b312b5f6964d20efd65f79e9a3a580	25e535d3c53530bb278c8c8f77d2f43c44a57e267240e0d665752e248a607a19	2115f564f3bc6c69497eda5bbfe969f77963a97765b2ea076d1dc0783e7f5f46	64	64
31d575141f31948af44727829143b98ef4ad5693f6d5ac4029d69c60963589a5	ab5869a7c473a9a54f0d78bccd86d0213d39d42ee1993778a0f5eb1d29e3dfb3	2b0bc11433ce0f1527533633733a530b8f1036e7b6852c9b649b016386a29dc6	64	64
31d86aac3e5ef528e0c3818d0967d972837844f69cd918c4c90e8034a9a472f9	17e10919319258484d14b43f86c4b01449abeb3754ebdaf062631a1804ada777	f212cf983cb73b2adb80467fa2f2efc631e632105b8c34cb52a1bcbb20224337	64	64
31ef393b1f208075a8a2467b9bd92e0cb324fa467963497fa22759facb922725	f83becd7a0faf6768de8d1cef14cbf22fd54ecc562142a427a889958240340b6	5848a9c73369a1978df13047e28783f34c3204e0e20b7af09576bbda07b75e7d	32	32
31f0fac7c4ea6d4553619205a2720eabdce23d9eec057e3e1778c52e2bb715dc	c7c1d8a28c732859a2ce10cc45e7fda842e3404c87074cd6d937484d64c5fba1	b12bbd465d6fe44e6eafa367e8b8c300396f37d9cc0113a3183da21be548e22c	64	32
31f38ded6d7123bb68e5983d51e8f45bf5a437d884bf58321eccc3b274a656ae	2f19ea7c20382ab0229bb43066740053418ba3b62e785520f483d028b9c17fb6	66108adb518563e2429573880c21cc93d4c822618dca3b7881f92caeb13904a5	32	32
3209c6098ec11d32f4873333c18e399963bad44163e80d25e2f2e88814d95ee8	bb28bd96c7dcd271b7faa7cac768b99c8e0c5b270e67f2157fd0ac451665b534	47238b5516eabac37f1b586e97d40592b772f0a872ec5f4c7d2da91e9c587442	64	64
32182bc8e0ce389a9231485c04e35555495396ee626ef00e7cc5387ac8efd94d	933bbbd70bb23c10eb81dd6c35cff5f936f1732b7b4e7e9e783723853e857f3d	a88d20ce005ade1fb4aa25a59912c35e0bb391f7ec6550039d15a47217ad0faa	64	64
322ba9d3393982ab7ff81f9ef0a2ed147b5f4f86ca6ed074280458f02d1d0d58	f7deb6e4eddc86068db6f5eaf2f88bd3ff4de304e80593c114974bb7bf9eed34	66e29f4b07f339d5d3b897adabfedbded8190bf88407ebc1e7d68b9b89e2364b	32	64
32308c6a5f25adaa5495d182d2f4c4eff688ff32f0013855a66c26b2854e6c9a	ac8ed41f35da795097352c7b45c70049dc959c8820a233ab2824a920856ba780	151bfcd45c93363766f8952eef328fe1d0a239cf0a86fabc49d7d586649d587e	64	64
32419c91dbae7e804d71d6e40322631f076f8d105f4dcd07505cc8ac5fd28755	3761d6efb92944b515d9def0edb5166e26d9735ededbef75864b37f12dea7055	297ff7dd06ece098a9dce3292b94f5d570e579768d499956a31c81df74e03c1d	64	64
3244b3ff5f49f297711d185b401464adce17d8658e2273ca266a583a4902f564	1261ca95cf53fe2fd6384f2d5046ffb9dfba8fc2db38a14d690b277d1c6386d8	89b3a72c2ef4fbcd04d9dad3a2137eb6456483945a21c6b4a84da17b204a15f2	64	64
325726f1da4f6e61a50a8bff59df5ebe31dd812ef24712a54236511ec50eae08	88a47313511eed1e60cfbbcb71f47903e43ad4b7f3092fd46b9895f5702386db	3660d9d32b63359de297f1cfe9611e52bc73e8b39d3b8a5a797379273300b596	64	64
3257687a29ae3ef43de34131cc9c26f65d871b498a82c1d219587580e613ad0e	933bbbd70bb23c10eb81dd6c35cff5f936f1732b7b4e7e9e783723853e857f3d	a88d20ce005ade1fb4aa25a59912c35e0bb391f7ec6550039d15a47217ad0faa	64	64
327164f31dd6db47feff8a6fb5d433a4bc22906eb39a41b891b80e85421235c2	8d4f0b6cc26b10506e8e5e9918feb954fcf6cbad6e382e8f258612a7df54ca26	4c7f2afa3aca6f05e5865ba40af68105edd573bd734c2f33a7754081cf568a46	64	64
32755611df8fca471006e2c677b3f2f4810527b9eafeefae15b20ccfb1994510	2a5340223d605208194245d799f54ab7661c3e9f698db3ad4fe4a386dc33e188	50679b58f850c05997c09a7e3ad10eb44e50450705579e96fc874fa91c6afa88	32	32
3290ccc9bfd7564b1975a3037d621bac58d7feebd4da45adae1e4d7deece5f8d	65780330d01fbcac5c6ce0ff1fdce08f6c06031a9e26e85d7d1f0464cf66ae92	6ef1606868048463d6dac7f21f7066977bcdb7106daa89b7fb7e07c35fefff08	32	64
3296a78a1ba2071a975584755c25edeed1709ebb68331ba422e7787a5ad3f4c0	25e535d3c53530bb278c8c8f77d2f43c44a57e267240e0d665752e248a607a19	2115f564f3bc6c69497eda5bbfe969f77963a97765b2ea076d1dc0783e7f5f46	64	64
32a057a9946c40aa4575133a2d80494283b302807319bb47f4d4ff9d22ca553c	6728ac71afb1ed56a515bbb62a5574f5364858aafd02b8b6f77045bf100aff8c	ad969a3503838bf8897beeb533f436c68caec2413cc29911010f117889898a00	128	128
32b97c4dd06a9a122928640ccdb5f63adcf45594c01b7918fc2d770b5fd2c07d	beb1aa183c78f0f5577e499b69bbe7aff8df9451888aa438048d68e2826c8714	4ae2b1adc1932558a946104ef81ce792283a208666e5afd67a1f58a607f5aba9	64	64
32cb1112a3a60514656641567ea2d6e9794e56721e0d9d6236e6aa11e0ee0bd4	1f96614f8027788b98a03d791ffcf1d543bc69a83e2e8e4ecfd918aca05c66d1	f08954d192ebd79f4c2f7a5481b35a1e05f5009fc303c8f67625e64bd2c6982f	64	64
32cc3b6d6f3d0176580dd5679193b984bd9eeae530e4d2bc6f8ff246a414764b	6b22a087de4fb21b5711808c0c204cc8f4c787324dfb77f1ac946d3c22e2993a	7fa5ee28cfcb3c76f3d74b9302b87db12f1c17ec40eeecf138667c8b8a45d4e5	64	64
32d889b9e617c0438179eff72dad302dc7b5b13de5919baf8483aa8d44758f40	ea26d38f233c3e122b9dc493bb912c3c33d32877de917f475cdf5ce6aee045dd	97209d1dbe069422318807283aa7a5e4d848d80c8c83f866277c2f7850bf6fad	64	64
32e5df1c8170b2bd49a4e6dc3d4bc21dbcfbbdb920e35215519f32517dcfe98e	a956903a25c173e51559c64c2a0bb4fc728c7d2553c04fbe8cf06f6289c0347f	c5103577c0015e8c01fcbcb5720dbe920a86a74e8558b8ae57db0343392ecb24	64	64
32ef92aa2dd027dec193ea2fe42cfc0a0a75642032f28d351673c6def6866027	d737d2313a9cea16920fc0ceeb78094ca5f0016c0fe3eee07172313616bd2c36	7008853aaeefa7fd5c0f576d88ce8f57f9d16fb21a97d0f78cb8dabae4aa8f07	16	16
32f60e38ef68bd9f5d782be711c9990a801cea0930dc8416a4e4e0f314c5c0cc	354428a726959238a420de98a40c1433ca7c309585fe3478d39aa2d92cf2c039	d95b4e2a72f3e6c900e1d28443e98e3184e937b533b5253e072fe265c6c5c28e	32	64
32fa20466a2e2db9f2c85724e0bd48b0d635bd11b2b6e6252f7d2e1ca1173d6c	64e46f0b57a697b5dce9adbc14d4c4398ce9ef507911d3f2a1a5a48bf8538d3a	ef6d5add8c5707f1c9dc454aa63a7aa8c5bc4306e03ea15779d2d8b29e39f4c7	64	64
3303a03359152f9b4b3dc152404abba836d0e82d9423cded54c7582307be3dd4	2ff66c303dabc3a808956b4c9b88c7b277c014089cbf5f37fb74c8a28654c041	1eb94bf925a19c7e463be13b11ddef1487dcc86852fa376e3d73fbb4b658c0e2	64	64
330505bcc1acd9ebe80d3b50a43f90faaf93ffe572c222fb1d63c580e263b9bb	f6a78189d9f329985515e143f2db6245722a0ea6ac485ec1f6ba7d0f41f9e012	31bf7715747a02d729818ce057a9d94dafbb243116a8be94dd03358fac9ff7be	64	64
330645658211abc6268e67f18658ea706101e8b5b892605fec5860f9d3a243cc	e289448c39b454df0012390d1d20828b7a35a750366a37b4edaa98136e314fcc	31245d441eec0763e617b9c03f4199999478d3033e036462227ca0dadfcb65bd	32	32
3306ba091740d7237710164b6616e6eca6b8f1ad01700fa4d4444d8b0e1b7886	a98aa92b0ec7f543145c989afa992c56c6e50b2da0a105ad6523c8c70ef2ffd4	58a0278b0cce3a4d565d8c303ca3edfbb04c11703329c35288891ecca1c6b5b8	64	32
33170a1ca1c8af4a3cdcf9c634d7cea3d49aee6efa77b18d1fc69ae0f731a9b8	007b4703cd0aa3498c72757d1c23da07394632742d63b913c4f3773ef06d96e1	bda187293e023b4fdbc74de7cbdf731f13dbbd30e990f39aca6334aa329675ee	64	48
332798a1f2d7035bf0e2f81340919a4b08ae91225bb8752f550576e91abedbb6	b6407fd8f3ea94adb630affbb90a5fbf3143bf2ed628910718cd81724722361f	34485a6fa3945ce037a5a71cb0dddfca4e6d27b48447d8c7882c73b6e1ae1705	64	64
3329c578b7898a9b4b3b511558b7b96db8a065d0f9adf27f2c7382c665162321	76652453e74ca985dfdc2fbe1d6701d10ccc976aab69ed5f3e1daab5a17f541c	1bff54df705ff02b2674282a7eeddce9a7f2db92a4fb2d3febd6a2c72a6c71e7	64	64
332ab4b2e3d1ca30d4b22567e3cafc264bf433d6ed11587dac9fe8f366ab2f7c	a63077ac33dc39547ba8198ac468da912bbe9ff2eef5b10c6113043adedd1537	8ec171bc9023a953ea5ea5277da5cec87c57a55caed43c453b69b9e95968b52f	32	64
332d9fba9e8f85f4689e876cf07a7029e82c14138b2d7fe0ea45be67611cbd80	327d0bf5598635c5bc9b336439e563770fb5c718ed7911a0561613dd69182e56	cedf7002b45979eb74c29de063e3705c5b5a2149df10ab3a5b36cb092ab24216	64	64
333026414a40ee7237aebc9c5e9970bc9957cb2f052e46bce4ffdcc68586ecd6	1eeadc276c980aeb13905d7c700419b09fecb544423b0b7dc5e9bb54da90d9cf	116a920e38d2e74f05774643f4e74ae9e9f99ec85e57cde41f177a2398170340	8	24
33346c52581053087a8a1f7c0f45a0c9f1c9967a2ca9b77be18f23af35f39516	64da12a29507616eaa3b40d3eeaedf7638921bc47c70c86f1ddfcf40c23f27f8	10f8a84bc4438b7b4949a3969fa821a985bfe055051193242915dfa126158fca	64	64
3339a04e975d026fb042e3dd9ce9434fa16a1b4046ce2c92ad732e6361018c22	c73a7ca5b269064706329af036cf5883cf688767adef5dcbbed7a4f65a1ed497	90c8ad86a7ca39407bbef301c60b441a39a4d1a12d9af22038e8bc58c50ca7a9	64	64
333beb57c05ff80a754f10a847ba54f16471f042e044595f648fdc8299c53f29	ad5c519cf443b06e74cc87e0002e5ce1d9c135fe475b583998f6dfce587611c8	2c838ed530cf54225f499ba3b94b3bbb1ce9406e5931ec25caa8b07eae7bbb8d	64	64
334b33ba590714e0246df413d8c37ce69f356b7a44a49ad921830601f68511a3	cba27ed253bd3bf958e1fe8659c9225b0f9ecd14532a5f39dd0d990ff6e529cf	da7911da64ff3fdc318bb017fc927a0cf940d263928685916ee97fa808dfddbe	64	64
334d886c5c6b27026f5d5ef10852e81cc3248a99f254ff6252a5891f710f84a7	1783079b1f4369cb9a72cfab12c032d739c49080e80194904f9c513252e5ab60	1a3a6de86b2541defd29c37dd8737374672cd65f6d03f0ada519f26138ca3738	64	64
3358703e4b6611a701b20556420d34555c67d088db99f827c1d01e97da887f63	81434b050cfb8d7943c3335b230c1eaea39dce806307efce0846f864532e6cde	cedc257c1b1452effd3c18510660d1bb6d7ae7df7cf381cd6f49aecce0620719	64	64
335f98d3dab9378e3a93e008d4c9ecd41bef0072b6b97cb54bc0f43ee6756f68	3e20428c6e9d172f6fea8f55d1fce95a768c7a6c3b2a987a7f0ae0122495fbd1	84fd1d10c84d4736323c3ef369abdf3c0b6c2473466ded7263074db1a2c247ab	64	64
3362d36c47addcd7c0954c5e88cb64ced193bbfc65f00b74489cbbc9ddfed47f	f0ed82470229bba7d6373782ac1ce233abab5816a3b36c9bffd07554f4767a88	89bda9099e43c1aa8f8de29a058ccdb123dec474cba440513ff95745d988b896	64	64
336b5a4cfcf7a5fc7d956bd2697b6dfd19f6c3c871d1d1106d8ff1062bf69a90	9387c48723940a8833de05d704f1d759b8d1e7c5ca5fff5b510d50cf78f49bb5	e914817e01c06faf290ee2a44e99bde1deb1446c309ce44da38b17fd8375d459	64	64
33948484f8c9767c7fbec49ef76e91984bce969e67a6ae70b032f955a50f6473	35e78db44499f68c6e0be0720fcc15853700c3bfb255e320620d79096c318d63	77f43505e9d0f89b52102d0c7de7544f1399019dbf1dfb1ae7c2937f146ab295	64	64
33a4748e6cb3b13381da2d2e4d0061c3a43c992e581f4381096c33142bb36a48	4558dc03bf71c2bc1186020079f2249236cab525c4578e70c7cb62a58a83315b	b6b099f4622396eeb3e17fc4a7484a99ce1fe7a80ded1991bc0879132ab84268	64	64
33c141b8fdc62df1935aacac33b1cf09a4b07076336d617a5728359060537c1c	8add65133a45965815c0655a71134511d7cdf5294422b4e18f7aad0897aa9241	7fb85796089a4166aa0487d99a2e1024f41957e9320f763014e7c78ae7bd33c2	64	64
33d07d65a4b81099c869b9d927fff3528afc2594f88b1bfd0e2d5aed4cc8e39a	a5a884859512160b58e35b9e4bfb36f7b564712192071ff5b11699978b0bc900	5faa0cf6a96372c9b2e9c02a7e08658c2179506c592c90eedd7193e60a46b726	64	64
33d27fe0d514facfef5270b72a0302758fb174862f5df809a92ec7ca154242f1	8d4f0b6cc26b10506e8e5e9918feb954fcf6cbad6e382e8f258612a7df54ca26	4c7f2afa3aca6f05e5865ba40af68105edd573bd734c2f33a7754081cf568a46	64	64
33fb23f6279990128184d49a5e346eef70e0fefcbad30fdb0dc22fed0011aa08	40986d2fed23f2a1ca7306487827c5b27fd67c19b000e7c5988b716d0ec24955	1e9635572a3c284b0ce90ade69d3c120432a05c73efe3088b45c36898152816b	64	32
33ff38ce8fe15f93c61993b4d746590790528c681b1ab9903834e507f354160b	76652453e74ca985dfdc2fbe1d6701d10ccc976aab69ed5f3e1daab5a17f541c	1bff54df705ff02b2674282a7eeddce9a7f2db92a4fb2d3febd6a2c72a6c71e7	64	64
34052ce586ccf5da40fd4fa35737f28c7641a85027c5f6ec1a0a303902113e78	10284f56e22e7b11254bab79b3ccd20bf7b9ad84369f4f70c7665ddd7a181f20	71233d25a0b62bdae5faf41261d5918f99d03a32567fc8f77c34c86e1c19be35	64	64
34197fd0075a7f64cd0ea90bfa977d1713dc0e8b59b26781bc55c19ead977682	33bf0152e2ecb0e3cd178b9303d92c33e56d265d5cc73585641acbf289d7f4f4	1645e099d3928226127eed54d001b242a4cb57465081f08efdd288ae050f9db1	64	64
341f136298a33c71c5de71ce10de7f36f420132f631a40050d69f17616d5faf6	3f1c15a1a883c890bc93a97029b17d180baf66b997e77f45185eb1b2b70f8e2a	8e396c32f42295f218d14a2c8d6aead2f1711ad8c4c7ae061b144d9eaf9d4ff5	64	64
34312ea96328dcb87d3af36421dc83a77e9f8083ec3a680da190cce885332ea0	c05fa6b6ae70d35f5c87820f29056054334348e7602a40281535a3b9291d9c8c	dce923d10d393faea45a240470285917bc577ce7d1b67fb101c8cefba5e89682	64	64
3432c1aad83d45576752131524c6746f48ca85829b088899a92f1f4ddeee8bcd	282346ed742ac42f8f40d8717c3e2a2962ff8a11c9eaa613beb6350e9b143a3f	8eaf59e462a34ee0372ef9ebc7dab2e22f689668a852534b0fd63692c42e1234	32	32
343ce2cf231ea6b48fe07634f7eef8047a5e73296d5192408dd0b48fe378e2be	7bc38470e438313c823e768a76625650f5dbb9529811cba627d986d337df3d25	e2db022f98c7839815fdddd9bdbb9dd7c56046cc7ffaae042bd24191230f1c05	64	64
3455ab61fcea90643a267c715301c09f13b9b647cd6240ab09ada908597be069	96a9a0cac26a161a0279945c396dfa8ae7287f708f4399485199131a67a97b9a	0eb08f872ebaf9391889891ee6e17878adfa6a5792c56dca7e61a1d28f5f88e3	32	32
345dd28c89f8a22980e435ba7f836a6e1cb94dd4542be5795b974f81faa24cb7	14ca3c4b8c032afdc23f5bf6f606839c2f0b833f71c81e78a29913fbbd897343	7732ce006666eaec84ee06e02dfbe2a353dcdbaaa1ae3ebfe205cc507795ac5b	64	64
3472fb678739600051bac40d1c8c6f6baa17122bbfee8de28e138a1c7d693d4f	3c423baf6f5cdfe13f0b7b86f6e6d1589c07838d157d3d51ac57a025332edc1a	0e60150589cc6caddd34f0b59293f476bf069c62fc894d54e7940f36d9411f66	64	64
348880b66351e57bba7a67f5ff6c628abdff1cd1e918bd40601b2a7d2609bbe1	64e46f0b57a697b5dce9adbc14d4c4398ce9ef507911d3f2a1a5a48bf8538d3a	ef6d5add8c5707f1c9dc454aa63a7aa8c5bc4306e03ea15779d2d8b29e39f4c7	64	64
348a08240d518aed9701cca021e10183ef3f6ea95bde524a02412ae4fbfcc7f9	288cd288bd9c8d3c3fe346856163305e3ddbaf47053e936f10e1cd1908f10e4d	881be1c6538f7ff3e334f085cdf219a64810fdecf58b1a27306f67e23e8b95a8	64	64
349417334fe06a498f47fc9aea5d94f0124f32a7c8f4c8c7a6b895138f14b579	69312e9b7a0fe24c6477e8987199dfbc4e75a8f73120854dc5be058617f3738f	bec5bafbc0f189be326109db49e5eb978ee5bc972e095a74844ae3700b0c559c	64	64
34947f0ceb87f05d5eb39bf89489019bed67cff96f3c32ee79ef6fe562ec29ca	faee04151bb23c83cf9ef22bbbddc84389aa3720a4c6908928cb50c81b8cc0a4	157efe0399f2aaa0213fc90c2b6727388430c52bf61b3cd52a09836618891e29	64	64
349a9f07f4908e96a8f4b6e4e5199eb58651c8eda23ff5c328d46242a84b458d	98372d6f7fd8c3989d08553524ce4dbe861d9f413cce07739901f1f950b07fd6	2f0cc5d1a1bf96d95c695d307706d05267979e58fe2f916573ed657bb8b094cf	32	32
34a4a69c05f922b003f789d99d6b3585df36902cbb1340e703869fd0a57093f0	a5c5c2f2b135543fb90e292971eb4d5b965ab960dbcf6198b8460b895499b174	de7b4e250ca4ecb90995ace6012601fd37048c7faf15b9a00b3799fd82671815	64	64
34a8f298f02edcaa747ee6e5929f31b010e1ae7294312dc93425ebe69ef13c48	b2c47e85e9750909ddd6348af89243045b80027be47d3ba7d1bfeab3e96ece5d	908d710e30b79f47659a5eecba83aa136ecbe70464721f9e59e43373add85403	32	32
34b98ef3f9e25fbb5c41c0bccd06557e9b6d77b6a3ef79542c3565d860f439d6	37b6071514246c80aa40437ecb0264e772fb614f542e499cfefe88b6f303766f	b3a8e75a9f89612fb1c4bcceb29894286ac970554bfcd10a79c0f528990beb76	64	64
34d34c048d29b75d72ef8d08b3df49f72e40e27d827ad5b720688dcc920e5dba	ce4ca9c7cb9d05be22bf743f977d35b8756592946fff8717c51510758c84f68a	7912e9dc8efa086a61e8e0cc64af1034213b809a9328a50874f7bd2d33c9147f	64	64
34d454881541ab049aa5f05730f94f3a0abd2bff22838011a1292e7247c8e33c	76652453e74ca985dfdc2fbe1d6701d10ccc976aab69ed5f3e1daab5a17f541c	1bff54df705ff02b2674282a7eeddce9a7f2db92a4fb2d3febd6a2c72a6c71e7	64	64
34dbca716b02819d4d4f2477f194f8392d3891479aa75b31389e7d169f5eaa05	af41ac4ebbe26d463d9158857bfa883dd8ad9513adf65c9858d6f781c73010f2	eac9b59ae7e642715ba1108ff85f05cb203d66c14f13c97eba0c497545cae526	32	32
34de32f23fdbf672bb48818cbfaad84341692f43648c9b535b5e89c8fd9cf73c	7efc3dcee14801723f595e65f69cf9556d127b9423b02c723ecc1891c4916c9e	c165e2cd4f47e58482e548d4045260cf721a5e9afeae56f2a188dfc89bdb45d6	64	64
34ef6c1d0b56a15ec370273e1dad9fe94f109e028e9921f80a53ea56c716500a	04998d0f0d9dab2a804073a4fa3793aa733e7d5e874dcfd75fe0e2763aa3dd0b	30f490e6a7225d65a842b8e44d7f3ad15c4586dca06f64b958269c04d0b971e9	24	64
34f244dfd716ba0b2c160e55b3290aac96712d1f00bb408edc529a3c20cbfbf3	53c1506d32b93095eead66816b72c297684600581d6538cd7a19e24bcdd4c2ac	0e3d0b8720378a47951c3b1b022b1f4ebccb302a5fa2d5fefd109cf983dad725	64	64
34f3bef5c604125d4a0ea53d47d8a5151e92cc953b0a9d00a220217768c303e5	607e4e007cead28f67b62e465ff0c16fe9584387876298e0cefd643f12d4ad4d	7704c372cbbb46e604dd6c173da7cf3178eba5c9b8ef14f7c2355283a42b35be	32	32
34f5b8b3061faa481ee5dfeb21a845e919608e5031d5522a75ea33eb823f9ae6	a26b2eb343391d831b8b3fa193489446c15a9ca3b9573d78739bd45bef7e6384	b724df779491912ac8adafc8cb6324db08c570236a72f409250cf09c32d029cb	32	64
34fe324d0aa27b65c9168acf2d7b229af508b1dc2e54393746006767a00efffc	654338e6b04935e685576e2c5572b7f81e07741fec8dcfdddabb3d1c53abb439	3f03b51b4d0024d9a2c7a4ad1fee129d0c6229f7754cb2b44a9f848589f58b1b	64	64
35065eb6dd615e3a2d0fb6dad1ae19aec07f50238cf05587c0be31dfd8923f72	9106f710b3b4190e9aabf80895d7842ec4cf364c2802788e1555120988ccb354	366da6be093ec14800fa900fa2492cfbe5e375d1b4d0302a92c04d560a72fee5	64	64
350aa9a9b8e5120a56a61e5fcdfb86f5e5030adca01a28b788b0e08fdc2f95ae	a88e96ba35406d10f6149fd5d2990c0e606a2b9189435afd8e7d10620bf27509	f049e1d99b36a17cc2e8f8e5db952bee0b4c2513888e1c2c6bc5fb366dc806bd	32	32
350bd4c312ce2d7c53c6345b67d1d005a93a7678812f599aee06253c1b5356d7	a457181c7b62839bba7f2d9bbfbc18a0a4856ce62e55ab270469bd12fa8ea804	ac731d46575dc78d8a5dab480506be5fe1962075a4e5149547ded0c739860f93	64	64
3513c59a3a427ab176d23cebe03b1f2881277c514c38efe3dcfbcb7431a1da6a	4b5a11d3dd93c8494279c86d5ff527984e6f240e809caf9391de55d992340a30	beb5d664fa8f00efadbb962b98faf112a9fb091d18d247c87d67ffe72bb850f2	32	64
352184aaa9b4bfb4170c82c6589d9bd44c58192d7df10b2a4e220b09f00e89b9	9f9e77b16d22aca1ed3504c128e30866aff758cfb670d927390c6057ea1155a9	e897b67baa0a0d0b24aa57491773702c5a5d6a1882e0a25ba52ae432f5b95572	64	64
35242614c6e2d79b486fe786f21d2ab42d97ac40f0f4bcc03f6b1b90dc95a9e5	039c62a1f56cd8f9774bbb29a0b6bda1aa2cbe6990870ed59e829e0a9d1967b3	8fba4b9680c5a723ed2eb3090086e9ced0a638024c4af58e59c6601303c0d728	32	32
35254b2ab9217c3088ecc42f6755c9fe2dd63ce210f78af6d680a814e13cccb8	f6eff88516668bc9373f23352585b7cac616446be1834c86997983c7b1ae64cb	4148d45cc38a6d634aed944615a181fd1a02e45e92ed26b13a44b38eed58152c	64	64
35273a19677d35e4fe15d4b59df7e4d868292a13c14fb995898ba9babf11eace	ec081825c32bcafd12d78499084926e7a663e693d72344b5bfb6ca8494a21889	0d9e3f1d4f9d681700b9e65df662aa1a3392b057ef22625dc9afb7dce817c432	32	64
354c9585af6ceecd4cbed0a3a14bbfd5a5b1535828cba05430778796b58f9465	0f4b71376d52ea2e7dc8fe1dd7409fad690198aaacc9f42574c25916f9dc8c40	c9898066ec74b14525b8c81f96a476db8d52f200a5e7c4df945ca813750abe30	64	64
354d5a97ce2409b4215c9fcc65a6f1ea8dce737475955066f23243325e356d85	3b12d553d17c3856d9a9316e039d442505c5074c0ebc2007a8cf9805becb3294	850829b41f7bc7be35669d171982898a494c3a507e4a8020f153873893596caa	64	64
3550f8b5ea295335b522b1d365785ac0daf3d1c00af9c5ebccb4c3b72fdb89ab	f3d4f935fa4a246cec359ce055c4a44361f368a1a1036e8f49faf3f3c0bee628	5eee82edcfe9ef775aa8610cbb988c61b590660257bdcbdf5d6d8373f58f258c	64	64
355e91ef7afb8d1cd9eab2a6ab590ef14d5bb60e8e74e174e7fb17058556d16d	7cd9dffcda21a7ee1297272880a0e36c9282f776b67f419ab3a441a8fd459c76	f066c25c8c59f82da058b83316394c6d40c4bd36042ddef6688b4c6b78e1d632	64	64
35736f8f806c07c8bd8e758ab3bfe66c19593fd6e29287f76f304efacbd9f352	92bbb934e7401d124445914ea22e685c2c335c5f4991209c962d3c1cafc0500a	876e13ba45db4bed89111a9b36c0ba1e01263934bb4ee9747a90a47740f8972a	64	64
358416a8bfeb81c51e5ba6073508445fcc80d304f8242d1011c7f904a3191742	1972cd1dda2e0463c5a7b9f7cc2fabcf280a3c579869ca07ef5acfd621e443f6	8e22345a49b3ffa08c222dcc0c96a5d2e4b8c895c440483eec351792014e4f61	32	32
358d0de02ac3ada615f0047119f7a5157d9b6e6edd26d0ced1e9dc9daecdc26c	3121efd03e9a3f68a576e529509106d2574d5d264bd5a1bf1b1601589d397006	673e7f9f1d95e5da6166809c979ce3186e4c5dcd676ad2ba3f2597654b7797cf	64	32
358f41eb44358b00fd968aac6083740b1c22646b666679ac6ece4ca6c7a999eb	321c6cddfd05a4e6dd169a6b867bc03a615ca07c45d5f98cc6095704a06df22c	efc858e291abe1a344947de359ad8e71fb74aa72f022cffaaf0fed3e2e2ac6c7	64	64
35a935c50a2d8f18034c5898bf9203b06281dc1108a39a6ef9c7e2a57dcc6e66	5fdf9ed73102052aa2d0e083b4c12df576a260d19ea4fc4741f1878557af8835	eba748709c840d4dc8947caaaf776e58be1861e7e37c77fe38783097b1fdc087	32	32
35a93a7b19882ed2f01d2d4005624ee836590981b66066ad9992a0cddf19403a	fe2c10ad2e5e0a40b51ba3d4a66f77af431f49c46272b367a929dc6b1f20fc98	22db6b36ae494f8ba1c8c661339d5c5f87f13482bd23c3e4e7c2ed69dbb1aaa8	64	64
35ac73e458269f92a16820dd0fdf2468baaec415bbb8962519d07bf57d57d4a4	49143c6d04781316fa157237456748168d1468e561ffbc34159f4367bef169c4	612322aeebdadeccb25700aa5246f708b1144beb1af05872f0284fb1eb9b4560	64	64
35c11fa68c9cd6feb98fff0d8831939726a8c50964eff9ace5d4228239fd7469	46748742cafff3f34aac13fe34886dd3e634507483377f057e88413bf3c554ed	19b57ff3812604ea03aa4fedff1bf4afd4e5cef95c98836f4b4825831d508490	48	64
35c5dedc35a557db5b44bd85634ea52c10b5330c7cb606ab4878f0170c9646c6	346ba6b35232d38a86689eb073406d01a5e5bcc6ec4138476d8bc7c3bf8f5017	acf4dbc34a042ee82d5f785be599f6f8f27911079eaed6c5822b9f702bf78e15	64	64
35d4cf8f449f933ae04194ca1e3f13899ac8251b8aa65b538d8aea5b8d4d9acb	ea26d38f233c3e122b9dc493bb912c3c33d32877de917f475cdf5ce6aee045dd	97209d1dbe069422318807283aa7a5e4d848d80c8c83f866277c2f7850bf6fad	64	64
35ee5853756ab979d10911eb24d3ccbdafdb680e00f4054e58257537fac189a8	1783079b1f4369cb9a72cfab12c032d739c49080e80194904f9c513252e5ab60	1a3a6de86b2541defd29c37dd8737374672cd65f6d03f0ada519f26138ca3738	64	64
361694102795dabc9ca41dcadafe44915901acc936823a4485f9289617e5d573	f6eff88516668bc9373f23352585b7cac616446be1834c86997983c7b1ae64cb	4148d45cc38a6d634aed944615a181fd1a02e45e92ed26b13a44b38eed58152c	64	64
361b4e6abf7bb1d539b37958fd0b59f7f641f228f4adeb0de91f902130aa4a16	9cffc539938b0e5e58cac37f727d1c5b79537af191f555f241915b965a386755	0cca84e82876c35683fc612ec419037cf4d79c00d139c8b6122053cfe24976cd	32	32
3621496f93c78896672b2110c5cd1f0861b00efbfa83655a2b6b217c249e3025	96af9262b260eb3675e2726bf4d18514fed95f8135a5dbbee8647da8592d8323	c334d300e18e8c6e96a7a02e14e0f9b88957296878eb77c6640a2170e36ecda9	64	64
363016b85668a9a09a7957d33ab5d0bc4413a35b0e9f0c9374a3df7b27273b19	7861583e168f3e54e0f35c69d70af5f81656f2d3b5b1f4bbdcd2fbfb682a470d	c927e98c533d2a7f74a5cede32aec660b013c812c3eed6569e02e0b50d47a218	16	32
3646b78d40253e6d370194ecbb54284a201a5b2b7f54e77812b182f82eb090a5	891f8cd74e726bff526df4756abf8238c1c23c9c93aea903a6efd7bd844865fb	0d7d1a55e174b20cfab163bb12fbc29ebce6b840bf7970816a23aae0b644b4ea	32	64
364e36c1e568ee346e7e6c641d4e18f4ee2007544741dc3e70e0192ccb45e20c	236ca2a1a7976d4eddd6772d887ce8080173fe745215e3e54452ec946f98cad7	23b301dc7c4a724a4b507ade1eb0b7314d5af2b8a521c7313b36ebd505e1f058	64	64
36837211d335a23a1d0d2035ae9894f750fc361498ef4cfd70d21ffa33e39fc3	5509e5bc1fa366363d5cc8f9fcd90bca6ebb473b69bca9ce363e380989e964ef	51b886f13f1af5af3f277a34f3f3e9fe2f0afaa1b0408b0c29fb97ad552874b9	64	64
368ce8c16c00ce929081a22b7077d6bb5ce6d63d07465d9354c80bfc45aa6d39	45f18a406f6ba444b4c2412b870eed5961b4bc999c09f1c7d38289719fd2e7d2	f17354971743884405bff2487c3ee248f92ebcd4811b8c65a5d6cceba2b4dd00	64	64
368d701abbd79d47b6cc7bbd4eaa3d3112dd1818d9a65a42641ca7852ea43107	b6688397b55145a64f2c570a56adf093e1b605a2e6c02d6ba7d5f5a286ef57f2	5c214df76a0b83aeec9ef6b3196bfd12999d87d019d0f3ff38a71518d99969ff	64	64
36af72652f393d66b4107f67aa68304b3666001d26c1badd41b82ed31a3d9301	0e9bde8e2190e4041dbda850963bcb44c63dddd8672990fab40321dbcd283308	0eab62f6427f55ec3535e1f5d4b3a350a9da835c1815d3cd6f8ad29598f95c25	64	64
36b56088334809aef2a4bfbb0d557c742e73d86a076ebae61c9af46d4b668124	3740ccd0c2f6a2af0eabaf4d4551667a79c0d9bb1570836166cad1828d851071	418943845d075b0f198c4f1f987663404841bb8cd6391d66ef8a687aca7926b9	32	64
36b84921c9ba5cd4a13c597ed830215a753d156a83154d5661b707303d59f9f4	2e8059917b1ed6de7eee86a725d46ad670c1267ecf8c7722b13d42bb18daa2d3	230547ad0fd8811306733c3ddc6bb3b720ca6f920c737bfe4eb9dbf7d69613f1	64	64
36d50f4e867c1c9347c4e02237373c561b1fc7a67b68294dc36ee67dfd111cda	45f18a406f6ba444b4c2412b870eed5961b4bc999c09f1c7d38289719fd2e7d2	f17354971743884405bff2487c3ee248f92ebcd4811b8c65a5d6cceba2b4dd00	64	64
36dd1d3ab31c03ad265015023f5ddd29400a74b27e05d515d41b312af9d11595	6e4c67a35ade3c0aea4bc7d2f1aa97cf89d6a4dc2b9f7d8915be00cc978059bc	6168521598cf2278462685dc8949f9d33a80fe6108153a6f8b69fdbd584b4d26	64	64
36dd9c5d72141c37d7a1ed64f92a7bbdc987c226f0bdbaf730c43be01acf639c	59a0be0e6e673df79f8bd2d39a2b02bf9b688206a005f9ea7352a492357cdc19	171be6fc0cfd2ad196e3c06be7684ff1784ca30a09976fd162c80f294e4a7a40	64	64
36e66b4a5bf3d26366e1089c9889dd3b798b85f1d8d07bf023a2c6090eb25fd7	9c92bafc34bf8f8c923b6a41667ea0540f0745973567840492fc0a8892919a13	897a757aac3c3126527fd1740c7c4cc477c0ff04c814a620672ea35670252a98	64	64
36ee14a7b7421e7105930e74dad877f5985d8d7c9a5fcbe71a4717a1256a2a10	1f96614f8027788b98a03d791ffcf1d543bc69a83e2e8e4ecfd918aca05c66d1	f08954d192ebd79f4c2f7a5481b35a1e05f5009fc303c8f67625e64bd2c6982f	64	64
36ef3959dbf233026aec32dd77df76b1bdf0d621eaf1d31cedb9954b2200c6c7	abfb1374c3d4e1fd397d079345bbe844da83037e5eb5183c16c51d74fdd1b3c4	9e5a45436e187420493e0287abf77fdf40bf8f06e8b35a40eac2a22fb1522608	64	64
371f9df31a95c20d8775e378d7c67fdb0f703fd80fc6c92d8a9f866461073ae7	dae027d6979c152c7f970d3e8bfa632ab1c4f8f1c135ef0602a4e46e8c02846a	43e7485095e2e7afc32bcdcfcedebb9dda3b45012ea9444b05c7fe2cdb7cee42	64	48
3729f221e083e26b78fd36b826827b7ec427298b46d32b29f2d5bd54df9880b7	d7b649e96d604785f2aa39618452ddd4b08982017dc1cac83e83b835e8a0f274	11c8a4d238ebd35ed88f152f6a551dc7b0b11d2223d46ae5bf9dfa6f5bd7d648	64	64
372f1542e3a25f6648badfe950a4a12845d833035caea0a99e57a9f195ae1c4c	ac8ed41f35da795097352c7b45c70049dc959c8820a233ab2824a920856ba780	151bfcd45c93363766f8952eef328fe1d0a239cf0a86fabc49d7d586649d587e	64	64
374cbaba9c18859569f8c92de6a846c11f5c3abd3b0ea35be1af42c65dd75e66	7a033a3f58e7f664711fc7a0310559595c8ac8d83539dc9f92f78dd58b26fd98	7381328f5a4e85c7aa43e50419749d752ddbc5d393a0e2a7e4441b8a4d80caa9	40	24
375630e3e65eabde3f8e843ccf50ef7d53be92b2cde824a954bb2a182d4b648e	f0ed82470229bba7d6373782ac1ce233abab5816a3b36c9bffd07554f4767a88	89bda9099e43c1aa8f8de29a058ccdb123dec474cba440513ff95745d988b896	64	64
3757362046350c9c7b4dbd19d74010c5b8430464602959b0e69bbea4b394b5c8	f7ce1ad7cdf5f44ca6aa481a84e6f0a2af98ff056544e9c5b4f66d252f39bb0d	3b274d56ee475091a38cbf744481ab448d8ae0e2693e4c3088cb8e57ee30ba68	32	32
375dd9ecb7249861471d1e81288299792d43783b7ce66868950f7417c0a81a82	d5dc793e16cb86b33b92490d1315ccf0671f4dc2d45ab4bfe39ee0a6109f3040	1645e099d3928226127eed54d001b242a4cb57465081f08efdd288ae050f9db1	64	64
376dac6410dd6db99927bdc935c06a66d8c2351a0fb77dff28541a5e3ed273ad	ce882d8e8996a7f77c932d49130a8b27da2b940fd64ffa08fb99adf105af30c1	7532437245bf4550203e32e1145ab6d276f5ce205deaab5448463717c245ce61	64	64
3778fcdce7cbd2aa60edd05bb4d99536667a987e0065d2c19a1d9d7a5e03a45b	e0a0a5ec57f44d449492f196dc793d903286c895dc03cdf94baba1a4ad8bff1a	c59e99ed5d79bad08842615eae1b32487c31176a5fad79f427eb11b41a4c510c	64	64
377a96bb45b1dc116399275b46587629caf1adbba6219241f5be5afd5fe87019	b502205b1396bc2552ddae5a8b2d0b29b194d7372c98420f453cc6dd25c22260	9cedb48a1ec48dd3faf734d939aae074565a484a038e543e35d9c9ca104c1a40	64	64
377f9f836d4404a4105c9f88a198936bd373d6462357786d571d60984c617b43	8137d78e14d791b8e00556b3434f7a3f8b7b307b43a44047793977817e16aab3	3d384ee921e6c6e15bf1de84a90ffbb7043a7bc4f99fdab2e783c095ffae6b74	64	64
379220edd9717f089de2724804bb5576db03ee452432b9d70999d0efd5c3f382	6151f047c64ca8c0e91462eea0869c376e6a730ee28681e80101bbe7b10084b2	85641c0e01a9e8ef953a9edde41d4bf48f617b063536f36a07df5756dc75cbb4	64	64
379681da42eea2f6053aee28efa53bf4bdf3733d8d542aefa64db50df17e03e9	46ba4c2d1e94010129435ea4e7ac907f081dea4f119c145d3e0034dcd7cb14e5	84172ff8d918e357d6de31f9bd64df60848c02db206f489e2b466c2cc459989d	64	64
37a713ba15797d9f889fffb6c42a677720b9f9d6e2cbea08385bcfdcbbc7b9c0	187589a0ae86e3e18868b1b908203101acea2bcdbc0f6483efa672bb405441c8	519b4aa3a70f29dc2ca9639d38c1eafe8f7324ac08a37fdcdf226704b155dae2	64	64
37cae599405fb3b11e1b6bedfbf21e44b082a6c30356777dbc18a8a58dea92fd	ea26d38f233c3e122b9dc493bb912c3c33d32877de917f475cdf5ce6aee045dd	97209d1dbe069422318807283aa7a5e4d848d80c8c83f866277c2f7850bf6fad	64	64
37f4200ba8cfb5df4b6688f5e42a80cbd2e0702b9c70aa741c092f99293017e5	1a684fe2b1ddc4d2655d234107152d507ca3f78da3c2c2cd13ad155aa6e56c1e	733634b0d68887a1d6a976b19101a0373704849e97e7544204297046d1e904f2	64	64
37fbecad1698bc6d4e3ca54f15fa8b2f6fc48dd0164ec75fe23c62f6affba7b1	d7fdab50297e0be98bb6d72e57faf6c79f3e13fb3f8fc87d83bdf13fcda647f8	5d825a46343045f7bc79f7464426b953dc309175bd669b693b58ae1b52a4aa12	64	64
37fd538800958f588238f2cda420bdaf07f7f69209c4a97477666402314eb5d6	d5da6c94b749f9cc6fe468176685a359179d24abe430f2cadf33abfb505f7d25	d5f9e910c67210457050199023d61e23ad380a15dadfa00c7a8f454f78ecc536	64	64
37fe8bc37d3a3aa23b2ee1e9f5ae428141b004f9884b8137bec72a22294ad171	c9e352719fc46392d36e99ceca3d76a48074b0e0b3349ff0199c35723cdf3507	b69b1c3ffbc0f7eee1bc07ae1aa244c831701ac21081222c24946a09133f97c9	64	64
3800e493145c5d555c6031b4d0b1e4c72cb415e2c2b1646e0650ad38a0a01f7c	3b9a4ede9e3d44d852d662c8ce1ca27fe6b474a00b121e89a2c3c9e14a609d05	76eb171bfa71e827851bf26b13c5a60f1cf90f484adb025b4ab6a07674dd8a46	64	64
38093fe4681beb6e2f64dcc1aacd864a81077f85b5eef252c9de64889a30df43	1783079b1f4369cb9a72cfab12c032d739c49080e80194904f9c513252e5ab60	1a3a6de86b2541defd29c37dd8737374672cd65f6d03f0ada519f26138ca3738	64	64
381e8974561633aa70cede639cb1548d186177c56f85a289a7cea7286f12546f	f0ed82470229bba7d6373782ac1ce233abab5816a3b36c9bffd07554f4767a88	89bda9099e43c1aa8f8de29a058ccdb123dec474cba440513ff95745d988b896	64	64
38205f8201e9efadd22cdda17908fa68fe3bd8572785ae60cc436f8d472b58a0	a0e2220d67dcb548f552badd97df2faf45c3c07cbec51aa0d45eee1c7cae7f09	9396e6641f44ecf785fcdb4fbb9267a2f79daea546c1fb60c9d5103b4727ce57	64	64
385733481ca270b9b92946aa7a3c49ac3335d4b8fc2ed375af30cad90cb7564c	0f4b71376d52ea2e7dc8fe1dd7409fad690198aaacc9f42574c25916f9dc8c40	c9898066ec74b14525b8c81f96a476db8d52f200a5e7c4df945ca813750abe30	64	64
38596fa32714e7e4e41febf612d5ec953d32ebf9b4084594640efea9d7ad6e90	94e53d0e0366f6865d4b644ffde9c05e74987a3d9d30ddb76e645ca8039a2066	eb7e537d98fbe2291e083ac8fcce3c9bc020d6139af7d930e5568692b74f8509	32	64
385a3d6f92117defbdb4d05d9f70340e3a736f020eb93d15f43b16370f42ec6f	7197fe10dad8d9bded4421bb1540c3df4e14fe7612b539570bb7d36fe36d508e	841aa1ebccc4b8863b6136b696a4a7d04ed4c514a86051162474de636d70c09e	64	64
38740834b1d7b29056476437557631503b64410f87fff82477802476c5df1400	064d1dfc79b279d4a2fb77094acd3a5eae8ca6ba462ea03c7a622b2ce47a2b86	2c84e54e5e5d5248c9238745ac1b46ccb275287d3dd1f2dbb378d2eab5a169b6	64	64
387b49d24f5069979c5fdf3190052bdb3f74d9ddeda8f841e3d8b8c7c6901114	7e387dea0df7447d4af78f448c8902af7d8f7b08773c8293d4962d703f125ff5	93601abda542574b506b82969b3be11e8bf356a7c2f3ef8938055e36e694615c	64	16
388d1cc7016b40c0c303b383e94891f85d2c0d9ac33e5953daa98713e0a63ebb	472bfb4781e3be909816f01c0c3885b91b78e397324dddd03c0f50aabfe2e24d	6be4c6e265216f44b8f3b4929f87b527c5003c18dd20bc9ce9ab2132e327b83c	64	64
3897fb5001436750a9de2389b16be3f693e8ddb19d3a4002617869e3562a7a60	107047109fd2a96e66fb74f03337a4247bd8239328bcddd6c3b6ca29c764262c	0ebc5668edf3dc617422509d5172474bec340cf41ca5a38fd69f7529d102a366	64	64
38a367ecca419571cc5a9b12731355a0f79a28197ee63c5c0985fa0618b96e72	0a19b0e9a4264f18fdab18f70d1563f089363e273b2de7e2e2c8fc61821ab3c0	813a5d3e53e95e0fe65a5a618201521887f52975a53f5d77c9480df1e5b45258	64	64
38a72d5cbde782b24b32b62caa741ea0a40bb3a3b65db6fd0c686a966e437933	d5dc793e16cb86b33b92490d1315ccf0671f4dc2d45ab4bfe39ee0a6109f3040	1645e099d3928226127eed54d001b242a4cb57465081f08efdd288ae050f9db1	64	64
38a75cfca602d3c23570cfa5c7f3221584081f6321b533aa3ed55c7b15f41b83	4b6d2dbabb1d33e7a5922e86d570d4f540999cb41a6ffd0b40dbbcc85ef476e6	3e87f21fd8b844623f5cb9bd83642395e437bcee97399b151c03815287cea15f	64	64
38bad8072ce82e8c7fe83e1e33985684da91563b33777645816d308783b315a5	cab771fd1f14bdc72137697286b99e051ab9eca4f089858b1bc55c9a89eeafd9	74ea5dfe9e1b41eaf99bae692a2536900ab4aa36e1cbdb77125101bfdc3ae633	64	64
38bddafe0046d6f22d9b4d5cf36acf6812709788c8988757c1012f02d1de8272	d215eaf6398d5c71eeee0eee13d1e3290c51a6878e4bfce162c0350795ab97fe	4a97cf89ba3462e6004262d096d6d0260412a9cb3b482bf736ba327d08aec53b	60	60
38c1251bbd19b9b62a6df475eb1fb081b9847c21212ce5961adca94c759eef77	e71e9abf4cb83a05f4ce938b20c5ad912e2c42b75dccca52c9fc7f4102743091	da5d4ab98e645ec4876d7298e6c5acfa5136d442b0c1105dd837fd7603fb83d7	64	64
38cb927affdf76508538fbe155cfaeb10871ec5dcdaa48030dcc021a4248bdd8	f22bbb402474148869881264cdb3eddc32be8306ffb06ea744c11edc5c53f968	64ad5383c20e7b646aba90ea0f45fe3707745314704d5e9f67b2e189c2b0f419	32	32
38fe0f667dab0c73d6c411bac88728b62c9eef6c4c8ccc9fac3dee19247c0961	a18b79a3112a9920f4e1f6da8c0bfd8ac21dbfe0e206ceb19666c1c9690ef5d9	73156af9165673db1a6d0bb75fee8280b81d919f65dc6e93ab72bb64a31df58e	64	64
3929b9632f183894215ef804f9d278ddf6c221f1334f3286b7c993c39fe9a984	822caf6a4617dc6a7647ec4848e01172b67ef1dd486793dfa823301f0f9d3b7f	cebfa3e8ff421aea07ffa3f7878cd340aa3a582c8db30afc7662b963a3502fa7	32	64
392a16813820dd3b7761305db2e92ae9c1857ef7bfffcd9b5a71e0f0632938bc	363d70047fd9297db01b170ee9f2e79b803a9f0f6d5e1b999797a7a6f4232948	05be916f345bb0d264954ab42ef6007d0ce07bc0947aba39313017be4e707c31	64	64
392ab8b6fc5a4e948d2db4cbc82f1e03ee9e9eb3c4d958b0a3ac4ff60ef4e688	1dd8a5101d8f53e072e8a9a1f2310b1302c877317e2e735b3846936bbf1d664f	311bf2a1b276f3babb40f741dfa7764527fc2bf03964153117a7f7434a1914ba	64	32
394ac2b7efc7434e555b3633765bdb314a086d0fa2cf356ef0415b008de238e2	59dbe83d8e7f066d215cda295e1e4abdb5ecfd4e0fc137e993b38efce4c6bd0f	f23bd9064ddaf30fcee38c848381afda3aaad53d13c2d620c2c622b7a9f7ee7f	64	64
39654973153f393c3e94dc775bde3a89e515993397496b1c574b299a9c56a7d1	1c414befeac1035908d1833764503fd25ca6cd15128e8870ab1902c3146b3da3	e17c26369f7419054969f6e9bebe75975b94eac2760e07570b215f1e026f05cb	64	64
397a9ce20c32452e2ed868f53f3c1973ea23bd96c20d72a3fb0becffabaae1a9	7e0c756230e2fa3b92eb89724f7967a37139723ede5886f083c9444b0a8cb315	7f201fd2c0d2431952c115151d8550b13a1f438f95a1dda6f9ce176358c0e866	64	48
397d44281c24aaa85bb05e113bfa51c2c8a3ce1e9de147319e1eca343b436cfd	ef527a811f4701f821dc1746395306debedfb1c44156ed4c3e17ce9f4b32dcc6	5b8ab1f69308b682ebca86a2a3cc7f7752a51906ec41bf7600b4fe82ca26b1a3	64	64
397fd299af66776de0a8dfae06ab1d7fcf1adfa195b2732f332f7a51d67ed7dc	f579fcc3a317e2f0735d609c9d7b1f1be1ccf674d9186c8c43cd9408ccb88a3e	9a37d6ba19b8d9bae79d1783be2e4ab0d52fa59a3026df31a6dc57fe7b8d7172	64	64
3993c8f2a03b452f304f29ec23ffab3ac17323256b62ef037f90efbec301560a	976b74bbc7f0943134e2421844d2f8a26b58f8fdceae465af4ba0bcbd3ebaca0	c55d2aa23a6051c9a5136af18b49e53159c6a35c96e2cd3006009ddab05a6e1b	32	64
39b73b35852b853fef0616f33f28983be5e4e5d32dcafa24e3d52c09b341acfe	16caf1261575258b27535502b05652c86c5e86af81c4e83d80f8971157ddd4d7	b64e560697a5935c69baa07b3b6ee62ff3df588b6a015cf949b4cc9e05c97cf7	64	64
39b7b7a4199c17f216713db9c35ae9cd7ef82dc90a62ce221b1cb4c02ff8f703	07138e8c11d19fd9a0fcb5593025db2035200e6bf61577b84bc683408001d6f4	8f20d514d2dbb2cd39a0b595e704f66ac54061353110140fc3fe3651a1c84250	64	64
39bdbf7f41fd297f3ab06a20b4aeeb65c328e5895a3b3a8adf07c0278b0e69d4	daecae301cb2a00314fe8185b5cc7a35ada339834f54ca74da7c41bdaa91c424	052208141fb1963c9891b00578129319c942369dfa456ae8227072ab39311c8a	48	16
39d89d2e53f71388fa4db7a0b5079961d17d0bcd4c0fd2a211f0608b6bf395ed	8b50ece1c48af055b8b69d76275a727ad151b42f1035aaed303ddfc17fd61b28	1e3590ff72072f4d98d1f1a44b45f1db4edaa1099256fc47b77d6ef285cc1beb	64	64
39e40ee60d1e28e9bce700b710db3e6fa3b1f9e88f85b3bcb7e79ad03345550b	2ddbbb8bb6c7ae1bc68114e50e2c18093f3487e2b360b8f8e49478dc20b1fe4e	04be9e6d36e943389591e01daa082ba3f37257cbc6c44446f619f8e1a98af551	32	64
39e41f997347c52d268d61f1683e207cd6ff4c92c3e5735f82cebe2696c0215f	a5b0acba094db57bd73c3fdc4805d373ad55ea27949176320b802dfa8dac5bdb	033c013a34455b7599dba409f287cc5932b1186b166ea4d0fea146457b6df3fc	64	64
39f1ab3f02c7b101d5b697bc2d5d2abfded825d2a3dba23f5f10b6e6fbfefc30	62c263e0dbe713e17b80438272890737ba7315475531a42b94ee9ff72e0f2287	8a6fdcc85431052163fa35ded5323ffc789b7a365ec79b84e0127d483fc01358	64	64
39f24c99e9fc8470882f53c4d2413d989db8b7e79ad0ed00c24144f8f99c28e5	5319f03176457e4283c5b21c355b943591f1fbf525118add28734bcafeb0dbc1	4e2ba66e05fa3177cab6984f2eaf4c6a1f401c459e2d26342fa43e5420bacdc9	40	56
3a0b58aa4d6e7c0f08dbbe3b862a57da65e051349564133fd7ef59b622528e74	711f0d509f43ee9b589eb4e4a942ab8c3784ee6ecf551f005ce9e0bb07f5127d	b18ea10fd043c62dfe531291261c02998d62ace10a30e2103367bed0f0d7be94	64	64
3a0c018c8e69739cfc2fdde893fce0769b2162cf7635a8b878f592ce14a2ccbc	4558dc03bf71c2bc1186020079f2249236cab525c4578e70c7cb62a58a83315b	b6b099f4622396eeb3e17fc4a7484a99ce1fe7a80ded1991bc0879132ab84268	64	64
3a0cf6d8d66673e6f5e3d59a212f7c3d9d5c21f836ae9fca032d03a042ef6bd8	c575567765e91e2af53e9c3ce94f02dc109d78df4a3f6c478ecf20a96aaf4a67	15a4059afe0a6a80eaebafda722ddb46101e3ace77da5d1717b8dcaa75bc19d0	64	64
3a1466d7986c3883e9dcc548727a466435016dc8300be9393b9fc1c3d834de4f	887cc3eaeed011198bc4f96f3cfc40372b72988a286044f1915f314e696669f3	89bda9099e43c1aa8f8de29a058ccdb123dec474cba440513ff95745d988b896	64	64
3a395a283c34a3cc5f648498dd09d006d64517627b5274996acc1d4c33f2c8b6	e48a0280990792580bbe8b464faf4bcb3829bfabf3f96541ef539253837a0f9b	5bac0115091b6c25e0c59b849e00f59da98747718cb8a243d94e3a3ec0c53053	64	64
3a418c38ec4996e6c4e39765f2caa2169703991d194802cd3149c6d53e2913d5	ea26d38f233c3e122b9dc493bb912c3c33d32877de917f475cdf5ce6aee045dd	97209d1dbe069422318807283aa7a5e4d848d80c8c83f866277c2f7850bf6fad	64	64
3a6037d529bec9da7c698ac62744b8779a653b792687e08075cb5f15dd54a767	4776c07275411ce0bf137ef9c23420d901a773c839269b794683140b047c0b89	23d0042c0717b3b5779e4f67bc749ebaa9b12b3a377b281ef90e4d74589ee1c0	32	64
3a6cbcea1a4c9105b87c483e7e6888e61457b0aceb87fc8a72dbbe235795fb8d	1ed588b4e371822df407c68ac13fd2222a66e4a0a23da79803ae2adf3ae7288e	54289c041adbf82dc0c6c622b38a09b32a8df33d299a6a7cd1c5540204c391f2	64	64
3a701fbb19e158ddf857363168cf234904ee31fa543438419c1255134adb4892	88abd59b1006a654b5aad132e21cbd6ce5549ef0c5c0e6bb53b9b0c99cbd7e4a	b0b0496b84fba18837ecc1d08a7ddee649d496d0d8039ec7521129e519779255	64	64
3a9e4d42f6ab3e21a4ec7ed1c6a46978f2b142287ab17477d899f6d8bdb0e271	e115152c965b0ce4faf79abed0c335cdb7da10b70d09ecc3a0a84323d77b43fb	33eb532bcf4c3d615db9069596313273d165914b70a99230fbdea9e2c864c7bc	64	64
3aa4045b61068e87266af8f6bf4d881bed8f1ca288e228efea259d18951d7a80	7e5937343fd17171279b65434c0b8ee2ae7db3c957b13449d7c67235d61af49a	d44921fd51ac0638aaf7757cce5f64466a7cc7fe07132ebb0024df32442ee4e4	64	64
3ab2f54e71956100013651a27d5c7857a9e2d4b238c01e328ce13e3dbb37c6f8	265392f858cfb3f60d3544596679fd6b4ca65b4acbfd7563b0d7055d5145320c	f73106940ab2d55354d28b867c36a243177da2c3fffee5cbed8fd77fe723c095	64	64
3ab466f9f5c8e2193043ab57d166e906fcfeb7d408452977a955f9c8f6728e63	8ed72e23b32c4d2156ee538e1b2a91ef3b430a4e11ae391fd808dd398584405c	66068cb917c7682a9c47450f037010ab9ec583af13d8f8699a9f9d092117da79	64	64
3ab93f8af1d39b9ff5028f0936e33c37f5e76ff3f8830a189a10edf91a5c720f	b8eada978193a88f6544f8116091dc1bd6d8e70c7377772ed40263d2c344afc8	4afe5520c55bca1ff726d8b8edb19930ddfd171ccd03732460268599c5ecdec9	64	64
3abfe71632a72e3c1977b6fe40094beac84a2cd23d6c05ad1dba50df76f90582	e99ceab50af2db7d87046a342a0147e616c795cdf6e15deaaefef88123324714	bfbc6b2769ec6e74ac08d9b3ca1d86878925bbb555a76b18c7ffc9d8371771f2	64	32
3ae34aa8627612afdf99ce858171f2455467cf3a816d3c57dcfec94ef710daf9	96a9a0cac26a161a0279945c396dfa8ae7287f708f4399485199131a67a97b9a	0eb08f872ebaf9391889891ee6e17878adfa6a5792c56dca7e61a1d28f5f88e3	32	32
3aefa07e823e8a553005d4eb2a0b8560b3c833a0d33eac3ab7233238453dfad3	bbed08f4f68ca99e01935318dc526bd26eefd40bb45367614b100d9dca598f38	c6b6fb32e473f9eb1922efaa680dc150d82e74a898d25821c7ff00cd7d18c31f	64	64
3af01944b9f6c9a451c22ea3212a39dc1e8353a7a6a855009bf3b88727bdf8c4	89a2d3706f98883a17ff0010e2e676d0d5942da9ec5634c11f9675c0436dd59e	e061c79ceab74581a6e593e4bc769d4f1e615425a597d535d3c2efc22b5af488	64	64
3b00837f6aed6b1c02d63f0bcb74f554428ee445a85580200977ae1b2d6c8158	9551e0fb405a95dc6b3fd562effb02d181a141dd4bd828eb15002d0d88db9ec0	34c78ff25bc4f29928a131c1ad3754aa4887de48b5e4b0a3671600d5f1e38dbd	16	32
3b085fd1a57fe4cd396a5f1e4826fbbdb3e8ec23dd54f4a7630d25de97e5229b	3756c5c8cc379ac31c72a187d05d40727e550a1239cb0684ee555115a48e2114	618cd5b8fd70236a5dc5de004d96ac2540e099a01a25e6bcd2a987c3001a3b83	64	64
3b1f7802f3fee15fd24576218031babc33d754e55a3ec425212d4b45ab1ca858	96ee3e3ce480d0a8dbea866c08a302639cc508ffabf2a81084d085eb04e68fcc	53c8b1f0929aa4c31dd2f275aa997ec881c6e42c13b55ae8c0c43b1b6a4fa3bb	64	64
3b34e1e0fdb3cc183cf5f87c3e3cd43d6cb2303fb39e5ff9898b28fef8b2d707	8adc8e4cb25cb13620a53abad981931c18d8162145bb7e948b98170b4ed62893	b9ce715375755aeb39660a520c5b39d5579e0b360d37c09ae417c6e48565b2a3	60	60
3b5077986e868753c8e8d7a7ffc427358682576a5226c3f9ae727e47661220e7	beeca2023a31c4f304c29a4e6b7dbec60ed5ad9ce33a3afb9f37818a06fad828	943ac4b2707230bfe7dab1b646205d8b5e220bfdecd49e09e4a00e5ab4d44555	64	64
3b525394e2cd4ea3b9669f227d4f9a60289b920bd295f98827570fd1f6f0c76d	2780dcec0df57dfad832809249c90355df036046c0ecb55eea9415a50ddc3626	6852f07b48786ecbcf90a42a607dce5272657d8e48a8b5c8350b0da3082db295	32	64
3b54603157979711d908c3adb7548b3bb0e4cc54f8e4d6cab6601672bf372b1d	f7deb6e4eddc86068db6f5eaf2f88bd3ff4de304e80593c114974bb7bf9eed34	66e29f4b07f339d5d3b897adabfedbded8190bf88407ebc1e7d68b9b89e2364b	32	64
3b688d42675e7f9f5f4e0793bfc0617a2db6241fa585aa4b604c1f2cf168a647	15317d9ba41698e20bc706f8958f62e29b0266451bc51a21656bec8c673718b7	e6b2bed3152974bf240a5009055031f6439d70849182fec76621966e50253c3a	16	16
3b77a9468bfc54ccfda8840772c681b3c798a9eddce4c7e0a6ec72d171826713	69c91f694add996f7868fcde0733542720b3947f62b01401ab5a9cf72cd7a009	da5d4ab98e645ec4876d7298e6c5acfa5136d442b0c1105dd837fd7603fb83d7	64	64
3b8c71849a16fe2db474980ef404f78fc3bc41d7fc1b5b0b2d2204f784633b86	e71e9abf4cb83a05f4ce938b20c5ad912e2c42b75dccca52c9fc7f4102743091	da5d4ab98e645ec4876d7298e6c5acfa5136d442b0c1105dd837fd7603fb83d7	64	64
3bb80d1ffd111abb17fb379d66267e58cb1a20c4e694c09a1705c64faefcf0b9	93d1206dadddceba1ed21492219af3d07ebe0bb6596139dc424310b868cc9c4a	266d0d435f507554c0de899fc2069ebf65ff671da531192e22ba99eba1a21332	64	64
3bbbf2937a37eb8b8152224b0a0a3644df20ac0fd43de661a4e88a03a929b7d0	289e4e15c94cf3475b336d26ba5d49d3b69dafcc03382656559c989a0b16e92d	940c9fefacc976c6c80f6cdf3335611ebf3db657c5531e741a2aefa858a269b3	64	64
3bcfc587866e7ce6ef8d549818f01c52a540579722c1bf4124c3a0bd72f623e3	16caf1261575258b27535502b05652c86c5e86af81c4e83d80f8971157ddd4d7	b64e560697a5935c69baa07b3b6ee62ff3df588b6a015cf949b4cc9e05c97cf7	64	64
3be2ca61e71dbfedfa75a3f4268c1bf9ff597b35eb1538e68f86dd1ae5538985	0b4996d956fcf81187bdb3bd6df08755619a1c5fa601fd6c29d6ff359a39e246	3c3e465d9a87f8ba0d88fc436e76bb5468142aebd397128130ab62bc5ae19f03	32	64
3bf00356167f13c3bd000a14c42b63b6821be874a182bf1e9f80a4cad17f44c7	de2b5a2f77b44a30b8eb8f93196d5b3bd7feb8544257454bf782cdb6cc2ec52f	67950c6a3491fa8a18a7dc8a9c5740ab6ae8da41eb9441eb41c26bab0d7a4f45	48	16
3bf6416f63619d33ac57010029e4d2c47becfb3afc5aaf522338730f1393a9a3	8aa4c0c5e0debff2ed8bdecc4e9898a584d131893f2eac40369c7942edaeda10	caf5e271e7fbbd5d2a83f63b47e53e5059988921b041b890f45f92e0ae823ec6	64	16
3c0d9a2e1c7b260661a7614a5d22a20d4137637951416f2b5a7896eb2b690988	720b6573b788bbb158203daaec23d679cac8ecd2851809c1240d94fc6975c90e	e04348b72c862f397074de2191e54dcbbea4aa3904e4acacb6fa504a0d8bdb79	64	64
3c138b784b91459873b1599a2eb065e4926d1904c9fac3329b43ac3977955a5a	876838e81674ab7697de291df0123fba0cf90d098650d26b6027238384ff4f09	d9078d02e0d38df81c534712f1743a6ef1f4717a1028c668b31943fa130c6b1e	64	64
3c159de441beaf2efdebc50f3d2139af3c61f1ada524dfdf69c049a626170ffe	d15d4cdd297f7479cefa3a46c185c6cda286ab542dde718ac32860e851161060	ce6ba6f6a9d2191ebe56a98021868864be9a78f8feb4a65f89a864a80a8badd4	64	64
3c1e2850d6f5c04c0c9d68466569162f73b80be58fac5814c817272112278bc7	4912d84a39951a34f1b1cc46f4c873bebfc6147a8ad4265eff43c33943a36449	476b8f68dc78d641edb4d86d709c4cf881cb17de2d6ec930d35f44a5d9561f0a	56	56
3c23666b652837829bbc60ff1801358410a3c01fcaa2800d1cbf74a0db73c064	58a37d3fbc5c439f57374f7bb7c49fd59e58345392c96a6e52296c1475ef77d0	8031a29810543987a3f50a4ef8d29acaa989c944fa477970c9cfb68b451e3c90	64	32
3c3d2fb47522773017decf71b6a22b5931acefa10c913864d213e6a9b4574a6e	a2943fbee150ee1aaa4d1ea2c77622639e4b44959594e23804dc102250a3605c	b76a039f0dd4825f3325c77eeed78fae7393015be09da1c0b7ec6c05e067c839	40	48
3c43842e4bdc3e269e730ab9d8ec3c0ff4945bb30a726f9439c692f3f6425a58	31bc021ef0a87c03f03c3f277bba33a29fd13e486b5e1080a6a472dfe5c6cd3e	190fd4ae3740947f642d6948b067f7f2aef2b6df3fb831c0a9ff9aca04c79e73	32	32
3c4e830873c48729fdfd3d247fced3d9c293f56e7a415169b93fc8a794fa07a1	705ef2aaf801d0518b8be5d39f005b34eb2acd6db3a23f7d8703d23483f182f3	d653b54b2a2dc06391f49e29f4ac854d25044ef80c82d249f76778fd70c1f434	64	64
3c53f4cfe6e78857585bd58e1ca3bf52d49a6e4382e6ae01f7b4e8207c7e46ba	78817a6cbb5fc27bd9c32e7cb9caee2a9ca7c722cc774bf71df7cecb602a9b4f	282f87f4056036ac417ab20e4de7e6c510f995f474cfae55945dacd8205c6e13	64	64
3c60facad4a8786588cc47c6db4440048f688b99b40c5b4c66420a220e462ef3	db94731f8092b28174a60eac0be0492d4bc7480307a4f514c4861ea713582811	19a1d901d5b04932a548cfbe764d78fbecaba9e67424796600590fba1c5aa734	64	64
3c656940049ca526f83ac7097d638fec0897d8758dfc0568b65563cd51003741	623bfbe342020c5664811632fa82b0982ef37b84a0b38006386b8bb3426b8e19	352b3f4ba2cd1aa5085dc66c4eede8a0fe7be72856609be3470ce34bf1ac7211	128	128
3c85d17adfc6fd169ed64006af029e638128d7b24e7790aa5d8ca53bb49f2a05	b5311d924b67207c75ba1825859c09a7b152453563b5870791ddc74db4e52955	acf548744b89fc028affe4fe678220433c8731f9eff0d741012d6f1391f8786a	64	64
3c8ac0f201373e954600b0310d113b12ed1235107cf29cb85ccfbafc9059af93	e71e9abf4cb83a05f4ce938b20c5ad912e2c42b75dccca52c9fc7f4102743091	da5d4ab98e645ec4876d7298e6c5acfa5136d442b0c1105dd837fd7603fb83d7	64	64
3c9551e2c681004c202e5fd9b7b5d5371cb96eeb90266727f6e1190b9ee609de	ea26d38f233c3e122b9dc493bb912c3c33d32877de917f475cdf5ce6aee045dd	97209d1dbe069422318807283aa7a5e4d848d80c8c83f866277c2f7850bf6fad	64	64
3c9776dd570190912a5acebad46a58197bc544e271d4c6115fd44b5558a3662b	6832ff5cd1361bdc1bed8aca161ef2883a28986184d1d7ac16016482f623f09a	9537c2243112d7c71d67eee38f0c3ed7caa51172733a1c1d775b28a4ac3411d1	64	64
3cb095accacd509fd3e6d8c67177508d0432e20e695b30444e883f8215019d00	711f0d509f43ee9b589eb4e4a942ab8c3784ee6ecf551f005ce9e0bb07f5127d	b18ea10fd043c62dfe531291261c02998d62ace10a30e2103367bed0f0d7be94	64	64
3cc686a3352f2fd61781553455e0f8f82c61ce677009ab790edb824d825b2b89	a94e2cafca06ff3898677ce5ceb480e89940265262a0759f44ec0fa54f6c39ef	9d5cde31fbe7e49aaa2871998d1cec27c8768e44d088ffd8b8890c52d42a5c4c	64	64
3cc6fc9f38119ce31d688de4906c521d5402fd54421b414a0ffdf06fbe73dc7d	3eb4ea7a31113420c1298a3559cec6de81b7ce31cc6e1e17baeeefc2ec3cbcdd	3437762c2a90ec606769aee57bb4f1c8a0113f14bfb910bc672d921d3d1d5603	64	42
3ccb04e9c0d4e1849630120517a228f0583d45490d1e0edd3aaad7be054bf560	76652453e74ca985dfdc2fbe1d6701d10ccc976aab69ed5f3e1daab5a17f541c	1bff54df705ff02b2674282a7eeddce9a7f2db92a4fb2d3febd6a2c72a6c71e7	64	64
3ce07089e32f14827925bfd0f1e9c8707eb3cd80f88a47b8dd40d51cb39d6688	e9e22c71700ca2aadddefb2afcc063ff729dd5d17360ae3656578b072e8f1ecc	90418d4cd2cfa3ab81cd8b33d36686394dda3a6e19450b838577ab9d669c035c	64	64
3ce250324c54a24a29b073d74f180b1b5b68b683b9ebf3667aef6e41c489cd65	28b0ff2ac68147eb9b960d114c65077491bc0585d9d03639d8f6047bc2b1bff4	2409db92e083dbda7eafcc3f8c63df1bd15ac831ef5dd156a9df6c37637870db	64	64
3ce664214e71d4d5e1cf23d01d7c96d68c5c68051eb7b88e3a08281b9a18e144	223f22b03ac37725f6e306b4aed468a345e090178a1b9314e11b60dab4b8e465	06e77e829c6ca971b2b1cebb77564cd687ed2bbf3ac9ff594ed37748c0cb922e	64	64
3cead1060d26af5834e7890bfbb7f42bf92abb6ab8b1f43827a4813a7f9eb6a3	321c6cddfd05a4e6dd169a6b867bc03a615ca07c45d5f98cc6095704a06df22c	efc858e291abe1a344947de359ad8e71fb74aa72f022cffaaf0fed3e2e2ac6c7	64	64
3cfcccb3d3d9ba919c433983e7f885d56eebfb7cba7fc6bd3594902d58461492	0e9bde8e2190e4041dbda850963bcb44c63dddd8672990fab40321dbcd283308	0eab62f6427f55ec3535e1f5d4b3a350a9da835c1815d3cd6f8ad29598f95c25	64	64
3d1381f4a07b826b59b640b158404d640c4f19265dba7b142d2c09c836d6d14b	68736dcbab0cda0ad89bf522304d9718ef44ff0c46cbd59170d7dee8a8567ba8	10b19b1875001b9f9550864d43e9db24f2a709fb6fd77506e47b239d7e0ea4a5	64	64
3d2fe2f7990f3378f95a0f445ab36b017e6529cfe72ce42accd21f432b8a3861	96a9a0cac26a161a0279945c396dfa8ae7287f708f4399485199131a67a97b9a	0eb08f872ebaf9391889891ee6e17878adfa6a5792c56dca7e61a1d28f5f88e3	32	32
3d3278fc1eea87cb71fb51aa5dbae6866cb0a92473700650c7505097e18dc7d7	8f34772caad88dc97b65189cb4bd0dde76346b0f957bcc3d84d92942fcb3cbb1	7184b3d6860879129ef1e0e78076b403f2ad6b9334a517921cb379304cc2046d	48	48
3d42582f98baee93553828d8a81e2d2f359cb12d4200034f9bc7020cb3038b39	2f86ab7fdddf1eb7b85fd574c5d0362748d15d579ce333a37168da6e12058a16	a922f32aada38c1bfb90459c26b71671f45cfd2c3abe8ab98dc7b95b9574eded	64	64
3d475c67cb77f64fad022316e44321af99d63934faae7b4284f0551db64180fc	8ac1d0318facd94feea21970a59ef1742a0fb05411c36bcdf70709ae5ebc23c1	f8a29d05977787c0161d92af3c2022142f90656d559ef6981fe945023ef25eee	32	32
3d568076762032c8f13c46b90dd033c06eaef0893e3f90280c78243c7ed95cf6	de2f321184c4de4a703482fcb1f25afb9e01400cb3a129583f53fa0c7f83bbc5	225e765a6f707e29e096522ad6392ed84e5ceb9aca248e13d99da0baaf543fb2	32	32
3d641c9210a76407b55584b6642b92ae663c70022f669680311c5c05ea7a3b80	e9b091bb37751ea8b4090d1be27aa89f40242af6b4f8a8b83f65363c75238af4	437bd43927c4fa9ecb93989a296d1806e42405ed49fa9775a95b5d2a5150d6c3	256	256
3d688c086b5b404d9685e9e5a5dd13eb9804617e298b25282826230f4c01c5fc	a99cda2a03db091da1cc4148b3ffe12a53d9d9288dda4412c7b7ca0da16c198c	422e8770a4433e1f91f86f40edfd19d9c093a256b32c0867fb0ea75e9468d06c	64	64
3d75dcce974325a8d2023fe9ffde97ff328491e30128c7fb7a6b0781e0a50ff7	4a463709185eacee02e352a204e82e0e227453aab2b079138ba5eca46e7a9eb3	1fe6a12fbdcddb85d5e0f47700e4c3aa171011a5cb0fd1b13041d626250b9561	32	64
3d864aac6fe689c614f385b3d61d9d6836600d7ffe6ec0b9a742a49edd2f2c26	af6baf5a9d5728cae9b48231792098a7819006f062a1048e83f7351099ce9c8e	a72c266c8f89deada17db35b6ff117f559a17aa3b64df82e34c6961dea01b34d	64	64
3d88cdd7bc02ce8be5cbf97c1edcc8ce0ec7b7df0c71f48baa9f107da6c76ec5	fe689fac76befd8134028229458360c8fe1aa9b61831c848106572eed5fda0ad	68414c4cb5eb3fb9eb873c3ccad0eaf20cf0d0ad106fcc6444547cf19b41edf5	64	64
3db7187284e2f25ca081c7c023ba6ed272f522c15ac04a3c9e4fb27e147de708	f26cecdbe863cad804d676eb51c4732029001f1860b6268bcac581cdd6c09111	9e0aa56f81e800dc09c2999e19fb60a0a4154e8b7fcb937810e568505c117d1d	8	8
3dbd703ac578c825a29ced8fca2ea2f69cb4a7a2f1884ef6034b9629a9525399	53484f20f74f1ef73a6b5c970726cbf421fd7011ab8a0c57aedf51e43a5d4a77	44e2985cfaa970a3637dc9089e782c90fe06d5798bf278bbce9247dab5e3fab8	64	64
3dc1a8ef49861ac82ecd0b29c43166cf671bdadaf4b25a058348124387025c71	af6baf5a9d5728cae9b48231792098a7819006f062a1048e83f7351099ce9c8e	a72c266c8f89deada17db35b6ff117f559a17aa3b64df82e34c6961dea01b34d	64	64
3dd2a540510f448794e2432a03dd25069f993433fa6923bed4a81c5e9c310145	7518110f1762640669a9a377cb6bbd23ab175086ea60d1a8644a8f730b22c7e2	41d16815330da1aa4c8a38ac0549c556e6275ff87fd76f3fa75199d0357d790a	64	64
3de9b03913f32fdf507d78f0b47238955f0742962a3ee418440e58bf03612584	a66b6e6d62c7e009821b115034232d352f5c1a4c4469298b80c9f592682f41ff	865b916a5d59139ece674ae71fa74794d21b635ac910b6744feeaccef6bd8203	64	64
3dec683da16bde72c6457cd318f288a06c53b71c56cc102e2c01a97ef5d2858c	ff55ad3ec9a9c14be6993b7d6dbaa5b7e7c6a34ecb16e4103234e56640008e8d	344ec6a6b505586c3f8ec46f0d954f90b745822195f9a37526ce1d530eee3caa	64	64
3df0389b00cc12e9b8f55e5611fa2162ce1048b9f4cc5552af93a5de2c16720b	f7deb6e4eddc86068db6f5eaf2f88bd3ff4de304e80593c114974bb7bf9eed34	66e29f4b07f339d5d3b897adabfedbded8190bf88407ebc1e7d68b9b89e2364b	32	64
3df24094ceddf617206e082c620e6c6f4002846a01d1e20e7ecbcc89ba385d3d	5de3809fdcc84dd10ac0b6cec650b2706a1970892481997ced21a438ecfb15b0	0517dc22184eb7fec059514fc0246ad3618019eca209b14557a8a500cbad9733	48	24
3e00bafb956b8828b3cbfeb8d8a7f5021623841f70499ddf2d249d29da3ca299	3f4cc5c8c4a736c1289ee4fd51e9bdcb104f265a482e448a7ebed998ce34cdf1	f8dd0fe9f846c0b5f6900d26d48a206c1c908f347fee1ff9e40dad182fb9801d	64	64
3e09f50c4ecfba9128d891eef2bf4f3824093ed67588083e267c965a54d18ec3	1b3135de70373b2aa3629b7c46b692816cff898df9f879841fcfe586e59ac435	f76abfb2653da215bacb8b44a4d28529b9509b4517632c98cb0685fb893198e2	64	32
3e0e70b9b9659ba7dc0c8ccdf39fd2a1173efc4d20f9cdcb9576f7af6e1be620	75a217af186ff16a7c6a2f13922b5163eb2e0a22edaab03714b3a2bc30923b49	c9b5a5087e93b52ac587e160ff3bd2ac6c8f923709988ba85f49567f452a4535	56	64
3e11366993ca607876e0edd6780de94d64d76972d488fa9535220f7557777a03	0a19b0e9a4264f18fdab18f70d1563f089363e273b2de7e2e2c8fc61821ab3c0	813a5d3e53e95e0fe65a5a618201521887f52975a53f5d77c9480df1e5b45258	64	64
3e2dfb0e61428889f2ce3ca8227ab0d252a988e837d52642cb8dcaffaa124dc1	7cb4ba820ea92620aae5569c529c518a11628856d9aabdc45a181a0afadf141f	9a89fea14acfc875b2de1fdc8c5a3ca33fd338ab3bfdadc249f4f226e28d90da	64	64
3e304676f7347436383890862a33e177db391f1b333320e831ab954fd7f5c912	353f5be623829a3863cc8f107ba55fc2a5537905ef72ffc676675127aac7fc2d	cd219e205ae5f5aad935faace92353bf07a977478c44167c6fe5057dda5482be	64	64
3e33700319a2d6708621be725e44101ceffd4f4f94e983bbfad9644d5eda15e9	db94731f8092b28174a60eac0be0492d4bc7480307a4f514c4861ea713582811	19a1d901d5b04932a548cfbe764d78fbecaba9e67424796600590fba1c5aa734	64	64
3e66d446c3acf1e399203a8db9607678c15b4e5c900434c3268decc51fc1f996	c7c1d8a28c732859a2ce10cc45e7fda842e3404c87074cd6d937484d64c5fba1	b12bbd465d6fe44e6eafa367e8b8c300396f37d9cc0113a3183da21be548e22c	64	32
3e68e1eb2e8d9d1235dd2e34ccc2899ed763cbbd36c43957e8ddefd7b6d3fed7	851cac64f83daa1e67713717f6daafa7267f2b538e05052ea7a87fadd717857f	801804abd56ed6afa07b638831c94b0df77114f55042367aab9e4d60f924488f	64	64
3e70bcea9fa8d492fb452920ae8642c97f081495a06ad6495d3a27d07bf2fb3a	e48a0280990792580bbe8b464faf4bcb3829bfabf3f96541ef539253837a0f9b	5bac0115091b6c25e0c59b849e00f59da98747718cb8a243d94e3a3ec0c53053	64	64
3e756dc8662814a2c44f61c76865ba7330e369d20d4084867ed29ef12df2c057	2dab39387e8b94ba3a905cfc618914630037e1f482b7a2dc09be460f9825ff46	2e281db279e3216d23ce12b47da302d27cc45ffda3e42d59e57ddcac792abfe2	64	64
3e844524fd3b782c2fbfcb99d84af491e26ea1a8b8021ab795900c2f4b5aca77	2518c4d2966ffa0c3607e8ce44efa862f60a065eac5a8d4bdbf3b46949647425	db552eccf8332e6684f63a1b48bd4fca729226ecd100fa014dc55a6f67fe5e07	64	64
3e844aaf7f394774e4195ea115afecdc2561029a8b766ec5cd172be6dd6ac7d2	1783079b1f4369cb9a72cfab12c032d739c49080e80194904f9c513252e5ab60	1a3a6de86b2541defd29c37dd8737374672cd65f6d03f0ada519f26138ca3738	64	64
3e85803c7b60db701d83b8e8d9e0c76b5fa7d4743c804fa226e6232fd416e8a1	f7deb6e4eddc86068db6f5eaf2f88bd3ff4de304e80593c114974bb7bf9eed34	66e29f4b07f339d5d3b897adabfedbded8190bf88407ebc1e7d68b9b89e2364b	32	64
3e8792d15148d2da50e8f4713c0e562532d87d026c482843483445682e301f87	d3ca91461b3c4409e16a27afa949295437b8a7bea1b86ddc8eae5e5e33a04a83	e9db54272f8c6e249e2723cb75fa560c0e51a1adba60db91b8d98d47abeee2d7	64	64
3e8c0912fd6a7d7a2f643832a69d8627a215118d11024ca0d6e450b610ac59f2	ea26d38f233c3e122b9dc493bb912c3c33d32877de917f475cdf5ce6aee045dd	97209d1dbe069422318807283aa7a5e4d848d80c8c83f866277c2f7850bf6fad	64	64
3e8c4a02abbcc738220b91b7ad718dd58ec127f0f53f2808420c52a8d2fef033	26d255cf047051ccddd32ee28e74020e4dabde8e0566f9c9dc9dd159e9a8b1f6	51df42db2cf166e154ef37c64e8a0831cc745829a680dd128144fe332165a96d	64	64
3e9da98d0cc5807d8fb4ec294fe7185f08ff65116fbd2d3cb8cbc9f8f70a9c62	7106841515d8e704f2e4019816d7c8ea28abacc6718ee8a20b02e8f53a7f548a	a0cc4b99f599b59b8bf3b697489f92947d885f4973b2c4c5fef22d51f2c29775	64	64
3e9ed29375bd31a725fba603a4b6ea7d2dcee4d45f9eb92ab2757966ccab3609	8add65133a45965815c0655a71134511d7cdf5294422b4e18f7aad0897aa9241	7fb85796089a4166aa0487d99a2e1024f41957e9320f763014e7c78ae7bd33c2	64	64
3ea0be42a43525eb9c505ff88bd3520df2f7bc35272b9feb69e6580a17f67766	538e1636d6a3c22dabfa05da24a1ea6bdc7f7b946441f97aff65d2fbc0156ec7	d48a02072d6feb767c341b7598a6bfdadc6f5e7097c5d09e7cb2a4c236de1387	32	32
3ea0f100ac55632502cc841e9db389810616b1b22c4298b72723975b06b21d82	6df876d8bd4c2429e2d4d36835e1f62fc481d8f7cacd99c5bf2aeda0230a9649	201d751cae0cda4d740ed30a81ce7e1aebecf401a09fa913e3541578b51aaf6d	64	64
3ea473cbeadf0d7c0b0e01860507407baad36ffca03d1c34ca0361be1674022b	55e1900674b2a74859aa717a5362897614d241b490281527869355d6e473ad75	b1b0c10cbdfaaa7c83573c7465ddc1abb65d6d09de75e29271d85f66b354aaf8	64	64
3ec37ab8ea335750616dc9cce0e60bb98431a34f097e75193d45157824fb1e4e	a6690f81b79c53016a7271bdae5faaff75b7b951ec039ff1e4477fb05a6f6859	1ff58dd5d987de0da406e43a9c75847c35d979b2801d5bbe71990a8be3547888	64	64
3ed9384fdfd9b82da8d8c05e7ccf72e318f1e17cd89a3bbfffed95a6a03e3323	7993d1f4feacd5357f5bc05c14174c9b439064522a29e9a45ff16c684cd49e36	1346be867d7f2004a183559a7cf07a835c0af46cf38f0370d56d66bd3f989e63	64	64
3ee2e42e14bc2482e97fd09fcb5b89fec9e4845014ad9f05a32d53070bfa3a28	0952ae6a008767758dabd97292ffbc9399e8960fba950519366ce714031d771d	338f927c3ec0ef7490ea3203a2be95aa42e71ec96fd42d326896469f42c56d72	64	64
3f0b05c2115996a0a55fc711b9368eb87b262320f42c45040daef6312c519d24	33bf0152e2ecb0e3cd178b9303d92c33e56d265d5cc73585641acbf289d7f4f4	1645e099d3928226127eed54d001b242a4cb57465081f08efdd288ae050f9db1	64	64
3f0e5e59af123a95dcf3d4bf54fd6b3ca483f44d31f326823b75d75f57bf8924	538e1636d6a3c22dabfa05da24a1ea6bdc7f7b946441f97aff65d2fbc0156ec7	d48a02072d6feb767c341b7598a6bfdadc6f5e7097c5d09e7cb2a4c236de1387	32	32
3f0ebe33c0e51b94662797c2a077e5c92fb1a348e3d427f7b8fcdc47298d6953	84a95272aa284cfc48356e6499e4b8c7680f1971852f2bd03494b2a823c9598f	7f261719fc63aa80ca98c9a1281d4ead6ae4d4b4e7a5ca4a3caf09f34cb39ee7	64	64
3f0f97d0dcfb24f2f51b0792c5f2dda2dff28170a6a96b493a64195b8f643dca	e71e9abf4cb83a05f4ce938b20c5ad912e2c42b75dccca52c9fc7f4102743091	da5d4ab98e645ec4876d7298e6c5acfa5136d442b0c1105dd837fd7603fb83d7	64	64
3f113ab646afbeb0a0f6810ec322c8cc1bef32e4819529d2fbb3d2832c6ebad7	100ce116112906828b310ccc6079ba60d6f3cf50ec52fc55be48be597a9aca23	af7476d247ff65cb957ee5903755db5829bdf9c8ca4325ec9bac7c86c634d006	16	24
3f15c461229774aa364d735ebe2ca775550c82f3edc0eeed5718cb773730256f	bfe0ef20932cba7d7318939bf57ed201a2c6cce0e55668cfcfd0293f1ac8b22d	3b19aa0007a14ef3af778d3841d1981ab44a97c5f2270c584fc5ae7752bd6525	64	48
3f24232152beabd9c5eef9677702ce4b8c2a72b1a4f2b8d71947e7530e6fae7a	0eaa5a16192298fbc0870e1e77964b907752619144d8404f9083ba22ea3ea6ed	0af010e89db91abc00937ea56db6f5e2f967eed37e7938f687825eb47ab53a9d	64	64
3f2c21ead82c46fbc38171f1989187992a63a7342bd695714f26eb8ad838f361	e2f50a7d6568211a988797c2ad47363350e9ab170db4ff8dec67b383fc80af0e	8ba0b60ba1ef3c2945adce3928370e2c0d0eaebb1fc81d79b4e5cbb685b869bc	64	38
3f38900d5b58e6d460fb68f1009981adcaeb72addf558b2096c6aa20cfa9828f	569e1264fc1aa94bca6cb09011fcd3bb0c4c2c57993183f55dd97faff8636ee5	92a830234fd7ceb6115c7de9583b13c1c692810375b148e29440bb5cd063b8a6	24	40
3f39a98db41679ac01e79188d2c289a252da0d88836f99774a47f2b70f2c3090	b0490ed73a6e09cf8651fa5d9092b916128e597ee8b39d713ffbdea84f360d91	92ee81ce380518229dc55f2fbeeee3a4bc970a97471b27d0c43c6d2c61fe0498	64	64
3f5823889ccc54e2d797b4545ba4f61dcc3debe96a20d566e6b8ad80ef7f37bb	4aa19ddf9f297def90637746a039df3d69bc5908d49984b11dd5c5443d55037c	3b4685e0c1f9526af00e81d1018d6a09d3c9e2306be9048884177ce5000c38dd	16	32
3f603f2bf55e10efa1c8bf2443c070efa1b65c1e90668bc1b57000bea8d8deb3	1fcf6390e6fb949dcbfaae3ffe35ca4017ebe53fbb142efd5543af152c1e40c5	c4e8bb5f3a842f83712e481d87c8ce77021263f442b6ab4c85a535b4a5d9156a	64	64
3f6e94326d966aa6a34afb39affd81bbc95ca533e55ad9ffd4499f878c84ad1a	4399474d591f1f7f67cb7cd8c375738512d75cae8ec8f9b3a00fef814b3727c4	b47ce0fe4d868059b82d51d0aaf9f6c5d3d93921ec50148cbfb01c73c2dec738	64	64
3f716c5b35c7f03e969be8ee0822b41495ad52da771eac5a9c529d01e6625a88	007b4703cd0aa3498c72757d1c23da07394632742d63b913c4f3773ef06d96e1	bda187293e023b4fdbc74de7cbdf731f13dbbd30e990f39aca6334aa329675ee	64	48
3f917529fb5084ae8f571ad6d70567f4df84b2202a69b5a27ca828f8e8b81e8a	1783079b1f4369cb9a72cfab12c032d739c49080e80194904f9c513252e5ab60	1a3a6de86b2541defd29c37dd8737374672cd65f6d03f0ada519f26138ca3738	64	64
3fb0dcbe86a248320ce1042beb5b0e8145c1dc57c30c7dde81bb8d09e940cc72	d3ca91461b3c4409e16a27afa949295437b8a7bea1b86ddc8eae5e5e33a04a83	e9db54272f8c6e249e2723cb75fa560c0e51a1adba60db91b8d98d47abeee2d7	64	64
3fc9852b01cec2584cd3680fb606d7283bed838c310fc573bb57c2dfe84c6448	b8eada978193a88f6544f8116091dc1bd6d8e70c7377772ed40263d2c344afc8	4afe5520c55bca1ff726d8b8edb19930ddfd171ccd03732460268599c5ecdec9	64	64
3fdf5aa843bf202ae8126c0864e1526ba5426728b0ee1b4151c22e269f50bf62	da6a92f9671e7759275293ed0894ba1ab70334ce279c8dd38d41360fdb2a210f	d6666af616904291b3db6f26130258a8d72a91eea79867f7b09997fb09a27297	64	64
400ace1624159ce84d02a95ca28b2ef51ced7de7ceef73f18703627ecb016d15	160e46150752eb4dfd496932d0f284366ebf39af6875b1219ad441614dfd1d4a	cdc05e0f96696a4a33f68e405bcdfb86460d7b654cc979c6801ec358d62266ed	64	64
4010150fdd491b960d2d5b09e82666e02f2715d12988277d99ea192b460cd4d5	4b6d2dbabb1d33e7a5922e86d570d4f540999cb41a6ffd0b40dbbcc85ef476e6	3e87f21fd8b844623f5cb9bd83642395e437bcee97399b151c03815287cea15f	64	64
4022c41ae247efc6eaca8673a988020e132daffc48696c6a9670531d5f57dc1b	cb40b71fa5a44632316d87e76232eaef73d483c5147555e28bb4b52493d07df4	485123e5a17233a664fe67877c56f0276fa23af29e7afa447fedce078ee832f1	64	64
402b2d77984450cf47a1ed832146268b21c85de9e754a47e3e63ccddf06a43ee	1783079b1f4369cb9a72cfab12c032d739c49080e80194904f9c513252e5ab60	1a3a6de86b2541defd29c37dd8737374672cd65f6d03f0ada519f26138ca3738	64	64
4041f2fe1bd174692b7b416301932d4e75b4d2fb3e86f3949e32cbbe8fc00734	00ec2a11e3d68955ce094c83c65ba3a296b4faea86d13ac60bd87233837a5a77	7c775387c80256ff7872921e2b4c88ff2e788b99b37bb048238f78761aade88e	64	64
404cc289b17e1a5d56abf3e44c8f830e6a72e7de74cf702f6047b9c007d8d704	62c263e0dbe713e17b80438272890737ba7315475531a42b94ee9ff72e0f2287	8a6fdcc85431052163fa35ded5323ffc789b7a365ec79b84e0127d483fc01358	64	64
405c5680361cb7c94400284a7bd07b7a5781024b97f3612a31a24b775918b42a	3f1c15a1a883c890bc93a97029b17d180baf66b997e77f45185eb1b2b70f8e2a	8e396c32f42295f218d14a2c8d6aead2f1711ad8c4c7ae061b144d9eaf9d4ff5	64	64
407bbbdb76f436d61c5a908bc3ce0a73276bb890e8bc366a444c8e5e2550dab7	ad7d158d5b41ee9af8163bf15095962e0866a794b6e56cfa7b1ee5c6fca76e5f	bb4f56c875c7b20e22f6d073642c3345b570b0a56a5d5608abce5e08bd04b93b	24	24
4087bf72466b2f7a598a0a7319a37e009ce3f9041a2957b40b93b9e53543c71d	ddf896879a53538140aa2665b0e182239df73854e8402bbe72dd109b03733cc7	9229465a9fc71ba9349720200c1100576d7fde4dc1a97a9f2aeea84e035144c3	64	64
408a8b86376ddb479a8f3dd35e0579c81f58cb82220eb130fc281bb4da7668bc	fe09d93135a0cdfb540a73ed6bb6a285cc106843265e05a86b2f8dc4abc3b85d	e1f83f50daf6a5e86f3a4a0e6505b3de28abfc1730aebdca51b5417c5c734f49	64	64
40983742fe8d6f2abe55917e3da818369f0e99406bb784a049ca729db45ebfee	1fcf6390e6fb949dcbfaae3ffe35ca4017ebe53fbb142efd5543af152c1e40c5	c4e8bb5f3a842f83712e481d87c8ce77021263f442b6ab4c85a535b4a5d9156a	64	64
40b15dbb90d9936eadb420a78966b585127cf46c6c2e6b170dd79fc613d97a3f	0952ae6a008767758dabd97292ffbc9399e8960fba950519366ce714031d771d	338f927c3ec0ef7490ea3203a2be95aa42e71ec96fd42d326896469f42c56d72	64	64
40ba06cda9356433f86a23e186ea28ad24fd318bb3266a7fd551e9ce389bbed5	76652453e74ca985dfdc2fbe1d6701d10ccc976aab69ed5f3e1daab5a17f541c	1bff54df705ff02b2674282a7eeddce9a7f2db92a4fb2d3febd6a2c72a6c71e7	64	64
40c02f79f8c57bf103f188a7bf2d5730862717ef8856a8babb8d9fadfac252f1	27bcdbd6cdc3c225900050a82fe8fcbab091d1592bb87311db53b7848e54995b	b5d56fc9afc76c951536a5fb4ff0fa9c50340351c8ac0efd73198532de38b6de	64	64
40c141d85ea1da9eefdcf6b17ac5d485140d7ec2524e73c30f883f088f3d7875	8a707003cf3a1c467582ddb7dbed528018b9cf36ffe617afd1da3398d546e212	5adcb40c6986ebe5066557e33ff4a5a913fa6b9e7ee412b0a5d027b60f681cb4	32	32
40c35758ecbe01152bce51be2dbed4b80046e75a5578b2c3c3eb200bee242feb	f897b3d926425b37c31317c978f68a1d0e19796dcab9783f22bb494deedd9d3c	b1dca1baac5d79878436ae49ffcd6433b7feaeaada3f968b8c0e6d887f6db5a5	64	64
40c3586b45eda4dc602c8a113d5ffe6626a1959eaf615f4dc570b24bcc207658	fde55a3cc24368b98ddd157a83e0881e2ab94ad4e066ed87fea8def546fe06be	320f07e12ac60c3a537a279abafdc2e41e8f103548261ca8c10e5e601add847a	64	64
40d6521b50b4ee5d92faf9c0b886df2e907aca7d26de0c1753022898298fa321	9580aaef4a05ad7ebb382187789564dcf0be06e8b1a03b7ecd20a48165a2aff9	fd10f8b27e190d14602b84d8ae38bc2ed1f5da52d97b37f92c9502f300be4969	64	64
40d8eca23bacba4bde4848d43cc2173199532c768a327adf7f7e3cf23cea9147	73e6eddd95adc9f45a442af03b69c500f5bf90bc1d94fe1d8b9356c8cfd25d50	bbc004d24c329f2f54c2231777721fa7cc7cadaa74cdee834a0c3dba8285a8cf	64	64
40dad8fb945f5c39736be11b8f117d3b51c6a2738662739420be9b67e04124cc	6bd4fdaf40d951dd30dfe98911cfc98915d3fc0911d0eb2adf04aedaaee17cab	b49ce805135272406d713642342a8f1d74ff6b6c20a22d8ed59fbe51a6230e7a	64	64
40e295f37af93249b2b3f4150b065aeb96c7de51fde245ee45d5611945174386	a88e96ba35406d10f6149fd5d2990c0e606a2b9189435afd8e7d10620bf27509	f049e1d99b36a17cc2e8f8e5db952bee0b4c2513888e1c2c6bc5fb366dc806bd	32	32
40eb2dccaee00de6cf98c3e005dad2ea9d4b4b0a9e5cb5adfbe166d0ea9c5d4d	52ad795c6e1a58f57e633741bc8da45d6705c9234d394ea29a3638a7e570c8b4	914851999bcf813dde1b79088dab26225cb8f3d54a809b05929d7a869bb76d3c	64	64
410bb05146ad278b802a76ed4b893b7662d5531e52def8799838a0d48d2ab4c5	b8eada978193a88f6544f8116091dc1bd6d8e70c7377772ed40263d2c344afc8	4afe5520c55bca1ff726d8b8edb19930ddfd171ccd03732460268599c5ecdec9	64	64
410ce6310ac2a9cdb5d9ee8d39272663e58e4581154a323459acc08893a56ad0	560fb20b2be7b8502b54eb758b09773f8412c0c0903fa15388aecefe7127a7dd	2901467c403c2488c63fbbb81dd015b801c04a6e6a4dbfca9a8e47b72b6da92d	16	32
412646b5be147f67c0000ac0c71c0953f7d81444d2b09125946a16aa37fd7778	2cb75b140cccb54cd8fbf60e8ac33184bacae4fbaeb492c54532a64df39a7e02	8ec6cf7fd3d77737613689e520f4f1e9d301a520c3cbce9e3dbfbc909a3ca0a9	64	64
4132037fa9f05af754056f73811b965afea49c6438121e705ccb5cd9b95457cb	38058cc27d1ca080eaff15f4c79f34a10e3cfca719a1d4154d6b1a687c10df44	76222bf631bacb3170928a25abfe03629363ee4132c4b9d972afb04ab6a03c61	32	64
413785ce323ed7f226ab4f97dec898a8cef830f6b928aebb57f3673b8a545a1f	16caf1261575258b27535502b05652c86c5e86af81c4e83d80f8971157ddd4d7	b64e560697a5935c69baa07b3b6ee62ff3df588b6a015cf949b4cc9e05c97cf7	64	64
413cbf0b370a33915d215c90f26ea02a8e5c42c3f79a38ea9be8c9d1fc63d3a8	9c5928230ed2ef129e38a56c3b6733b494c3e028070139983de9d1126f462077	3626cd456ff551675872658e859954de50bca87ac145ffcb75e0450c679ec58c	60	60
41468714912fc192485d16b13c155b1a8cf7b694843ba70b9c80d1f86bd1e801	d0a962883ca674ee51e266c22606defba1d9c5df40d86ccfffa97790713b263b	2469e9ad1897695c435248676f32ad07866a25589135da92d050801466e454a7	64	64
415a638cf5ecfc9bb44df3d0c4b5ffb11602d876a2ca45defd7a0722453c1769	f8bb68b3a74bfbc88afcf46ad2a98671523be0fcca228422b819e11fc6c79041	c0b7b9123a1a006a0e11c668e864c2a1abcf55403bcb0382f5644bed98e0420a	48	48
415e6d006ded37985bb6a28b26b42c8b3832c86ca58b54b2c1e9e237a68dfaed	1321a079c8be7d6a511cdfcc4952c7abca4bc46be685d0ecd7b6c94ce4f9086a	707b83fd3c8ed03ecc5841e3d0397090b950b62c0d90c8f4dde255ebf1ebfbae	64	64
417c207120a547bff81193ed42adbeac8e974295bef2f91545570b4c8d258fee	0cd13024edf3c3d89c6f93ac907ee1b03a212fe2879771591c438da92539d703	7fd88241ac9da9f6982ea55861e44fc324b3b742d22f7fe6074bd0efe6befbb5	32	32
417f89f21fc3d6055b572eb389d0f742e4a51f2539abd9ab44a94a761a12c305	864d43b2687eacf8b86e9879b9fd4184bb95fb6d6a570d2a19787d7221fb12e4	d384c4b965bc7223ddaff46c17fc46748efaaf7b671ced53b446be0167c32dd1	64	64
41a70bc9837594b9000e2eb2c9f8b0220e93f169455ab9dd631ab1cdb0eca90e	f074436786115e7687ebb8beed9091e1b9b2a0388ce38736873525f1674e4148	1bff54df705ff02b2674282a7eeddce9a7f2db92a4fb2d3febd6a2c72a6c71e7	64	64
41afc18a9cae029e4330f504df593102a5ccfc36326bb14281ed72723e903d4e	7d278f5a2a50e437e70f408b126763540b1414c0700d48bf767c20a921c3228b	efb21db831f91cc3698a3c511ed29360c781eb1c13c27c2c8623c5aa51f01369	64	64
41b34e52cd3c708526a2de6cb668abd72391e5fe228503b7d1734946eb0889ed	72f358dc4e740bd416a3cda9a9b4913129803797f53bff946f25fe4a1a6a146b	cd896e15b2a17817670d0c6ae93af0b2818af3aad3b3ef5bff2b0ef04bee7775	64	64
41b9d2db7ccd7329d4355b61db931f77562c0992a66296ed38221a4c6fd9af45	a67097dbf3db6be9419208f44332d4e4ad09837dc55449ad7451ce10a33a4bda	6440165297ffad9f971b73bc51328a67c7788d927f5f90d2cc98bbc5bdc062e1	64	64
41c696df9fc09586f36c7cbca2c6899fde045373512eb5292f1a839b3f63ea05	a0685535ee6c9f2d21b66b650782146ea967c25fe3d0bad1e3619d66d557c57f	75bfe4528329c3a00bbdf5d9fd777b9d624c77c0168c7affe06934508357af7c	64	64
41c9f68e4048725444b5933212978acd078c3d162789054560d7c258946121db	4ca1533fd44b4d43e9a809547eea308cfbc6d8795ec6a798b76e28ced36874c1	1cc285860599d1cd9fb87aeabf6ded7599269d05faddd8d93bbb8a6bffa9d31d	64	64
41ccf5b38d703a1b2c502f2c1d65d8e64dc8596b14e65520d282d9fdf59393c7	c5f3a6e5cc723d0a091bbf1495b873b46bdb837768f431eb621ca64530680fc4	ea697a12e9a5b53193dbfa0338f65cb5fd2d177cc421561c630a757ab6b1e63e	64	64
41ccf9ec27edd3790fdc65df6219f0b91733c377e892fe932fb3509b380f1543	6005904d0787626279dee2a36daf548974343f804f0aa78e50484e2bafa9d6fb	0ddc5b388828e738f0c498a604ee45f817d394921f0a072ede7ef6374d6089bb	64	64
41d2f735190afb0fe82ee5ebd7ec3bd4cf06bed543575a31746348c0ea9f8469	9a95584629266614b4055cd25194513ec0b5caa5d91752d46a48081be8593b92	e0a600268e4e838cbb2d645ad9b64530a4ccac386ae25907aad6d9f68271b733	32	32
41ea34736f38e46b78ca5b1b1816517ead03ba667b5bc32bbe6a15d096a0a6a9	57b770f393e490ce57eb250a2ee6b6607156eef8441fc495599c0e2e38c24989	6928f0a658c6b3404d422b653720a0641bf47e722bee069c62371e5dc1973e10	256	240
41fb5235f9a35f9cd8ace8ff3dd36f09e3757148b49aca8206cb18a1246c88a1	f579fcc3a317e2f0735d609c9d7b1f1be1ccf674d9186c8c43cd9408ccb88a3e	9a37d6ba19b8d9bae79d1783be2e4ab0d52fa59a3026df31a6dc57fe7b8d7172	64	64
42174b1c48fcfd651969c3bef23c64971ee7a5c029caa2008056f573653154b4	648d2d494528841ede443e27c4d5ae53aa695d64d0571062bf2372be0c53321f	eec4e58d331fad8b61fdd31351771acf60a4be4d24061d1bfd89ae3503ab4ebb	24	56
421948ff3cb12767c4f9d4b039ec7ae7f27822350df3aa67b01eed056bef55ee	1d08039295dbac3d53c83069b313ef15224b25580ae7b95b53dacfe9d040076d	e1f97936fd54327c4e4ff45f0866415eeb1656cba5791d7c6b4f975ff0f33df9	32	32
422515fe83aa865bdcfa5503f6f48705158e52948ea93f5a0e0364d26654b5f8	e4af6e6c195bbb6222d3884082e28ca0a09373408ee54e99773aec2c29d194ac	c1880a34c0a5c5614d970224356664dc84d588f1d3c662bef2d5e6b8518a7370	64	64
4236074ff60dba8eff3c6e10bc9d443412f8d8c31a44216a716397418779f09e	f592c52c1973ffddf7da11eb0338cf63fa2cac29efb69cacf9e017d1fbe96e27	0d9e9cb1b571cb9d899f80f8bbc2c671b3e708e9c0e3ba8bf2474fa7747651bf	32	32
4237368ff39438da8ec8722294016b6237ff3a70c52b0050d2d33dfe795f1c7b	62c263e0dbe713e17b80438272890737ba7315475531a42b94ee9ff72e0f2287	8a6fdcc85431052163fa35ded5323ffc789b7a365ec79b84e0127d483fc01358	64	64
423c9b9f0bee05a6981a3a8583a6df3c5772ea495407a1a8b40e56a34979bb19	623bfbe342020c5664811632fa82b0982ef37b84a0b38006386b8bb3426b8e19	352b3f4ba2cd1aa5085dc66c4eede8a0fe7be72856609be3470ce34bf1ac7211	128	128
424221e26d128cdcb2b406c30d858240829fa40a2674b0cf8b8239d3a1537135	82c615b76faa5dcd38655402687d62f62371ae2c3e5f41ef949a4719671de902	e5baad5b4704198f3aa5e6404d5bcb618fddaaf07fe4208bfaa22792198e2c82	64	64
4265e222ee160d7963e390b24cb674566e5708190662e432a82a4fe7e2a64ef2	75b1e26736c5b90af8e1e943f3f5dfffee3e530bbf84d4fafb35a615591d142a	1239e2356110038492bcfcb2e1fae36de69c9f2c6496ebe378058bb8d1689f66	64	64
426d6b82175254c3e18ab407cc9e8d8cf5fcef3201774b4e77ba4986fd1ad515	2f19ea7c20382ab0229bb43066740053418ba3b62e785520f483d028b9c17fb6	66108adb518563e2429573880c21cc93d4c822618dca3b7881f92caeb13904a5	32	32
426fcd10395f86df302200cd3924fdaab4b4f91e88a2fe71dcfde28c764f4485	dc5bddc4c7125a207f704ebd75018aff028ea55f1f087b39daf501db059de19b	ed0ac0ebb38b4c97d345f38e1e6d6454b92eafea47905ed657c70274b60b1304	64	64
42806347c37973c5df04e30db6b2de9458a437566b02e86b32485a7912615c89	13d9466c545e0622fbe1739fb8716e24776cbe28b50f7f4338789d503bca53ce	51019995b7d4f5b8955978a4d6bf22de3abf3dc3776e4db1cc32681e776ea347	64	64
4283bb12bae2d73a12e1147465c7df616804ab5efb79a86378167957dead4cde	099fab290748cdc4fb7d134dd91a936ec21aca8554dba632e137cb6eae0d14a1	b1644cab16a7d4e8388f4df516b8ab04fb92621ae890c7eda8adfc25169bd485	64	64
429e4295c00c188761f11853e504c03fecb10e777a1b305bb24025e7c7984c51	9622ba14d6c49be5030a30d087f82d2312ea3861b10e4d1f504fba6691ccf79c	b2d099f766145478d21a5294bfdf0bdffafa02134277c0f005dfd3acfc57aec4	64	64
42a084736e0fc3609a6e9ac40c297a624be3e9afc46cc02aac2737ccdc7ece34	8cd43e836c8eb64611490a4b198d888f48dcd41f4a160310bf50653dbd2a2139	f7a89b0b8e5d5df8efedfac2c18432df2252d4b592fc7b690e7368ef7c943a54	64	8
42aac102cf0ef86f0a3077a9d1cbf952684de775076dfbb992b555adcd42a6f9	a175ec747fdf30f4e55d70f0abe574eed49784c8366c04cc34114c2c73fd4e4e	6cd0391456bbbd00351c0e971b8e7c02d323583dd0c1f71139a5d034364c75ee	32	64
42b7dceb7bb8c6a29fac52c497785183e338b64f3331d3578716bbe0bf6c2318	5c3ae934fe3afdc8b6fd001d55aced26b704fb22a9aed18150f51476bbe859c1	69c7b861432a0f2c6ba1b79dc1be5be5cd2719d9c6972c830ca5aab6cc434c0d	32	32
42c1b414ba169a88822312af7a27c6c0050bc7c9ebb0b6047b77787ee5eb1134	96b7a79c58a72bf4e165f90633a24f8af804d8735707387f36361308a352125f	0fc1a61be11bbaa97b3decd8a5305cd1a4e5ffb8367fd1c577f14cc9d67e3e00	64	64
42e339b8be5aa5de5324af661f02e308c8c1eab64d305a62412ceaff58edd73f	5701c16b2788d3a73f6aed8763c548ed6a062b48303080d7e620e16b958fd36a	056fe92f87427cddf64214fa7134136bbe34dfdfdb4548be81e3972289e64052	64	64
42ef9993b55670ca41b3ddda671bb10f07de34256d4f1778dc8a7c04ed1f3294	4b5a11d3dd93c8494279c86d5ff527984e6f240e809caf9391de55d992340a30	beb5d664fa8f00efadbb962b98faf112a9fb091d18d247c87d67ffe72bb850f2	32	64
42f8d4b4a52fbff63d23f5a98bf0b9f6601f2d74fea33db2b4a7cbdbbb98ad6d	fe09d93135a0cdfb540a73ed6bb6a285cc106843265e05a86b2f8dc4abc3b85d	e1f83f50daf6a5e86f3a4a0e6505b3de28abfc1730aebdca51b5417c5c734f49	64	64
4302141342bb510edc75fce8429e9b8a85f0bd1cfe690308cd79403f29e9395a	e07db912da4b7ebfb237a2377c23990f5c05d0409f07e8e6560299edce7707f2	2b8ccbef625c457d0d4bb7082ddc53a59ee921c09a83ef1aff6b81f910f743b4	32	24
430f425e2786bbb4e5bef698552408deb6f417ab4cc17da96a3568c5dd6f961f	69c91f694add996f7868fcde0733542720b3947f62b01401ab5a9cf72cd7a009	da5d4ab98e645ec4876d7298e6c5acfa5136d442b0c1105dd837fd7603fb83d7	64	64
43206415c7b4374767d239adbecd518464755508e33e71e30651657517c7a77f	7ff813fa05eb4d93ff3c97442d49621840bef906f431e850a6569466e219d7fa	6e7695e8a3f506b22d1ec6a207e94c07b703f48ab9e5c7d37fec29b8ea88598a	64	64
43853935699ef2490612ec615d765bf0dde692079c8789ea3129efd09c523484	45d4137f002af1cfb4d459fd55107ca4d723d4b4440f875d6104d9db79b12218	2ecc83bb1eaa446f67f5e62468b65919ce1dc518c3127cd5ec0d44b9de1f7a4e	32	32
438d01efcc02c3f14722912ff1b451474975a6ff5b06c49bcae9fdcf9f1e3992	3ddfd8d1756f994f7e6f354411cc4955bcfe5787b60bd58df21b7dbaaef63233	eaaf74c2033db59c6fd9700eb3cab0a1340963fb6e30a19cae59a4488828d9b5	64	64
439f7753fcd196162f31bda5c16ccf0ef37bef124f632ddcfa7d448507836354	1d08039295dbac3d53c83069b313ef15224b25580ae7b95b53dacfe9d040076d	e1f97936fd54327c4e4ff45f0866415eeb1656cba5791d7c6b4f975ff0f33df9	32	32
43a7cf74b5f257345c9e1ec7e7b88fc7e2b33848f353420b952c96b2d6035791	203bc07a15c658de257588ebe58408975ac7d43f0a78df9e71c6b9f5a6f0f2c4	f2cc5eaac774868208f971e4bc63b469456b12546e2ff7320c79267e4c90e4c2	64	64
43e0c2f7c4773c3d817a61b351f2febc93660de3e430d987cc9d305bf6ea6b5e	3042062a72fea59ee1079db8eacc9d57e95b85970b894f477148669338eebe22	8dc7b4628ef35edee2c46542a3bc9345166a8b814dc78f43cfd5a9d19c4373ba	64	64
43e1204cc6562c40004b79ed63a7576a8e9e66c63d1240a7abbff7432b64e22d	54651acffbecbeb8fbe341b4db768e18416498da49384dbcac837335c90f96b4	30304185a9977392e09d6113f376f0914eba7bde4d85dddb1756481f62daceea	40	32
43ec661bf67401965f4b51f9b08384d1d21221848e87da7a7c69b402b8c065c7	eb77fd57a5f42519ba156f701a68dbb47d548713849ddf8f738ee9d4e56bc424	b947044b42ed4f72ce318d458c9ca4a94aff8f55750e86cf1eff78a69b1eca2f	64	64
44019be7252226959ddc1d486870a54c92c4127feaeb03b63a3742a82ba68fb4	27a47f88c2b2c35a3072ccfd14028f058c7dc98cb5e141d6c43b9070c95dcb12	d721181c860bf3a6019f669b6bd95ad210ff107dd79e54b01f14cd4fb3b794e2	64	64
44027aa56d104b4a7e33bb9d3910f7b928db656de8212adcf4202ff2d7ecf973	a66b6e6d62c7e009821b115034232d352f5c1a4c4469298b80c9f592682f41ff	865b916a5d59139ece674ae71fa74794d21b635ac910b6744feeaccef6bd8203	64	64
440b037a7c065b3f8533e21a6c725ccc628b777c883e4dfbf3b6f5203c7a0943	e3f8265fb9f38636c12e72ae9a22aacfb15f461e9398fc02a534c74954d86ef1	b730a94e0d49b24428374dfa571fc3bafe010457f6e7a7d98714152f8805fa02	32	64
441a7c07944b3b82803398d0a8d74dfc54ae369d8abdaca94f40808756adeadc	2e8059917b1ed6de7eee86a725d46ad670c1267ecf8c7722b13d42bb18daa2d3	230547ad0fd8811306733c3ddc6bb3b720ca6f920c737bfe4eb9dbf7d69613f1	64	64
4422ea290fc49f37ab0c8bd84f6322d44d0cdcdcb9742ca36035b46ba59d7f15	7a08bb1bf281d02eee55554f692832442f843d6888e668b686a78d5082b7b488	b650dd8dc88028c59d65fb4b2de3fe56e0f98f6bec9eda7c04ebeb75bf08f766	64	64
442f016e926089d41f7ae3f202d9c4facc91a0d7110d8a254f30c96d93d1c381	f701eb8e82dfa5163b6cfac0993d1a7d950e3852e7a0e714b02e32a60fab3e23	fa5d03bd39eafe90768f98d09d48a7502dabd727deb4f94e22734671cbeb6b54	64	64
44318a608a48162dbf4c34ade8eabd879a903a111048ce696533e88d05fb13de	b8020dcc00f15d7bdd2093af65078b26ab93f69bd31ac9c0b603b59bd282db0f	13a6a37dc16c5c3f019670c5e89280bfc1f8c1d8c78a8b45064f613d4cc6df69	64	64
4434df8b518d64c99480c39dbc952424ea0853a7bdd5a301fd53afc852cc470a	cab771fd1f14bdc72137697286b99e051ab9eca4f089858b1bc55c9a89eeafd9	74ea5dfe9e1b41eaf99bae692a2536900ab4aa36e1cbdb77125101bfdc3ae633	64	64
443d90afc03405b89ee3201a741cd3098c455946c81979ede24932e83476fc73	49c7e8f111c4a36e2ae6f1d9d158cae80428b47b4a9b636e99b48e14e7812b36	2cbfb1e795d1ffe89dac7e3bc459c56539963694485f0c0366f2564840a9662b	64	64
443edc21faf01907d0b5c06abdd2f30c7de1d4f0c18dd82a5443823ca53cd528	624b9392878f83014c598b4a1967ac84c832a73f32765056489a7f72adde31b4	2e15a9decb328ab0f7a18adf5dca2cc8c4fc8ce78b3015370535a1121dccb63e	64	54
4445c4428cf9915d5c96f236538fa5fab5adc481dc7e2915b0b6c29f3eee3923	83c1d5bc7837ddc2aa1ebeeedaaa28139ddb17fbd1eee0212e58e1db08645ec2	db5c7bb895af72fda1576fce0d652ccc1dff0eaf285cdd8048d5486a9dd56eef	32	32
44544918954fb03dbe5b8bb24931d2ba3b0a540bf3c119934b899a5ee616cf59	c873a2604a39ad6376dcc09adcffab2c2b22d5ae672a5a468d67835ee1b87882	d6e5302b11841414762baa722c4f2586c9ed10a1cdd772ac81192a3234a1def1	64	64
44635e6b91f6bce4838ac2e769dd83a0959f610c97b0f2adba29dbc3b58706bb	9106f710b3b4190e9aabf80895d7842ec4cf364c2802788e1555120988ccb354	366da6be093ec14800fa900fa2492cfbe5e375d1b4d0302a92c04d560a72fee5	64	64
4481d26f27389215c374065bba2367165c306b26d45e36be4ae59eb81a2e1a41	2780dcec0df57dfad832809249c90355df036046c0ecb55eea9415a50ddc3626	6852f07b48786ecbcf90a42a607dce5272657d8e48a8b5c8350b0da3082db295	32	64
448670a77473cb22456ee7336d709b2bbd8117750a205d8c25c304157baa7775	e9e0a3297b045c9d248f4bccd45ef4ddc6a24ce157f349ff465177775efe28c4	de721bef72009af7f77beed1d882aa7c7753d95a52a57bcd9740c43b587fb1e5	32	32
44869ecaf2715cf1b8d1d3e2e75b92820897f46da37317270fe34ac40d720c35	0a8d6b0b66748364f5dc064f89fdac3fa1f503dc928902dc5a0b4579f278d130	99c429b4b2579f360e7eeb50a9ebd50e06b91e40c9c9eb0f28afd03ad608329d	64	32
449331e085dff5461fd0ae624b9a8329d5a2dd985a7779403f2b26ad2db71850	f0ed82470229bba7d6373782ac1ce233abab5816a3b36c9bffd07554f4767a88	89bda9099e43c1aa8f8de29a058ccdb123dec474cba440513ff95745d988b896	64	64
44b2de00660d5322e8539d1c66370b0d9fa67e260d0daa6ab5865914cfb16f7c	db94731f8092b28174a60eac0be0492d4bc7480307a4f514c4861ea713582811	19a1d901d5b04932a548cfbe764d78fbecaba9e67424796600590fba1c5aa734	64	64
44b82c8b182c7660dcc6761e28298e976ec4bb4221b19e7cb919b407018aecbc	9181c17e3ffe19f247d39911ff1b281d9887bfda180230b05d45d08aecf39eac	246eec25bb277191f08ebabcb49f530a5f04bfc57c3e5bc40d3bafd66b98cda8	64	64
44eb008f8abfddec4a6cb9d2efb0a38f44b3745ed59b9079731607e7240406e6	22e92b6f7f5ccd73391b5b147169a55c90581b69f508d93994e3a5f4e4f81f55	93be4cd630ff268b846dfbc15022a62590bfd449c55016c6ec894c1ce6879cf3	56	56
44f637f58f7d54b54f2b60f80826e9e8e2125243fd9f3b52686795e406b23824	8c518215012e6ef7c0c2d1349f682324bacc86a86d2bb8c08e43e452620e6fff	40c1b393a20c68d1f550b760daaf1196c63520f36dfa4aec705160db246a70c8	64	64
44fda0610f223b205ffdd98bab9ef131ea4ae18d7eef853147c69e97aa83666b	ffb66f5130e4fa03743ff1fd95835009237f53d2220053f9161b9eba2e6f1a1a	c949be0036a9780a8677a0517a885de1c1965d5e9aa3e2c6c1ec9ea240d36d92	64	64
4512117cf1c1c0d6848f4dbce7eb557ceb10287e366f687184bed9dbd737b1f1	0cc5ce51eb34d69b96cfeccf72b1491431e3f4f19f4558498bd0daa1c0b5ca76	1abce6d26c33385b72a9e8c639455946871dc8228249f0e9b7709b00dcae6cc6	64	24
451365f281ceefe0a9091542a4e98bcd501534a3a7db4a8c5f1334c2b4cd5a2e	55f6686e32c8940f52aa0007976da388f99840ad7f3b94b1a3d644b4f7c44a93	53edbce78bd5dd1bb0f0f058cacee308e3b4caee24ce2c5abdf00166634d904d	64	64
45271f21b0355ec20653cc7ad41067e92e6f0696d5ebe97efea705da717b8626	d837759fa4b225c9ae8ad16e9f452ecf95787816849c88897dd8ce29755d1772	11bb4b9e6e1f4e7d690dca8e057816f92d6eda171a761f970832021271d62a02	64	64
452f0d83616a7ee0f10ac7da086865e43ca3dddb440324f31641e6fd2dd47a5a	cab771fd1f14bdc72137697286b99e051ab9eca4f089858b1bc55c9a89eeafd9	74ea5dfe9e1b41eaf99bae692a2536900ab4aa36e1cbdb77125101bfdc3ae633	64	64
453c2e127acf015d11591878c11c3db509d9775746e4faf8b22f6f9a8fe01f9b	0568f9ab56a7f79fb33df808fe72606576bd8080eb46e30dffb4f7680beaab89	0e17d2492e6542c70d77b4f836c3c62598eca07b458d1b10a4ea97afd97de06d	64	48
453c7fcd6569901a3ee675f08751098cab140eaef5026f41426986531e81dc40	9f850f98625ac6b1c8a27c5fc260689c66a64727f172671bb9995debc3ed4914	f10bb80e9db1c5c66bb2661eaf90002924e3a5a930ac2ce751be4fba4c9cfdb6	32	32
45459d380ae0db6db00a8a25d3ab0240c7bfff5f56ed5653df95f0468a163dcf	e7b9c475fab3c5fda5c75a871338f7e55ca43ac4a306d37005edf1439f58b834	90a10dde4070b477d4e76e3210817b8a24f96a660337462d969403554dadcc56	64	64
454a8fc0e8326d95d32e6d69e16f49d3a9d0ec4f47da9da0faba129527942ced	187589a0ae86e3e18868b1b908203101acea2bcdbc0f6483efa672bb405441c8	519b4aa3a70f29dc2ca9639d38c1eafe8f7324ac08a37fdcdf226704b155dae2	64	64
454be58ecc179dccf646ae57fd2f43010d3bd256a92a681a5805bc9b1a87e003	c1b5b1d4bd42867b961e5ffb547b11a131b6e9d1d0c1e1f7694e7c721036b3b5	003809b2ba353d1d42d1ebba0c5479c6edf0e54a0f11035c5362730933738fcd	64	64
45601919cb04712e628178b49b64ce08bf31638144a57028dc9694645a57a1c9	43d3551307eed0f4f3db4aebf3b2336bbe9e87c66bce06c82d30a18b0a89610c	f453a6f9988a98e9b810ba69c79f148ed2f85e090ac1ebed1ebfa0afb97f75c8	56	64
456af7b353cb7858ae7a3ed0506f89dff083b6d6b02bcf208de2dbd3fbf8dc6a	445d8312affb2133e5878d197a3b0712fca5db13d06a1919c26a0370328bd817	8680ed85e880fdec1b368745ca59bfde3e6aeea574f0bc0e7d1f3661c7a1b65c	64	64
457c4b7dd6135b2873d9ec6a2b48ac3410f3f0227704cf9cf8c86f154ee9ba1a	e71e9abf4cb83a05f4ce938b20c5ad912e2c42b75dccca52c9fc7f4102743091	da5d4ab98e645ec4876d7298e6c5acfa5136d442b0c1105dd837fd7603fb83d7	64	64
457ce087f6b3b733e28cd8aa9a1b6a72d9afc8b17a95231c4207713cf36bb23d	b8eada978193a88f6544f8116091dc1bd6d8e70c7377772ed40263d2c344afc8	4afe5520c55bca1ff726d8b8edb19930ddfd171ccd03732460268599c5ecdec9	64	64
457f54d6be300f1790a5ed8ed9185ddedaa54aaa118fcbb0e28bc17acbadf2ea	337116892ef277e1f6e3f76a47e6c46ec322362d89957aa1d8e5b012ba55b2a5	a6f16da068577a30dabf6654124a494d8c62116e6ee49a900b1e096ab46c88a6	64	64
457f9c749b5caa651705ce383588406b2c5c9adec408ca6e1b00359588a3b811	f278f0f752322931457ee492d5941088788f0fee2d54a4d36b76f54f90e10ab1	f7e2910b6181f80c5a0e0287f4e3e93367245bb74fee6b1f47faef09b6adbe05	64	64
45883bec5306f009205744f462693a2ee2a1fd38d8b0e44f54efb681dbef70a4	b287c16b5d9471066866e2b640b00da8b5caf19fe1bd2f6a505a91db15f253c0	a72188c2669c9889452d60eeed5070915e7ca0d8ad547cb605c69e0887cb7db2	64	64
459cc374a90a1f137b1a2f4e65c8aece0294f09d109b8db2c27369d05a4cabc3	237e445dfca8db12ad6fa0a46fc39f2af2179dcbddd04b4361577929764f610c	c358854e9ec71e35794873c3673daf11968215c90c554894ecfd8b1c6a714f1c	32	32
45a0929d771b451666f262162012789dba7f64b8f1d018e6e655f58c7e51c5e8	78001ef3642bde10580a1b05ae87578fdc43406a3373d2af0afc098e53fccc88	033a721409c9d40066972012598c0ac87d25834ed796c182486f2b96a0f2577a	64	64
45a6ce1b70c460f75dc98f4fc065f29f989ad8d36d4b821d5d6651c851d36f37	36d921b44ca4f5fd88d372aa8b1f60bda408944b0851d39566c2bdfc5ffeb5d0	84ea5d428c3afcc80cca2ef8867bef10c53a7417c7a07670bf931158cd95b3ea	64	64
45a9a5fe81196806bf9289e153330dcba49415cb642d38807fe35217fdf46cf3	27a7a0eccf1ede19f6f6347a10abcac738178e8cc1cd9e0b07c3f844ee669178	2d51f40c27034ebd92d1e7897db3625968cb50ff3169f9f67d33995b7ea5752b	64	64
45c38a548b9e6543940f68c874170dd0040bae1e471dd25478743398071ce1d1	7e9f6c081c4290bb2956bdd50b4c7bbd9a098ad54d692c8ba3292ee987e52cea	62e0968c703df16920216251853476fe59d379815cc9ba6ceec9653dd74770ca	64	64
45d4112246cbcb043abe65cd045f7f52afc34488c8ccbc52df47a057b6c0508f	76652453e74ca985dfdc2fbe1d6701d10ccc976aab69ed5f3e1daab5a17f541c	1bff54df705ff02b2674282a7eeddce9a7f2db92a4fb2d3febd6a2c72a6c71e7	64	64
45d6c70df286ebbdb1d1b5aeacfdd81064433cbba5e840108d20a0a154bd11b4	61e2b705ad8081af8dfd948c35de70a7e0ccbd58779cec0a6ff27f986859f0bf	aafe4904a542d6e966bafe428100787cc3c88846ccfc92f4dc53fd451df9c02a	32	64
45e1ff59fff0047f48d6c531224785f2aff028229301b8529b8f386e743a6d72	75b6db26997073e809e4e43e10fbc75213d1841a979236678b383ebad6c867d2	5467822fc4d953620d4a04b7e30493d9e5f12356d6328a77ee540f4ca5ba76fc	64	64
46062597c74e6d2f7f806e00bfb8264a084f36ddf51fd21e5879234060b36bc8	d64700b3583001ee31767d861eba2a606a05b0a5e08b8c86e8662d0773fa1dfd	aae21f0b938ea1d6861e77aa2bb61897a9212f872a01e362e42579608f2950d0	64	64
4606b56216b4fcd8f48f28268f088f5b28e5267f35e1df7e176076fdc0db6800	4ba0a477add1cbc21d463c6d24b9c7c1b1e48a2fd506aefc9e3c3dc3e97b0a92	b96a50455eb60d72b748fbe06ecc985d89114a893c879b1f82e89414457317eb	64	64
4612a4a0e8f7e083cfcc4037de30ecb606512e82192afa4de45a7a2b1d92a8ec	db18c9947679627401b4a20048d816ef07a57f0f3d4904625765ebdbcad260b0	5684978eb5ca9d3206b5ed4a28c61bf918ee1dbfe6a6118601f5e44b6c5ea805	64	64
461a2b345e8843253be7ef6527a6629cd8832ca3a9349e837a5c15ae8033488f	0bc413037994589b65352de1a8d0391fe93bdf9f5e422ed2bf7ce60621029847	577f835f82568b4f4498008965da6e2a32dc70f742d25668bf378ad1bd73e581	64	64
46284a65495b0151d2b2fc50a6dd1f60f84c56adf31590d1084a2ac632a4b19d	363a49f982be0a3977286b96edbaee7ee591738fd355ae81fbbbae678f15b636	297ef80cd8bc34b48fef49b9a4aaec5a15db3e3759c7067a8a1d0eb92f961558	64	64
465e00649591611dd313dea33aafa1a8545b204ac41ea81b4c47ddd3b41138bd	46ed85548176aa2779637f807860e87c891afa03c97785b078bf198adda4e65b	c10b07f7ace981a3b9b450f5ea0338afa0d8f2a5f7bf514d4d89a4e6ce9412a4	64	64
466121b927ffc9ce158abf9aa11b503e72bf079fb4ddccad49052b770595808f	a1281d7938036b8273d0676383bc720600195f03b29cdc596f3ac0dac03e38af	20821d0b0634a51e9db73296dd87cd77f0e7585cfee65c46771b639b646bdbca	32	32
46678b893b7c0a5ae5e8dfcfc14b187777a1e02e73ce723a05949df5457f252b	edd7d1c41e2fb4b94d4e0f116e1f39cc1ee274c0d2169dbeb53c093c82c11000	0c63a6788187ff5e7da631f687b0f1f9827c6eb75222ed5ba4ac94482dc133da	64	64
46a35b905bbda565b31151a25d6999b1cda3ffa5975daa6767caaf9dfc3c7612	998e5b8b60e2fe83ab330681c2bd619f57b276aecdfe9defdaa9ac56af841292	ed6b9c9043c89d29a4e5d52fcd569d95f47f096c72e67440aa05048ffd45317d	64	64
46f8afe87c65c364d010407fd5a6053bd78b455bfe6c789bf89a80ab6dffa7a4	b33d6291a47564b89803e880191a30f88bd8783debe398a018aa957eb7297524	fa20f2266eda076d56b7f4a6735a6e3f17d94cce6a40a4986e0f167fad987ffc	64	64
470f68c8129d105d48163005a7661c2ed010431df7582154dd2863a2a57bac55	53a7f177657bfed378e8f224c4dd74bc5331232e4bf1d9b501625ed6107d9768	a1c653c190c857d7d9ab8d2668a1e245af8b6f0a95f1750a376953cb6fe1a397	32	32
471ecf70f300bde3d305edaa8ba7075cd590c86d0ba2e383268f1dc556a9972e	a7e50532a9cc9ef4e715cafee00362fc589df00eaf324e576893e81f33364f3a	d6abe33f5e6ce31462aa2ba8f0d3b263da07d18f9e2c9ff94e4b3418cfa408c4	64	64
472694f23769111fd2208ce03bee015281aeceb32af87be70a8570cd80a9cb8c	998e5b8b60e2fe83ab330681c2bd619f57b276aecdfe9defdaa9ac56af841292	ed6b9c9043c89d29a4e5d52fcd569d95f47f096c72e67440aa05048ffd45317d	64	64
473981e6903e85e036f4553992bf2586bd7d2f88896815a96db2687005726636	4e0c67c0e575574f78498b531ce846d2806bc1563476421e4fbdd37a68e30868	8e515723bd036f19ba3e742165f0df9290a912ef1b281bfe5d4db982cd67b4e5	64	64
473d86d0423237530c95e1cb6de335fb8e6a8a12a6075ac6c7b31c9f98b3997f	7cb4ba820ea92620aae5569c529c518a11628856d9aabdc45a181a0afadf141f	9a89fea14acfc875b2de1fdc8c5a3ca33fd338ab3bfdadc249f4f226e28d90da	64	64
47554f42c295e7e3a258423d82a5511c8250b1f0b1b4f4c27fc773a4d2a7e7e7	d2dabff10ed0e6acd70b9543d5b60a12f595ec3a30baf0f285454e58399a3b8f	fd157f3d636d9397c513c2d0915d8b25b1fc830e3e7fb434d2a9966c3bc78999	64	64
475e3391bc2db55f2540ca3c393bbd8e6ac8013fe476a609d0ddf07f4f97f3cf	b3be9b032c8c7b9666364c26aa04bc0cc8df135bf1dce4e9b2b6fc154d967431	1644715aa214ebc012b04a2cadfa08a19f1303e957932d2b6589e566a4838597	64	64
478802d3898007ba31736c31f1b99fbcf251faf3e88cfa5c327785b462a1f090	2d3b1650acade76ea98a3c24fe477760ae96b9f8bbffec1d9ee8d138a8dfdea1	b6ec5a3bfcc5334afdfb39b6320e89a4d704f835fc3ffaa093f41b32c43491d7	64	64
4790e1566c0d16964ad1f20b4e69e1db5d7025207b70156b228ea8850bdbf14e	8fe7a1d8c28cd49c9def4951973fda6fc09f8031cee87945a2dac83efe6b9f7b	d097afe821040e869226cf9147bca11bc6363fca055a8314f05284ddc8323ecb	32	32
4795bc3520283145561cd6ccc7f08b6e3035ce6ab60fe63f72d1fc05f408b4d5	461c0bf48b2764ddef7581b85abca8fa1ca8fc0758acd5ff5c52b1a08542352f	454b0904da9205799ce755253333f717c1458daf23d6a2a9f704a2ad62899d46	64	64
47a13d977763649c4c372e9e83d6828853d3bda4dfa95e94b7b7f18f0d4d930a	cab771fd1f14bdc72137697286b99e051ab9eca4f089858b1bc55c9a89eeafd9	74ea5dfe9e1b41eaf99bae692a2536900ab4aa36e1cbdb77125101bfdc3ae633	64	64
47a9a037f26a38a5d890550fb974f77724107dcfb84e232cd9679cabb6d0819c	a209425befc24f9753ce07b33308687e7b07c9253b57f06b1e8b12feb985e588	7a45b082dd0b55a33affdaeca833a8e9e7adae1b2769d730dbc7f6d58e225d2d	64	64
47dbb97da1eb18a692e529376c26041b6ff4f0f041d432469273661dd4407187	7d278f5a2a50e437e70f408b126763540b1414c0700d48bf767c20a921c3228b	efb21db831f91cc3698a3c511ed29360c781eb1c13c27c2c8623c5aa51f01369	64	64
47dd2ac2f308f568427e57c839efcd42f123914af39194006943c65004b587eb	ea26d38f233c3e122b9dc493bb912c3c33d32877de917f475cdf5ce6aee045dd	97209d1dbe069422318807283aa7a5e4d848d80c8c83f866277c2f7850bf6fad	64	64
47ec6760ed79f0a4aa4a4468476508c70ad3cc614df70997843a1b5f0d3d9ea3	20eb9ee3e6d32dbe9519b7ef381f7d33e8bff16030c72994358424ccb5268839	afca1e23926e633f1518ca8523461e24ed38cefcaf35cfc5870c80637063c197	32	36
47fe51656670e36053f29f5d1c3ebe27de3bf402791127d25185ef4dc0987d04	dd5918ff582f8b83503b18c0a91923b557d968d6b44e941b3f2f543bfbfc7963	5c5a3c56cdbd14709d21b98a26cc839b640265797cf9ca2c44bd86e726fcbe6b	64	64
481485e2d7e24f299cf653734698c4527138b0ac810bd3c176be37dfcb47df0a	452a438fcdd762ecf590696bcc630c7d009d4f8e52255d7771596dd6219ea396	eacc17ea0421aaa2e7f733e3e918dcf01c5cd39463d4fe50f98490702b35381d	40	40
48365aa6da4287e0a749b4743bcba18d9c5ba79626ed028ff603914b6affd4eb	76652453e74ca985dfdc2fbe1d6701d10ccc976aab69ed5f3e1daab5a17f541c	1bff54df705ff02b2674282a7eeddce9a7f2db92a4fb2d3febd6a2c72a6c71e7	64	64
4848ac0e639b96a72631aa0b4f207d610486554624d40d317cc77b95f313955d	17e10919319258484d14b43f86c4b01449abeb3754ebdaf062631a1804ada777	f212cf983cb73b2adb80467fa2f2efc631e632105b8c34cb52a1bcbb20224337	64	64
4858feda0a22602f53e0435467cc9d2a4836aa59d398ad98c16da643a6a4c78e	97f76078da06372be427ab591f4d9cc1435b8a314c18a5d62dad40b788f6cdce	a6fc601e84c4332402e2e7377f72e622ee16d98a7d4d97ed9145e28450b838a2	64	64
4868ab0cddc9df75e016e70e38b1d679093a3eb6103ae58fad88434d070cafaa	9c7ebeee2ec9adc731d7696f29381f7e376704a4219fe28a686f5d33a73014b9	18de03f23562ea2a714fca36fffd6b473ace4e45f09105563880cf85e07f923a	64	64
4876917ffd25c428a42f8bb429afd482858abdf2a0b4e73d5103f9a4fdf5377d	262852198350971c98d901d80a38983dc5f92e1f1a636537081c0e551629e0fe	fbf4f8f5c49c4f6853ef732256482bd03276d7398aa9d015e256607f769844c7	64	64
488cd226d6b258914382b81c173be078746bd3b1c84f03b493a7b4f0720581b4	d5dc793e16cb86b33b92490d1315ccf0671f4dc2d45ab4bfe39ee0a6109f3040	1645e099d3928226127eed54d001b242a4cb57465081f08efdd288ae050f9db1	64	64
488e5472465690137cb0d83ea63b560254ffa1556eb81fde36eda5271a07cf73	96bd44de1ae8de13f206025b84a380fc38e7bdd3e35908e9ce5a9267e4dd2964	be8a27f811dec761e4818dff6c72629c8898c65386fa0f69a754916556bbd01a	64	64
489071f11246c7a907bef8b73b2ccc33c136e05ccde1fefab393db1e5db61412	e4f0a9b115f61a8c5351972f936f58c7a00dcbce79906f0c355a23472714a585	1be1845b161acc01c5819ae66244433a3f142cc1606a79986526b8ba8ad03858	248	80
48a2218fb54abf469660ab4d7feda6cb3e840b453fa49a19cb3d2496998ec833	663b94d8bc2f400270dc28ddcf298791878f50b372a46ce116255f8584eb2fbd	eac45f964673473f56fcd62d36d8fabe06361836c5e8bbdc539f9505349055dd	64	28
48b9c7e79ed82ac57c4963d25c2a0a68aba7655125f48f54f938b2ef5d3d29e7	b55ddbfd4e8e4b4f097a912d8af0f8ba2c452d19246b8598c6f880670b0a87f8	7d01986d3c8c20614cf2890db2683f6b582b920fcc14c8bdfad179262cc348c3	256	256
48cd3e19a027f783dff88e75037c918a70a689271ceca4554c238a66cec2adb0	852b8f2b624e247da7cfd8f576d49c91f0f37d047fed5c9447ac034dc16646c6	7367b726c58327e79a8bd5ac3d7d8a5cbf32632ef09b3fc10d130d147877cf7b	64	64
48d0606b716bb961244c89ff6ba567047a232a4c459b210e59b4876835edb61a	c6a080eea00d28eccc4ed36f5d7d7e53d96ebda76026061af3e4f58dbe363706	cee3d466ef1659de5ff30a17c12230fb1a6dca4e74eca09ab4aabaeb8e5c43d8	64	64
48d4ee4147a408d69739cc4e14d61677163c84d770244b5473ea161c88893184	f7a46ad0f6ef727153bfe05398d367f8b82f30259ddffc5cd66b976371fdad23	59842ae587c18379a74b2d025e5206b6dcb8faed12e30c5354ff5374f86b92b3	64	64
48e92420153f87a4f440682956553c870efdd7111d86930a78608694f775a38d	a63f39560ef79948bdc690e5ec7dcac7a3867ca348a3d94dcdc7e640613c63bb	2bb020c8a019af1538b5356b24f00bc4d4b794d08ebb67b862031ef055d72dcc	64	64
48ed6afd97cf0fea677850ba3258fcff63005a7fe4eeced40f055887a174df3e	657450c24a259b28f1e71119f317239d94d0e8786a4bebaa443ab9b061c8c89c	9e2f55cf70974b9d1d19c072e0cff7978b5e0703c47e47d5765ba0fcfaf632ad	64	64
48f4003a62fcad45bbbd0cc153770d14b9a72b72bb9d18ce0ef0627d112eeb65	431e0a2d52a87d8bc0326e558dc7f87161299b8ececd79b27af714e5b8377560	16ce68e70013dcb0c67b8d6796b467819b6cb36cc1f5a16755de2f5a0f9f8270	40	60
491042fa764731aae73397fe2bbe77fd3d3494845cc15d4616c7117c90b3f403	c33634bf4733e5260bfcdac20d73a9c00b4cd7ba6b8a6059beaba6a1d0e06992	c844d67d90e207668598fbcb0ab6b897ccaff32b9ccc929b7d6aef76e56c4a5c	64	64
4912316a8ccfb165c13ff691946f14705a043064be264f9a2657a53e16af3186	ec4f687b8584d076793830ebf205c2b21c0631f2d50fade2bc7b5e27fafb5424	e44e152c131b771daa2792b8a3ee41c51864905772c4a496ffce971df1ec7dd6	64	64
492468a2cfb276bab7594a8a52a4d7ad5b3d15dcd8da5c68483a1d1c7d5f8a90	ac8ed41f35da795097352c7b45c70049dc959c8820a233ab2824a920856ba780	151bfcd45c93363766f8952eef328fe1d0a239cf0a86fabc49d7d586649d587e	64	64
492c6b9d38d2813cbd8fd759fc28b9fbefee4416cb7c8f5419eb16cf6b9c7e53	22e92b6f7f5ccd73391b5b147169a55c90581b69f508d93994e3a5f4e4f81f55	93be4cd630ff268b846dfbc15022a62590bfd449c55016c6ec894c1ce6879cf3	56	56
493283e87ad4580609d60ba1cf4c62f529629652cf68588304dfab5681bda384	05a73f07af54c74bcc8becc87ab304ed4a1155da9e383b18d41f5a7882a14a77	13cd2762cda4d64bda1b370168c447331f2bb989b4d68792803846b776951582	64	64
4933b349c29a78fbf5fe55b4509b7dfe8ff729339109b12a8dad3a7ba1a5397a	94c9865bcc4d29c0edf915da59d8c5c106cbca184e210e724663d18463aba3be	caa434775a79128fdf971201280e5f028dda6a78fc207bb2c57de279d656b0c3	64	64
493fdd87a0da7a4159c5666b6af270ce566eeb5cff4c1154adc5e4eda5283e5e	289e4e15c94cf3475b336d26ba5d49d3b69dafcc03382656559c989a0b16e92d	940c9fefacc976c6c80f6cdf3335611ebf3db657c5531e741a2aefa858a269b3	64	64
49468133494557380b33de72ecb94676e8aae4e71fe754dbfa7afb377e3fdea9	0952ae6a008767758dabd97292ffbc9399e8960fba950519366ce714031d771d	338f927c3ec0ef7490ea3203a2be95aa42e71ec96fd42d326896469f42c56d72	64	64
495ec72fca1a89f0d3e3e6d1afc6cb41d0017d3328d9082f009a1cc8f969ec8e	f7c539ccf27bf26f981ced80bc55eaed78ddf84be8dbcc568988cd02ffb10caf	474815b5d25fcadf0cbd9d55a9e75d4d0dc3de1b909429d263da6f2e3cbe889e	64	64
49641c57faa0ca8263442d161721f0b08d1f060b8e55f06c559cf7829e758ef9	07138e8c11d19fd9a0fcb5593025db2035200e6bf61577b84bc683408001d6f4	8f20d514d2dbb2cd39a0b595e704f66ac54061353110140fc3fe3651a1c84250	64	64
496f5127457cede12ba0444734bb0a532ec7f7da78dc8167a78a4fdb2939e363	c0c553422cda2d4041891fdcc4713a8bbf53400a39b4cb3fe375f882eec6e125	a2b6edca8fe6c3f335ae6c55add8ab977d31afa87b73df11a4f700d6f87ea255	32	64
497a94197fa698018cd43aefae9f887688e83e49c65b78efd9c10ef865beed25	6005904d0787626279dee2a36daf548974343f804f0aa78e50484e2bafa9d6fb	0ddc5b388828e738f0c498a604ee45f817d394921f0a072ede7ef6374d6089bb	64	64
497b42a64f10704a5b83e4b8bda3399a54a8dceed8e619d175d237e42d3f0e5e	083c1cee4c662db3e34b9868f6627d603d033d8c24633ab29dbb0ecc569f3b4a	cafdff970ea278f1fa08301a95a56a069dbadf6498a2411b5f5f54ad04961d4e	64	64
497d7708f73e62ab45544d0286916c04df106e570477ec56dc9906e6b53d04ea	aaeff969d678efcdb1b0a9802e66ab3db8765da94257ebe7092279f6d98eedb6	770e65cd69233ff29844f2e7dfbfdbb404bf02304f21ba7424bed5e4a0816825	64	64
497f26eb76837173fbc2b3fcc9ee2b2b62789b51e5b15792b5e6f24093ed8394	a83fa5cdf88d9f2c08b61543a64e009d975904fefaf286a61c131c1c3162a70f	3b5fae7e87160eefeafdc1c7476c106f05f97a99171c74f5990e51d90f94cd3e	64	64
4989630e532aa37f0f954f8dab6a591d6a05fbe70765bac42f1426ad21c8ac6b	6f8d8428afcae3adeef67a00776e55e759c41d711483959578c67217efbcf0bf	cd7da6f8e8909cbca5bc4f9d34f6a8a5542a045a9961eabbd544360e8237a8fb	64	64
49946026ea2f7c4192cd513f20bb991f7d39f589f5f950f1ba0048433fed99fc	74ca31345d941f51dd940171c6dbb63d66976a440a4dd68d67d5c02378f38ca7	ed2ae1e3043d5f936ecdd2fa8111bda59f8e1f422192008487618aa919c3a563	64	64
4996b6278f4e7a13c26373ad2d47d80c5ce89d780c62b9ac645e151b114ea57b	876838e81674ab7697de291df0123fba0cf90d098650d26b6027238384ff4f09	d9078d02e0d38df81c534712f1743a6ef1f4717a1028c668b31943fa130c6b1e	64	64
49a92963b411dcf74b0ab9f96968d0a18da0204edb264a4060e81ee8e21c34f0	e9ae63d96437012ed35e1c1ff2748cdf18af8802a6096664a6658991727fd3c5	b0572f3897628352f14bdb7c276ce0f40e79c3a38956e4347c2bd85137eb9a0f	256	256
49b282021b4bb6618577b17d29192753bddda1bb2118939a73f1149aa6c9b5d5	fe2c10ad2e5e0a40b51ba3d4a66f77af431f49c46272b367a929dc6b1f20fc98	22db6b36ae494f8ba1c8c661339d5c5f87f13482bd23c3e4e7c2ed69dbb1aaa8	64	64
49b45d5e1203ae3c08a7821abcfc24bc1335cc7f31f9d651fb06f723692ef582	3da28a3a6e78400af2a204047c2a285b423cbb94fe1c60684ab185473b4f2728	0f64ffcc75d1a7b38de8fe1b0175144a6b8f3b6e3fd6e46639e82d8dad4e5a53	64	64
4a141ceb4a1fc305064dc1617355a8559d314c06b04c2f96e399f0ad255ba624	9999aefbae3df515baadf9d99d3af53bb88ed47e97c31eadcb38211595208e7b	cc0dfe312d09083a545015e1130ded59f2cb07219c6fa208770e0d41bd11b312	64	64
4a2707d7054d9d96e0f51decd32f02b309d06a7f1ec5190fd2c5953e1f6b4b0e	dcb6f47b1123119afec348b4dcba06d8c6ac92dabbe3db303400e8d64a29e31c	1c51f35ec57f5e9cf85fe2eb85872543edc834fbf257e536979ced83ee03aaa4	64	64
4a47e70579e1acc678a52e6021bf84882e92aca3f79d1f9c9abd05d3bc5ac287	404466f98f02fff5370cba16862cb5fa7c8fb91f2320d868d1464315ab9f3cd6	2190482841bdf9016b33e90a91d939cf8417c44db975209de4a2a1bc6ec1bc05	32	64
4a494334679e6b873423974384909d1cd040267fcca7638abce4a53188a16d9a	7ff813fa05eb4d93ff3c97442d49621840bef906f431e850a6569466e219d7fa	6e7695e8a3f506b22d1ec6a207e94c07b703f48ab9e5c7d37fec29b8ea88598a	64	64
4a52612a433cf9b159ecf7afa6778b465b1d8e55ebcedf2c54cf3150f29badb4	596e03bc127c3f28e12801e8b40a81f68546c17e88e4b9640eef417db998f6be	e3b85f477238a3a879ac67f972f890430adb1cc6a46529bad5c7d09d7b53e155	64	64
4a5f08258afb0b364f08e052eda9acb33670bb21ad9758e776e4e1dab0d34f9c	e6f9320b318ebee4b5e3aab1595449b722e44936e711ae54e9e22b77269553e4	c68ba29a409d3bee8a3461124dd84c637be56a478232ea35ff9858d1446b5139	16	16
4a74b6db4f3c5d2e57ac5b16add9b45068feac9853a4ae9e530ed05cbe4dc965	224bf2e9ad3d9d5b534f3ecd920bf17393be7df550ee5d64dbbb1d2d829b7943	5d75f736a8a9d22aedd236afd2e50f4a5f90c6608e92198d1c52d72a86e5fa70	64	24
4a87a0a8154195342d696af62a0483357ab18ce4d3ef26ea843ea313f394cf58	0e9bde8e2190e4041dbda850963bcb44c63dddd8672990fab40321dbcd283308	0eab62f6427f55ec3535e1f5d4b3a350a9da835c1815d3cd6f8ad29598f95c25	64	64
4a91ffea635df010d1f0febd9094173f8f3ac482fbdfd247bf019e34764a412a	da64adfab4e66d9dcbea1e098439506a28a7bd23def6866bf525f795003c7fbe	3dcfb4c4da6061d87ae943eee4254341ad7c7a7161b1818ba860571adea3d30e	32	32
4ab43f5ee5a23825cd9620988df677e871bc264733dce54867e6e279abd35e7e	69296dcd2ca8924b35c9afe6bedebc7333a923a16ff3ad0216d50b8f8a46fde5	2a729a61f3941278ae94cfb3a83187607d5f211dbe39fd459b4d86fb6e2cd7df	32	32
4ad3a8f2c4162771a69b27483f4e33215e2899bd56ee18321313b5a2e24b0f74	46b4fb4b08805ec4415fdade177ff545557532c5235efec63e2f27f75d4095c2	228d578d579139254a2d6180692af56a6dea0f37dfba3e39d2743802dc7f649b	32	32
4b17a936812a8b85ae430478dd5dea5eba3ee330e8331e887794a2ea172fa9fd	56fa7ea6709102c5f2698d125b56fa7191f5191398bdf5f9813799b562676724	8a06adeb10e28b0c5beb3a5b1f8ccafc05c8da4ed38a46a81d21e32edeabec7e	32	32
4b1d22a4757629ed49d246d284735b7a8885999e7c0e2456b5bcaea16b9647f0	2a52aa150f9b61759be560c67c6dc4f2fd68c8a69e462aeb7bb48db473122818	428384da737d0dadd8e3fb3e26286241af3fb84bd45dcf971333d63b61211e16	56	48
4b233c749f8fff5f46ede9dede4bb2b66304872ee09c856944ba5ce9bab25bf6	a3d0b6d8fe397e273a3e9be7064948d809018b6c1364215b501c7e9d26d57636	d5eecfbb46519132699bf6e76ccbf509d5d562c4fb1ecea27db61d2fe34d8ce1	64	64
4b246b5c753cdf16f1b7c7207660af5dd00d2e9b582677edeee7b8c45851e2f5	106fe3b5527f66e7d032739b5fb791e8fa1e25771782e58e621cc6a3d5cdf417	90fc2c065488d2b6371a328f880820c7f95d9e6edc74b5f1fc4a31cb3f6f38ad	64	64
4b26168528d45fc6dc152c26fcf61ca1dc332efd371208522e0e3e6f9b19886b	7a2005c222554ff5ab0853b478efe3ba4e8928297577d17d1288485b29e46694	30dab46d5a8cd84afef56d7c3800ceec8bfa889e320b84092e317130650eb8a5	64	64
4b2be5a4f10b4d5fe25188a7d0f6022130f0355442412df472282f4f0a96ae4d	1d99d34ede11d8bd21c8e2b77004fd380eea6863c8b055f0e36168617548b9d6	ffd1fcc44583c6a1dd8388972c5e4e37454a1343e8447b9856c1231f7e94ceb4	64	64
4b47a5b4581ccc5ea79f30021e0e6af9adb7321fd0f90fba63e95fb9cfc7c144	c54bb46c92dcd37a2c14df21a59bec7aea23a60ba72cf07d6d8c9de497f61613	083746aa3da4caea89df89505399575eb63ffb1af64a141e5e96208baf455f69	64	64
4b54f166d7eb5cfb6af8cf39d76e0e7094dc24a673d7ae40076dd8b9f8244c2b	3a2dcad4bc83ee6ce39cc237537a8d5532f923bb926ce6526557c045963eb124	43d98f8a29a56d868705bac5b34618d2ae8b5b45aff7df2bfac44e1d58214350	64	64
4b56f0d0678cdaa62ae4faa0282ac3d1754bda317cf5fca449cce10fd7426b0f	77c5fe187e95e6e0ee3acae324aacb7189da9a262d690ededf88d3915a068719	30036c2d1d297af7b2ddbb96131a72a94e5ddb8f5bfc55668857d92be1a3e9c2	64	16
4b70dbe5e2f5394d021f904e4fbf87bec451fcc4648240d5e2f76a5db2a15a6b	a25940ee618aabbbbb721e9a7993a65494e068ebeb7e9051f01c30c326b42c06	96f0c0462c2552d51496c0ffbcba5a1f12612d8f2fc675c130906fb82612699b	16	8
4b7a6578c7bc45ba0a57656d48bdb950c0ebe8bd9ed022c9014cc2e97d333d27	9af151383e799c4811d955c7fa8452b28531f43cbcc22cc202782ce3ce9dadf7	11a422a01dc6b4b13adab9c174c515c3bd7c7d40d4e0aac76798720ef88178eb	64	64
4b7fb05ff25701f407281d9368868ab1fa5c6a7b886619587cbf9e8d026894f6	62c263e0dbe713e17b80438272890737ba7315475531a42b94ee9ff72e0f2287	8a6fdcc85431052163fa35ded5323ffc789b7a365ec79b84e0127d483fc01358	64	64
4b7fc8eada66a6c3b03fa8a47fb8b1feab9617478c81ea84442449947c2b4104	ea26d38f233c3e122b9dc493bb912c3c33d32877de917f475cdf5ce6aee045dd	97209d1dbe069422318807283aa7a5e4d848d80c8c83f866277c2f7850bf6fad	64	64
4b857bcb14847b52074f7b8d1d03b02c0a72a20e039928c293243e374545923d	124a2d1e3d1b4d63f6b79f89aebf405aed36d35b8cc75297ca0c1e95c161d36e	9f5977b6183e0f4f83d79d4107eb795ffd4d97b7395dde04dfd98662c830fd32	64	64
4b963d8a1c09a1d383ec81c0bcf390231dbd3b53ab8584212542e870924d40aa	68032329861219b6a153a55289f2490dcd095f7c48f6ece07379cffa3bd8ad03	0a4d57add12c33d0136c57474a2994274cd3c0dd9fcb73157f3c7566a2d610c9	64	64
4b9a8fd7b6ddb77f3762c20ab4a540f2981329f25c89ff0d917de1b1a3c6ead3	711f0d509f43ee9b589eb4e4a942ab8c3784ee6ecf551f005ce9e0bb07f5127d	b18ea10fd043c62dfe531291261c02998d62ace10a30e2103367bed0f0d7be94	64	64
4ba0b53cd61828995c55da536336de7da3d35e69eff57ebccfb5d9ac60b11a4d	cef0d0e01fdf1d1feab69b7c852887a7334b7ab00a94dd9cda34f1621a0b6187	463ec42d6e4ef459f8e17d239db98996b6547398d56fee6d0bd1b186ac50953a	64	64
4bac4ee904e15fb7111e71ee0b5cfa75f533cf9a1308da81dab23c95a1f13d49	4d08e4fec4c8891064ef1317c89ae744fc33d58f95373059683ce27030713784	18ebd9243f5b17cf82ca26f4a24d41e55960d449a4b9a91df5882bdeb9b347e5	32	32
4bc81e155caf9bb0980e3ec11ead1286ec13df65b16594da6a6fd73e36772905	998e5b8b60e2fe83ab330681c2bd619f57b276aecdfe9defdaa9ac56af841292	ed6b9c9043c89d29a4e5d52fcd569d95f47f096c72e67440aa05048ffd45317d	64	64
4bd1dac009c2b90690b03f1e9f9257d674fdf1f04b6a1b6ae68c880c7347a00c	a96c6b5c15539f962fc95c262e01049ca96ed7699ae09f669c58c7d0150c1dc4	ec6e1a59af78870ca7f5349003640ebadad0f0fab60e161dd2d3f7d46ed53197	64	9
4bd252126b8bf3e3792de2a11491c6490370c0252b9d29dfcdf9f45bad6374ef	1bf78bb0932c3b779185eb77f1392d9157ed4f21a507e42284f65cd7a398024d	a655653947c77efcf47dcaa04e206c1d21432140d5e7555c4af16b2b344abc65	48	48
4bdda6e9e3c0a7b293e14de8c01b8944288331b9c03ffb971bf75072c1ba17f5	cdc8de25533976f9e0fc254097c901727c608148e8ba81ed3562b8a4672c2cec	46c2375cf8a832f985fdf8e124e7ea2e19aa710d24131e7d653bf0562fd46b23	64	64
4bf384fffd8051c6f1d1ddd24945088080ada91c231feb608a506da98eb856d8	8cf3e4870314aaf256e5c24e9a7b5a4f05194e4504e1e97d371775f14db6634d	731dd18f5c5e2f8b99b85320476aa209894bebec266f31af478710a99c51fc1e	48	48
4bfc62a138ce94cd5335cb8c1a505dccb5e71094dac7a89823810d8186c79b8e	ed9f6fb97c8c90dc4bf56e939d53b8ce0d5adc79598013f4ede42b7441f3a745	826b6fc900d2ca870efbd342084ed1e65a3dbfe5480f239388831972733d1eac	64	64
4c358ebc39873562b00e1ff3d8f5219d9ff266d860189e563f7a84ffe6469535	b8eada978193a88f6544f8116091dc1bd6d8e70c7377772ed40263d2c344afc8	4afe5520c55bca1ff726d8b8edb19930ddfd171ccd03732460268599c5ecdec9	64	64
4c3b28a116dfdadd5954027306eda965d9b7ae1cf653a947cf3eb4e245aa6660	193738478ebd24db586e1b8ada44d00e76bccc89f9d951338aa0b7b7a95926d4	608822fa7500b56ec89a1c8c5062ccff768cd5ba624899a0b161c331edbafca8	64	64
4c4f1acd306a9c1e802db65dd1665736a93858e4fff2dfecd7b58687db1195b3	8b539bde44472d08e6c36bf35485d3d0bc87ede20b142e597feb5d3e4d1b4261	3b7de82c07c424339b91bc1b93111e6811bcee1114ff7cb193376cb79cefec6b	64	64
4c77788a327080b9109619da266eec6647318438d7a305c7845b006e267c67c8	f579fcc3a317e2f0735d609c9d7b1f1be1ccf674d9186c8c43cd9408ccb88a3e	9a37d6ba19b8d9bae79d1783be2e4ab0d52fa59a3026df31a6dc57fe7b8d7172	64	64
4c7b546115f835be1a10e9c601c1db3f38608673d7a7f3e24829874127e8518c	705ef2aaf801d0518b8be5d39f005b34eb2acd6db3a23f7d8703d23483f182f3	d653b54b2a2dc06391f49e29f4ac854d25044ef80c82d249f76778fd70c1f434	64	64
4c8161e6c7d68c83e7bdaed0c7cf0024494084b875b92a1e915157f161dfad79	2c118a8326e7c808d1fb267e7cb5d8662a88cb1ddbaa594041e9d3956f2cc023	5217feb34c53bb4d5cbd7216cda251732957bf15e5a9a9b970b9ece1ec0e3c63	64	64
4c8249383751d7af04cd0c113050035a879d90a60b508d1ef3ca3fa25a7561c8	6005904d0787626279dee2a36daf548974343f804f0aa78e50484e2bafa9d6fb	0ddc5b388828e738f0c498a604ee45f817d394921f0a072ede7ef6374d6089bb	64	64
4c825ae47437e91b349c9c0e4f27629350652bb3e32cd6585cdfe538111b8c7e	6dea69f0a759364eb291956fe98a33fbd213580aa8fe9c3d62e373107c612e11	a98f510c548d2f45659f994e1e00e3b90c7b2d710df27487ef69afaa18b75186	64	64
4c8b038012406fbe45b3dd64fb9bfea239990268710a72e41efae54594e7a330	3eba1f404958574b3408651746d5072fc057ef92f36eb8f489a6cf95e673720e	24a20f6d3bc2125930bac736e3dd47dc9b3d8b301ad9693bb50794cc4033a578	64	64
4c90b0d8d0690f7269e256481dcbd67b0653dd3195fadc1593a254f1972ccdef	a1281d7938036b8273d0676383bc720600195f03b29cdc596f3ac0dac03e38af	20821d0b0634a51e9db73296dd87cd77f0e7585cfee65c46771b639b646bdbca	32	32
4c93b3b2c8ad0bdd78863813ff4341a08ae5da6dbbba674fec864fca65bad94d	c1e2745e386fb9749cd717523bebf5dd9c35ae9131d4219c23cec5a2d553d28e	29d2f85e5938e5c4c9da2efae9db8eafb5501137994c4113754145812d7d4d28	64	64
4c97e769d95e17a2bb38162537767e43477e93ee44785c91c51ec840737f621d	c2bd2b75a6f86b410ffd317c35544c917aefebca2b00f5204b9be8fbf513ab2b	84ec444a2ae20fb8911a374bf2b6d5a5c247955227a5cf83b644a868ee2de995	64	64
4ca676fbd99c06803c344b846f2f06c1747b910d5c841a12f8e7ebcd14c3192a	87ae0ab6bef9f305a5daa37e5ce4967d73ba693104c6362bef85eb99160b7ba1	5388188d397fcdf9a36b94e3ac0b73ac4d88cde53921338d59aa5404fe7d0147	64	32
4cb1a0f967b83dc48532f7d5d51d4c3ee2528f5c8a606d6780908b460a34918c	c6ac7a9ff897211e4774e9817bac2a99130ae777ffb1d9407b4fcd8b55c68879	7f97e5afb6893bed82f84cb36574afa9bfafa9df4a8a84e9df9d2461a4825500	64	64
4cc4b02fe823cbf1cafe3f9974a8d333916983d64e19780660da459566e3e755	6116fb7090d3910fd93dc7ca78abadb92cdc0772519445c00836bd528269abc0	2ca4e6a4c13db7c7235ca2d9725ec532a68f933ec6fe95957726e8f64f0b882a	64	64
4ccec7d8debf46cab7ab492e3e746934dd1e7ed38b0816dfb9ec060295dce3f1	f42b13be622a455bf0ce8cbac8c585b4bef5d7cd2466e658b6a3585c89d767a0	ed07720ac213858bd56f6822a0d8ff570a03cda19d2d0ee3468e069ddac1e221	64	64
4cd385e67d79fee52e33c915e5d9b8a80b61e9f22ecf339f00761e44d81a0225	f7c539ccf27bf26f981ced80bc55eaed78ddf84be8dbcc568988cd02ffb10caf	474815b5d25fcadf0cbd9d55a9e75d4d0dc3de1b909429d263da6f2e3cbe889e	64	64
4ce0d8132bfe8f1d0a3c1a610da2ec8668b4b1306f103232a0808adf3d41785b	c8a4a40e8338ed21d37e56413855b1a149992f308ff47e90da95bdf388361124	73552245b4eccc948d5f3cb719aadb38d6015145dadff06575dfa96c383b5fb2	64	64
4d06ecef248a52f5b1f07d508ab0a774115b79266e5e3c685583fcb3e687e76b	8ed72e23b32c4d2156ee538e1b2a91ef3b430a4e11ae391fd808dd398584405c	66068cb917c7682a9c47450f037010ab9ec583af13d8f8699a9f9d092117da79	64	64
4d12d683da51d8b0da1b5f1b1a630f7d51b0d6f188e0eaccbb2b68db11555978	8b539bde44472d08e6c36bf35485d3d0bc87ede20b142e597feb5d3e4d1b4261	3b7de82c07c424339b91bc1b93111e6811bcee1114ff7cb193376cb79cefec6b	64	64
4d2947dd9ca515a55ea641d726faf7961a3b7ec3d3c951717c245f526b972831	18e4ed055d227f0c95562fb8cc42fa33f1f438525038a189a71252410b8b59a7	fcd0f84f2007974806727665b1891bc78b561629e8aa23c43e7629261b24b387	64	64
4d2bb13040299693673779ce2031a4d2fa3c88c2fb5087f1209eb089309e40ac	850113e5a85377286dca224262e7236a7c9cadc88a757c1b2759a58ba3e09321	fb6fa4e3600aaf8afeef5dabaeffc9ede2be8c02b40260375257b142ae0baa3d	64	32
4d67875addfcba4bc7817c709c5e061c1e16ccb3aa37caa6aaec43bb4b6e8dec	b502205b1396bc2552ddae5a8b2d0b29b194d7372c98420f453cc6dd25c22260	9cedb48a1ec48dd3faf734d939aae074565a484a038e543e35d9c9ca104c1a40	64	64
4d782d62c31622a4daba96c8a8b7f151a7dbfd59553d8005a979d44948ccefb0	a98db659c4f543d5df397de7817b96341dc9bd20165dead509139c719662e37a	1207352e08c386364c1fde092dd34c853eb6fde9e0b19ef9e63ddd0c8fe8b0b5	64	64
4d840463f17aa7aca746953c3e462ee045b6903e70e47cc9b068b6652032d7ed	9cffc539938b0e5e58cac37f727d1c5b79537af191f555f241915b965a386755	0cca84e82876c35683fc612ec419037cf4d79c00d139c8b6122053cfe24976cd	32	32
4d861205e2d4bbc9241d154cb8f2e374cde8f4a2342cfaff546dd8158f268550	96a9a0cac26a161a0279945c396dfa8ae7287f708f4399485199131a67a97b9a	0eb08f872ebaf9391889891ee6e17878adfa6a5792c56dca7e61a1d28f5f88e3	32	32
4d8942c3c81e92c7e1816bdd1203f98bc75da3e29309c7046e76dc04d2bdfb49	1d08039295dbac3d53c83069b313ef15224b25580ae7b95b53dacfe9d040076d	e1f97936fd54327c4e4ff45f0866415eeb1656cba5791d7c6b4f975ff0f33df9	32	32
4d8c96de2c4cddc87a395c9be0a7469ba28450e114b51f205c3b51d2c43f118d	c6fd316a03ccf0447b31e77b16da0df78b6a726fdabd171db182dea2766484b7	d5c8e068201b73ffbb560b079a36294183c654b2b72dae6a1d428720b90a1882	64	64
4d97f6a5bd5e6ca5ffa2c33bd24808f22352f6193b4ad401b8c8dd2f28c1bd25	2f4ce8165f79966f35a288c25ca7a15afb41b29ea9ecff65b5841b7b65a008cf	33e26cbf65df8050d7ef9821b92a873bfb83f2405a6b488f7a0ce5b31753a1e7	64	64
4d9ce083a84546a6185a9d4f974a926a76345646533141a3e1272546bdd8c4be	a3891f850032440a2b75bb9653f8f164d3b2b661e72ab164fc63161bc9e34987	9033fadef67a07b8d2937ca4ad9dc9045180d8d17bad9eb6bc047cf0596c86ba	64	64
4da4c0c5f87c04e601e66fca64e1b09db6a4b13317e6fc1fe42348d81bba9d90	6005904d0787626279dee2a36daf548974343f804f0aa78e50484e2bafa9d6fb	0ddc5b388828e738f0c498a604ee45f817d394921f0a072ede7ef6374d6089bb	64	64
4da675b7fc3f1ca077e8f18744c924fcd823694ede5e560dd0699a0ce1dc6f9b	76652453e74ca985dfdc2fbe1d6701d10ccc976aab69ed5f3e1daab5a17f541c	1bff54df705ff02b2674282a7eeddce9a7f2db92a4fb2d3febd6a2c72a6c71e7	64	64
4dad62b0281b74b4bd7f2ec8c0473548bbc24c3a29ef8903a58c3880d08b3e08	60b4f86677b08b0333d0aed2d6d84a2ba1953a38e8c4338ee44598e269747e2f	7ad2a077effe3eda09e06f7369f6e7890691d816ddb7c15fb2892e6d013cbbcc	64	64
4dbd64c915ed5522e114db5204567a0784d0d14956919cd96eeede82cdee809c	e71e9abf4cb83a05f4ce938b20c5ad912e2c42b75dccca52c9fc7f4102743091	da5d4ab98e645ec4876d7298e6c5acfa5136d442b0c1105dd837fd7603fb83d7	64	64
4dbfc58ea7d41686e88af14d6be9b0a0b918b1fe361bbc660c19365cedc526b3	187589a0ae86e3e18868b1b908203101acea2bcdbc0f6483efa672bb405441c8	519b4aa3a70f29dc2ca9639d38c1eafe8f7324ac08a37fdcdf226704b155dae2	64	64
4dc6b5a8de5b2fedadf5e41aa5e0dd9209e4bd517211513dae1a4ade6544f829	8d1e2aeb2e1b731b06a7f320b26bc48f09ec0df52be694e5226240c39338fd77	4c8d0fda79ae97d7853fa965453dcbcf5b0064a248a280ab5d0f66c7e591f252	64	64
4de3ed64f775911a61fe13bf05ab8e6468015af97e5dad53b712d6e37ed1ce02	0cc4c41d52cadd772012d943dbfeefb1f398737cd00107bc57e25819d73797c5	b4eefa1dd63be6577023af86bbdf33276c68971081c754087608f2c6384f1bdb	24	24
4de4134e8a69a97b046611d6c0be4295890b98e6c32a1f7bdfb136bd02a83d7a	27bcdbd6cdc3c225900050a82fe8fcbab091d1592bb87311db53b7848e54995b	b5d56fc9afc76c951536a5fb4ff0fa9c50340351c8ac0efd73198532de38b6de	64	64
4de94a0f0ae2548485313c40a00ab763f5d106523d4f1061144217368d111649	ac530e16a1d87830796a08ecaee136f6b871ee4fa535b3125352fadccefceee3	fa4b5adf7f8b5a103ab38c527b545ccd617a427d1778a5b0b68d191e07017afa	64	64
4de9e07fa0a34caa5ac050ad05a7bd72b31b7557d6a4f14b01c3134648ff5d0f	7bc38470e438313c823e768a76625650f5dbb9529811cba627d986d337df3d25	e2db022f98c7839815fdddd9bdbb9dd7c56046cc7ffaae042bd24191230f1c05	64	64
4df21cc0f5efb6556c0a8f60437012e230449805de6c8022f674816460388a59	cb40b71fa5a44632316d87e76232eaef73d483c5147555e28bb4b52493d07df4	485123e5a17233a664fe67877c56f0276fa23af29e7afa447fedce078ee832f1	64	64
4dfcf05e93c0d26ee06e7d411a587ca295a604fa5acd6f0eff71b9f338dfbe48	24f78c7e614434cee897d563a763ea2bec984438c9b3fdfa5c13f73b4363b125	e135d407cc955cd72b1549f245dfde9e9d21750957fc6d80f5df41ea1fb1003e	40	56
4e135fdbdcc355c2a589417c7ed63e8e331b16882b8b5f35ef39654625f58a2c	d7b649e96d604785f2aa39618452ddd4b08982017dc1cac83e83b835e8a0f274	11c8a4d238ebd35ed88f152f6a551dc7b0b11d2223d46ae5bf9dfa6f5bd7d648	64	64
4e1401e34c317af2003c50d2c692fac38733586c14928a558617f8b31d9d0777	240672ceea5514c2384f1b79d0300c98b25bbf0ed2fdec588e472e8411770a52	6881f4b9b147f4efcccb9e76e9b0c31bc54655cb489baa1e16e4a96a2b440fc6	32	32
4e2a5003b26da61974ad59bf6b2d5af34f4cd53adc30fd0349a26bb0d65a3bbf	0bc413037994589b65352de1a8d0391fe93bdf9f5e422ed2bf7ce60621029847	577f835f82568b4f4498008965da6e2a32dc70f742d25668bf378ad1bd73e581	64	64
4e33843bc4c84339221b11d6ea6926186b91a295be0534f9525e54a75bf57d95	7109f9d8854cbf636c03680f4cdb02881fb26736cfe81ea62658047743e47b10	347f19a36919e193eb362600aa3790ba49d213ad4686996ee0a2ae27921ea2ab	64	48
4e3b001d52f908b35ce230796cfc6e60e393ab8d5e5f723ea74b29098f3db243	53a7f177657bfed378e8f224c4dd74bc5331232e4bf1d9b501625ed6107d9768	a1c653c190c857d7d9ab8d2668a1e245af8b6f0a95f1750a376953cb6fe1a397	32	32
4e41667b2fab6e74eee2fb18695abec997d704833a7f5e04f5bdbe80a99103fb	b4cd19113feb6f834ec76675b21724ae5bb16081ab0bed60bf8af3da226ba63f	cfe7856f5ed2940687f2f9033d7ac77e817f85170df6737c1a9f8befd353c366	32	16
4e7227313ef7b9782c4a8b36d67b0b03ffeca324956bc69f71d1d29e7235d12c	4fe78294dc691e1c657fa7d957596497479280a08ace329cbab0efbfd89b4345	31c748a2e93fb2b30efab0d863db4c7efbdbde1f858dd4b60e59b0f4ffc67ddc	16	8
4e8d3de1a4b8ed8dd641f9e968dfd40d3e9d5321681aa89793237d90910f9ceb	ea26d38f233c3e122b9dc493bb912c3c33d32877de917f475cdf5ce6aee045dd	97209d1dbe069422318807283aa7a5e4d848d80c8c83f866277c2f7850bf6fad	64	64
4e917d32a21ac5ca7d93664c605053150155ff095ffe442c41529b838f527d62	0c2291934d3f08af7c4a181692795a55dff61dc369cb274ec2a85541fc511e63	47501f18695e65e512a3303e10472dda93c87ea978c94afd1515c5e03fda634b	64	64
4e9209d07253935cc882337bf61e71197d5c1b150f947aa0fb02db32be920489	ee9429b6613965f32da5c076327758c026b9df2a724afa2440e70a2e31e81e19	27be23f2f9bafad81d4e8fe8b1855dbc8d4ea2be98f73317a5c1a2f20519c6f8	32	32
4e9394e15e6451ab5f4a581aa5d8dfa4478df7d74847bdbcedc11b21f8bab699	4381df53e95df5b11b33cb5b80fa7bdd01816ae33a2a71d554a9aa5d93261e17	6d1a3170ebb6e1cc1b07e6c331ae45e80a768228b58f2eb32a2bfcd2a3ff440f	64	32
4e95badbb9df5fbf53767c685a318d3bca9df8ae0d3055a098137dda1cb2a9ed	720b6573b788bbb158203daaec23d679cac8ecd2851809c1240d94fc6975c90e	e04348b72c862f397074de2191e54dcbbea4aa3904e4acacb6fa504a0d8bdb79	64	64
4e993bfe471e9f47d79b677a4b5dd09e4ebf9864bddedf5a7be45efcc14a2b4c	f8130e3ae111fed4e2ad5424754cb073062a329c6ec402077bb4f6fa06715472	02dac45231e434f68228c7c66d5b6008ad45b88325fed5ced22b91973329aba3	40	16
4eb1791ef8150df2da4b6a9a377b74a6aa427417d2e61eb4ff1e4b7a0d60609b	27444f3e2ccd5b1279464e383a8f6c5ec3ed7128d7e660f29f4fbbe41e3d8f19	468a4d5823255b5994289812d5a7d30afaca5833cc50eb78dced6e8cafc9757d	64	64
4ebd903bd80dddc44242974dc48d10d95a0ffb44aaf952f9f42174bf922ac895	e32e26131fe665100507553c888122a8929595d32f48af196beeb3ed8f3a0941	0886bc6844155e2ac9c74f59a25c484540ab9ecafc6a72d2e9a69a78101ba696	64	64
4ec6a7530fc6956b4b7763a86563906a6131a4e24246504a9b0a336cd9899dfb	e7b9c475fab3c5fda5c75a871338f7e55ca43ac4a306d37005edf1439f58b834	90a10dde4070b477d4e76e3210817b8a24f96a660337462d969403554dadcc56	64	64
4edc5517232a8221eb1acfa2f612eb414f64d4a93827e37332a035c5f44bab8c	1995e2114ab1eee426ec37fe7b17ad61cc95ddd876682051ce077f2c8ab410a6	6d6e8c3696d0220a352c80aa28bcdda07dde110de15c54c484a58c9f19d42ddb	64	64
4ee9edb6095360df3920d134da22e50625f00b9f4818cc730050f6b32dd27887	59a0be0e6e673df79f8bd2d39a2b02bf9b688206a005f9ea7352a492357cdc19	171be6fc0cfd2ad196e3c06be7684ff1784ca30a09976fd162c80f294e4a7a40	64	64
4eedcd306a220e55449c035c06818d30594c78d09c189fb8b92696dab36966f6	0e9bde8e2190e4041dbda850963bcb44c63dddd8672990fab40321dbcd283308	0eab62f6427f55ec3535e1f5d4b3a350a9da835c1815d3cd6f8ad29598f95c25	64	64
4eeee75ec56239229a2d16920ee1a77834f297dedfb666b0fe7036b31bbfc134	fdb561a8e02f82e929983a59e8d8459d2d124120785e06fcd94b6d32ac0dd8c8	466aa8c63a1c19fc76f9e325c93944aff3929bb3a3cbc928931ffde0e6e15c8f	64	64
4f19b273257d1cb55372c9b1afc18b63d00ced659abf5ca2ad8d18744a1e92ec	78001ef3642bde10580a1b05ae87578fdc43406a3373d2af0afc098e53fccc88	033a721409c9d40066972012598c0ac87d25834ed796c182486f2b96a0f2577a	64	64
4f2980c923a4ec97279997502a48fe0390883db47ec17b0b0dbd5566cc9a766a	96a9a0cac26a161a0279945c396dfa8ae7287f708f4399485199131a67a97b9a	0eb08f872ebaf9391889891ee6e17878adfa6a5792c56dca7e61a1d28f5f88e3	32	32
4f2b915e265a8957d6e86c41182fa6ff6f198ec547f742c641b3b79ed034535c	76cda1ae032e14f1c0310650ab3511ac429ac4ecf2837857cd2a4fb7b71a96e0	5a8a0177098e76bd359f11a37f1b1b506db729679b8aa644893f47ca396e2b83	16	32
4f4279fa894d763023356313693348c17d080870959307d0b29d51edd606e4ec	47a3eaef01319c691291443ce79355cfee814a08f4995f293cf1cfbf20426770	3024d3218f7dcea017e876f600bcd3b7cb0794b5a4ae27e79dd19f2e2d079b7e	32	64
4f6c0475ff36fd8e7acdcf215fac31632fbfa0666b35a373fe2c334c568a50b6	22dbc22ee1d111eab9f8ef2f2642e138de2e5608db41edfbc34f9a80977a092d	a8957ef259872cdef937445ebf4a6edcaa26bfce3e63f6b736f649b93cfde047	64	64
4f732a21c46305ab271bbea74c30f7deaad24719d8ac21166d48677801dfa7bf	426b9c6d3b5001f6a6ff4a07a7fa3a76cc98dcf632bbd53e1b1501b6b55903f8	23aa7258eff0a752e298d26269aa1e8230b2c6917f9d10f9c76d96d444379963	64	48
4f7a31f2eaa6f1a204566f8d4eef5db4a05120b829005a8ea7a44ee5b0e116c9	22dbc22ee1d111eab9f8ef2f2642e138de2e5608db41edfbc34f9a80977a092d	a8957ef259872cdef937445ebf4a6edcaa26bfce3e63f6b736f649b93cfde047	64	64
4f7ee683edef394b3eae577277d3a9bbd6beaefa569aa3378b8e909895735ea0	53d3d99287511532f96d6a0297845da92800b26945ff13f25fece1536a5bed0f	27251ead03feeba471281ba85bd5bca799cc55d29ef098009a8b9f54afecd776	64	64
4f7f8630b59a78b9b488d84d70dd9ddf5f74483bd9891c2d73cbfb360e4ced0b	9e226b8c7b9becc6a97101e7844b758d31efbae153066a199a3ff0f066192d90	64d8e21665e4c054d2e5730efe01107cd839bfeada6ec1deaf196bae0c924398	64	64
4f8208d688550a555e101afea3f9638212229a955c5577fce7aff9bcfced0abf	05708e273cc2f279e570e22bb47b4662792ad411ef0f0cf8df43c84034a1ac69	0bfb1cbd149a9c899c0605c32554ef99afd984ef5d3190cbf68e33c9dc2e8873	64	64
4f8a31bab7a1cac1fb14c99590b825e4037a45f089e71c775a3f470b95e4d278	f2af664d75683ca0780f0dd4f0689bbf62ce9ef5bf4fcd3cd21388bc7523a9ef	228a0a6721b882003f70d27e3b8061989e14deee6fde2e4989dd610d238e70de	64	64
4fb65d1f27f5ce3a1bed1eb8f64e24d407819645964fff43cc0878015ec75801	c9e352719fc46392d36e99ceca3d76a48074b0e0b3349ff0199c35723cdf3507	b69b1c3ffbc0f7eee1bc07ae1aa244c831701ac21081222c24946a09133f97c9	64	64
4fc9d52100dd92aee2071184cfa213dc850fc84e3aaf38b7e2fcfe96c3784647	e7b9c475fab3c5fda5c75a871338f7e55ca43ac4a306d37005edf1439f58b834	90a10dde4070b477d4e76e3210817b8a24f96a660337462d969403554dadcc56	64	64
4fcd157bb9c9933b727e5e18c03b7bd842676a5ab286d261fc09708d80bb487c	e3c580a2ff9bd5ada4e0e770a507bb631f13d11f22c5da2422dd94a91502b8be	41a2c914a8542319865df9b49db5737781e8ce4c0ccc4f82ac9ac8fab3f8db09	64	64
4fd6630f973b31e7118eac92e08ca841ec853bcebd2da144fd35c71ecf4df480	1512516af9c9a7117a95dfb58d3690c5e3aeb5d088f28c5a576c9e0e64bb8950	403079655e4fc85c3b13448dd0c47859d0d2c9e294fefa7edcf6b615c0da76c9	32	64
4fde64c3fb3989ff3fb09a843588aadc10daa85b4f82ab57d817150fb5561c2f	dcc9db7947d372bd05de25406dae94e447e85d8e866133decb1863b2cc2ffd22	268a1f09dc9f44421e088d38b443358c364f3c245e239d8ca4748380dc827e95	64	64
4ff018715df9e28aa18d46d88cea2d7c1f2206e141e4ff04826b7767c0360d7c	b6688397b55145a64f2c570a56adf093e1b605a2e6c02d6ba7d5f5a286ef57f2	5c214df76a0b83aeec9ef6b3196bfd12999d87d019d0f3ff38a71518d99969ff	64	64
4ff8c3090691b9bac93cfee442c7d2ae2df9561bb1be368abd55a3f80e0bbdf2	fd1f99228802e0af9189b3eeaaa53c8da44a77cc34740f332ed7224578b07485	06914ead1bd93d0463086a9e78ee1c05e56b2ded3681470f73efd0d992a166d4	64	64
4ff8e0d05c8174cbfc07df561fc303a182a2ecf4af9782145e0d0bec952bd4c9	fbe8874a17a640db28ccd7570bf0995ab80877b38f38864ad678e3ef9f7844b8	685fcd248717bcd0158a904d974678b5a6dbe97665dd4866897f81317b521fc4	64	64
4fffa7569d5da295308a35b51e8e226387d3c3c7d9688eeb66541565c23a26ba	14ca3c4b8c032afdc23f5bf6f606839c2f0b833f71c81e78a29913fbbd897343	7732ce006666eaec84ee06e02dfbe2a353dcdbaaa1ae3ebfe205cc507795ac5b	64	64
5001d16c1ecb254822a67520cfb4f84a09960bbdfa989f7680f62017a50db04c	538e1636d6a3c22dabfa05da24a1ea6bdc7f7b946441f97aff65d2fbc0156ec7	d48a02072d6feb767c341b7598a6bfdadc6f5e7097c5d09e7cb2a4c236de1387	32	32
500d72631985a6db64ae5d501a52367fc81973ac2fbbdf1db7ab296f209ae487	1156b60f2666b18ce8d61dd06d36a4cb09420f23e21f4603e726edfe3d3e1e38	4f4555161c2687fe53099e07be9d2743b92e14d298e1bf1324428f941b55a22b	64	64
50103f59fbff4df2fdf1790206bbe713ff71f8f722088148e00ebdb66ec1a169	3756c5c8cc379ac31c72a187d05d40727e550a1239cb0684ee555115a48e2114	618cd5b8fd70236a5dc5de004d96ac2540e099a01a25e6bcd2a987c3001a3b83	64	64
5026d0bf6d32065ca39997a53b871b2a1814b5d4800da5aac7bc70e3111cce59	5e6d49dc06703136ca3ad29bf1faf812d0c61a138168e967655ce497156137e9	7c697014d8233be24f5084b026a789044c9c8542e08a0e331afea6e7805941e7	64	64
503a6acbf50d5d517c07d4188a4bfb3b578176b28bd1e4ba94d46cfe2474a93f	d133bb29316daf1cc2e48f8f4817f09af4f2c00724280f41a31210ea6c76383f	c995653440e72ae6b34fdeb86d806384e78d96e365708c14e8202f1ad6ed1f4e	64	64
503a7f506916f152864e51a453a86e8b8972793a8c37048f391b4a51a4f49356	40fba8ac9e5acbc91d7a0e4022c5666a3bcf13b79b267cc790a5bf07ebc16d6e	028228e66e847cd0514881593a2e0c836115c7fe84527512973ee6bcae637ca3	64	64
503b65b42bdc353341440cf0fea6a6ff23e2db95aafe7be157ae93193478a6dc	a88e96ba35406d10f6149fd5d2990c0e606a2b9189435afd8e7d10620bf27509	f049e1d99b36a17cc2e8f8e5db952bee0b4c2513888e1c2c6bc5fb366dc806bd	32	32
50424e1e72730af281299631562846c1fb78b1f786d02368511300db359843fb	b18fc65e65ebd388101bd90bb5f48a4f8c99c01f69f25739f04b76be0e351700	e80af6413b2c89a2f43d2dcb56e42d8a3d4f186280af53b9a6bbe02fc62b0fe6	64	64
504bd9913ef9a2d23266a91615aeef5beddf755d8fd36731103d39ab1ed82a4d	a88e96ba35406d10f6149fd5d2990c0e606a2b9189435afd8e7d10620bf27509	f049e1d99b36a17cc2e8f8e5db952bee0b4c2513888e1c2c6bc5fb366dc806bd	32	32
505374319115c2dab1a0d550b2ecd41726626e66824090bb5b5ef546b9dad37a	0b1a23f85f84dba1e401ff9575984b640b38522a67fd49d132c29ac5c9fcceff	0a1cb030e3b4a9131b50d17a627610e5b173ec0e719f3f3d3001a485b6918780	64	64
5055b974c4ed6ea0cf183d9db7fe664704c4cdaad2409d94722e76cf96e78cb3	d64700b3583001ee31767d861eba2a606a05b0a5e08b8c86e8662d0773fa1dfd	aae21f0b938ea1d6861e77aa2bb61897a9212f872a01e362e42579608f2950d0	64	64
505ff5666d7411989fe4704cf8e1e188b3fd41ea0c026f83c5c205bc606c371e	ff55ad3ec9a9c14be6993b7d6dbaa5b7e7c6a34ecb16e4103234e56640008e8d	344ec6a6b505586c3f8ec46f0d954f90b745822195f9a37526ce1d530eee3caa	64	64
50609cc52d225fd353a8fe8f161ee6910ec4a3e0ceaa0fdf2ad9f5366b746359	69296dcd2ca8924b35c9afe6bedebc7333a923a16ff3ad0216d50b8f8a46fde5	2a729a61f3941278ae94cfb3a83187607d5f211dbe39fd459b4d86fb6e2cd7df	32	32
5063f95e5f7e4401b27c9bfae98c39a7a3c0bcfde6909578904a633864c8d816	657450c24a259b28f1e71119f317239d94d0e8786a4bebaa443ab9b061c8c89c	9e2f55cf70974b9d1d19c072e0cff7978b5e0703c47e47d5765ba0fcfaf632ad	64	64
50664c09ef2df06e765143b29d27c0a986007c07df4b762abf73aaa65886a72b	eaa1ac2bad51a0dddb7d33b50432ee1627531e2f4f74a95109276ca861afab85	155d24d2aee375f561649972963761752f0f70cdd54470b1622cad306413d114	64	64
5072aecceb6a16f752a2c6aae4bbfaacc6ad8b645a7fb464812600b0c41f3ddf	35f65141bcb08c2a9e744afaa0e38b7def84fb90b4ab709628dd2b66648dfbd5	72cda4c93614315044650ab575a8ce3b7f612cc7a171efcba608fe1e04958f92	64	64
50872c20ece6c0381de4536ecbb72a5cbe99c69ef6e633df785d98204888b4f6	99d4cdb26dfbd98dfcaf8f38083982b702c0d28c2d7d3605c6cf02d895b5dd7b	15311595e171839a6daaf8583ab703d3c23c26aee5537147539c4123c4c4cb6e	32	64
508b6f84a73fc417ea6d97025ebb404f196903a84090d213b7a1b0e878907fda	ea26d38f233c3e122b9dc493bb912c3c33d32877de917f475cdf5ce6aee045dd	97209d1dbe069422318807283aa7a5e4d848d80c8c83f866277c2f7850bf6fad	64	64
508dee84a7fbd9b45d24bed3e435219c8c6d6377f7434576d4d729d06ee80b52	cf9532aa1f9efa7a5dab5640bab394d0e1d9716a949e03da0ddca902f3801c7d	3c0588821a71f13e6767026dde1b2d168a3701c6e3b0575b29b0235bc1980404	64	64
50a7575c1335747ae71c48408496a5f37a987f1bd43ad49f241cf105d9832a9f	c18946b062f28752fe07ed2472573c59aa404dfe11834e2b3106ca5a95b06c9a	dfa9f78534c639c69e29bd79962eb9cdeb9ed03f7c95d295fc43e1079632aaa4	64	64
50c4c570954aa766d0487956c227f6c50904cddeba930ecc403382d5f4418fc1	5c84f4c8711b1b5387bd30a7d264c45094d15ad4bf3c34e1f3d0b2e35a50c3c5	57d0b43996323babea8e95bf86ca96a45d59bd427fcc0ca0030ca8fbd1080e45	64	64
510ba7a671a9c23fabcd733a76d084bf01e83a234cc544a1d7675145c8006c4f	6b22a087de4fb21b5711808c0c204cc8f4c787324dfb77f1ac946d3c22e2993a	7fa5ee28cfcb3c76f3d74b9302b87db12f1c17ec40eeecf138667c8b8a45d4e5	64	64
510d82b900ccee506618e76821edb82c0a49d5c980db82cb1cb2f43c0664fb68	d37c7b468175226eb19c9ad52a8195035b44c3ae861902d1d787dea18a04c063	0770258dda7a7fc063da058a69507235bba382a086a3ec9af8a825d3c9b58583	64	64
5116828f6efa3918362684a438e7391ca9171745b80697f4610f9b2633e9296c	ab2d9d2fb3c82b60a3284becf4003cfdc762827210af0521a6b63289e96a9efd	28e88a868bf35b9739e059a4b142be0632828a92b43d1ab7a6199737f4bbf7da	64	64
51252943e70a55df0d35f74ce69a9a81a56663dac1e94c7061ef3067f6ee52c7	1c414befeac1035908d1833764503fd25ca6cd15128e8870ab1902c3146b3da3	e17c26369f7419054969f6e9bebe75975b94eac2760e07570b215f1e026f05cb	64	64
51472b194f468f080bf8a7faf10a661270b46b45b0ec947462ba4aa8b7a7c653	ff55ad3ec9a9c14be6993b7d6dbaa5b7e7c6a34ecb16e4103234e56640008e8d	344ec6a6b505586c3f8ec46f0d954f90b745822195f9a37526ce1d530eee3caa	64	64
5147dd18025e58cd12b965ab26f8c87f51cc702bbafff98bb6eed7167cd17623	fd3a88b1a49db34aa9a848f8d0733991f03fdfd9274712d3b8439a4c06500644	48f91d214ae4e071298e215ae2bbb1a3f1241e17ffdf0c4214af9406aad965ba	64	64
5148fca1b0c0d8a0d1376aab9cd52536c02df7eb7d5738b14f2214f15a129864	58a37d3fbc5c439f57374f7bb7c49fd59e58345392c96a6e52296c1475ef77d0	8031a29810543987a3f50a4ef8d29acaa989c944fa477970c9cfb68b451e3c90	64	32
517010e1abc2fdfe1502587a9e413fc42cd29266ea743074173ee255019c4e9f	876838e81674ab7697de291df0123fba0cf90d098650d26b6027238384ff4f09	d9078d02e0d38df81c534712f1743a6ef1f4717a1028c668b31943fa130c6b1e	64	64
517fec86f68fcb968a4e5b75ca45545766771d41c2fca144661c1b771db2f939	dadff1191c55d19f23daa9d9dbd82854c354e93ddc49cc168a6ae91ec7648509	7a3108a2ed6e03c3e63e61e3ee4a28f2f8fc59b64e52e7128faf7f8133f17eaa	64	64
5197efb24887cedc3a8dfb9801f6844e15f269bc3095a9088cae10a287857322	cf4abcc95d997603f5b83135546bec2e70d5b68fd83a6b9e8870f6b016f188b1	fede96866a33ca5d8eb0947c7377de7af2e02ed76c738c20fd7d19dd3b5cf96e	64	64
519d5399b98c6dccae136f1e7d5e4e0fdadf408a1fa6eb2238a16b2a8775c7de	dff5359cf75fe1e7458acf0a4d9a88290735313714e6293ac307228ef87170d0	8065ebf91e02c0f8781577b91ebe8957a87577aefceda0337e17b241c05cb013	64	64
51a7ee57698c2c9ae4178f7a1abf2b922bbd9fef1363554a3aa13ea701be1409	b7f5d8893d1f0288b548f929ef3c1eaeb52284e023a03ff76f992f7ece45e3cc	3e5d482bd1600a728e9ac3cac632bdc5a38fa88f47827c517bed0535d9922e72	64	64
51df14ade1028ceeda6f146e88f71e31da869e4124c8d6cd4f7c6a5d16e1a5fb	ad7d158d5b41ee9af8163bf15095962e0866a794b6e56cfa7b1ee5c6fca76e5f	bb4f56c875c7b20e22f6d073642c3345b570b0a56a5d5608abce5e08bd04b93b	24	24
51e29b5e0d64e96b72483581c4deef5ce87a3a45dd8c4473a566c39579967560	5e9084638c58969aac326b3479274b935a9fd0e0609cccdc07c43dd5651cda58	92fe5cbdf46a624a81c1443bf438cce0236b01acf7bc0544240153205d8a15bd	64	64
51e2bbcbace4ff08bd31e033cfdc90f0021d3d500850fd1cbedc50c1b0a23b0b	87a76d7e94867d7ace49814251f53f0f42fe3f7d98c41a4fe68b2adc9bff55f0	dcbd4a22c05dcf0d35398f5760b96441021c57ea781cc55a44bc2a595b6522f7	64	64
51f0ad238ddcd0be27ffe25bb8a782037c3b7f4f74052e394b8872cf42cf021f	a285f535b2c3b39288e9653689072e10f281fc023b077516fd29f4afb7dc5d00	182563df969d8e2103197c845e81f8a077eddad88d8044b428457132d141b68c	64	64
51f5ed28a25f918a86d6bee5e6d1f91b95233490ffc26c7e9ccfc0da8419bd73	0c2291934d3f08af7c4a181692795a55dff61dc369cb274ec2a85541fc511e63	47501f18695e65e512a3303e10472dda93c87ea978c94afd1515c5e03fda634b	64	64
51f67035ba897fc1a574f2ffea9c13ffbc908b36d5552c891d091fa73de24d2c	321c6cddfd05a4e6dd169a6b867bc03a615ca07c45d5f98cc6095704a06df22c	efc858e291abe1a344947de359ad8e71fb74aa72f022cffaaf0fed3e2e2ac6c7	64	64
52037b7003ebbf8f8113cd6ab0ff1d2366d5a54e46cc863c4e9f3aec694b45b6	3c206ebb407ffdb525f883dea3722bb42bf641daefc166697ce88bced9b9e686	417d4471f2629117c337244ca6599ac7cb8c3d0841081594e139503e4045bb55	64	64
5204cfe7364d6f1062ed0a73a765ba2a9f9cc5a4eb22c7960c9a5512555e66d8	e4b492252d9ee938c6fba61d95fa80feb3b262b8fec1acef0e3ffcc54a203f57	965eeee106ffdb1923802da3fdf563b83bae8f2aecfe53db10e6fdd1ed930158	32	32
5209eba537bfe629e596173b45527fdb6971558bc9f9b45938fdd44d6ae4c45c	eac74c362302a01923f712305aa4c951971e8fb3a4d2164351d2053365ad060d	61e7ad1fd823d7cf1f0883d39e3ab00edc4c5f71cfb68146f8c34b471c7bcba7	64	64
520ed8f4ccd488d2fff8736f2a616b71906adabea3fa5613b9e2b67ddd5ca03d	4749b35a2087a3f8c337a741b27dda5718afd8ea1d198bfd46747b34e14362fd	abd717cfa4fdd08e03199763a05615481591b91bda145527d0148a43f109a724	64	64
5210343343636d58d0ab049b67b0c13996d8aa96da17d76db3cda4202a115854	0a5fae3ddc4d50de80b76220536a352f42573e52e8b4f840c02412064832106e	c735e203dedbd2802c83c8e3742ab05b388c2ddc4636055b5ce3210a6cdf80a1	64	64
52158bb6be09e878021c7ae3456f03c17607c16c3d06c513340cc070835e8733	4eabc3ed9450bf68dac8f2320d7d276055808e404e6e9f876afb0d183efebe05	862b75136167b32daf3cb893bd0e56f41be975ec30c91ffe8e7cd5df3da344a9	64	64
52194591690134e16c8e2add08e8ee9a3672cacd5a2a1913b7f0ff95284e84ff	f9b446654910cb660a08e89fcd4ae83171e110da9b4bbd5a947e51420eced705	9a46ba7f1c2c0cf06557973da4909bef97a5d9e712e66e3982172ead9ccbe572	64	64
521aec872f776deae114ba5e83735320c3a488b72955570057ccfda20f66bb79	d777c2475d5b258496f68d05eaaf02c21da9b1f69b5b398ccfa2fdd0b14f2094	42606cfdaf81a5b0b540c2f21723fee1e3dee8564cb6e5f17c1349cb2928863d	64	64
5231137cbf99a08e17b0e2a72e80ec7eed0d3a8df1aca09802019b6ef7d52b9d	69c91f694add996f7868fcde0733542720b3947f62b01401ab5a9cf72cd7a009	da5d4ab98e645ec4876d7298e6c5acfa5136d442b0c1105dd837fd7603fb83d7	64	64
5244d0e126d9ab10e9fb4c238ed1279fb04dd2bc9e1d22868a8a2311afefd03c	703f72c79a97e21e2272b11335d7add9df3fe8b59d5977d4f06a10ca829cf6fd	539803305904dd5a18cc66370b1d99ff20b0c06fd562e9cecba6fe4cb2434e6d	64	64
524d82ce60500759800e7697e542042ab787d053260a063b7a3fedc3260ee0d6	ac62f0b82bb7de3dda41bc510296a0ef942449f95bd8058d12ba0c8e3217e851	b6d2e455844812fc3a471c0d7fcc7d795183d43ea0c8d28a47ad205fd110512e	32	32
5251e3095d1a532856a8d5937b57be14cc67e160032280c96add165f51d86812	e71e9abf4cb83a05f4ce938b20c5ad912e2c42b75dccca52c9fc7f4102743091	da5d4ab98e645ec4876d7298e6c5acfa5136d442b0c1105dd837fd7603fb83d7	64	64
5258fa358cd053f621ad4470bc43828789f34fcc18abd91649d2fd1f0f3858e6	083c1cee4c662db3e34b9868f6627d603d033d8c24633ab29dbb0ecc569f3b4a	cafdff970ea278f1fa08301a95a56a069dbadf6498a2411b5f5f54ad04961d4e	64	64
5260402cb0d13f75848035153b8c9d5cf3c81fc16c86cabceb6163199a264190	c8cf33f4d3a2fc2e7e379607978c371f6392d19e532b5682860987830a509730	f9d28c02357a38629bac6c6489a0e8b764fd1a37e77b57c904386c6122476a6c	64	64
5283d9aa3377a593e00d85de8bc26187f84ad643b32853ad768134401775082d	96b6702d60b4ae51a67b9f44c103d85bc21b216e937cfcc121680a946c7664dc	92e77b946d2f279f364ea2a447454e5cbfefd1e3b6715c4dc70167e5a0a0cb77	32	32
52869995c8e1744003e97aab95e5039095f95ec649b99012b4bf91af85ab5ca8	e02de9b858b4db57ff74b2b274a6f7cad3d66b29359f406684b23b3891692f4f	24592b4809e068752f5b5632b0055e7468be57188203aabe7536f03d665bdd0a	64	64
528ddb33bba8a9f965b7b78563f5e901559c86886e0118c1cbaeb1ef31a44d56	376961970abd714b147077dc96efa8821897af7161255280f7289557f04a8d1c	ddb2340e22687ee16c89928cb3d9fda3eec1e2b110111234666757a2658a007e	32	32
529d833efa509570799f888398806e362d64a02a8df49b31091d7568bc6097e8	521522c5f736a5415416c185fade1e941c197e64a729e40abeae3148f3eabb91	7adf2c6d801c47a6eaa3dee7d2b0129cba16d894931ad04a09573364f7b791b1	8	16
52aa2f64b624609192e85e1beab4127358b4c38d07ee9e9173602968191a1bcb	44a128544f1dded6ec4605406be707a2f2273c0c727b55ca0b6265d6b45f869d	6ec7946f4aacc818e883628d58ee3be8a2097cc773548212b3e8307e4bc369a1	24	40
52ac83d472851ef9b6591f56c8a482b3c101e6d32229c557220988c1e9d86ce5	69c91f694add996f7868fcde0733542720b3947f62b01401ab5a9cf72cd7a009	da5d4ab98e645ec4876d7298e6c5acfa5136d442b0c1105dd837fd7603fb83d7	64	64
52af27b891f99ec02bdf507cebc6f76ff5f0aa7046d5b32ca8daaa797edf559b	7e583aa1a5887ffa80067ad17faa6041a589a888e206683b6a7721aa202d75d3	bcc60a46445e503056b12fab355dd985f4d65fcf8686ffa4943369b5996b8188	64	64
52b895f44a3bf859dc621a2435e576f3a42bb6b434c1e08d6e899487b1aa4373	ee209e77eb47b2451910d3fa67356b90d5a288c11bfa7af48ebc38075b45b308	4cdaf7fe84aee0364355bd64ee8b83ab27f25d55ddfcc185b8add7dfb25be484	32	48
52cc97857ab1e3877dc30406a9dc8c693def0545e8c9ecd1378ba511eb266dcd	65d76ddd9d2eb345fc8a07a7f1aff346bcf6178386541a3350ea6c9f9561abd1	ce287308df89613a9aedf81ab2d42cee7d3e665a26757af6efdf13410b211e4f	32	32
52dba1dc92886d0fd322044b1e4ca5bfbef28278bc75b0708a8136682709f355	9106f710b3b4190e9aabf80895d7842ec4cf364c2802788e1555120988ccb354	366da6be093ec14800fa900fa2492cfbe5e375d1b4d0302a92c04d560a72fee5	64	64
52dc5b88528d8ee098e97ebf39a112faa41d44692e9d905a0486796e0ca3c2f6	34090edc081e72358d03c702003fbaadadf7acfd68bc38c764e7eca020599166	b284f81426a3ded5b7b15ee2f943e33a4acbb86ae6cb9cb6c823aca083fe5a34	64	64
52f4f93ec6d3fae9384a89bd158740cd41b304bebe5582680aaa03530b6c532e	90809ce2638802f4fd0536ed0a43635e705c889253c9b454d12c70468b89b2e1	14388874a8116867c941b9a32f52404934fedfca641b60433fe2f32cc7c9a0b8	64	32
53027d27f1904b82603cf2cdc4a8dd92319f675d78b3123a60c8395ee5b55cc5	595c302a753bd85d608d419df9794e15c322f8ef35486353d836074fbc6983df	6d07e37e6113b002014e808ac212b1edf12cfee1731465c801a838ba1092e116	64	64
532d3ea6ef8ae3204b71d016f4f71b58527b0e01cde2533f8cdfec42aae0459d	4470e4cabfcc7930bae8cd7b09cd8773a1c7aff98bbb8dd1773d227dde766103	85b2d4f05d77bb291558e1a5ac87f17c83dc2a131cb6652019ad63ff0bc14416	64	64
533637afd4052cfd2d3477d6a044800b8ce4e0378d43ef154dc116bb9ffb2820	6f8d8428afcae3adeef67a00776e55e759c41d711483959578c67217efbcf0bf	cd7da6f8e8909cbca5bc4f9d34f6a8a5542a045a9961eabbd544360e8237a8fb	64	64
53412305fa4765b4b7debc2ad3620bb0481af6449c174acc636c2184449ba429	96a9a0cac26a161a0279945c396dfa8ae7287f708f4399485199131a67a97b9a	0eb08f872ebaf9391889891ee6e17878adfa6a5792c56dca7e61a1d28f5f88e3	32	32
534c22ce68b48f0f241cb97d9345ca9fce6812c50bac7b30215b485f91e3a909	1e7e0fa8e79d00e8b8f317acdf6f66c2a6c3d8d1b53941d61e40c904d6f14c18	17073f0b948dbdd2edac30a2074e338bb6c26ef1f6b6107e3a025c0aaf9701f1	256	256
5354c174035ced63c7e63a36dec64fed06ae52382651277b33c60cc1fd1b21bf	cb7b1eacc075bb4d832b86fc1152d00eb3c9d534ad5bdf6a170bc1b4e7f04cd0	d874dcb20ffd4b66fe006b7ccb6cf03c9648876ab1607a49376e4a48a2d499cf	64	24
535b2bc3a36ac5e143721a0ef03c85004ffb50646acdda4459e4f1e4ccadb144	eb5fbaf23bcdc5b09bf43c33536ffc165f409e94011126117ef2e9b1247c548e	83baa3bbc73fe0b5436c8036989d5fac181604eb68b14d2dc20487ddd1943591	64	64
535ee40d44ce53b79a416eff7d71166ca4e4d7c59dbbe8737e3900146492aff5	415492a27ab94ba9d52bfc15f73c60019e5208345613f1d4469a2d17323a6045	882600de0bb996ca9920a766e9ee0e10b2b145965cf7556b0ae52364f6a26261	64	64
5388595cd621a6e5544c636f33782989977285259f3be4342cba9eb8f41084df	22dbc22ee1d111eab9f8ef2f2642e138de2e5608db41edfbc34f9a80977a092d	a8957ef259872cdef937445ebf4a6edcaa26bfce3e63f6b736f649b93cfde047	64	64
538c7cf8189878b0b03e14416e8b33820df91adcfdc4810c6e88f837305513a0	187589a0ae86e3e18868b1b908203101acea2bcdbc0f6483efa672bb405441c8	519b4aa3a70f29dc2ca9639d38c1eafe8f7324ac08a37fdcdf226704b155dae2	64	64
539f67cbc98cfd18c3bcebb5da28b04a8e49b8e431132986f0d34ff57a9f112d	10284f56e22e7b11254bab79b3ccd20bf7b9ad84369f4f70c7665ddd7a181f20	71233d25a0b62bdae5faf41261d5918f99d03a32567fc8f77c34c86e1c19be35	64	64
53b097d08ff1e596323f52cceff7f488edc7ceb4d6ab32f769923c84ca825134	e430c37e3b122755f501c881a06d4718cd32a5046824890294d0a40811b8891b	da069696f479c153121ae4695456693f575401fdecc4e5bf4ea07e7159a10312	64	64
53cbbfa7079d12b25ab8522fb3c1eba94aa25aaa080be60cc97430977d43f714	363d70047fd9297db01b170ee9f2e79b803a9f0f6d5e1b999797a7a6f4232948	05be916f345bb0d264954ab42ef6007d0ce07bc0947aba39313017be4e707c31	64	64
53ce4cce0eca98205067c0713acca7205b5bab7cca6f7202ef7d734fe9e3b365	4b6d2dbabb1d33e7a5922e86d570d4f540999cb41a6ffd0b40dbbcc85ef476e6	3e87f21fd8b844623f5cb9bd83642395e437bcee97399b151c03815287cea15f	64	64
53d13b557d860193143f9e7607fbd55e36a00c370cfa6fba8d6eb9bb288b9dd5	733d9c2708528240e10aa261b501a50bcc1dd000ded685a8b1ec665e4f7684d6	8db725e8d0c99692e3f987aa3ae6f8e0d15605bafe5b56144efaf8d5a6a9f3a6	56	64
53f2677a23a4def2c531b3388a5c723d99e2ab14661f9e7ef6b143c2a878dbd5	92dadb74fe3746ff71ea8027fc4cfb3c473b798fa93db28bb14e3daae54a7832	07a482ca3211a71bdd0f63c00d8eac618e41d54c801c45a29bf83f14a7fc52f0	64	64
53f51a3f9af12cc1ed3282b8b2c1a2fa5670b1269eb24b47b948bf1f41c0f49f	a88e96ba35406d10f6149fd5d2990c0e606a2b9189435afd8e7d10620bf27509	f049e1d99b36a17cc2e8f8e5db952bee0b4c2513888e1c2c6bc5fb366dc806bd	32	32
5402eaaa14667034829065a0460ad1e7942bf9a460f14102f59a307df30bf615	76652453e74ca985dfdc2fbe1d6701d10ccc976aab69ed5f3e1daab5a17f541c	1bff54df705ff02b2674282a7eeddce9a7f2db92a4fb2d3febd6a2c72a6c71e7	64	64
54190ce9fd51a71c69f0a0a8045d0294844c4771192f65b63be89de0c8c9f0c5	69c91f694add996f7868fcde0733542720b3947f62b01401ab5a9cf72cd7a009	da5d4ab98e645ec4876d7298e6c5acfa5136d442b0c1105dd837fd7603fb83d7	64	64
5462df01cb436921ca943268324ed699277898e414cc49bfca9fb957ae848f1c	6741cb265a248c479a0f6750d1bfc491a9ac385974d577942867ab1f13c53873	58c741a830e0e94e6b284be4cafa6558cf26ca03a56bb64f80f16733315f5fbd	32	32
546f4e08e24373774d7ac40852ae9427ae6ef1c0d11e1aee88912440619a35a7	bfb5a054fdd160e4f003cb583df685774f34c90ba9fd5e844f894f20f21a49b8	183b30a65bf60382c9ac55352049951b42d90673b5f0847eaa43c7055cf448ca	64	64
547a80ff7cd883eb2606e236ac1b2babc31d6dd854968a3b5ed6d6eece40a647	76652453e74ca985dfdc2fbe1d6701d10ccc976aab69ed5f3e1daab5a17f541c	1bff54df705ff02b2674282a7eeddce9a7f2db92a4fb2d3febd6a2c72a6c71e7	64	64
547dbb5a3a91807f039467ab3654ed835b7cb86631b316ba2740ddc826770d08	363a49f982be0a3977286b96edbaee7ee591738fd355ae81fbbbae678f15b636	297ef80cd8bc34b48fef49b9a4aaec5a15db3e3759c7067a8a1d0eb92f961558	64	64
5486784a59f41af646af91f7bbee0079f8888307055ad2a32aac21f1c3ccb45f	ec4f687b8584d076793830ebf205c2b21c0631f2d50fade2bc7b5e27fafb5424	e44e152c131b771daa2792b8a3ee41c51864905772c4a496ffce971df1ec7dd6	64	64
548cedf209ca10d065e0659a89f1e6b395f381252a4c77ae3d31abe0195e2dd9	c99bbe40460005eed4844e268b87f61fce02836ec945df7b2f8b744190c70bf1	f84e82c0023db97d0da17b4167e2ad4ce151de99ba4dcc257621783dcb74b1e4	32	32
54914099fb0b352f38f4ef9c3be842eb9c999bfb5f7d8ccd65ef9ef8c7f4363c	fd07fafa744c9a4647970112c6d45aa52c7a53adc3a9cba0041d8d2851822366	1b30618f82ed357315e89bb4b05c5e0b374c4b12ac09e31a72a0e807dd2e493a	32	24
54956b90168a50212d99dc1e43a7ba10f35b30fd644dcf8e6b55612d1967e953	a6c3363475b69b5fcbe52e073c5a79d22a02a593b231ee599576cdc785cfe2cb	8ceed71243535620afa647a2125318fc1eac0ce4df5ef28c366482710565a006	32	32
549e1858ea85834dc86df4e9264f47ead4a0321c182aef35ccf34a8f2236332f	1512516af9c9a7117a95dfb58d3690c5e3aeb5d088f28c5a576c9e0e64bb8950	403079655e4fc85c3b13448dd0c47859d0d2c9e294fefa7edcf6b615c0da76c9	32	64
54a504ba3e8035a783901330b72d534ab435df3c045b84b8617c68be56a58b87	7106841515d8e704f2e4019816d7c8ea28abacc6718ee8a20b02e8f53a7f548a	a0cc4b99f599b59b8bf3b697489f92947d885f4973b2c4c5fef22d51f2c29775	64	64
54bef0d620264e3365fb59db0e046d40ca761718c0032d222fe570acc84bf971	562b1e5910210a03195505548ad7d688461a47c35f17511b890360c4a301d77b	1e1bb6769f6f13b2491d24a339e6e9ce848986ecc35e8e65ad5e744db3f36873	32	32
54c66893baff7c8fcb65674ce9197f1c0db272000d6d29b33fc8808325c5fea9	a6690f81b79c53016a7271bdae5faaff75b7b951ec039ff1e4477fb05a6f6859	1ff58dd5d987de0da406e43a9c75847c35d979b2801d5bbe71990a8be3547888	64	64
54d796beead72a8845e45d15f0f96a1bb9f6d0e8b462e4d59a38e2145de42cec	ff55ad3ec9a9c14be6993b7d6dbaa5b7e7c6a34ecb16e4103234e56640008e8d	344ec6a6b505586c3f8ec46f0d954f90b745822195f9a37526ce1d530eee3caa	64	64
54e8d945728a52b5d98b9c62a66d702d203f9ed799bc95ee0c82973cc4f6fb47	2f961d3cc22e3d0c08a097aedc7b6b270eb07614d4f85a7cb87242c549b8e278	30a5faf4033e50a90a2878943dfcf4cc66c8feff3fe92c17dc8c7e7a30e9e845	16	16
54f41204a44ec0b820f487b676510d167e0b941408f0d16e9652262f480e6f37	30e825ad83d124e352bc4b7c2888412beb3c0884395bfa541e1627b3ed674147	c0211edf44e8fc5e36d20bc75952058912600c328340de0fb3880398ccc3c414	64	64
54f525ba9234ffad888f0e252772283282b68dba7fc587332051e839d99a3357	bb28bd96c7dcd271b7faa7cac768b99c8e0c5b270e67f2157fd0ac451665b534	47238b5516eabac37f1b586e97d40592b772f0a872ec5f4c7d2da91e9c587442	64	64
550561d6fb99423d61200b7c44adfd55e59d030a30ed287e198542aa7a885847	5cb3f692f724b9afb17c857829ded311117e4e4549a979c7a40bd4d26b9e4f14	d1bee3ccef88318e4b42fed20ec2704f4bddf90553a3316d023b28287fe36acc	48	64
550888f49f61621e77277e9c2513ac26b858ba015ba302d5bd19b9ce258a15d1	b287c16b5d9471066866e2b640b00da8b5caf19fe1bd2f6a505a91db15f253c0	a72188c2669c9889452d60eeed5070915e7ca0d8ad547cb605c69e0887cb7db2	64	64
5544d54d1d35b4d777b987f57aafaba83a0f651c821bec92fbc600aecb7b0a01	b8eada978193a88f6544f8116091dc1bd6d8e70c7377772ed40263d2c344afc8	4afe5520c55bca1ff726d8b8edb19930ddfd171ccd03732460268599c5ecdec9	64	64
55486b112fe2d5a51baf69f56fedaa41565c6085ab8a10a972230474763472c4	6ff37e7a227257a789e8368cdaffd31df927847e8a340214261de383d9ff66be	4c5d65bebbe8c21b10a3fb55f65d61e5d59be9fbb7ef49db5d3b7a6d7f6cea1f	64	64
554aca1075a13aed6e01aee003db80c9b5979102c7687be5be1c93b4444c154e	18e4ed055d227f0c95562fb8cc42fa33f1f438525038a189a71252410b8b59a7	fcd0f84f2007974806727665b1891bc78b561629e8aa23c43e7629261b24b387	64	64
555bc439d6aed85e367148170dcad3ccadab271783fdc2edc28527dd2983fc7d	0e9bde8e2190e4041dbda850963bcb44c63dddd8672990fab40321dbcd283308	0eab62f6427f55ec3535e1f5d4b3a350a9da835c1815d3cd6f8ad29598f95c25	64	64
5564392a77e20fba8e8721ea46232d9a0ab59c758ab5525853352fe52661a4aa	b287c16b5d9471066866e2b640b00da8b5caf19fe1bd2f6a505a91db15f253c0	a72188c2669c9889452d60eeed5070915e7ca0d8ad547cb605c69e0887cb7db2	64	64
556b83595edd67d401f5c2ada4f3b57dcd4c1dd75594904eda6b8c849ab94384	560fb20b2be7b8502b54eb758b09773f8412c0c0903fa15388aecefe7127a7dd	2901467c403c2488c63fbbb81dd015b801c04a6e6a4dbfca9a8e47b72b6da92d	16	32
5572a8820e2be8f1d6824542923280a5c82f177cdb359679844dbd12f18bacf4	b7f1bcee34199b6e85f4e7208be79d081d2dead8e4b8e51f06fedd1ea2568acb	ec8ccbce58552b35fbe31e09430c683f1b474dc54d5bb8894f3ae09793791a49	32	64
557579e6589d0af024e8be7f915ce55a6cdcad60f35ec06a39e2ba10fa564bd9	d8a39871b61d3bb9bff2eceee6df9a912278624da6346075bc1be9a0f8dd1545	314db6767a92c2d90b04df07454b489405a13abea593141c5270a622577413a2	64	64
558969798664279224e94a2d99435c66c099b49969a3bc5caa775c55851ae90a	69c91f694add996f7868fcde0733542720b3947f62b01401ab5a9cf72cd7a009	da5d4ab98e645ec4876d7298e6c5acfa5136d442b0c1105dd837fd7603fb83d7	64	64
558fd9bd3cd32f5117d3d2d049262b7763bfddc44e90cf84dd1b8ef644b19a9c	33bf0152e2ecb0e3cd178b9303d92c33e56d265d5cc73585641acbf289d7f4f4	1645e099d3928226127eed54d001b242a4cb57465081f08efdd288ae050f9db1	64	64
55977f9b0acaf4228a1705cfaf4aca92fb75e8a1bfd76f40eb8846dc7dc46ed1	6b94466f8ae035fe3018a3b1c7fa84b89613c30210b0b9c58b51f599bcd4e7ec	5c6935f9e5ce633d1d784681b3a2ab5a4be53849b0555c57e18ca20a97adc9e2	64	64
5598ab2e4e8f36f0fc9f6971403b191b3494619a2c12b7069a2e5e1615c29782	f0f5eb109e98ded622c888a6e8954319eb017b44df1fc959d30ba1b969d6198f	c20df83dd70c40c6ae3d956cca17bddf409f1289148200e4d0c7bdb4ab6cc035	64	64
55b06ee5fda80860f5ecf7f99341abb97f714b77b5ea935d186fd92c420f20e3	62d4f86300055e795af529937c53f492c7e4f0c7a06537b85374a82a40588bfd	43a10416c97a7abc102ec426164f0330125b9d2d466895b678c9759d558f0e05	64	48
55b939989c613bda1e710ff35415b71efb111dc1378231952f746c5477610221	efcb768d4f4cdda419e6cfaf7c00197cd30064d9bfaad32886e99cd30dca02b5	edb6356b885696ca6ecbdeaedc94380ea9dee4a446078734433527bf2c65d175	32	32
55e4ce1119b0e10b1117cd6586ec16e9d85051ec55b5ca388b7239c554055bc8	27a7a0eccf1ede19f6f6347a10abcac738178e8cc1cd9e0b07c3f844ee669178	2d51f40c27034ebd92d1e7897db3625968cb50ff3169f9f67d33995b7ea5752b	64	64
5606be7fe8ca85f22e86638b7ffe350d26dcc622e42633c8e2f1721bb1698428	c73a7ca5b269064706329af036cf5883cf688767adef5dcbbed7a4f65a1ed497	90c8ad86a7ca39407bbef301c60b441a39a4d1a12d9af22038e8bc58c50ca7a9	64	64
5611d4b2a983b68e5941227300d6e98fcea861ffd69ce9da508bea07516498d5	47a3eaef01319c691291443ce79355cfee814a08f4995f293cf1cfbf20426770	3024d3218f7dcea017e876f600bcd3b7cb0794b5a4ae27e79dd19f2e2d079b7e	32	64
561fcd05b1ff7533d9b51163ad04d8e91329a7f352e7918a11a066a0ebaf39dc	5c3ae934fe3afdc8b6fd001d55aced26b704fb22a9aed18150f51476bbe859c1	69c7b861432a0f2c6ba1b79dc1be5be5cd2719d9c6972c830ca5aab6cc434c0d	32	32
5626a8502dd35072d354fd74a937bc905f99837a5afbfd0fb40281739d9f410b	665822547716ac86c54e3019a06d57d4532d98897da8d025ba0647af4f8e00fb	0d229ef4f88e29364dae5adeae5dbefe3989359511a4b2e3a9311bd60dc301c2	64	64
5626ac58d82231875e25f7e1635732f5f04726af1ce908e0bac8d6c8c1f399ff	8c84c406bae29d76ee686639d7f8c8c6f213866f9b6504a35289c08db3d3a165	2d814d7698795587b41c29fcbd5493a39d41e1f15d05c337bd222cfb552f961e	32	64
56297ec39f64a7ff67aafdd46616fd7fd113491509b245f36f6067827052c3ac	bfbfd30cc2f766ee3e99e4a7047029b41161526185d22395bd90ffd1fb88db23	91a48c957cefa72ccf5ffa44cf9c027247a73199ed9d0f66a69fea6428098961	64	64
5629a684e40e56213742a3e8da9a2a4c4e62fc52a070be81daab8e8f4a604b20	c9e352719fc46392d36e99ceca3d76a48074b0e0b3349ff0199c35723cdf3507	b69b1c3ffbc0f7eee1bc07ae1aa244c831701ac21081222c24946a09133f97c9	64	64
5630b74ac297a366c107c17a5fd87e31ef08b7810720fd99a836fecd4033e6fd	fde55a3cc24368b98ddd157a83e0881e2ab94ad4e066ed87fea8def546fe06be	320f07e12ac60c3a537a279abafdc2e41e8f103548261ca8c10e5e601add847a	64	64
56559df77f71796a32decf4a6c4b45c696b64a1599d6d0761936031ed35f2940	5043ffbf6f4386e4590c4ebc7597cefd980b0e5a9286d8a9932734498f774dc7	2faf363d770958450972c811fe28e204cc33255b0fdab3f0986bd3585612ac80	64	64
566db50be91221f9fc641f733eeb3a08674e69cee831100a4356e5bc5fad3d15	84bb0948b4a49050ace8131fac92a4b947812bf2c2dae328a379a0d78e0fcb42	38b0ffcad70b43aa333751a3bc653c593603cba21acfbc60aca24da3618743e6	64	64
566de9b5a8cc36be5d77e0751fdacc33e184ba33bf6a647c9ec859eceea89ad7	72693f2a2441bfc24ce860413222402a7d22ac1f3ebad5b48fdd96bb25596ac3	d0f8e136602dfd80e2a4979b289562545572b63300b398ce83d32764e7e2440f	64	64
567bcca7cb3b5cda6fe3b13c2d19bb70f17b129cf2730631556f7fb17d1a6e95	8add65133a45965815c0655a71134511d7cdf5294422b4e18f7aad0897aa9241	7fb85796089a4166aa0487d99a2e1024f41957e9320f763014e7c78ae7bd33c2	64	64
567e98fbb1195ed37164eb2adb89f03292316edcfcde7bd3f54f7f20ac8db767	3428b8c057ad42362c01abb5feb13dc9f664359c860d6aec062c7fca146e42fb	df3b50a1bad782f5fc908a1255cf0bbb3b99a61d5a8c5f4e478ea18a3b7e34f0	64	64
5689f9465830699f0023aafc6bc72eb7775d9eee61fd7f34922bfa8504a59ac8	a0664937244729abc8282754dbe4b1c6bfc387c8b1b8dfe2b5de3e5da2252d73	d7742dfc60c0aeedd621eb8bbe9edfc5229ee979559813cf267bc810d550c7da	32	32
56926567184476e46e062c1f848f685dc16f58543abb3a7ee2ac5cfd9f8dee0f	d8c3b96c84c8c4f2b7cbfd4173ae17cfdacd47b19074270b07a53d44e11c4f25	f76c8363cea1d023d6326cf0f3c7e513788a0fc617c70e7d0d0aeb15de05c84f	48	48
56941b0e149da3f8f0ced06c67257da1d557c04a09c3a6bd057036725454ca2d	c5a50a40777dcd7195538e1991368bfdc91a5d1d1975fe793cb806636948f381	72058fb4a6302034fb7b114526fd179f5c1de07081d1d98a6507d698f1c437a1	64	64
56bf57f7610823dd5c6c157d90975acc83439f817e2e491a8001c35acb4c5d4d	697cbfda1a3feed4a48c9bffded7d759c504a5bf8d40adc336a1f03279dd793e	e0a600268e4e838cbb2d645ad9b64530a4ccac386ae25907aad6d9f68271b733	32	32
56c013d60abb10814160c2ea3b65502ff65206fc352741cc8b6e07ec5fa73eee	251914876b75fca193e72b698ffa8485fcbac1c4dd217387b1bf9ed66f73f98d	9562c42cc680b4f605daf1dd41b4b34b2fa6ccbf56ef72c1cc0ae7d66d3891c2	64	64
56cae4cbe920e2d396fdca939ee703d486299bdaefc029da3177b00f30618caf	a540906401d207ee33ba5d9fbc169e0c9af3e175c2fc07ddea8259c35377e0cb	0bd0b6ec8dda3a44201791c9b90ed0cc6e2e5705b42ad016b6a124baf32411b7	64	64
56d87f6f0a543cf5538ad0c81892d1d2585b1c2d3730f35e53149c0c1216823a	b0c3aa9157c3f4e2995eeb73ae2ca1a4fc53cd5da5399099f59d1da9f6b89700	7760e421d3d9378b8cb0e9c7ac3295f8a08aec5630e831703d570532eaf97b2f	32	32
56e6edb8e2c33ae523795947b00214868407100c82b7fdba2263d0eda52aebb2	feb92b792004437a2eda5b13233cdb64db06fc529a4103edce529dcc138e7c36	06a1be97b7fda0e64fd76cb962d1e9d5de295a2a6aa802002abd9b65dc82cf83	64	64
5706624760de9ec86278f1d463693312fad7ed1fdaea505bcca853cb76bf5887	0b19c4cf179508a1080a526537a8c6a877f336bf5b9e3551583b509f3fb12924	df7a51cb5492fb97688d9c8a5d9742eb3f86122cdb937e6aca03be8bd141736f	64	64
5722f8d7719c4e555b5c8808db7f3634fe53a78e40287bf89bc5ae3737df2155	478494458c244e6166788fcb2d745164b0ffee67454c5fac7624ab0ed68c60eb	c2507cb3960e254a744cb7ca4102b2b68c6670088d2845acc4dc9b7ba5028d40	16	8
5762e4c2cfca292134ff66fd2a411c9db60f96c5272755626a25dafdb65a02be	db18c9947679627401b4a20048d816ef07a57f0f3d4904625765ebdbcad260b0	5684978eb5ca9d3206b5ed4a28c61bf918ee1dbfe6a6118601f5e44b6c5ea805	64	64
5764fb3ae44578d2a73f601695acb7cd0bdd63161b90bee219148cd6bb93aa36	87d3aab0da87a0e5f21e80680c310eddf4a9a9d2b83880e85744fca1d62ad085	529e2f2929b25c280a685b71e9dc0fde4bbd7be67022429f36455416acacc23b	32	32
5771117b06f85fd4cbbe1c3d078d3254787b86c7df9db4fac38b7d5076e1c2b2	e23e3ee9672c910b5fb1bfccf1bc60a508108b38a91b7a9bb3a440c567810969	72b19e4356716ebd8063b474483cd22cb0f26ec6b3d809b816cc5dd42cdbe91c	64	64
578c6dfd835944e55a90c5d48a7d5d3f273b880273193a9e70ea6fb05b4f6d03	9c92bafc34bf8f8c923b6a41667ea0540f0745973567840492fc0a8892919a13	897a757aac3c3126527fd1740c7c4cc477c0ff04c814a620672ea35670252a98	64	64
5798b11fe4b57d5119d080a33f8e4547c40e31ef5a37dbcf78ffce7f509543ef	b96dbfb9bda0f5074c127fca1efe7fb7c1db4b68738a6c25783546db34f01100	b5fde607162fdf76192e8654ee65f4d4232ff5056b53b5322a00ff0170c414c7	64	64
57ae7e9ab6f1d4c7d5d88f2c29930a332c3eb028f1a9f7b28865fa41f18c20dc	7cb4ba820ea92620aae5569c529c518a11628856d9aabdc45a181a0afadf141f	9a89fea14acfc875b2de1fdc8c5a3ca33fd338ab3bfdadc249f4f226e28d90da	64	64
57c5cb1f0d881c83b49bad1893b566ffdcb94cbade20f603140de8a50490270b	8044885384fc311d14247aa531a3f6bc76cf479547d01c1ab1748df63ec393d6	5c5bf4182366839d1193c2f9705b060ee4997d5edcf8d20dfd2a82c5afa5d0d7	32	32
57d420c625d39c15c8ecf2e3804edb64f7bebcae1e2b764d558cf35595c1cba9	51ab70815f4add5edfcf57ca9ea2c90f9d357a77b3db9c88e9f024deacf6bcc4	695c3983406477da6c5bc777b4a71893038aece8e0ca70f99a523f7cae9ac719	64	64
57d7eb54eb77b7ae3116a8bf516f3c218a0c8352d7fe041ba5468100cfaabf6d	22dbc22ee1d111eab9f8ef2f2642e138de2e5608db41edfbc34f9a80977a092d	a8957ef259872cdef937445ebf4a6edcaa26bfce3e63f6b736f649b93cfde047	64	64
57daa0a75a54ccea707252b42a94ea3f7a2374e71803d9f05027d3fb0dd184c5	0b0641513c042dc86ec1c148608f39664a7f438c97ff4d8ad2227a402efb7fb0	d13ddb901876fbd296c31713845f8699102ee02a44b4c255f41c6b62bd95da8d	32	32
57dab9a8ff6aa7c16eb2d9436d7e2a71491988d5b55fd9d3270d40a9b662e91f	e71e9abf4cb83a05f4ce938b20c5ad912e2c42b75dccca52c9fc7f4102743091	da5d4ab98e645ec4876d7298e6c5acfa5136d442b0c1105dd837fd7603fb83d7	64	64
57e0ad5ec71e9b9e56f1ef0c03987c8f75d669545e334be41b469bc282bc809d	9f9e77b16d22aca1ed3504c128e30866aff758cfb670d927390c6057ea1155a9	e897b67baa0a0d0b24aa57491773702c5a5d6a1882e0a25ba52ae432f5b95572	64	64
57eb6bdf66afff5ec188d216e3d364fd4887f73529f10a66133ec35efb98f391	c772dc4887fa89b9bdc2f5fa86b26ebda901f3c0f1441a863fd5a019414b39ec	92095548222d56efac9eaf010214fcfaf392cdfc91b54bc2a3e73559161f4504	32	32
57f2ce43035055287222e35bedb5bd0d47c202d643d155043a0cab09871fc265	24f33a5af0a10a1b78cfc3d2503f24f3fdf7b077d21ec0464fb6bc8b15d8ce4c	d91b11add836398540f2d37fc0fc6ffa33f6b2a576e9c48f758ce02fdc9ef94a	32	32
57fb30d29084e42c8811c7ec0575820d97feafc62fccd94484bb43778c12467f	ff1f395c58851aa4279e559407909ad2ab891eeef7a640c476ce16bf25aa6a5f	5a05f6d415029d086fa4ccbbb76f16c571adfe8d0f6d0dc20d813d566e2a4469	32	32
5812b4f1936c54776d3f8c621d43de870995da55372d624e16b030fa821fdd20	33bf0152e2ecb0e3cd178b9303d92c33e56d265d5cc73585641acbf289d7f4f4	1645e099d3928226127eed54d001b242a4cb57465081f08efdd288ae050f9db1	64	64
5823f05897d594f2eb7d4162a86b265de68f4e1550a9946e31eccba3e1bf0d2e	b7e27daac34b650ca7629431c675177fce3a64ca3ec6fbeb4419d390766a62ea	3e6bfcaf3221ca1d0e38c255d4323976f50d3afc1582e6afa4e61767757b9b5b	64	16
582e7dce7790d7e1bf5d950ebcb1904efd1f4ef4d8b93a02b07853b9424c3cbc	404466f98f02fff5370cba16862cb5fa7c8fb91f2320d868d1464315ab9f3cd6	2190482841bdf9016b33e90a91d939cf8417c44db975209de4a2a1bc6ec1bc05	32	64
582ff026a3302b3d4ba9bd8135709e25f1098297bd43a8739b1ca4514c04af3b	ea24b8f67555e35e905c4c2f9791e0c609b79678432fc39734abdc8b1f633fa3	c678f2f60234f5c2290c25266e08110ef3eac860ebb532ea42972313a15cb656	64	64
584e7f77a3fc188d59c44e7f6cb8a19ab6a069705add4504bdfae4d8673995f8	f66c373e9acaf93239000260af373b94a9b6806d8c87e007ce26b54d050248ca	6b4cedb52a665ccee866a84e8dc0994831c73a7577c4487871103eccf87cf03b	64	64
585486d1d81d2af161568a35b23e1e87c0327752415c54691a54831c8a166e46	7724246671037470b2dcb115780cd41aa3f4ecf5e01e91b93bb9f4b833b0ea53	9f411037480d605faceb94f6f5827956bd7b3ce2241bacac007eeca7d92e7d59	64	64
585c958f1df13297648601700d8b286c8b3e9bd94de81078e0d37af8fe6eeebc	2518c4d2966ffa0c3607e8ce44efa862f60a065eac5a8d4bdbf3b46949647425	db552eccf8332e6684f63a1b48bd4fca729226ecd100fa014dc55a6f67fe5e07	64	64
5884b137875bebe6f5e024bebd8da8043489dee56e2d73e2e52c34ffcae6494f	86c7b1195cd937381585df43dece7b620058a6979e4a9d117c0554403170b492	688428551597fde9383ee8034ff49288a959f81e02031b40f9663ab30407ae16	64	64
58898650a26143fd7abba9896ceab526f89d660153ead06725810bb1fbb8fe18	1a1ea35eeab66391fed81afaa65b640b79c3b855fe867d09e95f8bc7f7a8ccb7	44a8e0319374fecfd72fc1ad8f985ce1757ad32ac9f4557e7e1a1f81d803138e	256	256
58928640a524830379e3b0ffaa3af51d0a698ae549d7cf225e117c8568762bd0	4eabc3ed9450bf68dac8f2320d7d276055808e404e6e9f876afb0d183efebe05	862b75136167b32daf3cb893bd0e56f41be975ec30c91ffe8e7cd5df3da344a9	64	64
5893523f4ec323d77df20240038d22b82c94a7eb50ddc83ede8ae235c1914470	fe09d93135a0cdfb540a73ed6bb6a285cc106843265e05a86b2f8dc4abc3b85d	e1f83f50daf6a5e86f3a4a0e6505b3de28abfc1730aebdca51b5417c5c734f49	64	64
589abe5f5c416fa362f7a594dfd10aa74d6f15bc91a8f79ad9c8bb7f8b196c0c	a5c5c2f2b135543fb90e292971eb4d5b965ab960dbcf6198b8460b895499b174	de7b4e250ca4ecb90995ace6012601fd37048c7faf15b9a00b3799fd82671815	64	64
58b4c1a85e6bb43d3aaab4cc8affeaf2abec2b820ac8d051dc865b7359dee2af	a99cda2a03db091da1cc4148b3ffe12a53d9d9288dda4412c7b7ca0da16c198c	422e8770a4433e1f91f86f40edfd19d9c093a256b32c0867fb0ea75e9468d06c	64	64
58bffb4270d34da21b3220c6e6a825be5a6cddbdb2ab01d2e010b4d1781a99df	a9f65fd17e8ccdafd214270d8feb83906dc9d9c994d2675c460590936bf9ee09	081a78061cd9fbd43c8bbf5dfafd44fb5f51b66e3929d15c61c81929fb2b63b2	64	64
58c6cf3a65b24ba3e1cd2e066dc283219a1211131bcbcd7607e1ef567110dd7e	2e720cbbf71f718b0029b53b2e05c895ec3b165c1070c2e5c2e514dd5f3cf622	06f2611983d3d45cb210b22edcf3381b978e3fc8f7211c7ceee8ec4543adccf6	64	64
58cc2582c5d4964aea1fbe8173e79ef0ba2017413640f4e77615583f5c9e545e	de8ae50c7aaa67a3acb0d03409514f3f317b08b470c3ce06dc791c321e1bf689	e3785cb06d305423d5e65a01bf09e922a13eb63d152859e20fb28d2cdbe17da9	32	32
58cf70b6e9a4f3e5109edbad6e75849292c0c163fe59ad788554be2a0cc2956a	683c8a3e606220d4a8b965d62474c66c4b40ed83b1298c6e6cfabe7f98d4e083	68d12152fe9cfba34033f0fdda3843f25fdf52681e17178ea78a9621457de0d7	64	24
58dde06e1f374728065a2f758054fc982df815443864610fd08d39ad13520f06	e3b20bc7f96062a3b77bedf7b75c467f0b8cab1c860bcfb8fe951115994fcf34	110a1fdcc871fbdfe4b2f0ec1881b87b35da46144ebeddaf9d9df6805228a3a1	64	64
58de4706c1605efb71bd87047d59d6f5dc797559476ba3965350761566885d7d	1f9d169c4de14ada9c35e5e580f53cdfa5894a06308c4e9f282928d013db64b2	88f84e4823cc969c7f455435f1347e3e9a1cacfcc7ac33f30ec5b2f8a1d934a1	64	64
59010899ffc07cc6f6e6d0691e5e54d29026ffa6bb3dd34eb77eb5d6eeef59bf	99d0b07fe7583f30c85efc216b289eaaf9cba94f8646cb2e0c41799b5fc4c15d	b053496faa57f39f0bb82837bafa46daab2c018a30530d53b5055ce632154371	32	32
590ac62df33bb7d6d607628831f4ab7aa7404206305b61c9bdb57069f685808b	9bcf22e3739eab7c817914eb9cc9b1f7c4e52b8d049244e59a8237aa37a13e7d	86abf3f61c7ff1c10711a273b58c98d64a5590ee684732e47108d9eaef622f33	64	64
5911ff80800482f14e1be71b554d485780a56fd7e5bcdf06a4562f6443091205	c772dc4887fa89b9bdc2f5fa86b26ebda901f3c0f1441a863fd5a019414b39ec	92095548222d56efac9eaf010214fcfaf392cdfc91b54bc2a3e73559161f4504	32	32
59246a10d0882008c46833a0d027a7db469ae9f9f3cd87be24c700aeba044809	f0023680c28ce7d6faed2e2030d53cc796de65c9675f1dac9c8eac29bddd853f	b25d556235af94a6d6a50fb56bff9300dbbc7a17c391d9768ac9323caebeaf04	64	64
593b5d5fabd3d7576031d2726fb93242eb45e769163d239639c00330932ca66b	aaeff969d678efcdb1b0a9802e66ab3db8765da94257ebe7092279f6d98eedb6	770e65cd69233ff29844f2e7dfbfdbb404bf02304f21ba7424bed5e4a0816825	64	64
593cfb92015a6a890ace45af831512c5b7a7f55fa0dc39bd2d22f03a1f7c265e	fa4f18fc67c578e611161915fe45ffc4ca2351721d16831ba63a981470807805	3d9fcb2370f10cbb42e51eb9bf52541fc4e8e96328add65a9362bd0b6c5f34b5	32	32
5950e36b01b344b0d18bb6b91a62b3d17f48c2170911dbdfe96fa273ea78891f	d2fc3589c763191803e14169597c77c125fa125612c2171aaca3ec34d8789580	369243a9455fee54b84d4f009baa5b141ae1d65ed64358a781936a4b0ba1c16e	56	56
5952e2129713a39565064bb2041a431a4fbc781fe8007c293ef0b654dd2c2c5f	79e9361d9c106472ee1e657a68016da0069e27aa0b6a3967af0d5f355365f02a	e2c30c3392c3a0d46bf5e96bea9918e0cb34671d7a7fdd0246b729174d5c6710	64	64
5954097059a4e8f07a7271538358c83ef32f5f45e2cd67273809991f797978a0	feb92b792004437a2eda5b13233cdb64db06fc529a4103edce529dcc138e7c36	06a1be97b7fda0e64fd76cb962d1e9d5de295a2a6aa802002abd9b65dc82cf83	64	64
595ae0ebfe2801fec64ef5b923ecfaa25692e67153ddf750ba3f881a5a57ab10	64e46f0b57a697b5dce9adbc14d4c4398ce9ef507911d3f2a1a5a48bf8538d3a	ef6d5add8c5707f1c9dc454aa63a7aa8c5bc4306e03ea15779d2d8b29e39f4c7	64	64
59786e59901a35a930e8a05dae53e06bafec50314f6000c7a70a6942117dc28f	998e5b8b60e2fe83ab330681c2bd619f57b276aecdfe9defdaa9ac56af841292	ed6b9c9043c89d29a4e5d52fcd569d95f47f096c72e67440aa05048ffd45317d	64	64
598606586804becebe2c2065ad55b1523a8c2623df9df561d0f5122b6ccacef0	343dec8f0038426fffd2abf5595c9fd526f73f37f960219f9b8832375e88b337	7b3e84e49d355931d28626bdcfce7ff5cafdf38e87f4aacd44227e8e9dfcaeb9	64	64
59a05527c80df2959fc4930ee607744d9ff69cc6774e01a9533b99c1fe5d9fd7	f0f5eb109e98ded622c888a6e8954319eb017b44df1fc959d30ba1b969d6198f	c20df83dd70c40c6ae3d956cca17bddf409f1289148200e4d0c7bdb4ab6cc035	64	64
59c4ba3473db8030d7293f062fa7a6518b945066c0170f2f43549e1b846ca065	e6d64e770ee52149cf3eebac845538a784a65873038f762b2f73d158bc3752ad	9f0a42c50918dec0ca5d51afd96acebdc3d359a7780e39719f9da87d00aa52d5	256	256
59d89fae5bccc001d287a2b9ffe6a06d00cbcc9ef4cdfa8b628550d0584b9ab8	c42fd9d8984c371ce01c97400fe41e78f191230eb2ee68be334735336cf567a3	30a5faf4033e50a90a2878943dfcf4cc66c8feff3fe92c17dc8c7e7a30e9e845	16	16
59df794d76aebf1fa7873a9657e0f51c382c4917f29fe99cc24119d714f9cd3b	e71e9abf4cb83a05f4ce938b20c5ad912e2c42b75dccca52c9fc7f4102743091	da5d4ab98e645ec4876d7298e6c5acfa5136d442b0c1105dd837fd7603fb83d7	64	64
59e314abe4a97b568c8452023ea9fcbfae1878e49f69d0f5a0d97f90a136e52d	99c8a9099d98933badd4cc0e767a2daa9058c11588f59cc3e195076afc1370cb	cc78533ed8a11b5a4c946ec0b6370434c8c8976accad7c65df19f9c126038b9e	16	16
59f066cb5c34705c9fed4005a618d991533a133d60832769665b48e7d3b4fa74	52ad795c6e1a58f57e633741bc8da45d6705c9234d394ea29a3638a7e570c8b4	914851999bcf813dde1b79088dab26225cb8f3d54a809b05929d7a869bb76d3c	64	64
5a17c4f06b5d19ad64a0283ba8e435d0e1ac85e655f013b0b281d3e3ab4c8a81	be57249c21a02a3f52f90effda81766bede7fb3b6f2cf52a0b3502033986ec71	b4c517e8d43543bfb6fdb093cea1b900df7f62bb7cad6f05910660cd20f0bf82	64	64
5a1aa41097b5e24732765b935fc465363ca8d2f136c87a15900d425b44637b6b	82807d8d990067f422b64dcb68e260b22ef992dc03a5f64c771209f0686038fe	d2dde9a796da2f5cb191dc6718184e135f9ebfe7142aa1be8e2ffe611ca219a3	32	32
5a337710171b6a3e5501429477ce1ef89714349d57cc1ac6135c55267aa9a360	f7c539ccf27bf26f981ced80bc55eaed78ddf84be8dbcc568988cd02ffb10caf	474815b5d25fcadf0cbd9d55a9e75d4d0dc3de1b909429d263da6f2e3cbe889e	64	64
5a3953322fe25dec280b62ded008c11d1c7703ba73a926d56570b3e2461d106a	c3d263623d6b18e07868145624dab12cb6d17ef6dcdc63e04d21841f723d024a	1df0181d95a5da7966988e6a503f2ba1e59d5b6cf1f1afafa45b9e7a77f4910e	64	64
5a3f61d5018815631b6c4f5d899c1c3b092be14c23ebde101c94dfa1e4a416a9	84bb0948b4a49050ace8131fac92a4b947812bf2c2dae328a379a0d78e0fcb42	38b0ffcad70b43aa333751a3bc653c593603cba21acfbc60aca24da3618743e6	64	64
5a4458d78563f47f09a5a89ea1d4615f51a657f977a426bb1635423e0a06cccb	294ec6e72c2cdadb38efa5f225f56ec16de8187ceca65df423d3b576a99c76d3	d913cda74a5876931acbef1a2a1e0971870cd6a2171550926e97a2497e038ce7	64	16
5a46792b14af6d1dd77bddc966fcd941e7776ca9a178765fb71ce7cb0fb83487	e04030c136027de999c9451585ea754b8fe7082d47c3901a4ebe17b2a68fa793	f7bee0bc6b70e8cc14eb3101ef2828598823422210345c51681851c134d4a494	48	64
5a4cb86b9ce06fe2e7855f68e02006079191d98465b4400bba88f188ba9e691a	b287c16b5d9471066866e2b640b00da8b5caf19fe1bd2f6a505a91db15f253c0	a72188c2669c9889452d60eeed5070915e7ca0d8ad547cb605c69e0887cb7db2	64	64
5a502c553c5f7620db9e44a2982a2edc0ee3776996fecb05acdeb66135ff69c0	8adc8e4cb25cb13620a53abad981931c18d8162145bb7e948b98170b4ed62893	b9ce715375755aeb39660a520c5b39d5579e0b360d37c09ae417c6e48565b2a3	60	60
5a56517eaf2702a1aa2f5aad00e6d4566116bac7a667b774b2a986c0112d970d	a3891f850032440a2b75bb9653f8f164d3b2b661e72ab164fc63161bc9e34987	9033fadef67a07b8d2937ca4ad9dc9045180d8d17bad9eb6bc047cf0596c86ba	64	64
5a5ba689f89c45b7729891bf1632e202cce823e1a3be74fdcee59e9a7a21cbca	9db65640b2b707957daeadb04c2abf106ae2d5fd275e875d55ca1451ab053ff4	602f1c531fc1a4f8aa86cd04c752d944824f0b3474331dc2fb04dad77bd7c373	64	64
5a5c113af7893fdbf6642262603773472d33d5c7d208a6ae838b44ed8a873901	f3aedb73d27c2a727edfac2f924f857c33dd6a3b156d9193c7858d758f45d386	3253823ba5cc8a590494218b7d638d4b26146f507091671ccb726ebc582aac4a	32	32
5a6bc3520bca50b2a8a79eccc9cb2d63dcbc391ba1184cd6543ad91db409e8ea	133f74ebf3bf8a7557f7d204fb06a2485837a964238cd7762742b4856cc05d78	70c3970f9503787be377f61320e861ca0131a6d00c61907942201beda3c0342e	64	64
5a6f49f407ea7d4e75a0748b7bbdb4fcdaed54820f11232cb58cbd7768cae534	76652453e74ca985dfdc2fbe1d6701d10ccc976aab69ed5f3e1daab5a17f541c	1bff54df705ff02b2674282a7eeddce9a7f2db92a4fb2d3febd6a2c72a6c71e7	64	64
5a7c87d976ac10208a9f84ccc5ef5e7b3bb056c73f0405e13f3afd6d4d9e5f84	ea620c9ee47bc03021ec1a548a82cd9c9c9ccdf4375901f47d465fc802313a2f	174887aad435f8b58da8a658ff00a995cf30a39e9bc16f920913cafe949e2f04	64	64
5a81fd83a3ddcd404ad761c342f623ece98459c79f6c460ab2aef553162d1cbb	fe2c10ad2e5e0a40b51ba3d4a66f77af431f49c46272b367a929dc6b1f20fc98	22db6b36ae494f8ba1c8c661339d5c5f87f13482bd23c3e4e7c2ed69dbb1aaa8	64	64
5a9679cfca593277433891e427b9218ee180f9da48780ca9ff6230e7dc3c413f	8a7b026e6434c79a850df57d720aabac58e9f6b5396dfbcea67e33d16566f214	e0a600268e4e838cbb2d645ad9b64530a4ccac386ae25907aad6d9f68271b733	32	32
5aa4893b576ce0f3bde154ab2a338b55f6f679752b3fe9268ea48c7f00bb6f77	530dd9d4aa87d93f43b6c820ef42360e4cf5172e404748d34f66bf864074d227	a0798bcfefd43c75b29dcf0162db661e3c0b691b564d8393355f3dee44e5585f	64	24
5aabdd52517960eee2e86bf11f968bde49bf443cbc788a0cd5be9d58a31ae203	363d70047fd9297db01b170ee9f2e79b803a9f0f6d5e1b999797a7a6f4232948	05be916f345bb0d264954ab42ef6007d0ce07bc0947aba39313017be4e707c31	64	64
5ab1234d89117c9533faa1843db8a676b3d4828dc13f61cf77a5d7e52e116887	665822547716ac86c54e3019a06d57d4532d98897da8d025ba0647af4f8e00fb	0d229ef4f88e29364dae5adeae5dbefe3989359511a4b2e3a9311bd60dc301c2	64	64
5ac5fdf88dcfd5287ece9ab5b6dff2accaa97364347155692af29e83a63ce470	9b451de6b9dcda67b699d4695edac1075ba04a5608e5bdc5f009af8bb95a7cca	10b9a84e6b4e6fa6bdf2841670ca5b5b79358c59ef60a7ed0f9e45dc17c47f88	64	64
5ad019f98a9190dc532b21dbc288a09c1630c8cddc275813b64493ec76d813c3	ea26d38f233c3e122b9dc493bb912c3c33d32877de917f475cdf5ce6aee045dd	97209d1dbe069422318807283aa7a5e4d848d80c8c83f866277c2f7850bf6fad	64	64
5ad461f53bdc534eb444ed7f43c86d033e37c69b28a15cad73dce49147fc9623	1e2e38b99dc7d8a324818d374792bb3cbb8fcad5ac1d4b0a71ce09f4bedb4e98	ebc2d30092dea7fbef9d3b99fb757fd09cbc36cf1540ddee7fa2009e8f76b156	64	64
5ad5bc0bcdc0d5273c556c749ffb4f19125b62c96c6f1d182a28b955ba64a98b	c384f02cf80c60de9ac9fdae0b1ee1c7752c4e5d7e12dbcfee1d652d8985ddd8	faf57255bf5b8fb7157aa89b187fbc5fb93e4c33f7726d07580d284e1170265b	64	64
5ae291cddeec0babf226b5c429f17d0614e2441028238eb12d24147d6e0e53fe	35e78db44499f68c6e0be0720fcc15853700c3bfb255e320620d79096c318d63	77f43505e9d0f89b52102d0c7de7544f1399019dbf1dfb1ae7c2937f146ab295	64	64
5aef3ae0535d9d0617389d8920703683997f514841a7e1ed93370b503c7d0d5b	8d4f0b6cc26b10506e8e5e9918feb954fcf6cbad6e382e8f258612a7df54ca26	4c7f2afa3aca6f05e5865ba40af68105edd573bd734c2f33a7754081cf568a46	64	64
5b02f7d8f539b70454d0cdef74e7cfcf4501ab879d68bf4c28753992929da7bc	dbb2828ca8c6d86460a101dc736729a33713b81c4d1d87805d20fd6823418dbf	d1512400ebe66f2b819e4653f402f1f6de662e6239333379423119ad55b16a34	64	64
5b0487706f232d2f712839a93ae98b052911de426d7223a17d97dfa3b6eefac1	2ccebe98c54b5e1b1830fc5354bf6b7349031a9f661d635e6afb5c943197eb09	35d21072db38000e68e74cb90e1097bc48edf5b34c1fdf78b8c9664c2db69267	64	48
5b38c26bf873b70b2a91c20e72ff2c15e37eeb0b2b9fafbf35e2c3291604a0fc	c0c553422cda2d4041891fdcc4713a8bbf53400a39b4cb3fe375f882eec6e125	a2b6edca8fe6c3f335ae6c55add8ab977d31afa87b73df11a4f700d6f87ea255	32	64
5b38d485b0248507988e42b9625056750a6c845e1842f7c3b3414aa45382bc3e	3e0192cca7d3549addf95cbeed664d022d6f79a5fa0f5c6147c02c93db1790c5	0b64743ce058e1d609d89636d5eef076246c0b064024da863dade88a4a794e26	64	64
5b79077bca87a09161f7af8f7c49e34c63e82099c069e0a51e1469a17bf05ec7	58860064eed0f4febf927f340d7c582c553f33b24fc4780c411d31c974e51d9e	2afb9af03d20acdba8788d52590289862b194f58f472f75b2f2549ea50c93d86	16	16
5b910d7ad853090a6d24b22670d5b0ed4784ad0cc8b1e0852391354aae0477ec	25e535d3c53530bb278c8c8f77d2f43c44a57e267240e0d665752e248a607a19	2115f564f3bc6c69497eda5bbfe969f77963a97765b2ea076d1dc0783e7f5f46	64	64
5b9946db66db1b47defb52b30adc092c965fbdc56adb906aa4519e3f6cc45fbb	22dbc22ee1d111eab9f8ef2f2642e138de2e5608db41edfbc34f9a80977a092d	a8957ef259872cdef937445ebf4a6edcaa26bfce3e63f6b736f649b93cfde047	64	64
5ba028ea5e559d043c07fceb90fbb1d83b4ccb2189263527b14530999f0f7174	26042913719365eff01e6d04bb9e1137d22c62efb459debe9317e28aaab37592	13c7a1aa1a71c6585c8b7a8028412130887e18c6643c796974629a315d4df79a	56	20
5bb0296b9669ef262b61706e73f587f574d8a90cbd2bbcdc689418fa4c69e42d	32a666a1908d6acaf047378d9b7c25461384a84a4f14b33d9e8bdcc2f62b84d7	485df28e47b42cef5dd1757798e18d0bd8e8bf9d16897756d537226dd9051ca1	16	64
5bbacc35a9af4bd17715993dca157587fdd06b5870e6430978064f4f4a5c90ab	aef380e082390b15fc8ed5a5313068c4ae66cd9a40bfd3238e76d747a95ad015	981c439842769e1f3f0ba013acae5dba9c2bb6bfa46ad15ee1547d9865a6dbd2	64	64
5bbacf9b9358c56c2c1282be8ec9b0ce144b88a787e7e290646318df7f9f923c	fefc938c2d3f16d69cf26f83b334ca243a0f51ca2055000b4ae2bfd9eba05b7d	4fb11b33246ac78e4c0b5bad4582ea651e06fca04e7db3e63d06373b074fccc4	64	64
5bc30400e5b913911f28b406b1b877acf7c67b18d34de0f6387ae83d1e8d544f	187589a0ae86e3e18868b1b908203101acea2bcdbc0f6483efa672bb405441c8	519b4aa3a70f29dc2ca9639d38c1eafe8f7324ac08a37fdcdf226704b155dae2	64	64
5bce76da9f59036b8b78c83ca7104fd79e91c8dc7db384a1804121db1f830fc3	a9426bac0722e2b6b6ca8f24f7c5271bd003f2ced0211cfa330210b340bb187d	29cb87f1e0e07a3f3a12ed41a306c73a2bf69d2e4792b6672f01504ad82d470b	64	64
5c0b9d17fbc882e3b4b26876d146ea93b999dc44aef74bf09ce6e29fec500db2	33bf0152e2ecb0e3cd178b9303d92c33e56d265d5cc73585641acbf289d7f4f4	1645e099d3928226127eed54d001b242a4cb57465081f08efdd288ae050f9db1	64	64
5c199258030e64f8de47149414910980b6397c7d836fd479b5954864c5a69d53	c1ececb77e2c4a9b772b11a0f990b98f9fc1a9cecca2aa20d7ff9e760c645750	5e93faaf03bec693d21eb9fbcfc2db32b3f3c49f636556cd48e5fdce6a274ce7	64	64
5c1a1104bc14f0dc945889dbc78a72fd3f74d7464c9af3e49fb3b49aeb110261	b8cbe6e3bc97f3490de25b957150bb410bbc6123e1533428239057927c6faa8c	6cc6986ddd35aa67875516a1d13696bbb1d83eb5961f07661aac09d1f2850cc8	64	64
5c3f43d48e41688f5b509aafd52d3dd9d3c35152757aac4c3384cbb26726c2e9	a88e96ba35406d10f6149fd5d2990c0e606a2b9189435afd8e7d10620bf27509	f049e1d99b36a17cc2e8f8e5db952bee0b4c2513888e1c2c6bc5fb366dc806bd	32	32
5c79f6ed38645673f36eab1b2a418d9341b226cff3449ecb22953add8f7fccff	38191b4199c52a7cad7ea30b439768f608d70a1ce89a1d58cd94b0a24a34d637	8f2db5a85bd262eeb84d46ee75cb08210bac78dee1cf84094f85d9a3e8fd8627	64	64
5c8d8ae7f5c12ceeaa3d6a02ee50be937b300210c0f25f55c82fe1f2500d51f2	7d705700b6ff9db737638f8f2c1e3202878853e537f390580b36addb077c8e9d	d61d8a36d54a750375bfcc0813d6380de5fd27a9534b9890ebc5e4aa6b4af8b0	64	64
5cbf71296786874d83ee8b38f4970c90e14a365a6be0edc1809ac1cba2935e8f	6df07a954e834f172756bc37d8591721b3f09fd0256c11f0995a4b11a118550f	e85d50f9b61f4c0af0b38806a8cf90fb0fc20db285240d7dc3893f0445c449e2	64	64
5ccf4e1456d1b5cccc7e0b7c892fbcf98b9164fa5372faf06d9d58bed328f252	69312e9b7a0fe24c6477e8987199dfbc4e75a8f73120854dc5be058617f3738f	bec5bafbc0f189be326109db49e5eb978ee5bc972e095a74844ae3700b0c559c	64	64
5ceb1943e00f882201fac60ce522603aa7f972d1fbffacc2515189881afe10e5	a3d0b6d8fe397e273a3e9be7064948d809018b6c1364215b501c7e9d26d57636	d5eecfbb46519132699bf6e76ccbf509d5d562c4fb1ecea27db61d2fe34d8ce1	64	64
5ceecfc936ddb883b535e0b92b1ef452e5c472974d0c85bb33a147977ff9cc99	b287c16b5d9471066866e2b640b00da8b5caf19fe1bd2f6a505a91db15f253c0	a72188c2669c9889452d60eeed5070915e7ca0d8ad547cb605c69e0887cb7db2	64	64
5cf82199bfd4378a3f2cdbb46b459029396404746ce8cc4673b28a6e54b15ea3	7518110f1762640669a9a377cb6bbd23ab175086ea60d1a8644a8f730b22c7e2	41d16815330da1aa4c8a38ac0549c556e6275ff87fd76f3fa75199d0357d790a	64	64
5cfbfd669934ff098f69c31682e323f6dd3a83b680eac73250a9e159e1553914	c0c553422cda2d4041891fdcc4713a8bbf53400a39b4cb3fe375f882eec6e125	a2b6edca8fe6c3f335ae6c55add8ab977d31afa87b73df11a4f700d6f87ea255	32	64
5d0a3e90792881d7e25698fa90198af93ce0acfcc9aa2953b52b47d478773353	f965e306340e2e20205e6d6d508c8702927a2e157b4dcd87ed77968943d8f5c6	b59d7b4362383736ce86146cd2ee7f7487d0625cec565f70644dbbb0215d9784	16	16
5d145a788f621a48b3f925fcec18ef8fcf79106d9d6e973ec16257067f60dd62	4ca1533fd44b4d43e9a809547eea308cfbc6d8795ec6a798b76e28ced36874c1	1cc285860599d1cd9fb87aeabf6ded7599269d05faddd8d93bbb8a6bffa9d31d	64	64
5d287bcb8b04d7926bf6219ea6d1aa2c40702fcc46af331165a541e4ebab7449	40da79d737cd67ae10d789af4f1156bfaa2911382e7c67b780cffaf911162a2f	35ccc7d5453d7e5321335e820a60854b40fb1fc75cc67f23344e9d11b4dc82f3	64	64
5d2989dcff3afabd98759fdf837b33dd1b6f7ef6d403f293b9425abb91fa20f9	f0ed82470229bba7d6373782ac1ce233abab5816a3b36c9bffd07554f4767a88	89bda9099e43c1aa8f8de29a058ccdb123dec474cba440513ff95745d988b896	64	64
5d2c4fc11ccba320bf11563c94ca4a6f542b46007a3afdb9bf552c5c9800c3f8	2b23d6f536e5a9e15ea60fb9a18991c93f14fa1e58e9451600bec78c6872a52f	fb393c3473871bea9d4f9cba67f122eb0181aa7668aa11fa4b3cab0142f2d7b0	64	64
5d36ffda60d2751c6eb14ebf8e51c51b3b5a00fa59d514873d9a0342e68bbc93	4fb938cef09cdc7e75e2bb1fbc7c7e776438cf8407bc77feed03beb90d00a7c2	466824c67397d6746663111c09e6aee25258d0b85cb7e39ae56781d7aba8ff96	32	64
5d446e52f5ccff90ad7de76934534edac994330641bfd552aac72df965496c6a	6b22a087de4fb21b5711808c0c204cc8f4c787324dfb77f1ac946d3c22e2993a	7fa5ee28cfcb3c76f3d74b9302b87db12f1c17ec40eeecf138667c8b8a45d4e5	64	64
5d4a5a5f8a62eb2bb96159b8c5987eef56a9da01622629302ad01772eaba092d	17e10919319258484d14b43f86c4b01449abeb3754ebdaf062631a1804ada777	f212cf983cb73b2adb80467fa2f2efc631e632105b8c34cb52a1bcbb20224337	64	64
5d4c3ceb488b6c15cbf72e4de253ba45bc5c788a0522c262d6720a897aaf763f	015b71c5a8260c549da7b18ce55478c0d74f6bede836edbf3fefb9151561b1a0	b73fb69c66d778efce961141eedc71a5e38e2a59c6beddb473baa08a4c1dd396	32	64
5d5cf9e53f7a31280e51ca2317460241f1948a2cccfb7c9aa67f40a56608fe04	25e535d3c53530bb278c8c8f77d2f43c44a57e267240e0d665752e248a607a19	2115f564f3bc6c69497eda5bbfe969f77963a97765b2ea076d1dc0783e7f5f46	64	64
5d5eee7ab6bfdeb7a151d271aa4a6bfa86a78f42b6ca57bb8d7a08b7cc06cf54	87ba33cef7c180607a81278ca5c281456f5e91718ec8deb8b18ac5460104b114	5d7d328c6816bdf32e6c585876926a6966dce536a18e62f78bb17c3460a90524	40	32
5d669d31842cd1fb41ca89cb861b18d4b7b94d188e770a9f0412a6eeed62794b	59b29e5852680f70798d6b062c410dd46ac84dd3f9398e87360de40ae67c9657	eb058a87a5b4e5cf17d5f88b893e2592202344c24e61e8913c3f8e39ce8156fa	32	24
5d6f7904a3dce327fda5835673b7f10ed0b4a7fb4583bb79d86e15415e71ee77	efa6db969278d851acae5aaee31f6d70e90b9bdcb2efba56a4b5171af3053633	30e40100f80c74fd441c28bcf3e73341a9fb0ecfe83baa62b767862cb8014983	32	32
5d7031775c4a0a6c25a8c329da4794b8c3fc038c95c3518b09efbdd916cd10f5	8283f8f6ca50f87752f5da695d88d9e086afd991b47eedeaeba8b0a2b9672736	53a06502e9392b8b1ad1b9c03f12c8492a47b24fb44f8a26d42553e8dc8ebfd5	32	32
5d73c300067c32c4424984d3114746d86c6679ec80c88a785d5eb145d27fa9ab	69312e9b7a0fe24c6477e8987199dfbc4e75a8f73120854dc5be058617f3738f	bec5bafbc0f189be326109db49e5eb978ee5bc972e095a74844ae3700b0c559c	64	64
5d77cee256ed177f03a307ddea82eabc1c3354a9e9f77d522209ac97e536ea28	1e7bf4a223ec03bcaa185961a2b13d3d5e6d4e12e6539e41288e7aa555109cd9	dca6cb4cf320ed42a7edbd7c49b170aff4400ef66666e9dc6cfdaf0037483d79	64	64
5d80ef3b7d91d8910b1326a023464875997aaf59b3a47a35bf54c2b32e24a04f	f54bfdf3e758fc0627eadf233a8ffe4b22a193cae4d386f204fd54afa4ee0e4f	3627ca7c449a5f461444b1c092565335bc98c24dc4d9a03d35b6a004650e2110	64	64
5d82583b6cb6ce9eb966f749d355425f7ec464248cd5c4d3364c92b03b241d24	ddf896879a53538140aa2665b0e182239df73854e8402bbe72dd109b03733cc7	9229465a9fc71ba9349720200c1100576d7fde4dc1a97a9f2aeea84e035144c3	64	64
5d849242a5fa638119849051fefe157c0a619d6eccad5dcefd19048124b823f9	8592ca51b9fd027b32cf5823ec53472f6838fce422668ab8a0c837bf91b68978	534e647a2a139d571f6f2245e234ea5fe70eba41f196047199a18e5543a5c068	48	24
5d8a7f99a165476670ded14173267c3e8bfd87cef7599145c9bc630245b5a7c4	ee463ffb77bcea0538931c27febc26fc9872ceb0b689d8988dfbbe373d7ca623	6027af9020bae01b8e55ed5cf1e3b1cc7d758b41e50160d8dac3f04c319fb2d2	32	32
5d9f180c6c004b9abc5ffbe289bb95a1b91f874e0aec243d700b3e21ece3728c	fe689fac76befd8134028229458360c8fe1aa9b61831c848106572eed5fda0ad	68414c4cb5eb3fb9eb873c3ccad0eaf20cf0d0ad106fcc6444547cf19b41edf5	64	64
5db3bb7d439c0646f89ca250fadfd40accbca419b1d8b50ca1f860d7d924a410	f826ea4b35caa620ac2a62a44bcce09da6dd5af49fbedbc36cffcfe4b470ba09	18207692c9a0fd5f86e2b44b0189ed4078717ee9dfd4c2cf077d60c29a04aa7c	64	64
5e266c5e2e4e2525386d4db79fb963a5d79f5a46bf00eb7514b880cee1a98af1	d7973a97d8de158a0433cd835e13647b4e3fd879bdf8e264dec6a87a7f68f71b	9d4bdf60aeae31a008348a398eb2279a43b89485dc20b30f0cfce479e32fbd0d	64	64
5e27b9f8cc20bf872db06c48754f95596d4b0b61739e14fd2bd44bccea0f8d1e	6005904d0787626279dee2a36daf548974343f804f0aa78e50484e2bafa9d6fb	0ddc5b388828e738f0c498a604ee45f817d394921f0a072ede7ef6374d6089bb	64	64
5e370a99e2fdfd36ee109137bcfe6ea072c748bbaabf6f16925adf0dc8d6eeab	4ca1533fd44b4d43e9a809547eea308cfbc6d8795ec6a798b76e28ced36874c1	1cc285860599d1cd9fb87aeabf6ded7599269d05faddd8d93bbb8a6bffa9d31d	64	64
5e6265d897cd9612ba688bed2a97cdc9915b83ba7f072ed1c7a4a194304a2d40	afd2ffb5192fb6950dde8c8bb4b2fcbad8f4264b2ad19cfecf688d29fe38e43a	34d2d91ef9d0c054cb82a2e35173f06ff2c9d57813823402877e2dc6b9e61b25	64	64
5e65f51a09d4a4fbd811b97fad8a609916c98fbc69779de16407492598a9cc27	cf4fe9279b1a058b81c12f91c88cfba27cd30ac64fee7d67f4b6570c7701b1f8	39ec7c6496994e4233c181bac697c70ab7047aa1b88ca788446b5ecc222e9170	64	64
5e72eb7996c590236b0b6022c49ad85400e11d1ec778f0f6db9e148b7b9f1c42	be643cb241c7ef7bd44e8808dadeb51e965aea56a2960dfa0cf5dab459b1436c	d074a8f758449e2590135fdbcb43852b83b73493b86a82261f5ff29e65f4534b	40	40
5e7c8411618d891fb4e3651ca17f3c5bdd355cd7ecd543f0f88c8368bf3b7d36	4e0c67c0e575574f78498b531ce846d2806bc1563476421e4fbdd37a68e30868	8e515723bd036f19ba3e742165f0df9290a912ef1b281bfe5d4db982cd67b4e5	64	64
5e81537594e138f193fae7f41c7acf419ea63d366c157248350f45814188b21d	96a9a0cac26a161a0279945c396dfa8ae7287f708f4399485199131a67a97b9a	0eb08f872ebaf9391889891ee6e17878adfa6a5792c56dca7e61a1d28f5f88e3	32	32
5e8249eaa6b0c94be8efe4b1e1ff35c4f249bcc455bf83537525f98494295639	5e9084638c58969aac326b3479274b935a9fd0e0609cccdc07c43dd5651cda58	92fe5cbdf46a624a81c1443bf438cce0236b01acf7bc0544240153205d8a15bd	64	64
5e8f5f68a14d12a8f93f7c1d27b60e5e4a5151cc91e78e8729c99e4ea06a75e4	20990aa0c9fa395eb927a119faffb7cf2985d36eff0fedca13fd74445a78dfd5	29e09de105e582ab5b27b445bc3f0c2b20009a5c1466d2cda8335ab7fcec6810	64	64
5ea5449b7f4b6879c4d637c472cd283555fe42b2a9971191a591ec5406ee2454	24170e5f715adfac90e2767e4cdabb44c34e8c945e257c3083478e2ed6df277d	b2d60867d2d35e8eb2e8297a735385982038371433a712d01a3c026615e2f86c	64	64
5ead1fa40f1f5b02ee2269188107c8d397288224807b767f51b96b6f8fbd1b85	efcb768d4f4cdda419e6cfaf7c00197cd30064d9bfaad32886e99cd30dca02b5	edb6356b885696ca6ecbdeaedc94380ea9dee4a446078734433527bf2c65d175	32	32
5ec085dcaf09a6dd0dcaa2f3db07219301c193da29b4e620fd8f953fd7fab48d	ea26d38f233c3e122b9dc493bb912c3c33d32877de917f475cdf5ce6aee045dd	97209d1dbe069422318807283aa7a5e4d848d80c8c83f866277c2f7850bf6fad	64	64
5ec5dd08cd0249184404cc9dc44051707f001701f61af9522ac519da5ee549a6	aef91ea4664a5c5ba3520b37b944032dbaaea6893ab2d82e33035a2e65261ef8	c44e66ad9badb3922a0102e790484b7556fe4a550789930bfa962b677c7a65c9	64	64
5ec79dec07e3a96a4846462bec32f2ed48e5b9b21af9a70cddb0140d21c18a70	4ca1533fd44b4d43e9a809547eea308cfbc6d8795ec6a798b76e28ced36874c1	1cc285860599d1cd9fb87aeabf6ded7599269d05faddd8d93bbb8a6bffa9d31d	64	64
5ee44d39b44dce32962afb61e797499e48cc4c8b3d813574b734d72ff665a115	20d8d878654b4099dd24acbf149aea83da5f2082a8c1ffa70fe7cf772863d6b6	45932f79697565133b9e6e676753c8272524a49e8238ce2d4ab6b1e812aef07f	32	32
5ee56b94ee87e6a98b90bd456205016187f39b5b3c9a2453b249f8b001a2702d	1fcf6390e6fb949dcbfaae3ffe35ca4017ebe53fbb142efd5543af152c1e40c5	c4e8bb5f3a842f83712e481d87c8ce77021263f442b6ab4c85a535b4a5d9156a	64	64
5f0d27921a6efb4788efbd2ac74962c63cf834e8b4711499eb71d4c32c1db233	5b7e350185b54587543d189e5d30c47cddd2648e96736c5deb48baf97eccab7e	b367d47c2a07b0f2f164211657dc59176a25e45be5d4847480d626ee4f2a5623	64	64
5f18ded7dc0e2482f76111c26443f1d467175b37d12f313676a22d5805a11b21	beb1aa183c78f0f5577e499b69bbe7aff8df9451888aa438048d68e2826c8714	4ae2b1adc1932558a946104ef81ce792283a208666e5afd67a1f58a607f5aba9	64	64
5f1dedd44f35e38f3fa2a734d033d13e4930e4ea6a223c84982c915a9f369c9d	eb34fea9ad9b36636d3c91325ad2bce2d543c0f6517d501a1e257a31e9dca248	1a9f922c9ab08f084b2deadd21c4dd215db8c615f256aa8d5c1e8a025421fbbe	64	64
5f22976ae85c8c0b9247823617dc565fcd6a6211008e16ca9b22d4cba2c2d34a	2af903352f067c235e13ff8e49829e91a6a1d51711d44c7a4ef84fb087394d95	6cc1bde715535384e859983946ec531b85f8d7946af44ff1bdd1f615ee4e2414	64	16
5f2e4ba092be03c00ad1c0d1c55bb78b68139d56e4e41d3f7683de28b3562683	798a2268c755d3b3298f65b5b75a6ffd065b88d7ae059225ffc2d4730f86c70b	7afb141c660e18301117567f862a959db14f1ecef5fea26fa137fa92db9c93de	32	64
5f3388c6b42e6ddb83055672036a8678626e91c0aa7c893d2ac174d8baed58e2	c9a0ebffceb43d26637d0869494fa8849cf048d6060c602fa1b9c096f15f3f18	1e701ec0a8c95f31b1f211b57916f65862045d457a08e6872f47775dfda048d0	64	64
5f38fb6399b397d7fc7838b579609cf818738476d145ac2230fc69059e40bb46	bbc8efb2fefdddc78a9c2b7eeb0f1f4be9df7cd9cf1b0ef7aabdeea106868113	cf7ef3814a33c7bbcd22990a79187552d6cde115efeafbab7fd9a19e49df80f0	256	256
5f3a052847f8764adfba6d1f77568bbcb67de2467c2eca81dc6e35aa477129b4	55f6686e32c8940f52aa0007976da388f99840ad7f3b94b1a3d644b4f7c44a93	53edbce78bd5dd1bb0f0f058cacee308e3b4caee24ce2c5abdf00166634d904d	64	64
5f4ec5364b5ff4463540f95167f48968d9d0b52f853a3e930c5b61a46efced0c	c15fd7b4a273352e2f8e44b03c662e23420350995068dac01aef69957264e0bc	dcbeca5ebaf64f653844c383c652b45f785accada4fb79b8087bda54c86ee277	64	64
5f5dada2b049376e91e6d90dbd33e0822c06284629105ac1897cc265bd74420b	62c263e0dbe713e17b80438272890737ba7315475531a42b94ee9ff72e0f2287	8a6fdcc85431052163fa35ded5323ffc789b7a365ec79b84e0127d483fc01358	64	64
5f5e8fc52a965c5ffa75549cc6309c672678ed561c8a18faf59de96e507162ba	c575567765e91e2af53e9c3ce94f02dc109d78df4a3f6c478ecf20a96aaf4a67	15a4059afe0a6a80eaebafda722ddb46101e3ace77da5d1717b8dcaa75bc19d0	64	64
5f5e9f67ef7dfbd7e6e6605254a79cdc0ab680b6bff28210e609c5b47a3722e5	bdb7ababd2dc1d038471fe9c563e092f57903f27dcba11ebdbab6e356fa716ad	050d53e407c55e015dfc908b39edaf69b4165ecf04ab493e8c01f9a61c4603bc	60	60
5f5f3dc9d650d546c0d14afba5215c1510c64596da242a7f9e4751d1fcbf06c6	ce365dc429d5b13e0eff79d36151c4a9fa94929de234b59645b08faf066985c5	2df36013287c86b42fe492ffa24a4ef63bae84b1003a055027dc0233283b1bde	32	64
5f7ed6e9da4f815a6fd7bd368b07bb0006177625ccd58a23155b492a059ef578	fe5ae48fd5f0a1988e13a34eb20c80d2ba84be5fb10ed517e3ce12d7e49f5bd2	11db18071fe5eb49fe8f0962d4a512f59ebdb59101fdcc160f989192b5ee721e	32	64
5f825b0d84c9b3fffd80a1f9a92e15734cc497be9959c104426e091fa03b8b6b	2e9d2293c36798c71e8ae30ac6dacfecbbdf43ba1bbcd4f0d83084daab6e5b4d	7e2e748972c032f671ba25f0cbe77463cac180dd6b49124531ad49718993a41d	32	64
5f8b1c55bb3371b658fdddfca19c37cf3fd0447d2556fad76279dfc1fd8dc4ea	cab771fd1f14bdc72137697286b99e051ab9eca4f089858b1bc55c9a89eeafd9	74ea5dfe9e1b41eaf99bae692a2536900ab4aa36e1cbdb77125101bfdc3ae633	64	64
5f8d0f8772fced544b8eeef88db28d01985cf24f9490641dd20de8d270045520	00bfe78b67668af5c0610233143d3958c66cfd103af9c4416a5014e4e62c508d	666e085e98e2cc597eae7cef64b10fb4d8e6e4cb7a069d7a724ad49b3dcf7d12	64	64
5f95425406140cbcd037c57f97ada0272c9cdec5d655bf49392a10f8098a33c4	f7c539ccf27bf26f981ced80bc55eaed78ddf84be8dbcc568988cd02ffb10caf	474815b5d25fcadf0cbd9d55a9e75d4d0dc3de1b909429d263da6f2e3cbe889e	64	64
5f9a66acb9243c4513a9aae1749fe937211fb7a5540511a44fd50b8f17b904ae	9b8c19b40a8545bfbddc0381adf7ae1dd49c559f7971d926767cd6a56217eb63	e8a673e2544bc901c295053f53486826baf97197337a0a758d9adcd94da2e833	32	32
5fa0ab23d75ce5224b662eeaade7b0f30fe00b6a893a6f31c1bb8927ef8e66da	2838785ab90ea378a4851ac52e0a5567424614089df98827e3b8c39fb5018584	7b3248f8f045bbd223abfcccbf152afab77475bef85ba1a8de74e786079e024b	64	64
5fa21b0b609fbf39105f9c918cc9b632bd77450ded88ee392cedaa57941a61c3	8aa4c0c5e0debff2ed8bdecc4e9898a584d131893f2eac40369c7942edaeda10	caf5e271e7fbbd5d2a83f63b47e53e5059988921b041b890f45f92e0ae823ec6	64	16
5fb4cc4e3bd95a8f5408e2dfdfdb384bd540e243dfe37e4f7b730aaff3c3243e	f603371bd0c7d0c878e352cfa8e31826dadbac3e051ca8f63e1de2ef56a63722	9774a58bc09105b62ac7eb615292c7ecea67a34c10c4f33d8daf5d3608c66de6	64	64
5fb97bd3f430ae867d4c0a158be9ac708acb6588b8c2d08c7cb12cde6c4d396a	97742c2f5b9969eb40ca0b0032252f3fa6f298a3699a9a7c0dfd96c4fec4ec18	fae21e140cd232e734e246cae348d1c5cd43958c551bfdcd427fa424669343fb	64	64
5fbd0d1d8ac783ef97bd57399ca7caa496c4a1579b7977055f0973ac478782b3	e19bbab7f11f437b148f6360a691b32596ce8be81bcbbd0fb84da0a196186e32	7511e46d45f25271099dba4ca65ca506e74cf2c91f1bc4e8bc6a0f7f46cfe646	32	64
5fc4b2a74d7b7d58f7d1244f2b566c9f2ef3f669c878ad46ff0b46d34134e4ef	69c91f694add996f7868fcde0733542720b3947f62b01401ab5a9cf72cd7a009	da5d4ab98e645ec4876d7298e6c5acfa5136d442b0c1105dd837fd7603fb83d7	64	64
5fe31e32b6e6f8154342370636ae3890ab0aa0347cf64acfd3eb5f998a40a80f	af6baf5a9d5728cae9b48231792098a7819006f062a1048e83f7351099ce9c8e	a72c266c8f89deada17db35b6ff117f559a17aa3b64df82e34c6961dea01b34d	64	64
5fe7c025aad589aa61257d1e47b743b705ac3c5b4a80eaaf95042d382988c994	f151b4a3a286143c0f6b85b31bb7fd514fa057699465606b6ae80a99fc1c081c	c3f0d7cf8218b38740a79e6b748006586c8a323c0d6894a1094fa18364928a5a	64	64
5ff86ed3dab79894827563a170ce5dd0b5c9a043be1b249659e2376ef1aae378	2ddbbb8bb6c7ae1bc68114e50e2c18093f3487e2b360b8f8e49478dc20b1fe4e	04be9e6d36e943389591e01daa082ba3f37257cbc6c44446f619f8e1a98af551	32	64
6001c5c199b5ba5b958234abd1e4c26fd3ff8b616ed38f36f092040d1b891cb7	f59c7e9b36557c613cb3559a81f831cb4148ac456ee4cdb462773bf34d9442a3	423f32fb46e2a7417690baf9b5e34391a093a99ab6e72f3102813abd715c4724	64	64
6003bdabd3127970031e65d7345603a738b3ea5b15fece9cbde79f55fdbde717	222839dc6f836d210986708f0989b733865fca75501cd3ca30ac5c0a70dd2ebf	cb17ae4f320033412c34814c79d755fcbf0141254737229bafbe029d57966f61	64	64
60286b3a1667f6bde755ea886bf736a3cb274d7cad76ae269a92cca68bcd865a	78001ef3642bde10580a1b05ae87578fdc43406a3373d2af0afc098e53fccc88	033a721409c9d40066972012598c0ac87d25834ed796c182486f2b96a0f2577a	64	64
602e85749a477233e6a9f0eac14926b7e1bc25128179da340dadf1f8a751b8d5	a91bd93aa6114212c012545f9631923219fe9dae96f71b16de7f9e1ff68294da	d4e0f6252c2c7fa013961c0772ff20cc614dbbf507b4b4db7446ab9560f19a64	64	64
603408fa7924ec0161965cbc570a09e2b68acb646b2e061ea8724a6524e82d26	e71e9abf4cb83a05f4ce938b20c5ad912e2c42b75dccca52c9fc7f4102743091	da5d4ab98e645ec4876d7298e6c5acfa5136d442b0c1105dd837fd7603fb83d7	64	64
603a4f5af76be595b74afe4a9a90328d994272fd869dd73bf6cd75bd1867da41	7b4be3de057f7c3fe14c589ebaf1d4748c94ccb0d0358ee1471a008a7ddffa90	c90b06f1203e0c3c319613732052bfaa2a441957ab36af4852eeceda5965d23b	40	24
6042ba34fd92b245cb79af3fa3e0df927c6b01a40a993c6688d2967d38770a4c	9eae3f6c09a2bb8b2d65d51703b2363138037ba1282a4d4d6f9d6e1e6a58fef0	0e4e9d99fc38db581c7e6e06546709c81b899fff44a238df3e67f71fbf6ec3e1	32	32
60439eae7becdb52930654ec945e46ecd381179886d4ad7d6b023946f265e594	46b870eb2a60d7e4c3935d3e1c2bacfb1e933696021c9adb6ee2ce72111b135a	a0d81a0d7183b16073a7a7928ba6aaf901bf20df6fa9f65aefdd48a5158b7eea	64	64
607a8f4761ddf99eb5d52870ac3b3d066fa92dfae2cf977519ffad5c0c1aaa68	db18c9947679627401b4a20048d816ef07a57f0f3d4904625765ebdbcad260b0	5684978eb5ca9d3206b5ed4a28c61bf918ee1dbfe6a6118601f5e44b6c5ea805	64	64
60826e1f2ab80fb012a253f061b4db506ebca8a3d68121aef8fe110b3132196c	1c414befeac1035908d1833764503fd25ca6cd15128e8870ab1902c3146b3da3	e17c26369f7419054969f6e9bebe75975b94eac2760e07570b215f1e026f05cb	64	64
608835941918bbae18e76f79856973ea152bcd03345edb7418bafde89bf32c49	fc8e17c2788d29dbbd4d1d177f4ecc114940eb5d9ae4cc2232603e7a40c52a3a	b63581cf33825973ee22fc9ddee776c45e134b3424741e7dda0aa0a3b454d321	64	64
6089beea9db4ddccfe4395200a36d460d73061ce854779c3fc05fffd048d081b	57da72b4b22ac5da47a40e8a47b846027f47fe9e5c3ebf797be4ffb83a889a30	38296325463823a781dee4f883147c0b7c980b9a2e2449af610db833165fc26f	64	32
6093c74f109fe70d0d71d9f7bde034f67ffe3c67cf87323b1daa791e128a9a73	2e9d2293c36798c71e8ae30ac6dacfecbbdf43ba1bbcd4f0d83084daab6e5b4d	7e2e748972c032f671ba25f0cbe77463cac180dd6b49124531ad49718993a41d	32	64
609ce91e19c36be4f4fd87e683cdb931fed1e9cb3c6361acafdaabfc7408b571	2518c4d2966ffa0c3607e8ce44efa862f60a065eac5a8d4bdbf3b46949647425	db552eccf8332e6684f63a1b48bd4fca729226ecd100fa014dc55a6f67fe5e07	64	64
60a0a5512c75a2fb89dba0b949c54858a1d589aee1dc71d453975ca4bb178100	dcaee7fc90b4fc97f81bb20856daf63cf9a3e552d76d3671761a4541c159b4df	1a370a3d172bfae2b03157aee8e600ab03bb7df34a842c64766646167c91a355	32	64
60a29dd1cef636648dc0dc3f181f6556cc05e94005e3c2c23fb6f3807841afcc	116a1f51d0acc409bb9445d823adfcf0773ce44a16980910647bdbeea84304e6	7381328f5a4e85c7aa43e50419749d752ddbc5d393a0e2a7e4441b8a4d80caa9	40	24
60b2747a1019d7ca5fd1684fb1a30d468400f42b68a4b2175169d9a16203936d	c73a7ca5b269064706329af036cf5883cf688767adef5dcbbed7a4f65a1ed497	90c8ad86a7ca39407bbef301c60b441a39a4d1a12d9af22038e8bc58c50ca7a9	64	64
60ccc5909fdd78a1aed6e5fe617ec5044efd1199e66b3b45d7e34d0bf71971b4	0bb73cc476f55aae1906790770aee22b1396b3350621d7d9d5d0ecb10081bfe4	714916ab2edb3cd24c7194e5158d605ac8df832c3f1abae53668d6aa0b748821	64	64
60d5d2b24206b0a6f17cd766e18bd2bbc71a5c7bbad76e4666b85aa3980a49ef	f99231b17eec69dd43a4aca96e9112aac967e0438aee1b1118064fc5de3d4ed5	dc9ab74438bfc88391a7573b4b78ce75182be3d78a22d16447c9805cdf0b1965	64	64
60db46141aa45e9f61e44c1e8b886a6a52313ede5f39b7dd6f4245f1ae3897a4	24bda4f50687582f8691106dcdd295fffde344b1f166e5e18a589d9cf6a29c42	f4659b641c5a72aac12631ed817daaf457f9f0ba68de3e76a333c99d3fb3e56c	16	64
60e2f5cadad470066ab62b674249d9ea15de9efe01b00af549f51dafc5314202	e30c79f66b58bc2eb1fc82156d2926fb0a2af990627c469fcf8d701abd7e9701	cc9586f29ef7e207598f265eb971e758512b3bb07f5d32f68492349cccebdd3f	64	64
60f7795c10bae7c6db82f302bb88ac07dd59b21dfa6f51ba15ba14786697f886	27a7a0eccf1ede19f6f6347a10abcac738178e8cc1cd9e0b07c3f844ee669178	2d51f40c27034ebd92d1e7897db3625968cb50ff3169f9f67d33995b7ea5752b	64	64
61118799fc48dd0918cc9d960920b8d8ce41466006088592366ce135b6da8816	2ddbbb8bb6c7ae1bc68114e50e2c18093f3487e2b360b8f8e49478dc20b1fe4e	04be9e6d36e943389591e01daa082ba3f37257cbc6c44446f619f8e1a98af551	32	64
61294712e91a15c8417b02cccbd23551c66c5705457180302565e450e7d6dbd5	8d4f0b6cc26b10506e8e5e9918feb954fcf6cbad6e382e8f258612a7df54ca26	4c7f2afa3aca6f05e5865ba40af68105edd573bd734c2f33a7754081cf568a46	64	64
612f44914e9a540f40df36a6115edb5428fcf36ec38a5070ca707cf64aeeaeaf	8c05a8a6a48b1c5ba80f7a669dca8d2f777b7b7bad6341a0ecdde93127106fef	b6c95e4a4447ea7dbb9dabf807f5227bcc3ecdb53392e50ca25ad66eae7510c5	256	256
612f907c6346a27e52314451af945acbf6ae3efaa9f8e0e6084c2fac70d0f75b	e19bbab7f11f437b148f6360a691b32596ce8be81bcbbd0fb84da0a196186e32	7511e46d45f25271099dba4ca65ca506e74cf2c91f1bc4e8bc6a0f7f46cfe646	32	64
613d584cf2a9a768592a92c9e6f891cdea5b151d3a224e682bde02c08c602687	a88e96ba35406d10f6149fd5d2990c0e606a2b9189435afd8e7d10620bf27509	f049e1d99b36a17cc2e8f8e5db952bee0b4c2513888e1c2c6bc5fb366dc806bd	32	32
61418c077ee7b0eb9ce9be557f41f254390d984b6d4a5bee20bd3de2b5f5d229	adb83f7ac9321703c283b5c0143e9d4f8c6b5ed919ab866a6c6779dd403d0127	a85065af2e0ae4e49c7a94137529865675794d36ddb7c9cc17bb601d9645f7e4	64	64
6142992ede54d387d016662df1c748adbba3aa171ee601c3d3eaabca57eb2964	c1d9a48cb40784aea94ae113006f1b3b0ba06dd8cdb4b54fa6a96de608b0b0c9	11250eb48f0afe83787b5ea32337b595ae5ad0dd4304ca29a8407502ce89598c	32	64
614350f86364280eab7a1d0ab9113596074dcc43b295ae896e0eaf2a1990ccf9	1fd4bc5440026f6b7e7f3e1ad6b9865c683e6040e2dd72246ac7589051bd768c	07398405bf19fa1c529bf560f4c8384976751edf786e6aba0474777fb564cf13	32	64
61465ad7a31f04c06ea86cf1d4b35ad9ba15e13aa2da60edfb8606a86310d3a4	8b02025d03a817ecc4d7c9c3866e38744ae9735ca40612a210a3cca806b2e6f9	eb83cc13d46e075fe1c16cbd7f269dcfdcd5ccd710afa839a32ad8c261ccc121	32	32
614df1a1de33193c7d7bee5f9f65e219f6378d21b701c8ed6c12afc9d1cd2377	a6621696a2342d5391b4865efb6598e9150b97fb275844a6af611891b4878961	9895729acecb216eb8ebdc94e6246558cc52bc7c0196cff0bc269293b594f178	64	64
61540e0949bac42ed4b7bb0f088d59f763548441ef83d40396c650b91721104a	28696366c3e9278cbe729c5455f6b039d72987e7c5af8662818c87fe99bac6be	6ff1f5aea0ec4cc5bf4918f3cc8eb0bc71c709bc38e9362548222e868efe4b01	64	64
61555a29650a7d2216fb98516e0b98ecde43724d28e2dae5a467cd3eab571f1d	b793b7592c5cea1c5109062843e657a536329bb8f2953828ece8a218f8de0eed	41a1dd55bcfdb738d045f3d2e1aa3a2e92b0abb1db3d06b2ef5d55d2fb9c15a9	64	64
616d3b39d02e2ca1a5b211ea635ef73f1e9f9a0699b66bc890256289bf7cb861	0b19c4cf179508a1080a526537a8c6a877f336bf5b9e3551583b509f3fb12924	df7a51cb5492fb97688d9c8a5d9742eb3f86122cdb937e6aca03be8bd141736f	64	64
616f854bec03a9763a936243405a991c1f9ae0771b5a06fff1deddf7b14fb547	4399474d591f1f7f67cb7cd8c375738512d75cae8ec8f9b3a00fef814b3727c4	b47ce0fe4d868059b82d51d0aaf9f6c5d3d93921ec50148cbfb01c73c2dec738	64	64
617133c3a8c92a2be038d2e1687223a5d61167f1ac8e76b4f8d8a8f4c7f6d77b	7a9242a9dafb03b1d23d3bafacde4c2b72ebdb847212b35f0497183a4a11f580	14cafcadf2c6ef1968fe173028d6a6ae93bfa9d1549e7d3e7762b994f5006b08	64	64
617f9419ee2a3bad4a90316885e023e35cd466d0d6d4fea936e645ccdd18adaf	4c04beff4a836b8891343de32500938e1a033d7c6f76d9d8ad8f9200b25cef8a	cc0ea718472c63423cd280ff6e0a48efb6fa4693220a4ed53447a00731970d1b	64	64
618f6df501272f7477e805d6daa206dfe4e5809395532e2c0e26a8f11387e2ac	07138e8c11d19fd9a0fcb5593025db2035200e6bf61577b84bc683408001d6f4	8f20d514d2dbb2cd39a0b595e704f66ac54061353110140fc3fe3651a1c84250	64	64
61b1b9c1a18b996910e16ca1cde07a1128bb3b4cdd97028780af0db0e9e41470	aa2dd6267c80df48c20f10e499335d2aa13651a4e24f7b76013223c91863ac23	2f6f4b41c59965fbda554eb7d82cbdda2127b65a9f5d2547caa0351e7b22f0ae	16	16
61bd9bc3639eb1e34348f1e3ba34a5ad536e6d18bce26b6e0cc589a10731bbb2	69347431d3d251bf7d465321a9943dd77ff8ff8c62d4d8d5fca2e78620cf66ce	6681c233090e6e3f41309821b9cb55607e88f957de19b344ddfab410478a1985	64	64
61c30ef35a87b90cd68d19095c59a41632550fa3317198e1cdfadee267160dab	6a6e1c00a1a29482b21887e903bd0321af625ff894d3737d0c94ba44ca90943b	ee84d2f3974fd95709fedf99c47f41eb6b7a8c2ee3875ac22f0980e4e08e5b78	32	32
61c5ae1194678e3b2aa86055d04a16fa97ad1fdab21438266431f661c6854f69	894f65299c7162f4d962e26dee46fb81183aedcfc86dbf1789ae6d0cb5bea8ba	28013fe79db72482198147416509113bd9c44e3127c1e1dac9c895bb1f002c36	64	64
61cd0d03f186d4d702e6877ef0dc84f45762ced3b6b877b55c517f7c2eb049c3	a66b6e6d62c7e009821b115034232d352f5c1a4c4469298b80c9f592682f41ff	865b916a5d59139ece674ae71fa74794d21b635ac910b6744feeaccef6bd8203	64	64
61d31b8c5829228b085c66d3225a42d90cb20f5261c06358b75e715c1bc1d5ed	f0e00c729849f125d057b504f0b2f4747ddc3c8ebcf5ae0786a9dcd07e1e9112	26e96d724daa6c132e141f46742a71267acc4f49d305b5e457b54a87ae6c6006	64	64
61d56383610adb57a6243371e9944162b97aae8681ed2878b0119fcdeb84c28e	46ba4c2d1e94010129435ea4e7ac907f081dea4f119c145d3e0034dcd7cb14e5	84172ff8d918e357d6de31f9bd64df60848c02db206f489e2b466c2cc459989d	64	64
61d921b627a93b1cb95b2416281cc30d1c04a338816f18c4ae3d7308d54eaf21	bfd0d65596e9a9ea00a49b1e1fe5bb0485982998a774e6ba1447ee53c8e2f2ba	6c147898ffed24edfeb8b087be5d60d163293d8d2ba442a98a76e0b4912a437c	32	64
61db4c2f2d23c7e6008a0658c899c42f7cb4f78cdc88240c7b1230ad14d888f6	5d99a5a0ffc250b20abe121389b768e4bf404bc2de62f7248167ae6dd32ac62c	6719e6aa6784cd5402a8e69c3178c2cac54aaae360b29bb2330915abc68efb5e	64	64
61dd5aac8bdf5caaf8ba71acc2f003e6b709b8b2b44cdffd741a0038e3247923	1f638b33a451f8f87af7d29c7da103a6f4320bb4f829ec5da188725ceb262771	3789d5b012d84b96388dd773e30bde701e211ac2a2fa9e191a7af29aed98c26d	64	64
61e7829ce204b8dced1f5704e11df23331d32fc789485f1224bc18fcb02427cd	26d255cf047051ccddd32ee28e74020e4dabde8e0566f9c9dc9dd159e9a8b1f6	51df42db2cf166e154ef37c64e8a0831cc745829a680dd128144fe332165a96d	64	64
61f1d2080b196f10ed870acc77a00ca2e849d26ea87a4298e49995fe33850559	7ef1504232c8206abc5b73e55a7fa9d8f831103ab73076bd054b2b4a757fb579	a9128e58a1189fa82b449917587085c428e850014538ae0d16ac10de68c20283	32	24
62044367fb2f0bfe03e27e7d5257e20c198da26d9708985c6263003b88827400	cb221ca41518c3111854dae9678a5bc230c4fe84b0ebbf860165f2739b82db11	74b974f4a697b39d8c194faa1160c571e7f9bb4eaa611b25d1d8a4a5c0ef4c20	64	64
62062385ebc9618e0a8d278fde379ee57964dc7617da2bef643b11f7da83d5fd	a6621696a2342d5391b4865efb6598e9150b97fb275844a6af611891b4878961	9895729acecb216eb8ebdc94e6246558cc52bc7c0196cff0bc269293b594f178	64	64
620fb83e0777be968d5cbbc79a539a68a62bc8cc05dc5eb53fde4b3077cfd4db	b8eada978193a88f6544f8116091dc1bd6d8e70c7377772ed40263d2c344afc8	4afe5520c55bca1ff726d8b8edb19930ddfd171ccd03732460268599c5ecdec9	64	64
62329d9abcae1d74a18d6c52a4a5e260413b5254def097fb2cea7a6dce53344c	8380ef5c2e973adf982a959a66f8285c29a4cf1a684672948b4cf0b6e4e29add	66cfef9e59cf15dca7163fbfe44710bbf9d53a9f65830d095349f44ae5bb36d4	64	64
623b1ef61664be1fe3e7ff0602117bf25fd3eb061d5cd43e7a62643852450021	27593ac2af71eef2c14c2097e9c25a52bf14a3d8385154a7e2517ac7c313ab6d	a49028d50c411ea0df0a7653033ff07dca4213a548f3925b280fd2d1bea8c8dd	24	16
62554408f03caa9f2ed1be0747a881a810e355f1aa9ceacb91e1e71b361c768e	d592504b1a731012c6a87b3eecced2dd43dc591b7bea53eb7df765e6f1b07160	b0e72c5bfa1e585ca55097f556331ed08cfd406ac2d40a0b877d2b3c1ae5433c	64	64
6256fc61ea7b16618b7cffeefaed85b545c0702a9902a8c621b021f1c6b69d09	e0d12aab0f907835e4560f75eb91a516921da79f52b3814ce50c2a9b78aeaa36	74fa9d7654ba0ca294c9e77788eeb484b39a207841d635873435dd85f9d59a4a	64	64
626549c8cb39ad8d4c997d91b5c9c1dcdee4eda7f116e56e677f1ce00fa989c1	69296dcd2ca8924b35c9afe6bedebc7333a923a16ff3ad0216d50b8f8a46fde5	2a729a61f3941278ae94cfb3a83187607d5f211dbe39fd459b4d86fb6e2cd7df	32	32
626b1f45e35c3f11e58d150d96f7eca0ce294ee37c8f1ee022626685267532f7	0e450f39c55ca257718c5a646addde93c7e962e168f6984c59235d05a8ece834	0d1510f5f30c53af8017797d229f185475964343de7f9923ec63ff115a83be02	64	32
6294d5c54c4cdf67c6f5aad87f9440d20be7757c7ad7e28c6eaab744ba8a1b6f	697cbfda1a3feed4a48c9bffded7d759c504a5bf8d40adc336a1f03279dd793e	e0a600268e4e838cbb2d645ad9b64530a4ccac386ae25907aad6d9f68271b733	32	32
62b4f3c0d9065e379c990da17264734caf578d87ed6a738889486f38c73ee240	543b68cdc9a376cc1b3c0f99742a2696288c78efe1e6aaeae5064707ea03bcfd	e25ed8227c7231a95e10a40784c02e8c85d4e59591fa9aeada0518f76083a2d1	64	64
62d189ad5183e3ad1f77015ed5c49058c319505f184f7b3036441e7dd49a2fcb	e9db7d0cd29f1313ae447a3bce11bbb2e662656dc94b87aaba6d1bee6c40b6fe	20260d0fe17969b0612adc0c62717e4a438eaeb88ea6d02ad872ff44da9f774d	64	64
62d4811200d3bf36a5637ece863d8d2406f483b18ccaa0249f19c80df8f13ef2	34d2145491e0ded91affff377f4c3ebec862dbd65f76d40dda0fde6954300bcb	6bf70f361ea1e3468279f3aa6ca9e0a13e1e8e799c8877513d595931c7884a8a	64	64
62d8086eeaca1b33564a86e32e529c22bf17fe29d9a4c0087f40fb7fee21f199	b287c16b5d9471066866e2b640b00da8b5caf19fe1bd2f6a505a91db15f253c0	a72188c2669c9889452d60eeed5070915e7ca0d8ad547cb605c69e0887cb7db2	64	64
62eaa4843c8ac141fffb3d9e0d43fb32da9f7edcec83cd0ee662f697d84e854b	f958db8f7845600e038bf1409f5a88b6f4347627c7877caa107d4890c326c3fc	4b2eb1854a86b0ae98a268701cf54908f9c2df32d0540d52077841b9845b57ca	64	64
62ebfbbd7f2726945a7f80529f665433ccf5ef88e73a661adc3ae217f3d9302e	7ff813fa05eb4d93ff3c97442d49621840bef906f431e850a6569466e219d7fa	6e7695e8a3f506b22d1ec6a207e94c07b703f48ab9e5c7d37fec29b8ea88598a	64	64
6301d80262715d4fe0cc9db95ec5fdd46a91583c1635e27559bb4b59a6662fda	f074436786115e7687ebb8beed9091e1b9b2a0388ce38736873525f1674e4148	1bff54df705ff02b2674282a7eeddce9a7f2db92a4fb2d3febd6a2c72a6c71e7	64	64
63050a57bf9399810b9a2ac7be10bb3611bb5713e8eb0b0b12000cb6c1f48b0a	f2af664d75683ca0780f0dd4f0689bbf62ce9ef5bf4fcd3cd21388bc7523a9ef	228a0a6721b882003f70d27e3b8061989e14deee6fde2e4989dd610d238e70de	64	64
6318c02037cd31b66aea4d5fa07abe5562d3e1b153cb67d017826a143fb971b4	22e878431077ce9e1bd35b0d96400588e82918736386922497e7fa6536de49e7	cf59fa2ccf9d241fe90689fd8cbafad5a1a3ff86078d3a61858acf7e1a56ade5	64	64
6319af982c311bc95b9982abd5444802c66f93f1292f27a221096d0d7a098d9b	090624768930947e78cf24ea982ce5f0a43651fba7ba983243e300375073119a	c8cdac7286306c36256a5fbe5545909463732f4cde459a80c6dc447c5e27a905	64	64
631df3a49dbab269248e3100b1379e783e5237f7dabbb504eeadc702d9bbeca3	27bcdbd6cdc3c225900050a82fe8fcbab091d1592bb87311db53b7848e54995b	b5d56fc9afc76c951536a5fb4ff0fa9c50340351c8ac0efd73198532de38b6de	64	64
632228250b59003b7638a7c5be566c321a629e0a70602cb9e6c707923e055291	ad9628618d0aab1c00cc44f85697c7ea0b807ef58da940352d4526eccdf1aaf1	4d36eaa8885dbdd15d4f6a23cbf30d4d6baedba0a7c0390e821ff4de08d1d88b	64	64
6336a310f432c5660b832803de4a3592b93f09cc5bb2e5a2a57845337641f6ae	5917bb08e64bf20cd8eb92bbd49ad72a8e0c4e7ee86384a6bdf2e4894e1a9458	ee14693404d05dbeafaded2a013c8412952e5960daadebeb14b98a4fea03ebc0	16	32
635ce20040a199c3dbc128a00f8f37fcecede708096603ab90c8c2e5f1238cc3	0952ae6a008767758dabd97292ffbc9399e8960fba950519366ce714031d771d	338f927c3ec0ef7490ea3203a2be95aa42e71ec96fd42d326896469f42c56d72	64	64
636874052b479b906993dac16e7d044e10a2471f328fc92cb714eb6c6575a6c9	7a08bb1bf281d02eee55554f692832442f843d6888e668b686a78d5082b7b488	b650dd8dc88028c59d65fb4b2de3fe56e0f98f6bec9eda7c04ebeb75bf08f766	64	64
6369123af6f5fe3896abbe120c8fd953d837e30bcded7d98ff0f9009fa7bea36	35857609085d1a335e8f8f71c8d75ef8fc3f1f982827cce1ca2032c81affacd4	4b06ac117c1f48430dfed1f51f2b2e80af0fcf2ec1c6c5789190aa2562ff71e9	32	32
6376cca7d16fff565fcc47cdd7349dcc51f5e26956947c92fbb5ed35ae94bfc7	1c6df7dcacc0cca3e964195a6ee5bb55e5e9146d3612687b0f6700290bb4cd46	ffd46f58740357d9645a8cada7a4eacaf808c0bbcf4efe989a36ba1432e96db2	56	64
639da795d18b0e5a511cec6fea5c1934bd652a6b61cca415954ce5cfaeb89747	07138e8c11d19fd9a0fcb5593025db2035200e6bf61577b84bc683408001d6f4	8f20d514d2dbb2cd39a0b595e704f66ac54061353110140fc3fe3651a1c84250	64	64
639eaf1cd5d0ea262ea2c7e30b41643bb00972887397821c250c6770709e8151	3761d6efb92944b515d9def0edb5166e26d9735ededbef75864b37f12dea7055	297ff7dd06ece098a9dce3292b94f5d570e579768d499956a31c81df74e03c1d	64	64
63c30bb8eee31f8ce6e955a00d94eef13435773aa268e6a1818ae1c9ec2c6f8d	a29794aa35faa9fdb75a6fc3631e31bff3db68d1e7ef388c192ed5e4ab875bcb	a14c162345e5cc087fe2df7763cd21988d6aad8c26a9e51376af3398af2157ee	64	64
63ccfcee1b60a37d187bc0221873597af77b030fa27e47d6704d2db1ad28c4ed	b332c82e62f72d6c1f72ef6ac2134fcd6318b3b9b7e1910ea8c35c4c02aa1173	5dd98388b021fa7a5a4cc61e4467e5e14e5e61da430b0ce6691eaf44e004e092	16	48
640d2f597acef3fb88815e7a5d27b644c20e94d942623f0cf474edac8cb64457	20faf3d764741a211e52c88570ac14c6a75b70ed8dec1e75e29036b113f21280	55d3a7ce0deaf9e482d372d57334f79d1f7c2319382cdc874199848715dfccd4	32	64
6449aa550465f126ba8a5ce4412696c181ed378ba33dae71ce0b0e4991cfb31f	d777c2475d5b258496f68d05eaaf02c21da9b1f69b5b398ccfa2fdd0b14f2094	42606cfdaf81a5b0b540c2f21723fee1e3dee8564cb6e5f17c1349cb2928863d	64	64
6449ca6903624e34db158d738e654c6de5e466e3490d2a17063a3dea03b6913b	aacf06f6d33991d0edac5630d8d76e73e9a58161e434a2621671c1b191231090	3477d9c41176c476cdff40ddbf3dbe90dcb8a28b8f0cbe39534708236ae79c3d	64	64
6467acc1d3351e86c5e2772dda9cca351adbe60a012472efc0e29beae481865b	5bb68bd38b589d717590264e61616ce33050954145ac41bcca4306925864949b	3c4651c077162f09ebf121fcc8dd65584850360a9f716349468422120e492998	64	64
64736bd2f0beb5594c34a067fabecc1b784e59e10a462174b8550f31d5062fab	cd9f77a536757eb028f9319c676fa745c1006f6dc80f8540f60fb89e60c52073	ce5b38e768ef03c94ac2d2000a519bd6a9999bc5628e6fddfa966c8cd424431b	32	32
648a95b009c4878a88c6ac801ae7dae021dcbe0ec4150960777fcccf08ba2ac3	f0ed82470229bba7d6373782ac1ce233abab5816a3b36c9bffd07554f4767a88	89bda9099e43c1aa8f8de29a058ccdb123dec474cba440513ff95745d988b896	64	64
64987bffedb9b2243791a8ef3f73b440a208489d530d37f17c5832033762e16b	be6f5bf23b3c91d0acb9d1e0dfc29d91ee5564b1e149a72beb32479d21e908a6	919a0652aa1e90cfa924fa4b6f366c96ae50d932e728c296c37d9b90d058f4f3	64	64
64a501e4b905e257ff6a53692822834df26d856312eed70d3118f7eb9d4033be	7ad7fe702141094d295cebc31dc08c5e60f09851804ad8ca4476f64cac7c9519	66771e8319e70d9b0147626b377fc348b768a0abe904ff0f3a76872271622746	8	8
64bd73f902d6076094a95603e7f81effedc8b535fb05dfdf6169b0a81d24d3ab	2518c4d2966ffa0c3607e8ce44efa862f60a065eac5a8d4bdbf3b46949647425	db552eccf8332e6684f63a1b48bd4fca729226ecd100fa014dc55a6f67fe5e07	64	64
64d5f0a440ba6e169a5fe08985300d8b2ac15f754c7fb47ebb11f8facba3ff18	54651acffbecbeb8fbe341b4db768e18416498da49384dbcac837335c90f96b4	30304185a9977392e09d6113f376f0914eba7bde4d85dddb1756481f62daceea	40	32
64f09d876fd1c479ecfcf1a8867ddf9c82a00a0eba80ac6e0c1c6ca2b104f1a9	083c1cee4c662db3e34b9868f6627d603d033d8c24633ab29dbb0ecc569f3b4a	cafdff970ea278f1fa08301a95a56a069dbadf6498a2411b5f5f54ad04961d4e	64	64
64ff71bf8f5392c6cb7fc6136ac35b1a82d7c78dad8bca455403656e9245dce5	bc066884e3c147b46bb1570609741171d1049fb5119d99eb2bfa65709434e5ff	98cc3b1e8b37fc5d0ab3a6c8e2da4f5fb90337c93d86ada3a73089049f6cf8fb	64	64
65060636cec91d1cc4216932ff17c367e2b491c39b2eae4a1ad446a76fcb2c8a	56fa7ea6709102c5f2698d125b56fa7191f5191398bdf5f9813799b562676724	8a06adeb10e28b0c5beb3a5b1f8ccafc05c8da4ed38a46a81d21e32edeabec7e	32	32
6519303c846e8f6d54673202ffac3c899b874c57e148269f4e91c44c67b63b46	62c263e0dbe713e17b80438272890737ba7315475531a42b94ee9ff72e0f2287	8a6fdcc85431052163fa35ded5323ffc789b7a365ec79b84e0127d483fc01358	64	64
652a3a5506398add4fcb62e4eb4b3c72ad2da2cee756a40b3a15ae012d4e30ed	c7327dab1366b85a033c38d2ab726eff28c7373d23da90fe7693f46474ce53ee	3d0ff75e8f4721029174ba04d0bd2473ba3928a5ad370500026e2304a4e3dfa1	64	64
653369579f2664c626eda5378fc22530ae9848636b71d14508f43a9b23aeb522	7f61604b3144f1d9b9351cf1471119fc0777307837292abbab19582c2cad25f6	a628b7b4e5ed1063ecc522c424a347bc266feab1513b0aa261b0420a1537f9a9	64	32
6536151c481bbde62e8927191e3adfe51f388cd4bbbe04432b336da702707403	530dd9d4aa87d93f43b6c820ef42360e4cf5172e404748d34f66bf864074d227	a0798bcfefd43c75b29dcf0162db661e3c0b691b564d8393355f3dee44e5585f	64	24
656fffcdcd13aa52b9e742c32446372e4f27bcba92e40903273f64a633a479e4	8b82f34b072baee1ae864b3b3d1b27fcb789c94bb92086bc56672fe34b9fa2f5	5b315ddf60935606da08260e8f8973e730670913286b078b0fd856b59ab2b981	64	64
6572f52ec44f7f038acede448b3016c0ba6ecc5476d497c455a1650a983aba39	2cbaea2737bcd9d33f95a5ae80ff328bec0d74253506d61bfb15d08a69f7b523	614017efa5958c69a22f473c8400850d5847774094e9a6801bfb9afe02d1f17c	64	64
65858fa713d4c116202f3d40856306f62f129493e280bb473bf66a1431c567c0	213f377c2033c438ae2725e897bf54559633e5a096b2392f7bb17e5e14840b4c	d1c0ab87d9219f6c32e9b73274334e2fd84c1568683b8063a81b9bfba5e2c0d0	64	64
659536b9d10c68fc6b01dfebb74763cea6620ab221c09ab675d145b4d44067d0	a88e96ba35406d10f6149fd5d2990c0e606a2b9189435afd8e7d10620bf27509	f049e1d99b36a17cc2e8f8e5db952bee0b4c2513888e1c2c6bc5fb366dc806bd	32	32
6599c0d3cb43ee9f9977a57d048e3f678e453f13471d37c04a279bba64323a02	7007ae6af47573581952d3b9e641f67e7b08c8fcd6006c9691bbd7079f387043	99b7583b90082fbd5484ebdbdeab15fbff68e541761360ccb06728775a79cc1d	64	64
65ae3c6d2bd4a868081a0c6dc7b210444edc6675de17099fee4a933044f76ab6	18e4ed055d227f0c95562fb8cc42fa33f1f438525038a189a71252410b8b59a7	fcd0f84f2007974806727665b1891bc78b561629e8aa23c43e7629261b24b387	64	64
65c8efbede8c577b394ba5639e2dcbf8b5398d0c694c03caa2854b18486abc8f	75b1e26736c5b90af8e1e943f3f5dfffee3e530bbf84d4fafb35a615591d142a	1239e2356110038492bcfcb2e1fae36de69c9f2c6496ebe378058bb8d1689f66	64	64
65cbdd67cd5055f61e3f730c129fc038a48c0d7038204a360bb2ecfc29dd5766	0ad50b14d602d23c8afc241552f0fecd671109ed31882358edb5790901d0f6ee	d2dd87245bdc75eae23e82d1f09f10284c5339e4926403e011c06395014477fd	8	8
65d637f7a209b5dd50e8e008e50b2f2f7bf277782b97819676b7752d2dda0aff	61b905da9e6dd74d4c989a86444da61dba7da2f14a74504a58a67aeb1c68f5f0	c59182968f4b290e0b8805d9f71fba58b87e247331ef8cc20f1704f8ddf3f2af	64	64
65facc449948bfc3a3c0c28be1e49267cd071b75aec1c1ee3fbaa72c3ec112f1	a3891f850032440a2b75bb9653f8f164d3b2b661e72ab164fc63161bc9e34987	9033fadef67a07b8d2937ca4ad9dc9045180d8d17bad9eb6bc047cf0596c86ba	64	64
65fcf662b651dfaac9ab5489b27664719533c20315a75ad2e8440cdf30ddd78f	4cc40fbd841333c91e4de091e93931c809964bcff53f80c331829ff00657c6f0	cc872249c2ba0fa8fb930104ea6c7dc79d7b6a492efd8f74c62c988b112db3ef	64	64
65fd61bbf691652be06cc5f921f3c27aeaa96d910822196da4c7f0f1547ae996	783a4e26ba4a66f5522484dd66f8cf93ce181f8a6ede42ab81e480c2534584e8	e09e6970a575e62930ed8903bf646e33f4e2577a1542596797d71d94810ef8b2	64	64
65ff35ece94ac12e01b271fbefe2d31fa588de65438bbd00c63144be18857797	f0ed82470229bba7d6373782ac1ce233abab5816a3b36c9bffd07554f4767a88	89bda9099e43c1aa8f8de29a058ccdb123dec474cba440513ff95745d988b896	64	64
6607b7b35ad335069fb96a5d4d54ece4ae4392b3fdee127f8355749b06b046cf	e0d12aab0f907835e4560f75eb91a516921da79f52b3814ce50c2a9b78aeaa36	74fa9d7654ba0ca294c9e77788eeb484b39a207841d635873435dd85f9d59a4a	64	64
660bc8a0b08ac49962147d7b569e29ffd8ec4b23aba57b95ce8a057f6bc9fd1e	07dd7f0a1e624e8968344cde25d2e7000df4f8b7468b7b21597603def54a26e5	8e9e5bf5fab697b31ec004a80358f5df59db5185f1089ad7f29d76672964a12c	32	16
660dc1a0ae690a0fb861ffe50fc31b5fd39501a060c35131c58ce140e680ab23	7518110f1762640669a9a377cb6bbd23ab175086ea60d1a8644a8f730b22c7e2	41d16815330da1aa4c8a38ac0549c556e6275ff87fd76f3fa75199d0357d790a	64	64
661106ae68301c4308c27b94e6bd44ed5c7ba905644c227feb68260c7335cd44	9339b0dec59291519e45d0158a783c247fb4e1727baaeb8655cc6c143ef7c489	fa807d08bdcbd2ab0bd8a73a944afe87ee0ea464b6150e8f6643d96218fecb4e	64	64
6617e8c6764b98807fd4694c1c2312ccf501c270d2eebc875e2b3db678258475	dd0b7bf7f8a77c8d694e99fb08edd5857d2e46ed6c6e6e380fa19fb7f047cde5	84c7462e226e545cec8615577925d86ac0369839521358758307ded4c0aa3f65	64	64
661d51cb26609ae4380f7fa839f8fc3c8081831e03d050bcbd910ce7852318b0	cba27ed253bd3bf958e1fe8659c9225b0f9ecd14532a5f39dd0d990ff6e529cf	da7911da64ff3fdc318bb017fc927a0cf940d263928685916ee97fa808dfddbe	64	64
6677c8aafe495dea83f5d2b8f106c113fcf659923a4ea8690fe5e09b29c65cab	7ff813fa05eb4d93ff3c97442d49621840bef906f431e850a6569466e219d7fa	6e7695e8a3f506b22d1ec6a207e94c07b703f48ab9e5c7d37fec29b8ea88598a	64	64
667803f6ff04f68b8335a8bc6b7ee5445ff8a3840358cc2657acdb7a45ae6e67	22dbc22ee1d111eab9f8ef2f2642e138de2e5608db41edfbc34f9a80977a092d	a8957ef259872cdef937445ebf4a6edcaa26bfce3e63f6b736f649b93cfde047	64	64
667990780335eefd76cca82bf9ce032ab47585cff5ab80d4e15a9b9e8f8091a4	46516cc8d0e77b27144cae2bc7642e7b1b38ccced9db9c65848201dbf1b47431	d0e73d0c7ec32c77a1e5e8f0668eb820c441f4fc93059456a91ee7d903bc7f1c	64	64
667fd7f501763abd29466535ad6a58804e488ff6910e5537287d70c6f7ec7163	abd473465b676f63fb08c395b00516df8cae0a52ce86701067075341fac527fe	1db8c3d861b42312509a2f65b2b7f77da7f9228246343972734333b6c1acb0aa	64	64
6692ae5d66d8f7d05d51de60713a7c76de86fe68d3f42ecbe3f15fd63dfe2f16	71b1998b6287b7cc62fdd11f5ae7afa717ca452fbd671ed1ddd79e6d84c5cf7a	da38cfa4878a93afb5b95ccdea3fd46a5aaf4f36e05b51dcbebe2e3bded64a41	64	64
669d0b9fbc870b1dc2d1c91689b9b0aee708f91447f510ff9df5f9679d257c7c	6ada1e74dceeee670420a710cd5cd5f97ed52c87d4fccc79d7f3def738c79cdf	6069d5af9ce711381c800aea5dde45ab760c7179b091759454c0ff5c3dca1e58	64	64
66a5de66b21e385f11236e350472fce64593fb2dafd9761121c03b1cb73500e4	69c91f694add996f7868fcde0733542720b3947f62b01401ab5a9cf72cd7a009	da5d4ab98e645ec4876d7298e6c5acfa5136d442b0c1105dd837fd7603fb83d7	64	64
66ad695040cb54f5b534eb12ba86d8b90b80a8f0bc023c8a87651a1f9577a908	6ce74e80e86ad70b2f560d776135ad712de09149653dd86ee8067a2829e5ba7e	3f43879a5370efa6a1c8d71edf7135c4594420abca42baea25e9b87b6073b141	256	256
66c64bf8f9f29e3b236467a3b55048d9b9afdb8ce59804d1bc59f0cd3dadcad1	0f4c95f44190a9a34d677a2bc22bceb7e818b849875efd479372910e9db55757	69887ac0f7246766840983842a8e183530dbdd4759f4d73a04f931a7067182d5	24	20
66ca0c2dde124587b914053ec477c5cccb545558930bdc9638bef77811caed28	2b77c8804f2bd626c1e19eae8e2b852e40a9b8c2825bb19926fb3e031ad0de15	7cec1cd0f38f06fdc78e1891f7eed759af5f27fae4537d4cff0e8df7908e4d1b	56	56
66f4404841d61087744bf3639ba4f962747b99063100dba09a7d9b18f92ef19c	9c94ab481244ff3400b98a36aec77b8f8d9429de2e32513b55e72d39b5595da7	cd7431abb211be398b78fccded3770604b7f2f4753d54b347459209649bd5c70	64	64
66f847031e0fa89e1971616e2875f9c2b4502e4fb9ad5ec03412bf7094bd44a1	e038fb25cf94b6864661055ff9c4397cefc2ebbfe04a6111853679807b2dc098	c4dc171a17e6374e22787487e037e39d4f4e314c7a191879d8f5555b01e05c66	48	48
670e312f77efc01c9ae5c91429cfda62c4cc93f46964dd63f65b509b83e3868f	35857609085d1a335e8f8f71c8d75ef8fc3f1f982827cce1ca2032c81affacd4	4b06ac117c1f48430dfed1f51f2b2e80af0fcf2ec1c6c5789190aa2562ff71e9	32	32
671bfddbc8f83c45725d05f329185a819f842af55bfa32414b7f05c1f747ee9a	76652453e74ca985dfdc2fbe1d6701d10ccc976aab69ed5f3e1daab5a17f541c	1bff54df705ff02b2674282a7eeddce9a7f2db92a4fb2d3febd6a2c72a6c71e7	64	64
672d1988b1b8d2eee457ce5f967a1c50b2760968e3cd23201a25ee1b7587ad3f	4250b423a59daedb5b418111da92e7e5b8ed1b6fcca78165417730ba24153bea	456435f78ca9738a8f87eb9b80367815afddbe75011f67b571bdc672cb81a6f2	64	40
673662f4641124fcb429bbe0d7f0e98ed51812e429d9292463c3d768e8f4a03a	876838e81674ab7697de291df0123fba0cf90d098650d26b6027238384ff4f09	d9078d02e0d38df81c534712f1743a6ef1f4717a1028c668b31943fa130c6b1e	64	64
6746a7ad8eb7ef0e385e297a9453680eb20849842835196198c6568e76ab472f	d8a39871b61d3bb9bff2eceee6df9a912278624da6346075bc1be9a0f8dd1545	314db6767a92c2d90b04df07454b489405a13abea593141c5270a622577413a2	64	64
674bae98cdd9aebd148dd5fd32a3f956eea06f243fc9e6e984da1158f2024cd7	b53a15d227832e966b199d09ace448ba6c8693a7cb239c85277ed70004ca45c9	84191795bdc08f252d0216fa7217ddd739d47d1234056a09a7c4098e59270062	64	64
67589ce191003d8a5ce8b2c2c81d33147a05812ca97e9bd1ddff74f0a6523ff6	cf4b2a39c9d192a9903e94bfa3917ba7a13dcd4b9b86b1e5c297d7821ab307c0	9a68e4e5f6e184d4fdb1adc9ab9c75fbde8b3f463e89087a58e14db0cb6d4b4b	64	64
675f20a1b9420e3f2d231526183e701f538f21ba333bb37e5c6a267bc3159e2a	b8c78abcf289776b51c22a09a9b64f1d0d084566c8dbaea81ea1b6dbaa8361d4	dc7977e38c7e8ac6d868ee6b0230499e3ed3791fee0c6e060f48265d2c68d664	64	64
6770e1236442cb826021697d62066590cbbf25026097e2fa5d97b639d3792035	a18b79a3112a9920f4e1f6da8c0bfd8ac21dbfe0e206ceb19666c1c9690ef5d9	73156af9165673db1a6d0bb75fee8280b81d919f65dc6e93ab72bb64a31df58e	64	64
67a67cbdfb0dd0e7c846c153b17ce83d29ef58150612adcd3779bc8704f21fb1	546f6faa96d8a2c0e4e5b387a03f96d76c62c833121e52bb74f2a732678c9eb0	b186da7992a062e57ad82e733cf74689007619f02240e3526d39131f4061bc53	64	32
67bb62ba2cff191285c12f55fc4e38a45b33319a6a1113846af6fb751c52e9b8	6b22a087de4fb21b5711808c0c204cc8f4c787324dfb77f1ac946d3c22e2993a	7fa5ee28cfcb3c76f3d74b9302b87db12f1c17ec40eeecf138667c8b8a45d4e5	64	64
67bf33f5e7818817327fd20144d1d4e1946ec02b88393e72dd3c85b1686f18d8	0952ae6a008767758dabd97292ffbc9399e8960fba950519366ce714031d771d	338f927c3ec0ef7490ea3203a2be95aa42e71ec96fd42d326896469f42c56d72	64	64
67d842870b29439a40afde7050146dd344ba0fffef807e32f5d725d6df1ef8f9	33bf0152e2ecb0e3cd178b9303d92c33e56d265d5cc73585641acbf289d7f4f4	1645e099d3928226127eed54d001b242a4cb57465081f08efdd288ae050f9db1	64	64
6814722597e77cf6e5fff485df82cf2f4d8280063fbb384ab08af9b763ffded6	5c872bec49bdce1a7ae8e9a528f2be9c4a68665433e734a7930537ef29a8f67f	8f800d3cf3ddf0a7c14f1e173f91934b2da03d5f114638eefdd5c2c0529fe01a	24	56
682115bf70d45edbd3fbf034612f4ae9f8eac9b16f49487cb70f37ca60af9671	7993d1f4feacd5357f5bc05c14174c9b439064522a29e9a45ff16c684cd49e36	1346be867d7f2004a183559a7cf07a835c0af46cf38f0370d56d66bd3f989e63	64	64
682d4ba6e7714bcad708d85bb081fde8da9498fd846fac085ef5f078dac2389f	33bf0152e2ecb0e3cd178b9303d92c33e56d265d5cc73585641acbf289d7f4f4	1645e099d3928226127eed54d001b242a4cb57465081f08efdd288ae050f9db1	64	64
682f43cfd2902640edd88b63103a7bd285a45e659636e34269c1f732538075c5	a1281d7938036b8273d0676383bc720600195f03b29cdc596f3ac0dac03e38af	20821d0b0634a51e9db73296dd87cd77f0e7585cfee65c46771b639b646bdbca	32	32
683eba1e0e9ba0d8b1935520555a6119a65640e90425d0cd7097f4049102547c	7a08bb1bf281d02eee55554f692832442f843d6888e668b686a78d5082b7b488	b650dd8dc88028c59d65fb4b2de3fe56e0f98f6bec9eda7c04ebeb75bf08f766	64	64
684d2ffe04096a8316b472a1add8c78a641e245834111c5c33cc51838668a200	4eabc3ed9450bf68dac8f2320d7d276055808e404e6e9f876afb0d183efebe05	862b75136167b32daf3cb893bd0e56f41be975ec30c91ffe8e7cd5df3da344a9	64	64
685bffd80a277dd9577226d39532f3387510071b429c6c52a132813efe57d40c	4015b857486c7d3bc71e1bb9faef9b1078c3137511218859b9b09f0d897f40b7	82ba163a49900a188c86dd0244db817d97f70704cb5292f935edbe2a7803425c	64	64
6866f25a6fc06b256a7d40fe435a073066dc7793d85d16318a04e4135ec00167	657450c24a259b28f1e71119f317239d94d0e8786a4bebaa443ab9b061c8c89c	9e2f55cf70974b9d1d19c072e0cff7978b5e0703c47e47d5765ba0fcfaf632ad	64	64
686cd8a19f25cd65dfc050d312465e5ee8dd14e8c027b08289a2577e36d247bb	659dcda215f71f1febd60d74ed8c53ea3642a2dd95d96e8db1decb0804c1eeaf	10b9a84e6b4e6fa6bdf2841670ca5b5b79358c59ef60a7ed0f9e45dc17c47f88	64	64
687497f92ca7ca0b45456aa44b33d56d8529ede5d477b55ac1d38b336a5aef6c	27025b456e16e214e1bcd60e5ca5bbad7809ce3f43ca52b407c7e60bf71d62cf	9e458be718a690a810e5cd85e17145867ff24d3e537eda3bbd29d8aa8448245c	64	64
687888e0e279f753a3c9a2a2762da503f3c2ae499489b74fda86e93d36a0e492	464577e72b2df2a7a86e7641541d50173572d032029c7e83193ad8504f52bdfa	c1b8bff213a612adced686cc6fb652d64a97eb6f5e640eeb32106c80a933af56	64	32
687c342560eaca2510fff56d3f3b564cb348618b35a48311ed57e6c1cc0d94de	c1e887cc6816a40770a0513050518e04378a429acc3f8c4956c49ff042b56abb	5c7c9164805c952f09b2400f89589942fb4e4b11a13c1cf1d2cfafd45090a84f	64	64
6883925415407948a9fde29bcb22096bd55f772b505fa02904468a9793246a11	1863832fbb8beca05a4de10e544fab3f4f6513c5fada1bfb8a0deb5ef6164185	e256be7264b3450339299eb022e28736520e97e2df4cbb33551e03c50345e048	32	32
68954eb129f7241eaeb030ac72ff170a3570c7a493d3d1639095bf2f297f56dc	cd9f77a536757eb028f9319c676fa745c1006f6dc80f8540f60fb89e60c52073	ce5b38e768ef03c94ac2d2000a519bd6a9999bc5628e6fddfa966c8cd424431b	32	32
6895faff8b602f09d55aa54ecf3983dd359d96066a7ecb60e212965f0593ad08	ab83c36675f5960c06585f43d3a594ce862f71bae05ae41bf1f2000ba1646368	c93d8f8b01c2275dfb25ba6e03464b01231885f511f1c7bd9d6ab32ce2b6d966	32	32
689c738c3f9dc72732f7084c678d409ac857287010a7639ac889681d7283670e	2ec41fcea22b9fda86ded00f8b8ca4cd95c3ee8a087dba44b7edcaa5692939e8	c4a950bea9510b8f496a628fe41916a179cd3c985aa7bb3c8241c66197742a5b	64	64
68a2030849cae7fecbf81d805aa437166b2979b1d5d587f85da83b60a9eccfd9	a4cd0ec708392264101703e60542ee4d3d29ed7c7c2f146f6dc08c71cc36f19c	e32d3afb6284abc7a96f35708855da546e85905e42c418dcc991189c7b23f1f9	64	64
68c8f3c4855064d716bc03f4112d9c8dab1c7d8630540e1d324d9c9208a9a464	9fe7b28611c5c90d8f97fc8963c778523188a07faf9477ebb9bafcc6ad70c9fe	7ea4c2aaca1a5363126899b48abcc679b47b343447263f2e1000d881252b0ee7	48	32
68d45ae870d2c583d58aad1a26aadae18d31037b67b36597f998880eb764dd00	dd36cc06ba3cd48b0812f1e58c394c3e444a74c890d7ef9fd81443c3f8d8bee9	556621fdd42a069a7cc7f4ab0d3a899c4a0327a9f68e4db7d294d9e803dd9d41	16	16
68eaf3b3916f45f8ba73684f9b51305b12a87fe6f509c7f9085c12cc593221cc	0492dc0fbb294c74d5c83f35122f3008d3fc96e6a4e9c12c27f8183a34c06cd8	29e81789c8e2c9e4de2c69b98ecd6759b4715113259ad91d1a26f908dda207b9	64	64
68f58bec91b7671dec764ef7cb0e9a5db19ce652038307abcbdb9cd17e1fd868	7993d1f4feacd5357f5bc05c14174c9b439064522a29e9a45ff16c684cd49e36	1346be867d7f2004a183559a7cf07a835c0af46cf38f0370d56d66bd3f989e63	64	64
68f71fd53888e16a3e652817c628056063fab96a011fd63cefa3efdbf90eb5b4	c95c07404eb03cfc130110a3b7d9d5b4a5de691899c969b84b795b63126d12c6	e0220d840757b40a779fa38612f7b73fb3f8338237ecc26b79388ae35f3115b1	256	256
690085cc88d2e14ff35128a00b2f17ab52fd9d03bab7ba9bf69d9bf4a7eb0a4b	07138e8c11d19fd9a0fcb5593025db2035200e6bf61577b84bc683408001d6f4	8f20d514d2dbb2cd39a0b595e704f66ac54061353110140fc3fe3651a1c84250	64	64
690783d7cb409e1c1ab4cc6fd79cba5775c7aec61d48843303541853f6e4354d	aacf06f6d33991d0edac5630d8d76e73e9a58161e434a2621671c1b191231090	3477d9c41176c476cdff40ddbf3dbe90dcb8a28b8f0cbe39534708236ae79c3d	64	64
6913abb429ce0b98f1e7be2ca64f58b903e2e7018d919c690b722f19b16c81d7	77d08dab9657a5bc01185a767bc03521ec542247996d4fd6c4b11fb06f6d3e37	4bd4b806869c7fa2be9b3ee0311f9d9e6de30e9bfe631397dea710813cc5fa1d	60	60
6917c10b91694f3e24c64562c394cdda65bcf2cb390811ff7cb0af64da0cff3e	15d48a65f9087f202b73852f0c827809580b713c55f8f10978fb45e1d90fcd82	9d4bc337eb86f02971921f79e0f1d11f2883eb903e0bb9caa4fefdb10215e8fa	64	64
692cea88e30a5ed85d08983e51d92a426a3952c2640ef91672bc9cef103c81a7	25e535d3c53530bb278c8c8f77d2f43c44a57e267240e0d665752e248a607a19	2115f564f3bc6c69497eda5bbfe969f77963a97765b2ea076d1dc0783e7f5f46	64	64
69334fdaa946a812c7652d6d11e37d08cac8990aed786cd34b18ec57a2a539e5	f30d1a6788d5827c9d2a584c75bc559877e84300ff502ca03acb6aefe75daf4d	2b0d75e2a0f2d6c7d8984f420d82820df29925bff75d7129623778e0c7fcad45	64	64
69477b34f048dbbad6e7b1b83ff806165dedab98f1527d0ea4c3d061f0c2e251	d71f1630b5db53d7d5710ab75273c36eef9176c3aa4f566700ec94f52b31f7ca	4e5efc4d3bd50417a9581573c1e8a0bedea8ad77589d61f7349d6b5afe98c632	32	32
694c5220941c3f2dae391c9a0cce1babf2d57f5148a6a8fcfb51e22c2607721d	2ddbbb8bb6c7ae1bc68114e50e2c18093f3487e2b360b8f8e49478dc20b1fe4e	04be9e6d36e943389591e01daa082ba3f37257cbc6c44446f619f8e1a98af551	32	64
69583b1285c87c77de7d84a68fcd1f801feed6c896eabe2800bbb066d720e3a5	bf2a6d0a7d29ad25ad6d831e80c0cec7bf69fa653b484daf1a18b3751df632b5	7d5e4edb35ef3e70451a0739a07c615097aabe15043ed6807c016695d3c7cf82	48	24
695976427f10d2441f875307df9ae636461114253d255fd038e8ec4a5c603e20	7681ebbae0003b4aaf040035cb247fcec261e8057ad6ee9fe76c9fa03843e389	94be222b336b0d85ed8ed1e7650fa05136de902400a13962d2c2e666d50a1c47	24	64
695d11ebf923665c309a3128ff153aceb1234fea33dd4c8f9f411cefdcff046a	953959dd00e411f8b3512b5376735bca589fa9cd230dd61a686d115946bfeafc	63e2dcbdfa5a4bb37cc46d4e01ea3736743c53b4a7a2a775c9147aa1dc034a55	64	64
695de3606c08ea638760234f75975b97d32562819ba01e332d872182f492088c	392235ca06805acd97996f625633c3d6bece94be0440d4ed4b27aeda3edca633	7616641ab935333635a2bc2127f80a1d5b933b8e92e816043f16ee8906bc3325	24	44
69610b79468f1ffe1f90b6cc7170e60e3d5810039ad661ccfa772e944686ba19	160b024380f1dc56838680d82f33eb2195b75bde4c386531f94f9346ab24c221	20a86baf5432813003cb80c28de16ee90949e853c7442a083c3f424a89876868	64	64
696e3a408bc6c9c492e1ad6b38906c30102821b1efca4bb73d8c314ca7eb9a94	7af310532010229bdf90c77eca74f07111419e44a21cbb661dc0f71656921757	e21ba8c4266f5689f80723f27a72b58dfdeb700fa46d7606873b122c82d995b9	64	64
6974c7926db3047d86b5367e800be4298faedd49102a6dfbd3fff226ebdd6f10	ad7cc599326ab787c34a1cd064a9d00679e158e0cebbc301c3cf6ab94d268174	20ca659b2c59caf3583956017747da733ebb2e66d1b4dab09c9ea0b1f8d45d35	64	64
697cbdeeb225d48f4b3e132ccd8cf6eb1e4b71ec5f7f915d12e8e509f84280ef	933bbbd70bb23c10eb81dd6c35cff5f936f1732b7b4e7e9e783723853e857f3d	a88d20ce005ade1fb4aa25a59912c35e0bb391f7ec6550039d15a47217ad0faa	64	64
69819c809c4c8dfb4ae0d4913aeda9dba03e66b00c1c32972e7a2ed6678f4b52	c6f7a5677ced81acc9d64f1cb2082391c639d640c9d852eeba1d4c059b8f1465	4f62923b9da9c3ab88a6ae75736ee128cd9ab5cfdf73de8aca3cc2f0561877e4	64	64
69960b9f7f0531503c5bdd725c1a913aa35cde1e67ac9d8cc27380438d01ee7a	9ee64ab9d117950c9a2d1c0311fb20da545f84892495beabd74a9cb822b15749	83df481e933d0aad7c910287d1cc513dcebbc7b2c79632a687fbf7ccdcb4b445	64	64
699e1c5317550c4e8be754b28684cfe389d628315c7cf8a7dcfbc3a1f70d07b1	69312e9b7a0fe24c6477e8987199dfbc4e75a8f73120854dc5be058617f3738f	bec5bafbc0f189be326109db49e5eb978ee5bc972e095a74844ae3700b0c559c	64	64
69a0bc491c4127399039ab7cc87b5453beaae36dd34468349598fbdad4bd625b	3c206ebb407ffdb525f883dea3722bb42bf641daefc166697ce88bced9b9e686	417d4471f2629117c337244ca6599ac7cb8c3d0841081594e139503e4045bb55	64	64
69cda7ad4fe6f54c6c3a5486c0ee8b026846a47e68857b475da2ca72b99dc992	64e46f0b57a697b5dce9adbc14d4c4398ce9ef507911d3f2a1a5a48bf8538d3a	ef6d5add8c5707f1c9dc454aa63a7aa8c5bc4306e03ea15779d2d8b29e39f4c7	64	64
69ea3ecfb68104f76ffd654bd4abefed522ceed57ca9323d387fee7eedd567c7	b8eada978193a88f6544f8116091dc1bd6d8e70c7377772ed40263d2c344afc8	4afe5520c55bca1ff726d8b8edb19930ddfd171ccd03732460268599c5ecdec9	64	64
69ec43e28c69bff14526b3163d5937042817b2e25eb57e737bb74249b4a51d50	39c390d1aa5299d3e75e6d84f18b424cddb993ad8075aadbfa25d73903f7c25c	b4c517e8d43543bfb6fdb093cea1b900df7f62bb7cad6f05910660cd20f0bf82	64	64
69fb2fd2f4d87b40adc4e070e26b02978973645ec3663f3e75fc230a4fb4d360	03d275acbed15eeb22dae5417051e09b95168374f5c7569e93a93b50d17a2e54	05619b94e234fdfa047821bc6a5e1ffbc44214ca8f4258c6bc73c86c912e7494	64	64
6a0a9f5a45ebdb0bf76cb42cb1ad390ba5019454bfe2a0135fdfbfb04bb4f373	b3e3fc38a8e7f784ceacb1b1181bbb76b8017bec5ffcf7e75ce07b6190bb8465	1f65658f0b5fbaac8c6a83f37083fc98ba4de390295b8d4c30a6ee61cc053ab1	64	64
6a161c07a20b7c868aae66476800139338d9cc945492b56f19360b08729cc81d	7d3b0d45f437a2282347405ecf704e2528cb7c4326f237bad9527f13804a0600	9dac1852c0d29587bcfe80753feb0a2f99ed2bdf295af7a76fa0582f7b3bc455	128	128
6a3390ff717827b4eb771592f307f188dfdb373eaf0723edd939ac7807f7a809	a6690f81b79c53016a7271bdae5faaff75b7b951ec039ff1e4477fb05a6f6859	1ff58dd5d987de0da406e43a9c75847c35d979b2801d5bbe71990a8be3547888	64	64
6a5768630357f3d61e2178b852b37b13a99967d615de06710c72d34046bf058e	d5dc793e16cb86b33b92490d1315ccf0671f4dc2d45ab4bfe39ee0a6109f3040	1645e099d3928226127eed54d001b242a4cb57465081f08efdd288ae050f9db1	64	64
6a638c4527af8b0635e4b68356ebd89b42ee5da99a504a88791a829ba4440a24	f93bbec85207289dd21d448a5b5b55c2b3dbf5ff3849d7d9d7d81467c3533540	2b6e94ba2c4b9506a5cb1e19bbf64013754b3368df27cd3f254ecaec882c3349	64	64
6a6f6786547ef48f42307829c21e7509181a2408d1b1665b15da7b1529dd174c	7cf1bfef3a96b9fd0cd491e7d8a0039f070528b75354af11c59713bd7df53428	eedf80e2e49df3fff7d5fbbc69367da526d491bf94d37710e68f0e81a3625604	32	32
6a7292d7cde387ad6e6045a86e26de59f0ce57d378de03a246cb8ed503bf061c	22dbc22ee1d111eab9f8ef2f2642e138de2e5608db41edfbc34f9a80977a092d	a8957ef259872cdef937445ebf4a6edcaa26bfce3e63f6b736f649b93cfde047	64	64
6a8a9a5c9bdd69a97628d90cf0cb78f670b1bf203e2b7cea2ca1fa564bcf1eea	e5c3b7d84c322e3c3359386f590f851d85c4454b9be790ef63d475b8849c097e	16cd04a2f17e41faa67c0ffa10bac64522e9b2c8ee634500c2e3556080e4bd4d	32	64
6a934616a21fa6de3b02eba1b60660757a48acc11c9a56d2e244132a9f5767e1	dc752935a8fe0f9bcc9d0c06500c1bc34337a467c2e4063aab49c5e866ceb7f5	226f8918df17ba101659c18badd7404483c82e5fd66271a6ad27948734f8b10d	40	40
6a993145c5fd8b926fea3adfbfd56f32433c9367b91bb9709df2953e44002f78	1b50c9933689a618e57a6210354adcc1f997d412c2996e136e19698db846957d	a90c8822b4c385081c92ca70db0ab30264a86672e99dff0d861dae06f9efe715	64	64
6aa627c4b86d2ea56e094f52a64a40229ad86cd31199d16109dd8ad7655f7eb3	e64b5b56671cf0e744a4b1a58a27a3b6aca4c19ae41a40c1c00cca92333627e3	7b8334eb554ea0348e885a6444db9ebca885f231b046a88438357ac7dfc0e2b7	48	64
6ab14c4ce9289843024126ae16345a34b9ffe9bf145632769c9566d3121175f9	94744ef7f4739b09b4cbc8a0fc2022d0619470216767e99b9a3e4e6722656193	162086850086dd3804343be671955192581571fb077202035d7de85595c4afe6	64	64
6ada8b9bffa6757f43aef6fdcf7304dad9b3cc557d3491ff3c0256eaf2c5e95d	8963e75cdb487ef0091099fba279b731cb773375ddde0923f24fc1bfee3682fe	9dee4468e6fcf7307573fe1f61fbbb20aee61fd77012e1c838926e0b23f7f438	32	20
6ae66b9113d5e24cb7001cb462f73c3cc4ad360953595e4c32f850d6446f03c1	363d70047fd9297db01b170ee9f2e79b803a9f0f6d5e1b999797a7a6f4232948	05be916f345bb0d264954ab42ef6007d0ce07bc0947aba39313017be4e707c31	64	64
6afde257617a556c3ab9a1423656b8f359087964e2639daa773a70ea9c07e579	978dfd33d5aeff6c0509b84949b28f7cec174dabf8d79f0bc12399213f01ca66	98566f094b08cb68024756c94deb8e770c7dd46ee21877b8b6ea8b8016c2a1e1	32	64
6b04f583fc0e013ab105231bbd5183791bd46b1d87fee55dd16265d3555bf65b	55fedca529ee1c5942b289b65e8bbebb21c9d6c4a13b451fa1a1e42ed1e7a586	b07c952bcf1608e7d8ab44850e13e868c7e432bcd92d9b3b7b64b4f4bc4f36a4	64	32
6b13dff02e4d7454578af5951f37b9d5973cf228f647f97682b524cf3e329cf8	b2b02b9a97f198a3f07f2fdb6a51dafddc66b584de25e83656b6b766ccc2d82f	9dceaa9053f0ac3590acde250586b4822ae8013402e9cbf58cc25d90b3efec19	64	64
6b65cdbfa09be236999a550689ae5b9dda8741b77ad9145b5219bf69914f1787	4558dc03bf71c2bc1186020079f2249236cab525c4578e70c7cb62a58a83315b	b6b099f4622396eeb3e17fc4a7484a99ce1fe7a80ded1991bc0879132ab84268	64	64
6b689f4d282ef9023dc627e716aa0be3fed83a657827db61dc0e987d7c4302c7	b96dbfb9bda0f5074c127fca1efe7fb7c1db4b68738a6c25783546db34f01100	b5fde607162fdf76192e8654ee65f4d4232ff5056b53b5322a00ff0170c414c7	64	64
6b6ea911b90fea52fc4093e81ecf1b8b1ac91aa554a3404dff2b1ccc8544bc17	22dbc22ee1d111eab9f8ef2f2642e138de2e5608db41edfbc34f9a80977a092d	a8957ef259872cdef937445ebf4a6edcaa26bfce3e63f6b736f649b93cfde047	64	64
6b77cead302db1551428e7eecf970f9302e0febbef0ff1b6dc6b289e13d446b2	4d08e4fec4c8891064ef1317c89ae744fc33d58f95373059683ce27030713784	18ebd9243f5b17cf82ca26f4a24d41e55960d449a4b9a91df5882bdeb9b347e5	32	32
6b8e4628b2da82b59e3dca397f93ddf319c8af7e45c2f6fac8e6732a6ea3d3d9	363a49f982be0a3977286b96edbaee7ee591738fd355ae81fbbbae678f15b636	297ef80cd8bc34b48fef49b9a4aaec5a15db3e3759c7067a8a1d0eb92f961558	64	64
6b8f089e734fb7800ccff36fad2ce5c23d5a334b45c5cb2b823593978fa3ea35	a88e96ba35406d10f6149fd5d2990c0e606a2b9189435afd8e7d10620bf27509	f049e1d99b36a17cc2e8f8e5db952bee0b4c2513888e1c2c6bc5fb366dc806bd	32	32
6b90002fae4d1230566aafc0a5e6c6adf860436eb848d86aedaac107507ba1a0	fa5e83599bf8cf9b5eb384767e5bdb6f4899ff6a7d88ca5754e8702434c29177	3595985a7f11f0907b2a87f6e2f9e2ca30f116fb9b05c1c64db319c9ab1e0477	64	64
6b912a43ce9ff02ca13ef98f78b639e14d7c8275aa09d32045f0cb59c6d7d90b	ab2d9d2fb3c82b60a3284becf4003cfdc762827210af0521a6b63289e96a9efd	28e88a868bf35b9739e059a4b142be0632828a92b43d1ab7a6199737f4bbf7da	64	64
6b93415fa2fa1c03a82ba310dc9c48d402743119c4dfdcaf055eff2b1387d52f	d2dabff10ed0e6acd70b9543d5b60a12f595ec3a30baf0f285454e58399a3b8f	fd157f3d636d9397c513c2d0915d8b25b1fc830e3e7fb434d2a9966c3bc78999	64	64
6baf43a37c0af12f413069780d6c720b3b2499690ba978c0fd669feb20d95618	c0c553422cda2d4041891fdcc4713a8bbf53400a39b4cb3fe375f882eec6e125	a2b6edca8fe6c3f335ae6c55add8ab977d31afa87b73df11a4f700d6f87ea255	32	64
6bb6dcdedaae3552f1802a8583a90cc76a16b8fe5c5d21e4ccc9d499022da721	25a20e6f72bb86346faec8318514da373684f6c97e0bec08a1f27d806434b1b6	cbfba594e48fdf8f0de58e8bd903f20c51e23e13c2a564163297229c7d6b143a	64	64
6bb921692732e50f61d98e38f6611c51842f7eaa352d2281eeac34c6cb6b2f5d	6ff37e7a227257a789e8368cdaffd31df927847e8a340214261de383d9ff66be	4c5d65bebbe8c21b10a3fb55f65d61e5d59be9fbb7ef49db5d3b7a6d7f6cea1f	64	64
6bbce619b6d6134d10b8feef4146b0162bbd6a2811de2f1c4e7de00d55162854	0c2291934d3f08af7c4a181692795a55dff61dc369cb274ec2a85541fc511e63	47501f18695e65e512a3303e10472dda93c87ea978c94afd1515c5e03fda634b	64	64
6bc8257eb08210ea0e8f06af21d47ce95771fc3f81795ae2d81d84845d13b12e	38603b8fcf58690ba49d768a8989e7fbd81b48443ff3cf34ce018e99bc8eaf69	5f44d1ec08e256d4f87fd8a9966dff0b8b5d49309721a5eb1d748b715c3233d2	60	60
6bd46ba087b5a5c3062194081d57399fc7fcd944493cdd0a4a6b4d346f3a5fb9	ee37c260e8b9a28a263028bbc0ce0b6e0076fd4254d7adad7139a9069fcde46c	dccd5f567ea4bac6c40c14dd73e73944bd034312bfbadb2a37b84e36a8f61872	32	32
6bed670e159c41757a0ecaae26259dcefc1276f1c918e42e5a02032440372664	8c3d7b87d69d57dcb05e10b991efa2aef1a2698095bf8c0683ee5b0647833473	0f7523e3f3c68f84f92c880366a04a26553e1ad675f9c62a58a3ee9c7f4acac5	64	64
6bf001cfb4fc32b506fa062879cd8f4c74e7fbc530fde7ac822c2e6513e6ff96	07138e8c11d19fd9a0fcb5593025db2035200e6bf61577b84bc683408001d6f4	8f20d514d2dbb2cd39a0b595e704f66ac54061353110140fc3fe3651a1c84250	64	64
6c0739c92a71f21aad2e7a0e3cd725eac276189181182811fe0346a843264fb9	cb8a69c6fc5a49c60cb614bb677405e6107feb569007532e3d4cc562e221bc4a	b6887efc12dc8e01b1fbeb823c4d7b4101d24a2ec3d11b5d1601bbdefbce50da	64	64
6c399b78cfcdf6bcfc98d2d0831181972fc430e3b2f1aa027bb018e43b71ed33	044b95cd8f44c09a712c5a85210cc416a59177b1ebc484e0d4edcb3a8696d1dc	ceba72cadf512c3772244fdc7e193695694a4ee3ae42ee74952d9dcae4ac4cfe	32	64
6c433ec92e9361176d49f161a0fd4acd1317ed4421394d95ef439b453fcfe859	a53dc52e4f976a35a268cd7682fe9e8df4c1158660580b59731d302867f2dccf	dfd9a38eb1322ab85bd289661ecec19a5e8c39531af3a3d3176256363e8ceba9	64	64
6c5700c6e03747e4b01999f06f95043e60ac346a68120d1457d51d129f3d9590	2cbaea2737bcd9d33f95a5ae80ff328bec0d74253506d61bfb15d08a69f7b523	614017efa5958c69a22f473c8400850d5847774094e9a6801bfb9afe02d1f17c	64	64
6c5e7e523159c11c0458c2af9b672cd421f66e48aaee5bf4169b28f91843f47e	4017361fcaa332a089c272743c1906f6fe7165982dc65b164f028580ebc216b4	d58feb6dc7b2c25cb555927effeca7c69b75e255f43287cfec97a968b38ca54b	64	64
6c5ebc58cab22888bfa6edf04b789f2027d052e63f4b1b8571bb536dce9905b4	cab771fd1f14bdc72137697286b99e051ab9eca4f089858b1bc55c9a89eeafd9	74ea5dfe9e1b41eaf99bae692a2536900ab4aa36e1cbdb77125101bfdc3ae633	64	64
6c78ed1328f50ce291cde81bdb7eb480b78eda865d9eafa695bca6d5cdd973fa	db94731f8092b28174a60eac0be0492d4bc7480307a4f514c4861ea713582811	19a1d901d5b04932a548cfbe764d78fbecaba9e67424796600590fba1c5aa734	64	64
6c805972acf622e7225e23fa1ab7aaccc90a9c0b82d4a7307572f3576297b59e	08cf7f14f988b0cce2d8b46a87409a9a2eb6b75202bd499232327a4415a8e809	1e985125b2b32b0e564181996806000f7c7f9d22a74856a954a84252e81daa89	64	64
6ca8f97d3a6b68da69c299092648a656809645f689403d6c08fed8d1741877db	bbab547b15e229251396b3abc66b70a5c1b51f795508e78819f99fca7335f395	f9f767fb6902517b0b091a7a0dcf6d669f7bd708069565e1d4400d2e03a7c267	40	32
6cc4fb18132c9c036396540e4878e37e50eca9fe5490a4c57672e8302776b8e0	2780dcec0df57dfad832809249c90355df036046c0ecb55eea9415a50ddc3626	6852f07b48786ecbcf90a42a607dce5272657d8e48a8b5c8350b0da3082db295	32	64
6cc7451f6e5182780e27855c48ad5c0039843272b07ed180e0dc244728aed3a7	0e9bde8e2190e4041dbda850963bcb44c63dddd8672990fab40321dbcd283308	0eab62f6427f55ec3535e1f5d4b3a350a9da835c1815d3cd6f8ad29598f95c25	64	64
6cc90da14547399f0cc15cacd2c54af53c7502173c1152b4397b9982b7f3dbb3	c4ee3d37e9585080aabba0ea1c491aea815ea1437a025c30906d623128ae1211	c933a9f50c8324fab683d046a00a6b5f66032cf1eff7c0b664832f57e8f702e0	32	64
6cd882452545ea99e5f20b054fd1f3bd3d0ffed3fb2550d4070bba34a20c5d72	31bc021ef0a87c03f03c3f277bba33a29fd13e486b5e1080a6a472dfe5c6cd3e	190fd4ae3740947f642d6948b067f7f2aef2b6df3fb831c0a9ff9aca04c79e73	32	32
6cdb35a89a25d1d57bbd098fadef9ecb97200ff4381d41d47a7330482c49adcd	2d9d640660faf880389a281c28c0c3cbd2abceff5cd8e97f124c6fdaa097ca3e	e087e84ad223c14722f2c2162a3d4e2596aaf681621d6875f14a799798eee38c	64	64
6ce5ec2ddc9f15a7f5ce76191ec7a78e4faf7dfabe64f151c05c56eb11740753	96e702a05314344b3718f428ce66348da7dc8a36636278f0a8fadd9a4577b922	8eb3f0af56b88d449b0c99a6f0f3e1fc0866552f152d0cf5f55d7af89fc371a9	32	32
6cfa857fa59ad3c69f495402471d0bb694a90f536ec76cd342fcc1c73d99420e	749fe6899bd7948de1a6cf8c184c821e1a3d82509e9aaf04a932a7b6950c15f4	b42863fd88035be9e65a57e1c47c5f5890a77b8b7b555a71ecb3c17b59e468e1	48	16
6d07a2d4d6f0b7147d0cb100786ed1e28b293ec710b0807a2c1ec73ac7be56f9	1a3d7e1eea1905c9ac05939ccf05724506d833151ec4e6a32b931b32b4c7e71a	0f8436a8a301f1e14ebfe635a9e74bf95d17a3291dc68f1754938d979655b5ff	64	64
6d166908e9132f5f19491963dea71ebe6368e914beb17d533073f797c58d8dfb	d8a39871b61d3bb9bff2eceee6df9a912278624da6346075bc1be9a0f8dd1545	314db6767a92c2d90b04df07454b489405a13abea593141c5270a622577413a2	64	64
6d20595734cf538d2f3b6a96dcd85f6aa5698ab3ac97caa89bc1df060b901f92	3e88de9c5c7e551daf88dbc1ee21e81967c067fb420dedca5e732ee174a228b5	7c3566441749993921bcb913ce5016685e198b7420d321b31b63c9e578b77eb2	32	64
6d2a4d9954c544df4047a2763c9162d3096e09ab2dd398095c42f230298b5dac	047142899a3d1310b2315859b6a6c8eb3e580ef2cc03dff03e9d284bd4b1a096	eeba7518235af368334b46b7fd9fd87b0c488066acdd73a4500250317605e07f	64	64
6d3a4726ca745999885811365fcd2fc054367ed7307a2b2467022f9748633bf5	3874c5851a214aed6b43fedf0befe870fc03ef9c5372937f3a588fe6f528b61d	83a114aab9394c036440029d8f343d52689fd4dcbe2852d172010aca9793a513	64	64
6d4e9e159d02a0317b1e1b8225cdf5df02c08bd9291a10ae2d32d0ac766c8191	a56357ec115a46f69c2a9065dcbf707e57a7b81b0acba68cff3d3ec93936e8e1	adc12bf6ffe01ece64c4f5ed079c406c04884ac9d5a0a3d448f8377063c760af	64	64
6d61c52bb89b4e8ffa82734b954d02a59b1ee396e15b406d1e2c0fd124d1a8ed	c69e5ca52dfde5d299fa0fa28dc6e9c7ed482b5e524de77f850f0e6b7c1a57f5	bbdf53063fd462fe79e58ad6bed2a62b196f8fa3253a6e63abac81962a3824df	64	32
6d688b775907971fd4ef93c83fb143e7d76e5dc6a1417c65be18c88ebbede62a	27bcdbd6cdc3c225900050a82fe8fcbab091d1592bb87311db53b7848e54995b	b5d56fc9afc76c951536a5fb4ff0fa9c50340351c8ac0efd73198532de38b6de	64	64
6d74a5e61e114ef35f12981fdb7eda16fd03715d42efba07991d5e6a6a34b7d9	f2af664d75683ca0780f0dd4f0689bbf62ce9ef5bf4fcd3cd21388bc7523a9ef	228a0a6721b882003f70d27e3b8061989e14deee6fde2e4989dd610d238e70de	64	64
6d8b72dc7978ad629bf56d8ddd92d5c9cb090506d42c9e03f1bf570850599f1e	1321a079c8be7d6a511cdfcc4952c7abca4bc46be685d0ecd7b6c94ce4f9086a	707b83fd3c8ed03ecc5841e3d0397090b950b62c0d90c8f4dde255ebf1ebfbae	64	64
6daa035a159f64883fec2ee397a04f4d4f553528fd36724fd448d2c7d76fc418	27593ac2af71eef2c14c2097e9c25a52bf14a3d8385154a7e2517ac7c313ab6d	a49028d50c411ea0df0a7653033ff07dca4213a548f3925b280fd2d1bea8c8dd	24	16
6ddad0f3acca46fa52b295c76e51a59d12117d089db264796cfa441a391e560b	b3e78704a88224ac7d8fdfdc5e1d1d894aee56a2dab462eeffafe3c2ecb32688	d8f7f122640bb9306e9b106abbd7beb63d418759fff1324fb1433ba52241abce	32	32
6de710461887cdcc6bb59741cf11af8698c8c1032223a7b69af3f244bc629364	e9e22c71700ca2aadddefb2afcc063ff729dd5d17360ae3656578b072e8f1ecc	90418d4cd2cfa3ab81cd8b33d36686394dda3a6e19450b838577ab9d669c035c	64	64
6e0dbb4a3a61e0407ff01f8507f34b6b794e90d3b16abde0c0c679ee3d3cdd8a	8add65133a45965815c0655a71134511d7cdf5294422b4e18f7aad0897aa9241	7fb85796089a4166aa0487d99a2e1024f41957e9320f763014e7c78ae7bd33c2	64	64
6e121d355403f596b9104275f791fbfaaaa32f69d640c633af085f9279af84b8	8b539bde44472d08e6c36bf35485d3d0bc87ede20b142e597feb5d3e4d1b4261	3b7de82c07c424339b91bc1b93111e6811bcee1114ff7cb193376cb79cefec6b	64	64
6e2a3a53f44e0f9e04ef845c7f55cb5103e8722071bae98aae9bd404eb4d0b0e	aacf06f6d33991d0edac5630d8d76e73e9a58161e434a2621671c1b191231090	3477d9c41176c476cdff40ddbf3dbe90dcb8a28b8f0cbe39534708236ae79c3d	64	64
6e2f3063cc75ff5aa248128e51d77ab8ee584ac8f5f0d426bbc9dec871b7d8e6	ad5c519cf443b06e74cc87e0002e5ce1d9c135fe475b583998f6dfce587611c8	2c838ed530cf54225f499ba3b94b3bbb1ce9406e5931ec25caa8b07eae7bbb8d	64	64
6e2fb0cbf2723e7679cff289dd347e3ace5f292eaae3d712a349200fb7754a81	bfa026196904d317a334a4789d0b6f2e7b4b52c951d0f4bdb1e890720704d4ae	741f789fe4f2ff34b05d5f5ebada25c66332dbce7832ea1140dfb0fd434e0848	64	64
6e3cfc35683fde55df01750ea546a116990cb6a1421277a4ffe8833849d883b5	509bca7dc53e5fd532faa07681e6c1aad5a5518e82a2492446e54b05f171fae4	7854797b5945a860a2a9cbed36abdad884258991de33143ce5716f1d06265a6e	64	32
6e3f1a7a3472c931b8dd32f86019f8972d5f05c1f673efb1e3e5d42e8f7812cb	1d08039295dbac3d53c83069b313ef15224b25580ae7b95b53dacfe9d040076d	e1f97936fd54327c4e4ff45f0866415eeb1656cba5791d7c6b4f975ff0f33df9	32	32
6e4478ccd9ffbb4a301a5c3328cd3c51af49f3db29247b6e9016f7e7b6f0ce57	482ba669d5ba6ad19099734b9db4921b9dadc469ed499fbb3edda18facb582b6	050c624129402819687daa07a6da02876391f27008cf940407fc49dd8a6fcde9	64	64
6e48018a2e1b0bbe86c0f9525f1220ab74256f49f33f7bbbe4f76e7b7942d1ae	35c0e6e43ebf52ebdb80d86d68f2f4eb8f061f6460c489005cdd6838588220c0	3ebfc589e66d8dd29ba3a7cfe60dc3687dd5fbff7ab14b4dcf9bddcb1a5a6c00	64	64
6e51143413e7f1edb5179b609cfa3673c0560f12d17f04bac09a5da450ca29ed	a332521e89b72861ceaa45e7c281df3f970802842a2b0b0ac5dfac42478b5a23	7d13e82c3c2c490d6d15a179cec2e655256bec8ad8ae8d0466916adfffb3807e	64	64
6e60e7584b619e6ad2028c3ec5a07b699c1009dbbdf9197388305796efee7ba7	a5c7dbdede9117a5f522884a6c8da6d036b99888074947b1befbef1dd1f35464	19cb89202475b32dbe8073a0b538cead2029ee61b949fa200cfede6a2427c531	64	64
6e73100b89a1cec46dbb7aa680d6c80c5fbb007e21621c58f5eef83002adbf29	ab4375e5c7f25352bf0480574588922100a210318fa8dd4754481cc86111d0b2	54223fec4e39086fb3af841d011d0c274b814439152961500a30d64decd2e1c1	32	32
6e75c9cd1063d66c8bfbe924a3db1f4c5b65add43fe1bdc851ac403375c43b30	82807d8d990067f422b64dcb68e260b22ef992dc03a5f64c771209f0686038fe	d2dde9a796da2f5cb191dc6718184e135f9ebfe7142aa1be8e2ffe611ca219a3	32	32
6e784f499e5d072d80d33d5a0c74f2173fb7a638c54ddd2d4cdc6ccaec589dc9	fc5ffb79910f324420661648a8a3a1663919922072be31bcfe97a0c1e9ff25f9	9590a10729ac7e591d4cfbbbff1d7d485039c12af4c0b16954c5ba2150c0344e	64	31
6e8ae09b73aebcc8c2a740558f8416a857b2a69cb0e5cd1fbad4c0b692a48fde	7729097590dbceb4f536e5afd22c186d33b7a42ef9932130b6ae703fe1487741	91e6945f119190b1550d31dbbccf4c82021c3e83a8266285c2776b902fd51967	64	64
6e8f9d2bdc3922261c5b60d19c8c435a3ca04890b28ba0d39cf47947a166745b	efec31a1fcf275a77e8186d7c0a9af8b29f4e8cde75275c729b66f162d90096e	2b4d663cc76414cde2d689eb5c33616b507ade6e4465706fe0dff70b96494210	32	48
6e96c47adbf5b0b52e275d5c1048a21bcecc72bde8073eb2eddfcb6c5f5eeff3	c73c5237638a85d96702f2e10d4eb812d2bdb81cd48435f9fa6e07d43f3128ab	aad9b78979884ea0e32bdd5ca4c1a3869ae37fee5ebaa6b745e908f8c97b7e92	64	64
6eb0a8ca9afa4d5f19f833e51661c2054c51071aee4a36ac6a4b603e45d5e578	743770cce56b7c10ce0214a694ff0335db9f624fc83956450dd577306a4dd8c3	1464f303eba39b4cc24a4023398dabd6d11ff12515b39c579d007bed7b686817	64	64
6ec37e9f5d60653897c3688c5de1bea6f6392dd9d02eb06fac5328ab06b4c283	038afd502dfc834b409d35d7df8bc5d546c4d81fd2848b21d2e72f1405b360f8	c44d03d40471707fbfd02225d577ee57c5eff26064286f658ad471cf5c577b8c	64	64
6ec6ab010aed9bdf7e6b143ebda49788ec9cf23da434e67cacbaeafc01dcb822	9fe6fbad5089198e11a919dd68fdc0ec6f70fa5c2941a6edb9344a20c1075daf	a6fb0ca2dbe33ea62ab55770a5012a4d2bf2867a4c2ac93abca512faec088022	256	256
6ecb159ce464221cd721b26dda047abc8ec4403bdaac96d7ac7467f4bd32478d	ae279e3a930523ef4e5091329e551c48c560f97812a5620061c8d54e1c6a4654	b4ee76148af8b62bd59494199fad920d988fab3c0049d3837c3b40698352d3da	64	64
6efa0426bf939b921a2478acb3f669ad166af0631a70df21603d10f5ff38137d	e7f99f6af71d5c058863b0c23de05436b117284f1b3504698b22c51184ba450e	b89d8237ee77ebc5c88b301a0c17ecb4f421a3ccb6db83534516be657c21a681	64	64
6eff2bcbf9e05785aea1144690fae2d9a9f665c067ec2118c95150e3842e7ce0	c455dd17a5905079081c1258cb9ae016debaf02de8723a921b80d2a54d61041b	38b4e061a9c03f1668f94b817d771c66da352b97ec049a5e504c8fb8ef934d5c	24	20
6f1650ca25bdc914d8f552cef4e5767c9e850f94cf965814d2acb1c22e526a89	46b4fb4b08805ec4415fdade177ff545557532c5235efec63e2f27f75d4095c2	228d578d579139254a2d6180692af56a6dea0f37dfba3e39d2743802dc7f649b	32	32
6f2cd0723b29520cf9718adeb7eae422efc6647520cccd278b3c85db378db893	a6690f81b79c53016a7271bdae5faaff75b7b951ec039ff1e4477fb05a6f6859	1ff58dd5d987de0da406e43a9c75847c35d979b2801d5bbe71990a8be3547888	64	64
6f32aeb7bc46af87d94aaed35d4d7358c4e32aa7282cbce5f2cce26154a3f7d1	34066e7acfee4a36ef7bdbdfebf39b8e55e0c8e970635c7d178a6d42e40c3703	d0664169a35f2d043b00e18678e875d05901c6bbed2ccb5d703f117b440e4752	64	64
6f4abba2e6cfe3bb3e80dc271e00d26391d05f3ec84f31f28de6423291b5e490	cf50488d5a7e2f005792e798b4adbcdcf27ce45b1187417601a376dfcda46ee3	a5938e9c715501e96f542b4d8c07cc3c68ef093f9062e86af3d6e002335696ad	32	64
6f5026a02e58257f0b1551bfb04d3fcc3a2743f5f6c680eacbd0128efe998f5f	c167565391a000c4d32025bebc7c4faa6523e998cc4d70a176e9127ee3ec801b	7f761645944c37aaa70def39bb1945b25577e54da8585b963791d64bdbb627cb	64	64
6f820b2296abbd39701ba4e299526bc812a8b13b23c1c779777f96f9eea2a4d8	cba226d1ed6b0b1b9e741df54d8f9ed6571a4d6ef4e9ef1fb2c8e9d62bdaf78a	633e382a0bdcad150e966468649c5eeb6362937d5c46f968d0028fc39c66648e	64	64
6f9f24a0cbdcf2915b6fdaad6abc0050f531cfcf040998e02cf758e8055467aa	5aa5e3f10ff12ebf75ff66ed614dc46ec2b89e6fd4244c5db901e7f9e2dffdfe	ee3bf7e8547f5b35eb77b83adad70e8b692eabdc033e335c12653a8ac7bc7446	64	64
6fa8898d6359da0c8de05ad99242afc121237d543a01ba7526856ea49bd3d2c2	8add65133a45965815c0655a71134511d7cdf5294422b4e18f7aad0897aa9241	7fb85796089a4166aa0487d99a2e1024f41957e9320f763014e7c78ae7bd33c2	64	64
6fb25785ba198ea7894198b7dcea8e56394089a53766dc6f4142414e51e0f580	237e445dfca8db12ad6fa0a46fc39f2af2179dcbddd04b4361577929764f610c	c358854e9ec71e35794873c3673daf11968215c90c554894ecfd8b1c6a714f1c	32	32
6fdefcd8bafcde99e529e370c2f76f67441b31c5c02a31d9288225074600fd3a	7811a7c7f174e4185ed29025fd5bd840719fae63cf1ef8cd521065eb00c52879	8b8d3cde4a014bb6fe46c8bcfaa49bd9f0fe07d9f28c6b8bc66514b31f064906	64	64
7006fd250d6f56d7c250715e83d9c6aeef88328dd364c5c6b90e7c5c1d144d7c	aa27f3cb22a4bffcdb18a6513c71d2ecb68ae2b86e842de860fa67a67d9e696e	468454693ea1350d90a1748f607e01b4457194af5f152a4dbd044fcf45f8e79e	64	64
70489e7ad340ce2409d74193c9216bd84cae6c1529b08a3c5986d92eda7c3a72	99d4cdb26dfbd98dfcaf8f38083982b702c0d28c2d7d3605c6cf02d895b5dd7b	15311595e171839a6daaf8583ab703d3c23c26aee5537147539c4123c4c4cb6e	32	64
7049e8c320b876bfbdd29c85157e27f3a4964d6fe920e5cf8e88e5848a93b238	1a3d7e1eea1905c9ac05939ccf05724506d833151ec4e6a32b931b32b4c7e71a	0f8436a8a301f1e14ebfe635a9e74bf95d17a3291dc68f1754938d979655b5ff	64	64
708e4054ccad09397ed61153d0e7256a0b8eed696128ffca4fbc7c1bbe217f73	f5d4b833c770ce8f246dde7dee0189f0e8dc0a2253a81c743398a306b1d473b0	fbba8922fc3a9b5007a35b9dd09411249932bf6cbe6643902e424289030a99d4	64	64
7096bae92916a5057c380614fb832df8236e5f85d2b045f2ecedddeeb8413acb	14bd253d4467a7392df476a30ee615650f3db38c468b1f22fe9336bc51c77e0f	a54a231f8a5742fa7dc6ea4e181a1e42c07213c4f1d068719b9c66c332fd1ee4	64	64
709ef2cf3ea3aa2b34e1f5d732c01153efb4dcbd37d8fbc032bd2e571c2e0a21	18e4ed055d227f0c95562fb8cc42fa33f1f438525038a189a71252410b8b59a7	fcd0f84f2007974806727665b1891bc78b561629e8aa23c43e7629261b24b387	64	64
70a2c34a42a5b8196edbe5ec9f30c174f2e581103a0f703fe9ba18a296c86946	17e10919319258484d14b43f86c4b01449abeb3754ebdaf062631a1804ada777	f212cf983cb73b2adb80467fa2f2efc631e632105b8c34cb52a1bcbb20224337	64	64
70b9a38c91724e16cf87ec61799123199179bc3b4024348ba8a43324b0b86ea3	76652453e74ca985dfdc2fbe1d6701d10ccc976aab69ed5f3e1daab5a17f541c	1bff54df705ff02b2674282a7eeddce9a7f2db92a4fb2d3febd6a2c72a6c71e7	64	64
70c4a355df983181900272fd25e50736987f25051003af2e96d4e31014a45ddf	85f64b87fbf629e7d3cdd3745e90b1c58e6b6c45246b40792379e409facadffb	4298c3644bda1ded09578ece9b9a706d1876e4049b163e731c76bac1273434b9	64	64
70ca7a1d0d6cd988afc5115d93be902eacddf9ff0170cdbacd0647047688a72c	5a6781d709c7e5cc6f998368910caa46fa28d2ea6bed44f41d5fd529914bfcb8	5032c7696dea35904f370cc7721791b6f6e29a2fd4d2994bc6c140cfe4df95db	64	64
70dc5fb3b58294aa7885016c57216aa7f531b2e97d5812654943839f3876d5cb	58dd8624378a364c8de098b3d5d36c87faaba1cc83da7850c5870575b6ab8be0	aefa498c73f751b56931517564fd7b08b1567457d7e72eef4a4b3ffd0ff1988d	16	16
70e1456107062ba0ad8201029597515a0169a11a413081311c992d65881fa61f	2ddbbb8bb6c7ae1bc68114e50e2c18093f3487e2b360b8f8e49478dc20b1fe4e	04be9e6d36e943389591e01daa082ba3f37257cbc6c44446f619f8e1a98af551	32	64
70e92940609b62ef310ef73191028d269af97b45a30e3b6912a991e67ee73e36	22dbc22ee1d111eab9f8ef2f2642e138de2e5608db41edfbc34f9a80977a092d	a8957ef259872cdef937445ebf4a6edcaa26bfce3e63f6b736f649b93cfde047	64	64
70f7d3cbaaba0bf68271597eb196c9ef60bab1f514510986b312a82cfdd53f16	253e83a1bc9a925eb2168ab38197a71ef4713c734d6b57008dd0db2e59ac30fe	1f879cb4618b58aed803f86489cf260a094aedb745158ee3bf41d18a55ca1423	40	40
70f8ce99ed8ea40b72c52375d750efbbea7f4f4bb618fdb8b19c8981852a2f39	4a954fa6d58c173be54df9320559c96937356db393826936d378126e0276c71d	ac55e767eed76606845d2ae8128855b88eb2b41c6c294975d983123a9e846419	64	64
70fb229180a9b1661969665d847d13b010d3f9837f3bca795d69d9f80e64be21	e33a2f2cae6bcc04f0e6541ea96a1502bc7efd5847688baee8fe16fde43cb831	8ca0f5318b4bae98724247f254e8d437a80c6d861ca3d8ad6d724898f428648d	32	32
7146b8c761252fbf3d51de702994cbd2d332aba3f85ea9c5b53988f84d3fc3f8	b8636af85832e1b129664b961a27031693d7e2c3f26612adbb1320a590517555	d5b353435b27d9d4666f1747a6a34ae44fcbeecc196d689137348c27d17004ed	32	32
714b362de2be129a78b493570ebc90d206b45600aa869613e5ddf278116f86be	124bf8e2816e8561a046887f962c28c8f1c24839c0c6fea53a627443b1586ba2	89331dcb9b071328604179670a7e715b93e0a55e2c85a7680a947b926844bece	16	16
71758714802ea6e7c1a9224127c97b289e72ccfafebbcc175a7048afda683b86	7efc3dcee14801723f595e65f69cf9556d127b9423b02c723ecc1891c4916c9e	c165e2cd4f47e58482e548d4045260cf721a5e9afeae56f2a188dfc89bdb45d6	64	64
717c39987feea6d912863c772ff6f9ab3b4c686f91685f862d885163370c9bcc	76652453e74ca985dfdc2fbe1d6701d10ccc976aab69ed5f3e1daab5a17f541c	1bff54df705ff02b2674282a7eeddce9a7f2db92a4fb2d3febd6a2c72a6c71e7	64	64
718fdee902c185e673d073dbd68649933d0485cc1c1a58b3df6708e06b1be993	b41c09d506fcb2dc8feedfcf166b5ccecbaea9c5f29c349f8fdb9a7ffd4f6d56	f509de2973008639366d2aa81fc378392ed61919d69386f5c4168db520ee90de	32	64
71a799b82bacacf53d08d22ae3ecd3a9689a915eebf954653b290736bcc51e6d	9f66ae4c8ed94dc6fc8a845bdde03829a422a2dfa874fdba24b08b9e8c04660d	84ac860ebbf833d224d725fe7b6cd0b4e2dab01db898991f071ba00bebf710f2	64	64
71c41d48341ccefd7d0e2d3a0572a6c763809b692b6988422103d54fa9bae37b	33bf0152e2ecb0e3cd178b9303d92c33e56d265d5cc73585641acbf289d7f4f4	1645e099d3928226127eed54d001b242a4cb57465081f08efdd288ae050f9db1	64	64
71e0cc3229874f42deef177afcc7af7594140c60e58465917011bc9330b1cac1	fcb00e04a34d655cad0dc5ccab51d5116b9540ad7186984e355ec79772176fc0	471f63aa944a08e496bee3cc2d9025152e19e667592a155e03238a5f93727c66	32	32
71e6255493d17eedc63051acb7616516548bc14c50deafd16c70cf21e7396275	5c5e8b831eda70bb13203662c86835c5bc7bea2d9f200da595d3929ce08d2949	5fc884e72c16bb97f3692baafad16ed9724476661babfa628c9c3a53cff342da	64	64
71ef9138402c0f4c37de7c679da93e69d41af693c3042950cb052fd3e3043e2d	96b7a79c58a72bf4e165f90633a24f8af804d8735707387f36361308a352125f	0fc1a61be11bbaa97b3decd8a5305cd1a4e5ffb8367fd1c577f14cc9d67e3e00	64	64
71f549e0d0f2df2efe832bc344e43950c7ec5afa78669282a00e9a07f019426b	bc2cd8653885f9fbc10ab9ca2aae19ee0a4de14dac17a2a2af22c3bcd4b5b50b	8fc938ae9c73f2e7ccc559b5be792c041a21e9b7c184e3ef19b44fd2407295e1	24	20
7213ec8c5b5bac2b18e7efd2897a5788e2b36aa7e4264b82674993c8b2a57e5f	0fdad7492471c30c067cd23ffe92be728b2dd7e21773da7bd6f29fc9b628280d	31e719eb9eccd9de3d7b74d500bc7ff838736125329f1a2202d7308a4d792154	64	64
721bb33b14900d5b45fc40f9320e4ad168d22e61cced3e1b81a11d1fe5711642	f3d4f935fa4a246cec359ce055c4a44361f368a1a1036e8f49faf3f3c0bee628	5eee82edcfe9ef775aa8610cbb988c61b590660257bdcbdf5d6d8373f58f258c	64	64
721ee0a1b49e663232982bdf2064af575814d95a4db9811e99458ac25d017389	c402580d1b78a0454733a46b8826169b897507fbf65f0d69b669537a45c06f55	afecc065a8cf074b85fe62db3312d69e39a1654c1d4a1de591f3fbcdd444164b	56	32
724cd7f7f119b5d7e34ee02119c9d6aacb47f00c581b130cf370d6d29b8aa177	160b024380f1dc56838680d82f33eb2195b75bde4c386531f94f9346ab24c221	20a86baf5432813003cb80c28de16ee90949e853c7442a083c3f424a89876868	64	64
725b1ef0465e40e5680b3e79e92338c342b70a6a8b8f3bee9392dfce81aaf806	ace2cacfe5b13823a39917a712a8d3af27cfd905f65fccaecc56991e9d0c522a	7464111c9fb338b2221f6ae636168fda2935e5b7b822f3936bf2f7ba0356efd0	64	64
7299ce26ab29676b6845dd5a7632f6f1ac477bf437ba68b36ad7a66d8935c6e8	df4055333cefaa018cdfa13bc58bad8eaa473dc6c0a59366306d93e23cdc961b	599eca05fb88d74f1890518e6cf1f6e2656c03addf945be9597209999987667a	256	256
72ab9e30fef0c90bb65c9cac5d6f5281729fc33bd9eee141521553d896067b8e	8ac1d0318facd94feea21970a59ef1742a0fb05411c36bcdf70709ae5ebc23c1	f8a29d05977787c0161d92af3c2022142f90656d559ef6981fe945023ef25eee	32	32
72ae14bf5e58b416d486c0ff245e801c72114179602c31defcd63c6f608e0039	e0ab118235623d75220a3e9635d93689cae970b2c79846f3a3637eae122b9d2c	0ded75a168637cf37e2f7adf68f3af8aaa73d739f4823d2e195884c4a9e4b9ac	32	32
72bdff2231f9b070b1c233675244c34686b8f6db90f7d4b96c61fdb0f68ed771	147e93e626c9ad0ee3d24ca0640dd968cddb045585461b293dad7bd2bc150213	01941ac8313eee797f865f121f8b465c637e25266dd8713af32e0998014d47ff	64	64
72d85e71392c57fd4a35f224483e955f21674262bc47e7f92a658c314505d7ac	560fb20b2be7b8502b54eb758b09773f8412c0c0903fa15388aecefe7127a7dd	2901467c403c2488c63fbbb81dd015b801c04a6e6a4dbfca9a8e47b72b6da92d	16	32
72ddc67fd32abb4ba9f56e34f8f5d4376a205c9972b0ffa51b48728ebf1755c4	f0f5fe231ac73e46bd9c75ceb9fb8e19854008f18349bd6678bb05f983f17235	8e251dbc0f682d81af9c7bea08b823f90fa34e25d720372b7c45e32f8b38a1e7	32	32
72dfab2c53c27793fd50a85abb35282cde07eb3db5ba5b9e1b3bfa977734b149	e6437c8ce948cbf600d639ce790f83e8780ba85799981bd829269fad1a1509d3	1357c5441313c8f0afb620e7f576d600a91c928db32e22843e3abdfe89a539cc	64	64
72f901dff77fd44e5e3aa954dcaf43afd7a0974110f1e26cc7867c4665c873dc	9db65640b2b707957daeadb04c2abf106ae2d5fd275e875d55ca1451ab053ff4	602f1c531fc1a4f8aa86cd04c752d944824f0b3474331dc2fb04dad77bd7c373	64	64
72fb695d6d427dad9b1b96e32f1b259260a604872d69ab7461f98ad6c1fd931d	27a47f88c2b2c35a3072ccfd14028f058c7dc98cb5e141d6c43b9070c95dcb12	d721181c860bf3a6019f669b6bd95ad210ff107dd79e54b01f14cd4fb3b794e2	64	64
7300148f7a6d3e82af6b77ce1e3872f7f829643fb090b8b0fca5762a2b7262b7	d595c1355e217607dc9c7268e10e9ca855c39ec0df5171fba7b1deac31945357	4908158975a3356801f1974199cb3fb0e82fa50008fc01074ae697264d8e40df	256	256
73151ac125d3ba72ad70ea6d27584cfa7da9547926fef39aa13be26f2888591f	4291deae0a90bb0466917c4c000c69c866cd422379129fd84ef7098654d6cce4	1e6ccd042e9d9c357d15fdf22d13609aa7f9b0948045b95c81877ec0d0f9769b	64	64
7317c4999377d7d0c3e12a0b76f94610763003ecc3ceae9e4278d5267d6952ae	45f18a406f6ba444b4c2412b870eed5961b4bc999c09f1c7d38289719fd2e7d2	f17354971743884405bff2487c3ee248f92ebcd4811b8c65a5d6cceba2b4dd00	64	64
731815de97a45ed5ff5a35be42724376de4db8423db9a6b8df5748d5fe1cdbc2	f0e00c729849f125d057b504f0b2f4747ddc3c8ebcf5ae0786a9dcd07e1e9112	26e96d724daa6c132e141f46742a71267acc4f49d305b5e457b54a87ae6c6006	64	64
731d7bafa65834bf4af548075b8313852cb894d25e72700e4976e4e4ec0cf994	86c0b931da759036b2dfe4c26160f4a67531dcb589e8f08f9989c62d0c9052e4	78a19a14f4480613626db83f3883c32615e44b8e5bfaf8c227fc4dc014259e2c	64	64
73288aee8ac423d26fbf344b97bb7bc2de5b2bd386b58969b948ce7c28f74daa	d44cd347462e8eb81e3235bde2e571908aab1559c66311ce3930c154b5deb339	bebe6802bec560f0ad675fb4a66c90b76f44583bbb27ca0927696f0af7b30368	64	64
733b4862b64ad895d2123cb21d1f3a5605053e382c0f94049900b9fde82b2602	b19ce7108b4ff1c6353db4000a342ac8475fc32e4a3f4e6ade5bcb960f5c0fe4	7492bfc51b0a2065bfe2c85aae8edb2c0480033a1eeb763d78b9c28ac75b4ca4	64	32
733e54768134bc2bf2ec407df4b60ac253ab69b32c95f042466589d33b1cd1bb	52ad795c6e1a58f57e633741bc8da45d6705c9234d394ea29a3638a7e570c8b4	914851999bcf813dde1b79088dab26225cb8f3d54a809b05929d7a869bb76d3c	64	64
734af51053550926bd935bdd2d2743e103e29ee95bdcd880b19b38c9945b319f	697cbfda1a3feed4a48c9bffded7d759c504a5bf8d40adc336a1f03279dd793e	e0a600268e4e838cbb2d645ad9b64530a4ccac386ae25907aad6d9f68271b733	32	32
734de9be82d9bc69a48bae862eb921d22d02403c881b5612dffbc88edfacb000	ee463ffb77bcea0538931c27febc26fc9872ceb0b689d8988dfbbe373d7ca623	6027af9020bae01b8e55ed5cf1e3b1cc7d758b41e50160d8dac3f04c319fb2d2	32	32
734ded80862ac81bf45a4d577f9aafc5b22f884dd0a2a5f38d6f3a15fa4f667e	7a08bb1bf281d02eee55554f692832442f843d6888e668b686a78d5082b7b488	b650dd8dc88028c59d65fb4b2de3fe56e0f98f6bec9eda7c04ebeb75bf08f766	64	64
73538391b9400e497bc45453f02f1463d864f8103fcf40fdb630212800713906	d6a1c4afa2f739959e337975466cada5a5d3bcfeeeeb80d2aa09dec87513c010	2c662e3e886c5b1efc5987b8826c89f56756ee8b63f5fb1aa837d343778c7141	64	64
73658e882d1b7fc2d142a2896ba340af1c6c6dd5a4bba2c244f80defff76690c	20d8d878654b4099dd24acbf149aea83da5f2082a8c1ffa70fe7cf772863d6b6	45932f79697565133b9e6e676753c8272524a49e8238ce2d4ab6b1e812aef07f	32	32
7384ffeb6dda49c838b2badc4ad08315ddd2a911a22f1f822161c7c3757b4b14	9622ba14d6c49be5030a30d087f82d2312ea3861b10e4d1f504fba6691ccf79c	b2d099f766145478d21a5294bfdf0bdffafa02134277c0f005dfd3acfc57aec4	64	64
7385b0237dd2733d0c24f344aef4ceef15833ae092dbe7f95f150d0237ed425a	9106f710b3b4190e9aabf80895d7842ec4cf364c2802788e1555120988ccb354	366da6be093ec14800fa900fa2492cfbe5e375d1b4d0302a92c04d560a72fee5	64	64
738980a1f51d119ceb6a3715caf2adc47ecc11772648bb75a1f30136a1ecde14	d65540b60ec5714d1a517c9308ce2de73f4804d2aa21db75b16418264d1f0f64	57cee759aa311836803a2ae851d9a652d27715f287e3492be152f53cd3c37bc3	32	32
738fbd350431459a2596af112eaf3f26e6b3e712f9c9407235857b4ae6e12c13	c9e352719fc46392d36e99ceca3d76a48074b0e0b3349ff0199c35723cdf3507	b69b1c3ffbc0f7eee1bc07ae1aa244c831701ac21081222c24946a09133f97c9	64	64
739be06d019873f18f0aacdc9379ed5bf8e1221f827991dcaaa388561b800f2a	baebfd2a57fb0f85261f962544341fae56d3c83d2404e5da0804b7201104ae24	2d39124dacc1b9d87c9167f6fbf96994f0e449f439c4e4c722549b6be1454929	64	64
73a13d992624d69cd480bb4f18d542e69f069c6887e85c98407becc4aeef9de1	05a73f07af54c74bcc8becc87ab304ed4a1155da9e383b18d41f5a7882a14a77	13cd2762cda4d64bda1b370168c447331f2bb989b4d68792803846b776951582	64	64
73cdf3764d20fefbc0176c8f171397e48b0457733447245a2101dc5672025d29	8a32678d52ffad473256100a86c271fc0d80bf0d36999a03de64b3000d13e482	10d23bf0a1fc60b2db69b06533b3e6c10d896ba8fc0c26c1090412e88df11d3f	32	16
73d2cffa4c6f03c004423c2ecd890230022fc0d99cbb53adf59f11fc0a23136b	4d8b5096835e488fb4bdd07c3282a400beb26d7faad1c0e21210e594e5c6cd0d	a43b741b6eafae03fa8ebda3e046662a4e17f0eff20d54f05873d477860fc83e	32	32
73d8a2100b0886a1bad3e7a723086dfa5522b6271e7c01ea81e98b9214243239	7d2c6a97518d8e758346a5e56c54d29ad27afa52258806cfbc047efcbe84b22f	6651b18da1010ddcbf2ccc5b8fd43129669a4c3dd3cf8e48101e8fe0b2a853be	64	64
73dce536751c54149edf841a9774ddb435eebe6e9da315ceabc695b799c6b6bc	697cbfda1a3feed4a48c9bffded7d759c504a5bf8d40adc336a1f03279dd793e	e0a600268e4e838cbb2d645ad9b64530a4ccac386ae25907aad6d9f68271b733	32	32
73e3ab52102bf56f53c56bebffa144bc109455e656a63723303defdce4d09c15	01cff3662d49d9672213c3854cf097c52945b3c1427d0ee366d3f6ca72a51344	5b780cccea6e6c908ec30c11d51fbe1d6eb14e2c0bf183ca6f99db7a04c1ef03	64	64
73e6eacf2cb553814d29063c42697e9c498ea9ed64ad1c2e5de2ca95b5d4bf7e	5849324cd7616d58c6137cf5b1ce61215251793e1cd873593e995441a423710d	236de0bedb7c07c416366b130ac757bf7a4d4af4a1761dcebc7445c3d168fab1	40	64
73e955aa3161e7d15c25f733c2557abef447b73d414198e32aececb1e6e94792	07138e8c11d19fd9a0fcb5593025db2035200e6bf61577b84bc683408001d6f4	8f20d514d2dbb2cd39a0b595e704f66ac54061353110140fc3fe3651a1c84250	64	64
73f93b4bbc7a8a0bf9bcf5ccdb1454eb4be1dbd87584159062bb9522e8f00b95	c6f7a5677ced81acc9d64f1cb2082391c639d640c9d852eeba1d4c059b8f1465	4f62923b9da9c3ab88a6ae75736ee128cd9ab5cfdf73de8aca3cc2f0561877e4	64	64
7410f51886dd492758f7037e1adcc0e89ff8f5f9d3b95d602ebade4e807b68ba	69c91f694add996f7868fcde0733542720b3947f62b01401ab5a9cf72cd7a009	da5d4ab98e645ec4876d7298e6c5acfa5136d442b0c1105dd837fd7603fb83d7	64	64
7411468d33f88adcf2c52c96911c68c86799202a057656bb10d76616220df713	b7e27daac34b650ca7629431c675177fce3a64ca3ec6fbeb4419d390766a62ea	3e6bfcaf3221ca1d0e38c255d4323976f50d3afc1582e6afa4e61767757b9b5b	64	16
74278fb8e4ba99d78eb989f78afc175ab8055eeaed48863e6326cae386d1049a	4d8b5096835e488fb4bdd07c3282a400beb26d7faad1c0e21210e594e5c6cd0d	a43b741b6eafae03fa8ebda3e046662a4e17f0eff20d54f05873d477860fc83e	32	32
742f6e93bad203bdae849300e258bcceda9c32fb6ad6b357870fcb0c2efcfdcc	224bf2e9ad3d9d5b534f3ecd920bf17393be7df550ee5d64dbbb1d2d829b7943	5d75f736a8a9d22aedd236afd2e50f4a5f90c6608e92198d1c52d72a86e5fa70	64	24
7458eca6bc2a890fb4e86238ccac50b297757aad64cc96ef8b6e5e1c3428051e	f7deb6e4eddc86068db6f5eaf2f88bd3ff4de304e80593c114974bb7bf9eed34	66e29f4b07f339d5d3b897adabfedbded8190bf88407ebc1e7d68b9b89e2364b	32	64
745bc99f2a58d24d875480c013df3b514b7046e2d4f6a0103e78bd792016bca7	07138e8c11d19fd9a0fcb5593025db2035200e6bf61577b84bc683408001d6f4	8f20d514d2dbb2cd39a0b595e704f66ac54061353110140fc3fe3651a1c84250	64	64
7476373373a2462e0020d61e8fef82f87e94b91a9c40ccb91da48dffcaa1eade	307b5e2099e0eefd5a42fdd1e7004d43836f102bdf0e02b5c8dc9e32a7cff7fa	2c658bb278d31d02df8fc8c5dda4f207b7fe0826db7aa5c5777b3312b0243373	64	64
74a3822e754f0385ab93fe62dcd055588e188dd85858a19d6c5db52f0ce6707b	07138e8c11d19fd9a0fcb5593025db2035200e6bf61577b84bc683408001d6f4	8f20d514d2dbb2cd39a0b595e704f66ac54061353110140fc3fe3651a1c84250	64	64
74aa56533e3e960aa38fd7df8426d6d2a57f8f2417ab9083138e166fc788d017	6b22a087de4fb21b5711808c0c204cc8f4c787324dfb77f1ac946d3c22e2993a	7fa5ee28cfcb3c76f3d74b9302b87db12f1c17ec40eeecf138667c8b8a45d4e5	64	64
74ab7ba6b708325d298fbaf8fc383d8266b2bdd05316bf74c8929cbc24bf8028	363d70047fd9297db01b170ee9f2e79b803a9f0f6d5e1b999797a7a6f4232948	05be916f345bb0d264954ab42ef6007d0ce07bc0947aba39313017be4e707c31	64	64
74ac012edc572369655b8a9a482d1287e9fcd6b9413e793b3e5ad7778ebec118	76652453e74ca985dfdc2fbe1d6701d10ccc976aab69ed5f3e1daab5a17f541c	1bff54df705ff02b2674282a7eeddce9a7f2db92a4fb2d3febd6a2c72a6c71e7	64	64
74aeb2f5b05d2e2fc33709c4bab5bc955e902b0e1e33b4cebae2e3f36814522e	69c91f694add996f7868fcde0733542720b3947f62b01401ab5a9cf72cd7a009	da5d4ab98e645ec4876d7298e6c5acfa5136d442b0c1105dd837fd7603fb83d7	64	64
74b997d2ceba74affa36cc5317d91e402a3f56b2d469e5bf2c76c1ed27f54f80	1761164884d0ac0f38e7b9d9689d56d20f880d73090e53e03708d7a269a72289	8542b8a353a7292c1fc749c72eec3f26cd47aa4dfe87ce1e31127daa92278a88	64	64
74bf252809a26fa79ecbb9761df7ec0f04dcd99870ea1adc343aad4bc44fd207	715c50fc5e0a4579fee094fd6771d022223154038273b3b25bd3fbaaf155e741	71e3763c49d63fe1436b03c0456ff782d508319c81b48931e48f9d8bb58ea959	64	20
74d6f8a52841c74948dc2c45745a21d7742278f26ddaa4090bb4663d4aced45a	d13e47b3004ae740588d0d0ac97a63e5a53d7f4fc95dff4f3d0f97a540394a85	228df7159c607b678bff23e76831c8f097567de2f081f2b626902309e9c6a334	32	64
74e04c2456de256b08fa5b40d33b1b782c52049f1c8bd679b2b152f85649a413	7a9242a9dafb03b1d23d3bafacde4c2b72ebdb847212b35f0497183a4a11f580	14cafcadf2c6ef1968fe173028d6a6ae93bfa9d1549e7d3e7762b994f5006b08	64	64
74e29bde2aa14ab74b7a3807fb8b2b5966d5e7a1ce3a139957196a1b0638d0ab	0952ae6a008767758dabd97292ffbc9399e8960fba950519366ce714031d771d	338f927c3ec0ef7490ea3203a2be95aa42e71ec96fd42d326896469f42c56d72	64	64
74e451bdd20a92b3c9f1c8cca78684372d03930acc3725ee4a90dfd7564616e3	5da02462877cdf629ab420e0ba07c796c7bb65d5387974b118c8f06ea23bdffc	ae0696f83679c2a53407103b75e32bec294d89f9def1ff22bef73672e6459fe8	64	64
74faae0a9e70e2d5c1327996cb4a95b6581a47c371e3791ef31dd6cbb3a8e14e	d8827ef90add752626ee3a70ed458b1546ccc9730b91158b5a32b2f7e70396ab	dd3a68feb180b640820db98d45a1f64971f002409b478d4c14011246c7eb01e7	32	32
75018e9890b506d36c19007dc1115293c4ee7fc69dde8aafb00238e79b5a8405	6237e949ebfab6e020bb6f84a880d8a21da4087c9bd2099510892034b2ff313b	4c53c582bcac43d8b20a5c342ed6f21b3e02a43543d2c5cb3038ea9bd41fb4c2	64	32
750d74db26aaa09bbc9ccb74046eef7f0e57eb9749624df3a642e68affa8870d	abfb1374c3d4e1fd397d079345bbe844da83037e5eb5183c16c51d74fdd1b3c4	9e5a45436e187420493e0287abf77fdf40bf8f06e8b35a40eac2a22fb1522608	64	64
7517ec944358682595d378eedd7b774e30c3a957c048896c0c0f263f452de05e	0952ae6a008767758dabd97292ffbc9399e8960fba950519366ce714031d771d	338f927c3ec0ef7490ea3203a2be95aa42e71ec96fd42d326896469f42c56d72	64	64
751c57bcc928a503417a752af78f9024461b285c376cec21a3e26922bb0f2542	6a203a6564712c145806d2feb92f15d73ffc6f77c5693a6ed334b3234843eb64	80c360c8fdd14a3caa045aa4b018190f84be2d062218a96fad7ba979c3cf4a26	64	64
7523d3a109ff7473a220d282db7340ac76e81e902b7d894157d9e1b0ab8bd22d	ad48c99572c48ae53d449a2438c50861986174ad720e6eedf323c46fe94f4869	9a01c77f0f3090389a2bfdd99576d4b43d9b8f6399b01f0ae11cbe9a115f1a27	16	64
754ece3d9a882da710e5f701a9fcbfeb9c1ba30ba9783b9281277d6627b1a94b	fcb00e04a34d655cad0dc5ccab51d5116b9540ad7186984e355ec79772176fc0	471f63aa944a08e496bee3cc2d9025152e19e667592a155e03238a5f93727c66	32	32
7559e7921135d46ebf81129cf8ba7e096c618bff1dd24f211eae2b7157730e4a	00ce3fb7ea94eb896ef1e0ff0862e2d57166122573d0b65f40196177d4f4b181	e30ba0c7ce5d902294f58f625289c3e6e3826b4964d1baf3e5e773d4a3a9f3bc	16	24
7564fb5337eb984994dcabe06f79bd66b3dae07be56b3ed655b2e55fba465981	01061092f905c65515fe09d10f3a6b4b833db2c2a8a7a2e066947d58b75f7c78	9d5070be2c14f9c83f29d0ab70c487a954bad282caabfe737e3a270b7c4ff5af	64	64
75667391eddb8efccb365f50443cf15bb3331d658b76631b865a863c3a20182a	95f94fd7e03051a894e4e16da552a473fcf1fbbc466c59dcea969a1cddc0ca3e	ec836e957683f34d57bb8d11a7cecc7b7388b5e7519e70b05947a0daddd69086	64	64
75789568307f1effb54101918d9dce1371c3ff41f728516a2aa3ac8403c54ed3	e916103854c9afac009bbcf3cd89cac18bf9e9027934f7ddbcf93d11e67379c8	826572f1d18af7397f57acd45e083d80e11b4c110df0132cfe54f3ebf61853b1	40	32
7579244220c18b818b72ed4d9162bc1470b0a2339691b468b812c16baa672e76	76652453e74ca985dfdc2fbe1d6701d10ccc976aab69ed5f3e1daab5a17f541c	1bff54df705ff02b2674282a7eeddce9a7f2db92a4fb2d3febd6a2c72a6c71e7	64	64
7579554f7e8abbc62bbe2d331285827ab419be72fcf8dbc325b4acaf92db4282	cb4414dac8344990dd2ed21b4fdf518bbf5787e3bd70b369da4e752441c9d042	4026f9e7f9efa2e50c6fa063d1459a46c78461ec1bdbfef4f175cf92579930f7	64	9
759c3c76ca854dd231335dffb9798bdab372d1e57be42083811889ded901e9cc	69312e9b7a0fe24c6477e8987199dfbc4e75a8f73120854dc5be058617f3738f	bec5bafbc0f189be326109db49e5eb978ee5bc972e095a74844ae3700b0c559c	64	64
75abb769db5ca1762da6a0b7b0f7bf6baf251904084e28745d4a408f3304bb9c	327d0bf5598635c5bc9b336439e563770fb5c718ed7911a0561613dd69182e56	cedf7002b45979eb74c29de063e3705c5b5a2149df10ab3a5b36cb092ab24216	64	64
75b04acca08e0d801b02f3d18502ebc449723757c1df341649b22bb22252983d	fbe42e351eb878e1318759bdb32dcaffeecf63674e4440fbecce9211b22d273f	338f927c3ec0ef7490ea3203a2be95aa42e71ec96fd42d326896469f42c56d72	64	64
75d1a5040bd2403656b6ddb5756fe52721ac1ee5b8d2254ae42390aa9cc57b2d	0a19b0e9a4264f18fdab18f70d1563f089363e273b2de7e2e2c8fc61821ab3c0	813a5d3e53e95e0fe65a5a618201521887f52975a53f5d77c9480df1e5b45258	64	64
75d4e3f7f7784063e6e12e784a6d6a5e4b1fb0c09cd18b92f2cb2426a69b70a1	b287c16b5d9471066866e2b640b00da8b5caf19fe1bd2f6a505a91db15f253c0	a72188c2669c9889452d60eeed5070915e7ca0d8ad547cb605c69e0887cb7db2	64	64
75da3b58d4d57560ff424f6be5cdf3c15f3e7f6d940c1262fffe343a27f01de0	9bcf22e3739eab7c817914eb9cc9b1f7c4e52b8d049244e59a8237aa37a13e7d	86abf3f61c7ff1c10711a273b58c98d64a5590ee684732e47108d9eaef622f33	64	64
75f974042e6faf40f5c6df35ff3c42e831a17ce4385d76c1491c044e014ce26d	f54bfdf3e758fc0627eadf233a8ffe4b22a193cae4d386f204fd54afa4ee0e4f	3627ca7c449a5f461444b1c092565335bc98c24dc4d9a03d35b6a004650e2110	64	64
7609d73a0c08cd4c29d57dfd0252c010b50ce593f7dbaaf0274f1c170b979aef	a786ec7a7ef14458b9091d4bb7d488f65d3908a6d2ffd941bb4c7f459eb6dc14	76efd867e4bbf0054b9c175573abd9c2e5c17d9fe67a78537b45e8e76c6e9c2f	64	64
76159fd184a64d6e74220e934f01b758e5a657f421efafb27ca37db1bad9aeeb	fbe42e351eb878e1318759bdb32dcaffeecf63674e4440fbecce9211b22d273f	338f927c3ec0ef7490ea3203a2be95aa42e71ec96fd42d326896469f42c56d72	64	64
7619b7e181613f0ca88d9761d2c18b0e7f0ed38600208f93f7d08ecf4b6560bd	cb7b1eacc075bb4d832b86fc1152d00eb3c9d534ad5bdf6a170bc1b4e7f04cd0	d874dcb20ffd4b66fe006b7ccb6cf03c9648876ab1607a49376e4a48a2d499cf	64	24
7636416b3c7011d998040aaded92736e729f4838858fed27cc68e5aaf09b2a23	c0c39f74a7358ee6049f9cf5224cf68d6657819c3d975eb1b2a450096f69e616	7a016423feb3724983cea5361543ca661238580c49c422dcdf9a0bb417575e55	32	32
763d34ef52d4566136960631a0d29b44a4e8aa554aa99235f0ce3e348d2b80fc	ac55ba3791583e7b0276142ecef2130689999c73d1376e729109ffc9697971bb	53a52916f9d9a1ed51068e5ff13f906ae557966e61ea14339432abd969eac094	64	64
764411509eebe35d2a9d777c92b909fee6a28c7b15ccd089443f7fc5dd714148	955bf882ca961bc43c266c48314a882081c5dda2c3ad724a2035057bff8e5da9	9f888b5bcdcdc8313f0105873d5a01002e032fbdb8af0ecefdeefd9a29e41cba	16	16
76451cdb5bf2229dd050404e631fece15ac6ad28903ccd16b59fc9c3cdcd5258	494d278da00d89919890e273c3433bab99ed2304ec4801a836ddf1eac78d9ce7	9c878af6c1ad9f30c58c2e96de02d9fe31405ccbeec39e19d040b3f56fd83dc5	32	64
764561b47087aa109de25c3b11c4509592fb338e640870569b0c2f2fab5d67a7	c164c8a64c38594f8ec60b401ca293fa9bc95656797c73e3448b5d583568028a	8273eadba5c998f1b6a1605f1c3a792b8d7fbebaa0fe5145149e1483b1e7801f	64	64
764b8fbdc3539d611569b206acb3a158fc75f43a7deac6ca2d8e867d8fa5bbfa	6111d2022ff83208237ce777a3aa2f839dc15530c51f7920695e833d2bba84b5	ed28ea650eb721fc407c7ad8c5f7fb239d323c60418bf56eff89fb8d6a136c40	32	16
7668e2f3a8033ae18b4fb735f27bb403444c2d309d6836077d18e3a2a9fef279	47a3eaef01319c691291443ce79355cfee814a08f4995f293cf1cfbf20426770	3024d3218f7dcea017e876f600bcd3b7cb0794b5a4ae27e79dd19f2e2d079b7e	32	64
76843bf2b54a5df2e08cb3cde463169b801d72af2719be6c0db2e02ced414c91	5d58a32ef2dbb1a6542ec8c69285620ee0ae442cbdd0d30b4ed6c631100a6cd4	5f56a564c988ca2bcc8bc930bb27ec329a72519c4c7973dd88272088e8f3c812	32	16
769a4b0b428b3d558fe02a024d77d6c8a9878ddc743c96339b440407cc64a8e3	187589a0ae86e3e18868b1b908203101acea2bcdbc0f6483efa672bb405441c8	519b4aa3a70f29dc2ca9639d38c1eafe8f7324ac08a37fdcdf226704b155dae2	64	64
76bb3fde4e57e424398aa041a29c7e2dcfafe38c642828b1f646270cdaaa5e46	6ff37e7a227257a789e8368cdaffd31df927847e8a340214261de383d9ff66be	4c5d65bebbe8c21b10a3fb55f65d61e5d59be9fbb7ef49db5d3b7a6d7f6cea1f	64	64
76caca5c6f5801128b6b7d6bd00e9c4de99e87765a61633bb405bb61349508d1	fac9efcd6cce7271fc17b8223f0a6a404f3520b8129ccdb410041fe0d59e1b6a	bcc7d190e1b0575226c3335ec6a89bd54c2476708c9295841c47721bec958b9c	64	64
76da4b750eac1e831ff9f91820e8f79b61151a8841bfd3cb8e2a9dec80338582	ded6c20be21214527a798fd675c3358a78f020fc74fcdc9f8b11d5ad48759e54	7be209469dbd27a347e0bf5c7157ae37ae1c09fd01fe73eef4e1f8ce3a18eb45	64	64
76de601a55ba489779fd11afe0139c96416f12b465a382a698a3019a31796500	d61f67d3bbaf485c93f59e0236141358d34e08df672c2903fd31bc0e276e971d	83f30b47cddc7553f482a7dbfb9094f79ae78c861ff24f7a59d24e68ce63114a	64	64
76eb7f8d5f812f50143506af31f12fe199e1aac7495ef2baf8dda92787352801	2e9d2293c36798c71e8ae30ac6dacfecbbdf43ba1bbcd4f0d83084daab6e5b4d	7e2e748972c032f671ba25f0cbe77463cac180dd6b49124531ad49718993a41d	32	64
76fd4c7c60f51efc20bc4c863d26ae28d8211a445bfdd55e5d1b57387fc2db55	1761164884d0ac0f38e7b9d9689d56d20f880d73090e53e03708d7a269a72289	8542b8a353a7292c1fc749c72eec3f26cd47aa4dfe87ce1e31127daa92278a88	64	64
771174366f2ee80cc7958eb6341e4cb72912751e0c5bbab3d7a6a190f970297a	bdd44743309785c2a8011c89974535e3df5dfedd528b01dda1eb82f4ad0be71a	d08c0144544cbf89b2503620c8729040e422bfbbd3c4725d9bdb214a6ac14c1d	32	32
771ff7288cb07c0d9bbf8ba1274d519f3182858c6568a141c9394045de3fb051	ca6078edbf02ec0452ecf42c20cca600bbcad7ea9f72c6b0828c2f7e9dad0eed	0d07088960a844f025126019953f7cfe1e269b1a5680aba0efa255d65e212f03	48	48
773fbba04df9e896bfc4a8016beb33a140f514da61d636243234e12e813594a8	7a08bb1bf281d02eee55554f692832442f843d6888e668b686a78d5082b7b488	b650dd8dc88028c59d65fb4b2de3fe56e0f98f6bec9eda7c04ebeb75bf08f766	64	64
77477c4c5deffced876a30214d5cd0db8f6d06df990f0b53d982a36a3961bb82	918699034a5ba4358ff1d0cd5e4aaca51681c0f38f2ad84fed9660e2201ef29a	0ac07fa3a9682caa02c286c3dc7c58504dd82ddb5c9796905b32f2f4161b2661	64	64
775f8b7b4046dd5a5d0f8613510f6749f7ff30d032bbc5e5fee5fc4069c531bd	3ce74d266f5f8cfca477f66ea79827851ddb6bc9d5f714bcaa2d5929cb446d9f	15486e0fea80a07ba1052323dd9eed12475147f8f58583e2eec1a5e9e03595b6	32	32
77662b373ee32042a50f2096c5fbe4c71d902a4d3b601df350b185d6a6e938bb	a8a003fed18cec88bb4689d81db9d38d7b1aa2c6e1dccccfc9fa1f2a05dfc81c	97c8cfb9e65f4ab835824369192ed014729e4a488f145108a2d710bfbe0d4fdd	64	64
7767ac65db9ac1bf568d0366b18bf24347b524825e8a017ab13ab6c5a6b2cf6a	0a5fae3ddc4d50de80b76220536a352f42573e52e8b4f840c02412064832106e	c735e203dedbd2802c83c8e3742ab05b388c2ddc4636055b5ce3210a6cdf80a1	64	64
776982344cdce447c9e4b68dacaa9c2192f2fbbd0b59d282da3c21f894befa33	20eb9ee3e6d32dbe9519b7ef381f7d33e8bff16030c72994358424ccb5268839	afca1e23926e633f1518ca8523461e24ed38cefcaf35cfc5870c80637063c197	32	36
7770803416bfd10b92c749704b65218a2450d0bd5a069927bf78616419929503	538e1636d6a3c22dabfa05da24a1ea6bdc7f7b946441f97aff65d2fbc0156ec7	d48a02072d6feb767c341b7598a6bfdadc6f5e7097c5d09e7cb2a4c236de1387	32	32
777323c50b4ed2c37be836fd710c917ed768adc7f849c4b507d44b2f250f1376	af61305772a6e151b76d46079c8589238adadc30c61f30d62520d4655f97a457	5c6ecd682f57e48f98c86a4d49de808902f6e4a88c8dab2f28ec2b850805b98c	64	64
77d8ba77f27094101d0d5ed3608d07249dc636d2940da7bbcbd5e3fbf6b855a8	c05fa6b6ae70d35f5c87820f29056054334348e7602a40281535a3b9291d9c8c	dce923d10d393faea45a240470285917bc577ce7d1b67fb101c8cefba5e89682	64	64
780bcc2496d19504584741332634992fa8d821f0485711df6b94725fdbe8bca9	0411ab939ce84c5e6c31e281401318316301983dff0561bdf664384f80c5e739	a5eb4d3f3f9ebea885e6cd65a7efe6e47026f135d2464c1d06c9aa63fb45b5f1	64	64
783cf79629e68cb5f932ad40929eeeca14959edf29220cac85e0dc9cd913738b	45f18a406f6ba444b4c2412b870eed5961b4bc999c09f1c7d38289719fd2e7d2	f17354971743884405bff2487c3ee248f92ebcd4811b8c65a5d6cceba2b4dd00	64	64
784e89956f230fe0cf6107e507a2ef24dd5c0a6c028e8113f9575d4374166347	cd134c24e3e34b7cab52fe0288ba5fc7f5d258cf9da8ec7ebc13a502d017698a	0277d329595621b382e1b3d5e308a6a946123fd86bbf7039f85629837a21d224	64	64
78503968131c8b442acba71110cf0bd7d809108cc484cb696210b163d951cd99	e71e9abf4cb83a05f4ce938b20c5ad912e2c42b75dccca52c9fc7f4102743091	da5d4ab98e645ec4876d7298e6c5acfa5136d442b0c1105dd837fd7603fb83d7	64	64
787900e8ac1b32824096574c623442524ca39186bd905c780f4443407bc02bd4	8b539bde44472d08e6c36bf35485d3d0bc87ede20b142e597feb5d3e4d1b4261	3b7de82c07c424339b91bc1b93111e6811bcee1114ff7cb193376cb79cefec6b	64	64
788beb5e708d2fd465544c271c698dddcb10e83e22fc9a10bb396895d7d8f9cc	2a8368fd1bc0d608ff1b0ae682b23e62c964dccfd53e5af3078b468efd9d0f84	a3946ff58fa0f9e9589a90959a1173683cbafa05dd956ed67b1e42f6f6ccc2c8	32	32
789fabe02449ef50bc5ab0c9d9798567a0630ddd7cb95ba0471f7ed5dca79136	a4ee60869bd4d68a3e80ae846abb9efbead596428070e9be752e32650fdf7a3e	515326911be34346967f4cddc3667e31b50481a418a297d24ed821b4625f4721	64	64
78a050c3be9ed3afdd51c7655df543f603a675d3faf3c0baf7a850b87259f366	69312e9b7a0fe24c6477e8987199dfbc4e75a8f73120854dc5be058617f3738f	bec5bafbc0f189be326109db49e5eb978ee5bc972e095a74844ae3700b0c559c	64	64
78a5505e16990ff567e79b05e5c7474b85733c475d6b257db8ac741469a811c7	435365491440360f6c381ae090d75b931db9f1a431b7f081393cf195992b70f4	51cf23acd1c989d11776590b867cb990af501026f09dc09406bd0d5e29b3e7fa	32	32
78ead593b0efbc2b5662d38ce2b01ff3748abdd1cdbcb0a88708acd42bbfcd0b	44fb9d049f14e60680d4c4c8731022996018fab658e5845a04276f4164822c59	93be31129709f2a329f940e64fb5dc11b184c3df676d13e643c996a346c5afa7	32	32
78ede288873d6d1ceb258e8c07564abd1b372f8c1e8406fd96e5ab2970b62c0e	10aa926a52d391c3b6611f7c38237420cd2dc812c8c6cb43cf0ee6390336140e	58a04f02bbd8b662bc5c0cb76daec03874b2398e50b0351b479684330df5e1e8	32	32
7917eb14424c3a5695e3c05ba4977f0e616103eeb1d59a4a6520a768ec89aabd	b18fc65e65ebd388101bd90bb5f48a4f8c99c01f69f25739f04b76be0e351700	e80af6413b2c89a2f43d2dcb56e42d8a3d4f186280af53b9a6bbe02fc62b0fe6	64	64
7935ea95d4fcb4099353e3fadf43065360c8c46c19d9876d276cd9e23d98d020	262852198350971c98d901d80a38983dc5f92e1f1a636537081c0e551629e0fe	fbf4f8f5c49c4f6853ef732256482bd03276d7398aa9d015e256607f769844c7	64	64
795990c244edbf3db4dfd32c763eb51d035251f0cd6680ac4112f5507faf55ae	8ac1d0318facd94feea21970a59ef1742a0fb05411c36bcdf70709ae5ebc23c1	f8a29d05977787c0161d92af3c2022142f90656d559ef6981fe945023ef25eee	32	32
7960223d0fd4ac5c71320b4fb2a8d61eb16e70c52fbeed9e2999d12181ef6b4c	d134190fd5ad73a546b05362fa335665b28f92284bc21643a5ccf140d5c39d82	48b35d306386ecd21d1eeda0f6ff272a4b443d65e5734e3d311caf4d4ae0b0e2	64	64
79651261608190191093c369bca041c46d29812240feee12e4d410c64595b691	c1e2745e386fb9749cd717523bebf5dd9c35ae9131d4219c23cec5a2d553d28e	29d2f85e5938e5c4c9da2efae9db8eafb5501137994c4113754145812d7d4d28	64	64
7966cdda483acc2bd8f323164bfb08620e90bc093e84b095f85a466f7b2bcb64	27bcdbd6cdc3c225900050a82fe8fcbab091d1592bb87311db53b7848e54995b	b5d56fc9afc76c951536a5fb4ff0fa9c50340351c8ac0efd73198532de38b6de	64	64
797719e069c4f3371185bd8aab110a0c67780f37ecb53b585d7b09dc4d0f9408	e71e9abf4cb83a05f4ce938b20c5ad912e2c42b75dccca52c9fc7f4102743091	da5d4ab98e645ec4876d7298e6c5acfa5136d442b0c1105dd837fd7603fb83d7	64	64
7984d03574b4d7f6d6a6bb673eadf06f7b20ee9a82e74692b70f332ef0649014	96499084a0608063928044277dd4fc8845c1a863d58e1b91ae6222fe7d1b12d3	e6339172394497f95259e8c9f3f4273117d26aad35fa0c44a85f9ec339cf9d85	64	64
7988a405f1e604febe5e36b9c4f3de2b22508df897c14d1557cabb44b8481335	2dab39387e8b94ba3a905cfc618914630037e1f482b7a2dc09be460f9825ff46	2e281db279e3216d23ce12b47da302d27cc45ffda3e42d59e57ddcac792abfe2	64	64
79a8e568e83ce8bc2b4c2fd23e0c25aea5718990a5abdbde984128561be7e8f4	23bd8d23b6d4fd95e741ef8c83860b221fa52ab60945444dd2add612a838845b	eba0dea6c498c7ae61812b90935eafe0c1bd5acf554f1717a8c1aaff8c651085	64	64
79be9c4b37e2b617ab4fda633d7c9ee697fff8ffe32c0a891349d926d040b06a	798ff2eaac9bb126864adfa3a7c2a8af093d80ee1ec908917bb85e3289cbdc14	be25c4d9deaa17c9356d838026f5d7325d15f9a3b7bba0d109d26e8fa2fd5dca	64	64
79c244dfd5a3d1c14156c3e4317400a7394d96eb036dc290a47d03c85f492b9f	fe6996914d81a0bc5237d62148362827610446bc9c0792b037003bb050ecbb82	a989eb1a601df62f270cafae57acabff006e91caebe653fa343787575c751116	16	16
79c357eb676da2eac66a5309fe3478aa1ecdbd8a581673709cf58292c5fd801e	e71e9abf4cb83a05f4ce938b20c5ad912e2c42b75dccca52c9fc7f4102743091	da5d4ab98e645ec4876d7298e6c5acfa5136d442b0c1105dd837fd7603fb83d7	64	64
79c936cd143337bcb15cfbb6f1cbc27a06f1d37fc3a3fe7ad462fa015dc7b022	d0a962883ca674ee51e266c22606defba1d9c5df40d86ccfffa97790713b263b	2469e9ad1897695c435248676f32ad07866a25589135da92d050801466e454a7	64	64
79cc61c11f0b3927e8e46e07a40e0a8bdc64b26824fda7d75c8761399176f5a0	1761164884d0ac0f38e7b9d9689d56d20f880d73090e53e03708d7a269a72289	8542b8a353a7292c1fc749c72eec3f26cd47aa4dfe87ce1e31127daa92278a88	64	64
79d1896c78bc9bf533b52b00eec3af279b3a310bdcbf40ac71967d05e1fd64eb	bf2a6d0a7d29ad25ad6d831e80c0cec7bf69fa653b484daf1a18b3751df632b5	7d5e4edb35ef3e70451a0739a07c615097aabe15043ed6807c016695d3c7cf82	48	24
79fe7425052b1f28e75bdb2cf720c102181dfc059920b1daa05079c475580752	6f12c2768a0c26e356204c168e825090f42018c6b93b82767edee5f04da02f8b	5a8ba5b69a44967f91fe4d443815bfe070995a28e0a35b83c63f6a3a8d0488e8	64	64
7a07a03346d0692973b168a805197f275c507eb937b1b37205090c015aaddb7a	f025b6f9bc40d3ab6b3dd2b8a64c25628cb984b476f486f2cab663da7a124ff8	b05c48e0bc81ed219fd387946bc03c764b2f82ef7d5563dc54ea7234cfdfa4b8	64	64
7a07ede11b1e7036f5ca1e21db51409add03685fef0f75339f41ee81594b6ecb	e02de9b858b4db57ff74b2b274a6f7cad3d66b29359f406684b23b3891692f4f	24592b4809e068752f5b5632b0055e7468be57188203aabe7536f03d665bdd0a	64	64
7a1d0a017cebc5b8afa35b157e3bf26843db31e779dd2a65e99d4dd68ea006e7	76652453e74ca985dfdc2fbe1d6701d10ccc976aab69ed5f3e1daab5a17f541c	1bff54df705ff02b2674282a7eeddce9a7f2db92a4fb2d3febd6a2c72a6c71e7	64	64
7a1ef39444e4fcd152dff7dce5dc54beecdb79dde07ca8e0076686451d383319	1a3d7e1eea1905c9ac05939ccf05724506d833151ec4e6a32b931b32b4c7e71a	0f8436a8a301f1e14ebfe635a9e74bf95d17a3291dc68f1754938d979655b5ff	64	64
7a2b640e9e4014cfcf6da3602c0b1104e66b9ce93fbf6efda5370cbe386168dc	bf71b373c90b48bc845b452a133a8e9370d92415b7013191e5a5cf91f4a06691	b003a797017b93487631eddc7f6c611b3dc5df0b9735a65805f1303b9449cebe	64	64
7a4c2de05a2789874329f69dae6908bb00d59db88a7a8dfbd7e717f606a441ab	697563397e5f67d62f8b4968f1592416edcbc1f54609f05940bd7595c4773aa9	830903edbb40e6082c8369b311283c9bc6663c5d669bdf4184772b52c1f8eecb	32	16
7a5182fb510b7b977616feb21094e3cd0f176a37ee2fb4ee97013bad92353e9b	96a9a0cac26a161a0279945c396dfa8ae7287f708f4399485199131a67a97b9a	0eb08f872ebaf9391889891ee6e17878adfa6a5792c56dca7e61a1d28f5f88e3	32	32
7a5a753bdb5d3053ee57139dbe9b3dd262b531eb5e6e8fd2a803c1e001a94854	f0ed82470229bba7d6373782ac1ce233abab5816a3b36c9bffd07554f4767a88	89bda9099e43c1aa8f8de29a058ccdb123dec474cba440513ff95745d988b896	64	64
7a5f2554503218ee8961cd54cdac4a06c64689ae8bce9e2850ae02259e7ed6fd	122e929dd5760c54fbcbe6ea3727a00f4e5322958b937970df7936a6002de468	b562d7b790bbfebc9359699fffd7b611c8155743428ad4446e49cb5ea6ed6945	64	64
7a74e7eafb63eab5ecd55a1942254bee4071616437535b77b3b0ec65a63f1e04	f074436786115e7687ebb8beed9091e1b9b2a0388ce38736873525f1674e4148	1bff54df705ff02b2674282a7eeddce9a7f2db92a4fb2d3febd6a2c72a6c71e7	64	64
7a792fdef19986ff6af20766915480a762161009648fd0c1c54743dcb0b4d086	2849a0382be07d39aa40a70ae7f9a8e7a820657cd9b1cf075f2bc391007b7525	1bcabce28bde0a38d0170e3f1658d972ee43bfae5109c2f2e31aec00e4f6d642	32	64
7a7933105ce13e5041960f37a62dac57873e96f6b84cb727fc80e22b23c0f04f	f7deb6e4eddc86068db6f5eaf2f88bd3ff4de304e80593c114974bb7bf9eed34	66e29f4b07f339d5d3b897adabfedbded8190bf88407ebc1e7d68b9b89e2364b	32	64
7a7d84559c2264e585342bce39ffd144d2ed87e2d43b8c161563997ab0a4df89	6728ac71afb1ed56a515bbb62a5574f5364858aafd02b8b6f77045bf100aff8c	ad969a3503838bf8897beeb533f436c68caec2413cc29911010f117889898a00	128	128
7a91d4e638f4c9bbc92854480c2a5ab391d0541faa088e8345bcd7b7be38d377	c2185070bb4e575eef7e45f110648eb00e67283c59a3e54f441674b84762b88e	552d9e3771e465fa57a467269be01f36207d492d73acfd865a5be70a80c0fb6e	64	64
7aa8298cadcabb4c4b8dca5e34e705208aa1c14b11f3556dd53bf47c724a783c	100ce116112906828b310ccc6079ba60d6f3cf50ec52fc55be48be597a9aca23	af7476d247ff65cb957ee5903755db5829bdf9c8ca4325ec9bac7c86c634d006	16	24
7aaa08b26063207f84ae00811dd23158c81250a14c35b25bccf3b8ce3ecc4e1f	aacf06f6d33991d0edac5630d8d76e73e9a58161e434a2621671c1b191231090	3477d9c41176c476cdff40ddbf3dbe90dcb8a28b8f0cbe39534708236ae79c3d	64	64
7ac91b61c026c5e68a6d482329bff6ec96877f2bff23716b360cf337367aa8a6	2ba0dd7ed5ac41f1eb079f1cdf7b6a6a27aed3f1bc2a3816420b18cdb5079982	5d614e2b2fb20bfc2526484da21ecaa06cbefd1b880842bc0d7284d5747306b8	64	32
7ad5872150ade0f9d579d551bc3dd9fe91d77407a6c3a85354434ae5604f0425	fe689fac76befd8134028229458360c8fe1aa9b61831c848106572eed5fda0ad	68414c4cb5eb3fb9eb873c3ccad0eaf20cf0d0ad106fcc6444547cf19b41edf5	64	64
7ad7b49db762f79a9a447ac97b9838c86bedfa2a6fae59ec8f015e2403b06d67	cbfccdc33412e805ba112684cea4f39b9fb244bc484c7930d2f3c61fb01c417a	79c8319d42b3a57461a5dccc03b437f040064f7b1dab539b769e4a3656144b1a	64	64
7ae227738339a89714b2b9b67f68b385c011440efd326fff1966226175d6438a	ce34eb13308174b71e72dd7df06f858c7330723a96e5c822d27992c2209529e5	0dd0e2f50f18419825b01ff34c2aeff137f6410aefdbab22fa4ce60cddc9c1d4	64	64
7af1ba30ca85b65fefd84c8ce459252b26978d4e3eb81a7a32a7998a7df4f600	f9a5d7091227452f895faf4e20e05339a19e415f03a6d9b4b3a24ed2e2a3709b	34db0fafeeff3d0ff427ff7f43a80d05a3d948683b479a8c87ebfab6ff93982f	8	8
7affda67b221ab9519e0d0a6fb5567818bce4f1f54b829efe66899d272a41a42	cd9748a6f8177ac421fe0f021554da74b0f42c2b0755ef3d066766df486aacb2	74f0315c0fe92aae45331e20fffe5ef0490ea1685964c519d74dfe70bd4c0221	64	48
7b00ee41880610e8b32c10c4b379dad548d5d32c55da4c66573ba2cb4c99148e	af74685f5fed31305c861b06075aaecc585f7470cc7c9d9f7e63e3d7c39aa476	cd6605e74db84c8551777ea97ba67c615151604074d475d90dc758d095607b25	64	64
7b33097aa7afe1e2e8398242dc38a963c302d53fe2f52b0e36887fa71a3ec5dc	d5dc793e16cb86b33b92490d1315ccf0671f4dc2d45ab4bfe39ee0a6109f3040	1645e099d3928226127eed54d001b242a4cb57465081f08efdd288ae050f9db1	64	64
7b3a8d92cf947797bc08215b564444c31babfe747c06ac0ddae99a9757ab9270	02b1b8441ba33bf4a12f8fc84867bacc9b10b6f418a72d26a8c59e1f12f2eb17	45d68719f56ddcf5c1f86698546a2dd69debfa05a84bb09990b45099515b2350	64	48
7b3e889c734473e843dbc165cf952cd3e520f33d8d054e87038d6883a2903ac5	61e2b705ad8081af8dfd948c35de70a7e0ccbd58779cec0a6ff27f986859f0bf	aafe4904a542d6e966bafe428100787cc3c88846ccfc92f4dc53fd451df9c02a	32	64
7b5cd5859a174bf896cf19c6099ac50692d3cddced61f5ae2a2dfdd75d52676a	35e78db44499f68c6e0be0720fcc15853700c3bfb255e320620d79096c318d63	77f43505e9d0f89b52102d0c7de7544f1399019dbf1dfb1ae7c2937f146ab295	64	64
7b5cfa25154a5635f0229b29e42c4085fb4db4e41fc01c24afbc8f265ca101a4	623bfbe342020c5664811632fa82b0982ef37b84a0b38006386b8bb3426b8e19	352b3f4ba2cd1aa5085dc66c4eede8a0fe7be72856609be3470ce34bf1ac7211	128	128
7b5e8ab8245efef4423aab596f49c20677c22ad4e8b7aaf3371dee008da7a525	e4312986dcee6d117f97213947271eb7999f24bb8b546dbe59fca06ab22e2671	944752d85dd9f00ac19a24dcdf2d2b2beb1c360b0d2f5ad9006bc2ab4dc64d1f	32	32
7b76fb2da2332c09cd3d622dbcb4f053ce4f9fa191d67b58e0741ee38671c8d3	107643160dfccfa0bbe21833b997a6b62d53968dbad021c6f732d288fdf27ba0	1970ea002f688c689aeee48d4e016acb3b0c0490d7fe0f254dff4ca4722f31f0	32	64
7b7787cf3c34a46ea65852d98a196897c13b9f17c8040841b05dc1fd9ad8acd0	18e4ed055d227f0c95562fb8cc42fa33f1f438525038a189a71252410b8b59a7	fcd0f84f2007974806727665b1891bc78b561629e8aa23c43e7629261b24b387	64	64
7b800e7bc92aefc5f0e6a7e470bce0a8e0c59280a171511d077c67ded258b2c8	28b1acdca4f154ef1a597d6a1bb78d3173246a5be4403047201e88c0fe6b1fc0	5175ad4dd6a1836ad5c43e3abac612ce5d9cb9bd448f65bab54bf67257fa92c0	24	32
7b9b001ec1263b6acc9198f014cc0a7b3901bdfeccd46298e48401e5b493869a	595c302a753bd85d608d419df9794e15c322f8ef35486353d836074fbc6983df	6d07e37e6113b002014e808ac212b1edf12cfee1731465c801a838ba1092e116	64	64
7ba5047c51e198db7e2ae17b89a103ae0787175db921a38fb310a7d0773ea150	e0d12aab0f907835e4560f75eb91a516921da79f52b3814ce50c2a9b78aeaa36	74fa9d7654ba0ca294c9e77788eeb484b39a207841d635873435dd85f9d59a4a	64	64
7ba8ae677c7217a386fb32d3c5e75150faa42a134d660aea07282c3a47fe28df	b287c16b5d9471066866e2b640b00da8b5caf19fe1bd2f6a505a91db15f253c0	a72188c2669c9889452d60eeed5070915e7ca0d8ad547cb605c69e0887cb7db2	64	64
7bba55f1ed13656261d864d7f18d4361265169c743c7da9e9f6f42158949433c	dd0b7bf7f8a77c8d694e99fb08edd5857d2e46ed6c6e6e380fa19fb7f047cde5	84c7462e226e545cec8615577925d86ac0369839521358758307ded4c0aa3f65	64	64
7bc1541718a9352a83c8f165cbc75b7968172ea35454b75ccfc6cf12b3b0d274	4590801d0c9e774a33c6be0a1d558c567b956a66b660d12a77aed11ac1677e25	50388f3b7277c1daf28eb8609ea0bfd73637049b97e81489ac7dcd4fa6c8197d	256	256
7bd5baa4eeefa0c77beb2b8ca12ebe67a3c3473d3311e80aaaef8a7bb74905cc	e766b823a58d10277ca76f245faa42f7aec33217b7dea514082c0e4d83eb8079	21adc0259a4b7083746e856cd4c6aec5bef988cf3c37ac416f2e6ef378887af8	64	64
7be284989f23dd9cb3bc0dd59658d51431dd06415f84470170bf25ada6fce2f7	0a19b0e9a4264f18fdab18f70d1563f089363e273b2de7e2e2c8fc61821ab3c0	813a5d3e53e95e0fe65a5a618201521887f52975a53f5d77c9480df1e5b45258	64	64
7bfe2e79d29f0d66088d057151c06740ee4b71123fda5019d9c87f6a6b521176	445133f46c932a1a72b098fc0924707f4d45062f245d8281acaa2f191c2f7fa7	36cb690857bb4ef7223919e8e3461b427872d00a219e670c62505a2c1160ca64	64	64
7c0365b5e0c3fa33d686250a838c83be90d455d473c8b04cfc17994a9baa95da	95cc0d01e3f55c6d18824cba980963e581258a328117a405bce43c233daa072d	73714838f7a862cb60972d3218ed5cb7e9e1839e2b51d887f859bab11470fec2	32	32
7c1acd1f816184b98da00e8b4a36116356f8d171fcdcadfb75443f7313f3a841	07138e8c11d19fd9a0fcb5593025db2035200e6bf61577b84bc683408001d6f4	8f20d514d2dbb2cd39a0b595e704f66ac54061353110140fc3fe3651a1c84250	64	64
7c229c5ee05f33c68ad50eaa23604d53d91c2cbf7ab2ff684a26539ed32530dd	705ef2aaf801d0518b8be5d39f005b34eb2acd6db3a23f7d8703d23483f182f3	d653b54b2a2dc06391f49e29f4ac854d25044ef80c82d249f76778fd70c1f434	64	64
7c28bc36b55a4d089c979d9b1254406da5b0010c42852c7bee258de4b1b08d51	2b2e032013566911da3382949911a62ff3802a44045a1e7727439eb75188e86e	8384b0d9facaf56d5222282b1470c7d1114d43dbb2190d2640cee1b7b758b6c9	32	32
7c29fa6f89dd7437e61f2dde05a3fd11561edd7eb0aa74b36bad54f9e7b68697	6bff12350cd211575be7694927b8f3ab7fe41d378c5446e262364f5159aa39ab	66498b0e3ee1fb5f85d3de5304748e28168a4450d9eea22011681958c343a78c	40	40
7c34b658a9a2f4b78d2afced839d310837929aa42efd9507ce224bf885558de5	40fba8ac9e5acbc91d7a0e4022c5666a3bcf13b79b267cc790a5bf07ebc16d6e	028228e66e847cd0514881593a2e0c836115c7fe84527512973ee6bcae637ca3	64	64
7c3d4cf1a16e827916a17228fa5993bc2dd8b104cace294c60f9699555f30955	cb333e780e613723c57cc7cb4524c16adcd5cb234e3ae0f4101dbdaeee4b1a19	6f0601b4c8706be52b273266ebdcc8387aa4fe579ffe30f7edea858fb28fdf6a	256	256
7c685b267202a5ff4e7218ccb3514343674b96b8f9b6c068d0e3dc09eda00911	0738fa23f3edbc623db5bd5207134e3adeb20ff091b3790cb8021037093215ef	46741c62a1fb8969b11934220c110ffe5eeb24a1be18364aba079b76064ae458	64	32
7c6aa587305e18b11accdfa8d9cd092551267c471c381f5f9b93f28e536fefba	520190e919e322f2e237f12783167212d3a78362671231b134f00e09ab42cbed	ece7fd744047eb4386d1ddfef1896c914319fbab766c65fe75effa9b9b925d66	256	256
7c72a85bdc72e657926bc2860426b052b25f42cb04d903cd19b007da6207f3ca	99d4cdb26dfbd98dfcaf8f38083982b702c0d28c2d7d3605c6cf02d895b5dd7b	15311595e171839a6daaf8583ab703d3c23c26aee5537147539c4123c4c4cb6e	32	64
7c7bbd9b4db533e6bd5101261a568c4abb745f8284538bb1ef755e5c7f93682f	1979318f75662d9ed7740db404d87b8dbd33a5d371b2915c60db02cb2bae894a	cf19da6f2085bc6be2c5455e66b6cd128e850459f5728495a66b2ce36e245996	64	64
7c84c13da4a8dd57ebea30cd9d5dca5cbf3c78f344e517866b3f34fcc6449010	e71e9abf4cb83a05f4ce938b20c5ad912e2c42b75dccca52c9fc7f4102743091	da5d4ab98e645ec4876d7298e6c5acfa5136d442b0c1105dd837fd7603fb83d7	64	64
7c88c9689d8e2c3c555e4c074757f897e6cbb483ff7b721eef92bb7443dd69b1	761bc980c1d62c6b54651fd647a5fe2f34e66e04215902b0ee4fc7bc0e2704fa	b844f5dd48fda6ca9b05b584c4292c5410e43cfc3b92e1a138c6653eabf3be03	64	64
7ce9818b389aca8ef8d6075135bba2d3733e6a1db5859efc29f9c924caa5fecc	f074436786115e7687ebb8beed9091e1b9b2a0388ce38736873525f1674e4148	1bff54df705ff02b2674282a7eeddce9a7f2db92a4fb2d3febd6a2c72a6c71e7	64	64
7ced627df91c318b44b19b1e3e96af366917ed7d361b18c260e61ba78027aa5c	2cb75b140cccb54cd8fbf60e8ac33184bacae4fbaeb492c54532a64df39a7e02	8ec6cf7fd3d77737613689e520f4f1e9d301a520c3cbce9e3dbfbc909a3ca0a9	64	64
7d0996a2867c67f393d227254f1be7105b1f64f7824b4d182e7ff8a0b787bb06	b4cd19113feb6f834ec76675b21724ae5bb16081ab0bed60bf8af3da226ba63f	cfe7856f5ed2940687f2f9033d7ac77e817f85170df6737c1a9f8befd353c366	32	16
7d0af0ca619b025b410df45008cdcae1dcd19cc9fa3ec2b9a1a4b0b8a39f2e6a	ec0cbec2d63b1b8df4008148647a87f707566edfbd7051bba2f68210b59d4a76	df1fdfac4e9ac671fad70624f1439832661affec0fdf4cd26c3255d118aca4a6	64	64
7d1183a5e57681bd915f1c7a06c26d19a7ee00fadaa39bc42861b5a630e3b67e	650f969925bebddf818f59730bc78c5d1b58a855fd9f87bb015893d63419235d	5c554392ef2bd050f970578af62526b5967e57662877d8dc3183ab71f99b7c9d	24	28
7d1536088480e5413e82522d02b7f259bc9ceca53c115e93e1f1c17571326a40	97270daa5ef1cd27a41fb26bedd1412392fcbadeb545b3a869bb4237251afba4	d9978da8c97325279fe50b28200aafd420d4418788a3fbf3e1899a4acf7044b9	32	32
7d267b25f1b4bd62123d57b11912b20c3005333535d6a14cd36c3a99ff1c9df2	adfc1702ed2da2f4008745e5139d77aac9567298aa567d967b87ec598efe6bd7	2fa153742d51b373d8e194d7194c9a066ff5e63ed58ac0e394ba545c10ca2830	32	32
7d27dc29e8a2d0a226a09704047565adde95b08b120f1f00f46f37e6c7bef63a	6005904d0787626279dee2a36daf548974343f804f0aa78e50484e2bafa9d6fb	0ddc5b388828e738f0c498a604ee45f817d394921f0a072ede7ef6374d6089bb	64	64
7d2b23bba51ce97a6a2c70e5ec70bcc2960f66f134d3fd0601585bb60a5ee971	8dcb15c7cbaa51a7844c6b8d191b795426eda897227df6b23f5154c99b419af5	d94d5424e3abbca679d0ca45d18ebfcb4c05ab638864d1c0d53c5b251281e513	32	16
7d3535122383956d84fe8ff323f69a5426dc35a2bc94e6ca1ba70078638c3ad8	85999063216a0274e6077d10d1ddebc6cc71acac942745c1919080901f44eb63	b2e4a0e91ca594f65c63c3caa9c8863302821824f255889ee7c103ae313f1346	64	64
7d373ce15c2ef2685dc6fed3a47263cee2288804cd149815db86f945c38d883f	d158bb250f2c56534d1b5fb7f0db69194999ce460837d7eede0e89a1a9e0a1d1	396b889eec646294524fb0f3e09775fcc78009034f934687a5e9a070e27e66da	64	64
7d3a174933ae3357098284f3961eb5c9b695f23b48d4e37e459e132c27b8669a	7039f67435bff60e7cc7f6d895a9940b0afdc6c58f1bb5dbc775f445dcf0de7e	32eb4937dcc9e7211d4152adcad40961802b1c3ae287683934a4840ab248c521	64	64
7d433087cac85cca037f9752798213c1055b2a6de776c6611dc454f26def8bd3	0a5fae3ddc4d50de80b76220536a352f42573e52e8b4f840c02412064832106e	c735e203dedbd2802c83c8e3742ab05b388c2ddc4636055b5ce3210a6cdf80a1	64	64
7d4cc18a3d99776ad9c79a9281b843651d72c2cb67a58cf1ef888c5d0b9d082d	8d4f0b6cc26b10506e8e5e9918feb954fcf6cbad6e382e8f258612a7df54ca26	4c7f2afa3aca6f05e5865ba40af68105edd573bd734c2f33a7754081cf568a46	64	64
7d908337ddfaa1a5a07c1432fc0bfa5b6d37e2bd9c2d96af0b5f253a1e499bf2	8f7df20a9ca4f5fd39563743f923c851be868f1aa38309914329781a24e51a85	a20e78d2c4eb72949a72b27bea45062054976e36c99fa185c8287baebbaa0fd9	256	256
7d9dcd0944025ac46f6108dde8578098a0fd844ca3b4f9b52cbd89e8e441780d	54f6be77220ad283299773b1b68aee97fab41d216ab024b6b05b4bc2a28ae88b	deec0a99eae44237deff9152b593b73bb82b173c721ce105b64599dc9d780031	48	64
7db63388d7e7c193a13f9e25ceb9e1d64e71bba8742714ad7d5e15874d979e31	9bcf22e3739eab7c817914eb9cc9b1f7c4e52b8d049244e59a8237aa37a13e7d	86abf3f61c7ff1c10711a273b58c98d64a5590ee684732e47108d9eaef622f33	64	64
7dd0c2bbdd4dd947f9cd776c13c261a480a6353644709ab3796c889db50d2195	697cbfda1a3feed4a48c9bffded7d759c504a5bf8d40adc336a1f03279dd793e	e0a600268e4e838cbb2d645ad9b64530a4ccac386ae25907aad6d9f68271b733	32	32
7dfb83dabd4541074bc8a5a60a5724cb8250eacb867b21fa772a0e7efc3f2614	6eef67b8d2fc3e8f1a30c2f7a5f386b762143790702fe334cc449357e3d9e683	c7ee11cb1067cefa7d241b0ba543690edf28e96450f9b4865cb355fc662ba754	64	64
7dfc20b5eae7402544fb44231fc2cd44c556c0c8c1e4ecd59f9babfef499f327	2ddbbb8bb6c7ae1bc68114e50e2c18093f3487e2b360b8f8e49478dc20b1fe4e	04be9e6d36e943389591e01daa082ba3f37257cbc6c44446f619f8e1a98af551	32	64
7e00d77fd651aac3f60171ec01e0835518716e9db240dd55cab4ab9d78786c63	0c00cf97f17ae271167ae7c3f1134c850ca0af82cc00ba0f10b84f15ee85bfff	40739e3af0f6b6c8e681a84fd0eab1ae9d7a33f68a999d030ded1e6873a9437f	32	64
7e056eae92b7ecf1e0809f15ff580bbdb77dfff9db59438e9fa14e9abef0e684	aa9f786a16d42b99839e6c3db66d42a6f9ce62c1ce96c3dff8a8e2b837539913	dd8b0ad6ca8b31b1979ec2a55d949c513366132b77a23d8101594dd978f87477	64	64
7e0a84fc8e107e25a933db3b490f4921f8c164c20c45de5225c5f968ccde2fd5	1fa5299dbed4080998dbacf982517e016411dad32b085a4cfd5e21c9828be5ee	9ff8d524e1ac81b14b7b4737f885b04098aed20c59b523e586fd05394412a584	64	64
7e0eea1148476a7fd1eed3481cf571640c23af3538a8a6e7b408e1ddc12a58e3	7777ba55e340c072102b7e6a5331bc5de0db20585912f6f81a85056d10d37c10	41a66e3ee04941c875bb9f22bb956fb67bd9ebed3b77763925e3b7b44b72aaa6	32	32
7e42ae03b3887df8bc4ca57086a59d2ae418298ceae420cfa8284f78f50faffe	9054ee4bf8dc0a5dbf3f3abe2c6eb7470f9409e78b7b3c5f337429747d7bd90b	b4e34fb7a0c4937e012571563357afa33d579ff4efe29754afc58543d3136699	64	64
7e432b9a72bc90e607e94a76bf20042523ca9caba9687be34f0bde23f72efb29	c167565391a000c4d32025bebc7c4faa6523e998cc4d70a176e9127ee3ec801b	7f761645944c37aaa70def39bb1945b25577e54da8585b963791d64bdbb627cb	64	64
7e77d383c28309ca250afa3fd7f15254afca6482f7b1bc2147916b17cfd6aadb	f0ed82470229bba7d6373782ac1ce233abab5816a3b36c9bffd07554f4767a88	89bda9099e43c1aa8f8de29a058ccdb123dec474cba440513ff95745d988b896	64	64
7e90f5a48203f183a1b9c2a59fddc0f8e31e62c3fa8fed9d3a9b8199d9ab05ef	55fedca529ee1c5942b289b65e8bbebb21c9d6c4a13b451fa1a1e42ed1e7a586	b07c952bcf1608e7d8ab44850e13e868c7e432bcd92d9b3b7b64b4f4bc4f36a4	64	32
7eab69c853f35c104624b640507c715a996e46a51c030d98703ef31161fba998	562b1e5910210a03195505548ad7d688461a47c35f17511b890360c4a301d77b	1e1bb6769f6f13b2491d24a339e6e9ce848986ecc35e8e65ad5e744db3f36873	32	32
7eb35b2dcfa683666e45e521ca6a53f8a6da86fe0ef70a3dbbf33bb50015ab54	fe09d93135a0cdfb540a73ed6bb6a285cc106843265e05a86b2f8dc4abc3b85d	e1f83f50daf6a5e86f3a4a0e6505b3de28abfc1730aebdca51b5417c5c734f49	64	64
7ec204cf8836949f182fe890697cc6e80e116d83b73914db61888ff39a42d1d8	cbf09025cfd5edfff04826cdc7dd9c25859e5e08da30e3d8e6815d0da8a50084	05405f4501dc9708b58e7e454a82901f1d23c87914767eb84d111360e8322d57	48	64
7ef22e08c03e0a24e981a6e71382d4341060bb859ec264861e90e6565370d32b	a6f4786f75ec9bdb73b52537025c5c057fea528f5f7a18a74d259354bfbfb00a	d75157748f952ea3c510fdfe7b1e92e9124a544cba574780b854cf64b607a21b	64	64
7ef59a10a7cef552f0961b566030cf74ab865b5cffd40a6736b11f75a5dd4144	ac530e16a1d87830796a08ecaee136f6b871ee4fa535b3125352fadccefceee3	fa4b5adf7f8b5a103ab38c527b545ccd617a427d1778a5b0b68d191e07017afa	64	64
7ef7aa883c279c1fd16cfd4c5aa580acc4a3c939ab60895a4b202beb9750d942	e7d3fb55d51465e55c4e7bcf422e915e227bd0aaa772decd672b2851b05a338d	3dddcf3685beeaa2ea71339f8bbd74603bcf8dfa07ab24a3e140f6ff6006c8d1	64	64
7f2be07a4ba0f3d7f6f337670324ad62130b72a114f0769b6acd89026ea7724d	3b8b80096b0a0dbed9da80b947c9e88b7aa2a7ded38754fe0c6dd6b723ce64d9	2ada44c106c4584df754f4d6f96ad8d93065a0b3265201d1533cebe06fed5b33	64	64
7f2ed2be6268cd05e917ad88c7f6f4073536010d833bc4168c15926e5478e61e	f7a46ad0f6ef727153bfe05398d367f8b82f30259ddffc5cd66b976371fdad23	59842ae587c18379a74b2d025e5206b6dcb8faed12e30c5354ff5374f86b92b3	64	64
7f390dc62e5a4f15f362d97f972509568057a223db565c0cdc6729ef3ad3c5c6	767e3300a914b8dc8b1766f6bd059d592dc78a1fb32552afe0c62b6b8e14e458	827d6510c8387b5f63f9eafe3347d69768a5e10e56d9cf64a203355490bd7982	256	256
7f469f2edf34a1e09fa8b313a10834c1a12d7813d2368483e04a68e9c9285135	cab771fd1f14bdc72137697286b99e051ab9eca4f089858b1bc55c9a89eeafd9	74ea5dfe9e1b41eaf99bae692a2536900ab4aa36e1cbdb77125101bfdc3ae633	64	64
7f49f4814f84266c4048aaa08545d57eee90faf33c12b2fc49790dad9a6efe51	a88e96ba35406d10f6149fd5d2990c0e606a2b9189435afd8e7d10620bf27509	f049e1d99b36a17cc2e8f8e5db952bee0b4c2513888e1c2c6bc5fb366dc806bd	32	32
7f4de472848b560257196050a739d0031fca2850f8a9ff7ec13e3199824b7f78	e9db7d0cd29f1313ae447a3bce11bbb2e662656dc94b87aaba6d1bee6c40b6fe	20260d0fe17969b0612adc0c62717e4a438eaeb88ea6d02ad872ff44da9f774d	64	64
7f4f65eaac6b316bc8282045916a4ef571d86a32b85e30195ada74c51d3af757	78ec240880193b2abbb1796d5e0678edf5e2ea8c6879209514e5b3393653e873	59eb32fe5181903bf8d91043ad3950382871d79c54f01ab1233519ff805b8c2b	32	32
7f5005904172301c2cf86335584913eefefbe66737430ef12b396f22fc56d426	3da28a3a6e78400af2a204047c2a285b423cbb94fe1c60684ab185473b4f2728	0f64ffcc75d1a7b38de8fe1b0175144a6b8f3b6e3fd6e46639e82d8dad4e5a53	64	64
7f5465a325433f8c326dcd63e3dd1b74b279805484fc2dfe24d047d272d3f758	d13e47b3004ae740588d0d0ac97a63e5a53d7f4fc95dff4f3d0f97a540394a85	228df7159c607b678bff23e76831c8f097567de2f081f2b626902309e9c6a334	32	64
7f5cc899613d2673a648911f9141f32d8d2926b6a26318e9e156c95b95d9621e	33bf0152e2ecb0e3cd178b9303d92c33e56d265d5cc73585641acbf289d7f4f4	1645e099d3928226127eed54d001b242a4cb57465081f08efdd288ae050f9db1	64	64
7f8468b756fbfcb61157fecf3492356806a038eb37b27bb94d369f89116cb217	4e4841ab2caa4c21c200ffe42801d4ac83c4d2a18604f9c9fcbbdb29405fbd27	2cefee251d15620f6eb438ea891b36315014fe41f8e3f60296e9cfae946e3992	32	32
7f8719bdf6991acef829327664d8dc314717dc97d81e13867545423f35cd36fb	93d1206dadddceba1ed21492219af3d07ebe0bb6596139dc424310b868cc9c4a	266d0d435f507554c0de899fc2069ebf65ff671da531192e22ba99eba1a21332	64	64
7f91d51f88193aa01816965b152a149e12d04d83b36e6a56e0692d53e1b9a964	8b539bde44472d08e6c36bf35485d3d0bc87ede20b142e597feb5d3e4d1b4261	3b7de82c07c424339b91bc1b93111e6811bcee1114ff7cb193376cb79cefec6b	64	64
7fa5cd546a206760bcb22a7de310516517403ffe1e2075ea25a5fc27d25198ea	97742c2f5b9969eb40ca0b0032252f3fa6f298a3699a9a7c0dfd96c4fec4ec18	fae21e140cd232e734e246cae348d1c5cd43958c551bfdcd427fa424669343fb	64	64
7fa6757a5333b2f83ae5c8d48b80fed905bf68baa149fe7149724264496d697c	e71e9abf4cb83a05f4ce938b20c5ad912e2c42b75dccca52c9fc7f4102743091	da5d4ab98e645ec4876d7298e6c5acfa5136d442b0c1105dd837fd7603fb83d7	64	64
7fb19060ed07e9119a629ffdbaaa44adf750ffbc4161c0092ce5c670d9f7751d	31d4dceaa89c30270b45d8e3b9af4eddde375ddf1dd0d5af37e190f29b9373ce	af20c0b52a2fab96437190519a7f634c3146a4af064441af3a661579a840e0f0	64	64
7fc0b4effc5b821fc8ed006eec72e7c6bac0434e05fa8cdcbd968834bd71980b	59a0be0e6e673df79f8bd2d39a2b02bf9b688206a005f9ea7352a492357cdc19	171be6fc0cfd2ad196e3c06be7684ff1784ca30a09976fd162c80f294e4a7a40	64	64
7fd4cdb29c1242ec576ed571a9fb7ddf5a238f9ed4b6cb9088f75cf872700a1b	822caf6a4617dc6a7647ec4848e01172b67ef1dd486793dfa823301f0f9d3b7f	cebfa3e8ff421aea07ffa3f7878cd340aa3a582c8db30afc7662b963a3502fa7	32	64
7fdbd4e299745ce5254f9ceff003b9e27279b077ebe9758c5224004d474e96e1	92fba8487e5608c788c5740537afacc4b4ee4d7118bd6543755c775b537a6739	9c415db0dd05069daf87377fbca54936a41ddfc6d15c7ffd22b4367b31327df3	48	64
7fdd27637df4078aed71203843fceff16fc60991b91c12d6c03d41f556a3fdd0	f9300baec2e7c49062ebc31f2ee6eee0c5a68ae5584df44e809fa9ae5983ee31	11aa1075925701ba6f95c05323dbe771aef78bf35417aac4f248b1f3f9297fbe	64	64
7ff9bce39b9c34a6a06415389f56ae138d04667d66afb7bdb3beaf3d203fd437	a6ceeff7cd5f323eb0ce6d620161995403484b8796a0b3bd493737bc3a46705d	f706b1a50448a3ead41081ff0bf813f6705a56618e1ec46368f95d0c4f069a40	64	24
800472ac74e4a17770aafe2bb3b5d5c38d0f2ca1badf81c488b91c60c08e7237	038afd502dfc834b409d35d7df8bc5d546c4d81fd2848b21d2e72f1405b360f8	c44d03d40471707fbfd02225d577ee57c5eff26064286f658ad471cf5c577b8c	64	64
801555a9f61fce0c03631b82730733d7ef0c6abe007bd19aae73500a0fcab8f9	363332b4a2273f62a2dcc407315cc9f4f077111a93d0f000a702872b7b357c8a	4b7b43be562affe3f87352496c8c54266efd390277ca9cf038347ea1ccc44025	64	32
802de4db6b13ea1e971fdd6929531621aeb44e419c6508dcffb02f7d585ca304	aacf06f6d33991d0edac5630d8d76e73e9a58161e434a2621671c1b191231090	3477d9c41176c476cdff40ddbf3dbe90dcb8a28b8f0cbe39534708236ae79c3d	64	64
804503fadd729d7e745038e26a15227c9a6d7a59796f1c8d244cb3492750232d	d3ca91461b3c4409e16a27afa949295437b8a7bea1b86ddc8eae5e5e33a04a83	e9db54272f8c6e249e2723cb75fa560c0e51a1adba60db91b8d98d47abeee2d7	64	64
804835f44474bae12a7d4befc4cbf48c89e63d1a89ad04e6a611d9a5593a1ed7	7cf1bfef3a96b9fd0cd491e7d8a0039f070528b75354af11c59713bd7df53428	eedf80e2e49df3fff7d5fbbc69367da526d491bf94d37710e68f0e81a3625604	32	32
8048600b040e96de9cd19e938752c7206a27dc7044a04f83f498ead98464e0a6	04a25f433a1c483fed0a0b974beedafc5acb746125639379bc4e3b32e302c2d3	4e8f0b995e9a4c91dc13f9194ccca59bfb6859f5898b0634d3e6949fa353bdde	256	256
804fb59e60628939029bd90d4d218b2a77bbc0f361ad7dc7bb5b9f9d73260d3d	f074436786115e7687ebb8beed9091e1b9b2a0388ce38736873525f1674e4148	1bff54df705ff02b2674282a7eeddce9a7f2db92a4fb2d3febd6a2c72a6c71e7	64	64
8050267daceb37887755a5a4bc947d4983bdad73d0f403656fa8b6433a5530ab	0952ae6a008767758dabd97292ffbc9399e8960fba950519366ce714031d771d	338f927c3ec0ef7490ea3203a2be95aa42e71ec96fd42d326896469f42c56d72	64	64
80585326b00f1d30ce63dd6fe3096b4b1dfb99994670a7256ab6426ff4b165d2	dcc9db7947d372bd05de25406dae94e447e85d8e866133decb1863b2cc2ffd22	268a1f09dc9f44421e088d38b443358c364f3c245e239d8ca4748380dc827e95	64	64
805f9fd9f8666bbfe5810b50e570ed8c0e79de463a0eb0db25c789ed495b9900	1b56886263a7257e1564670517d8a3e0e10a55a63171f8a35146e208bc208e53	0391d9b380a75fe400fa8e41048a89bdfeb2e5a73b1865aa23c95c60ff120e9d	64	64
806ef78a68a45106e249f7a9468b55e8c0be27e688b095094626cc2c08afb690	f0ed82470229bba7d6373782ac1ce233abab5816a3b36c9bffd07554f4767a88	89bda9099e43c1aa8f8de29a058ccdb123dec474cba440513ff95745d988b896	64	64
808323159cc33c735d12afa05cc60050226568311c86a14902a38612bff2323d	9db835e350d1cb13401df64a7c1992d24f2ca80d954f95818cd5a0b566381f7b	53550717322a8be02fc41bf6ba3e9dd3414bbef5eb372426c12fe69b32f2174f	64	64
80873d749ef517e01533ca02ec65671a7e9e2efb3a73455617426e359dc43905	76652453e74ca985dfdc2fbe1d6701d10ccc976aab69ed5f3e1daab5a17f541c	1bff54df705ff02b2674282a7eeddce9a7f2db92a4fb2d3febd6a2c72a6c71e7	64	64
80908f2c7397197b825a2575b18bd0b5e9a46762398fe618c5efecd35cd75ec1	c1d9a48cb40784aea94ae113006f1b3b0ba06dd8cdb4b54fa6a96de608b0b0c9	11250eb48f0afe83787b5ea32337b595ae5ad0dd4304ca29a8407502ce89598c	32	64
8091b7967ed1d99f39a803dca88c91869cc518755fe67bd90cae2013e46d5c92	321c6cddfd05a4e6dd169a6b867bc03a615ca07c45d5f98cc6095704a06df22c	efc858e291abe1a344947de359ad8e71fb74aa72f022cffaaf0fed3e2e2ac6c7	64	64
8093956055555016b427cb4d294e56aaf2a39eccd3cebc169bfaed09e4df0dfe	0f4b71376d52ea2e7dc8fe1dd7409fad690198aaacc9f42574c25916f9dc8c40	c9898066ec74b14525b8c81f96a476db8d52f200a5e7c4df945ca813750abe30	64	64
80a3e6f47d5edc4265f7ecd901c9727535e02f1f3ffc08e11b0accf5984bdb29	64e46f0b57a697b5dce9adbc14d4c4398ce9ef507911d3f2a1a5a48bf8538d3a	ef6d5add8c5707f1c9dc454aa63a7aa8c5bc4306e03ea15779d2d8b29e39f4c7	64	64
80b8474341fabc6fa3d36a8f67a863207c75b1a10e4b102d7b5bf4ed1fe557c9	68736dcbab0cda0ad89bf522304d9718ef44ff0c46cbd59170d7dee8a8567ba8	10b19b1875001b9f9550864d43e9db24f2a709fb6fd77506e47b239d7e0ea4a5	64	64
80b874c43394ccd94dad193af358ca511986bb19be573f27d54745c60f5fc18e	dd13aafe6be24bd81e9575f7e10d123d188a5730004f4cefccfd78afe0660b3b	5220d2353587cb046e6513c44d5049225a596609151faa94e44439b69ee9b22a	32	32
80c77d87ad2f65401278cd9871f1343e002910b037746d9832f9296783e5d2fa	d5dc793e16cb86b33b92490d1315ccf0671f4dc2d45ab4bfe39ee0a6109f3040	1645e099d3928226127eed54d001b242a4cb57465081f08efdd288ae050f9db1	64	64
80c8972a4869d0c41bed101dd165c559193081d6fecd73003dd7464f242b3da5	5fd251404ac2f3445272324a66a87004194f8a2ab117b73c32d3d2781f41b3aa	84c6d710fb1056f12b10280844a8387cf6c897053de74db836301b0b1726ba75	40	40
80cf29bff0ae41887acdb98e485550d1d2915947af5ed96730290f40aea0ea09	c9e352719fc46392d36e99ceca3d76a48074b0e0b3349ff0199c35723cdf3507	b69b1c3ffbc0f7eee1bc07ae1aa244c831701ac21081222c24946a09133f97c9	64	64
80d7786ce86184ec0d2e58fee41d51a791aff0ab5c463668bd797b8e7962d0c2	0952ae6a008767758dabd97292ffbc9399e8960fba950519366ce714031d771d	338f927c3ec0ef7490ea3203a2be95aa42e71ec96fd42d326896469f42c56d72	64	64
80d93840bdabb41728d1fb68fab99b01b7ed0faaeb18b7ea069a3abbd66e6513	df3ba9594ed393f4fc6226a348cbfd065d9d59c3f562b7ae9aa8cc0d56ab8e48	511383ff6998c09bfed52ee0e2d5b26fd64e36677025ae5df545893599e0a44f	64	64
80dc96a701b50319cead9cf8753785178ee046fff58934d72bca9a783e8fd575	8744bb96479a4c57fec24ebb9bb34075b1cba5649ed66f01cdec40fa051db331	1cc202d1c1ca551968dc58318d1b66767a6f26c81670377658881b75f72b6050	64	64
80e0c6ca9d402171fa4c00765e0de6298eb114cdaf04a2efc4be0302b97c3dd0	0952ae6a008767758dabd97292ffbc9399e8960fba950519366ce714031d771d	338f927c3ec0ef7490ea3203a2be95aa42e71ec96fd42d326896469f42c56d72	64	64
80f13c5b8347882ac3c06205cd3dd170c36ce14e4397df53de3cba88fed6463e	e670d44e72c30e9e625d5df8f2800c88db6d438005651bf46cc62f9c866b932e	2c9482dfed8ac381720238140443f7ccc74dee625bab3af9e96bd0d6ebf2abb6	64	24
80f6b38e593a7dc4b7aceed4139e9e75787fa073e0a358a07d467fc176ee7b2e	2230ab48655f7a279bb7441cb77ce8d360694bf444bbbf21190f3010d8da509f	a93be5c00dd78fc6a6ce0e79f9225335b16fc23086fa155f8179e9d303ba9bb7	64	64
81060dc4b3d5d55771cd6925748bb85a79cc23a891d4024a661409c8c703d038	8d4f0b6cc26b10506e8e5e9918feb954fcf6cbad6e382e8f258612a7df54ca26	4c7f2afa3aca6f05e5865ba40af68105edd573bd734c2f33a7754081cf568a46	64	64
8107ea19272918bfb6a41b7f18cff5ae7e488a0800293bb6c7927840dbc53781	b43bf17eaa44e513bc9f63e8e2a3077631aef484cdf8650fe9074ce09f367015	6d7f27df48933a61147284de5f67b39267c63580e5da6fa4c1ae624bf133e66f	64	64
8129562376fc55426acca4dc777c42cb417c35719bf0f80ba594a04b2b459b6e	3b8b80096b0a0dbed9da80b947c9e88b7aa2a7ded38754fe0c6dd6b723ce64d9	2ada44c106c4584df754f4d6f96ad8d93065a0b3265201d1533cebe06fed5b33	64	64
812ac8a6d707da709d90d41776ca05fcf3351cc803890c9a6457b42aaf692d5c	6d10138e9ace71f6649a7778096cbccee970e8003a427537e5a45fa5e4e3a63b	399bb7a882292cec13fdd639e62dcbdfb00e8153e4f6c266053c99b243491f8f	64	32
813454ef90bb4b2bb9aaa5cd1b2963bb1a90f05d92fb3024a51c14f2be978e64	8ed72e23b32c4d2156ee538e1b2a91ef3b430a4e11ae391fd808dd398584405c	66068cb917c7682a9c47450f037010ab9ec583af13d8f8699a9f9d092117da79	64	64
815b66180560dc41f4e673af231dfe6c046bc567705937a7931e698e98694291	aacf06f6d33991d0edac5630d8d76e73e9a58161e434a2621671c1b191231090	3477d9c41176c476cdff40ddbf3dbe90dcb8a28b8f0cbe39534708236ae79c3d	64	64
8175fd8134deec5c2ffd24487f3580eb3de4197b927012e893710418e4d5dbac	0952ae6a008767758dabd97292ffbc9399e8960fba950519366ce714031d771d	338f927c3ec0ef7490ea3203a2be95aa42e71ec96fd42d326896469f42c56d72	64	64
818307fffbd81622ed609905ff950de531b50ff305d8480668aef9d53c15220b	7311e4f88ca27390d0717d608fdad74f36f6c19cce6cc86444889e4bf28416be	591bab66d2b921f4354f7f07ab2040e5eb3ac93a6521c497fe24a252aca5cd10	64	64
818713529c8dc268e38c2936ba93cc8c7620dbb5adee5dcfe088e7ab501fa0aa	7ad7fe702141094d295cebc31dc08c5e60f09851804ad8ca4476f64cac7c9519	66771e8319e70d9b0147626b377fc348b768a0abe904ff0f3a76872271622746	8	8
818d7178e33e20f0ec3f7b959fbbf974e8f4b7b7c5ed499000102aa48abb6ee3	cf9532aa1f9efa7a5dab5640bab394d0e1d9716a949e03da0ddca902f3801c7d	3c0588821a71f13e6767026dde1b2d168a3701c6e3b0575b29b0235bc1980404	64	64
818f5e81d4590d22ec9d00053a34a55814df7b02d593b12144a1df429c086325	a88e96ba35406d10f6149fd5d2990c0e606a2b9189435afd8e7d10620bf27509	f049e1d99b36a17cc2e8f8e5db952bee0b4c2513888e1c2c6bc5fb366dc806bd	32	32
8199c04a56f7dfc51fd9c2c2ce23934583c893e973aedfd5cb24dab5838877bc	87d03cab20709eeedaef3fd3b3300851ac44b89474520ba2d10e552141612f5d	36e2e1a9d48dd7ad3384c95a87743209072ff1591ffc0591bc599afb1cd741fe	64	24
81a48f8d01be3192ef8ff6e7c65ec4235cbd48454fb3c6136364e2a8d926049c	60fec3590bb62a8e82565948e564bfaa8e5dcbe71a892aae2d9cd69f001be494	8705b776284c3af9c0183217b6fa1eda7144e5479560a6e28a6be2f9589160cc	64	32
81b226ed636d893e4326753e3ab869117f2a165c2df887f930fba40287ae4714	27a47f88c2b2c35a3072ccfd14028f058c7dc98cb5e141d6c43b9070c95dcb12	d721181c860bf3a6019f669b6bd95ad210ff107dd79e54b01f14cd4fb3b794e2	64	64
81b2f16d22bf0f2bce75e797530dd121b469acbc20e29d77f6131253fe2b9ad2	538e1636d6a3c22dabfa05da24a1ea6bdc7f7b946441f97aff65d2fbc0156ec7	d48a02072d6feb767c341b7598a6bfdadc6f5e7097c5d09e7cb2a4c236de1387	32	32
81baab86e3d3521b1df8c4ecb14c9222f871225e0b7b6e26ddf2e1a3239b7a9f	feb92b792004437a2eda5b13233cdb64db06fc529a4103edce529dcc138e7c36	06a1be97b7fda0e64fd76cb962d1e9d5de295a2a6aa802002abd9b65dc82cf83	64	64
81c713b41e61939e03e63a12b609d8adb2ed753018072c70da277eccf9332e3f	284934e4038d459da4ed4e8b357fb6a3c9ec996c17e10144b543520caad1752e	b566ee78fe3a516c10735fe76dd33073838012e801394eaf207388c194fcd889	64	64
81d7760cdfd8280cf5b91d962bda2d9767b846c62bb1962fe108b72c45b35cca	13cf4506dd9a6111b143a94be1450f001e15eb95107c7ca2b3f1584dd72d9b41	a258932a68cd8b864545c2b4939ac417756c2889a53703271811826d5dd19848	32	32
81d7d3fb25dbee7d62883a7459574bb2ebb79ee5e0e5e11b854125b69b58f223	feb92b792004437a2eda5b13233cdb64db06fc529a4103edce529dcc138e7c36	06a1be97b7fda0e64fd76cb962d1e9d5de295a2a6aa802002abd9b65dc82cf83	64	64
81e44ffc306d872552fdee1707b91219cc1353a017cee9b0bcfd4ef9dffb9008	655b4ed5ebc02be92f41d9e04c6c72d98ffc55bb06f11974e2d2af07b0b95ff7	a45273d434276c2c91fa32007672d6d45d268f0d11a7d9b7dcb0179e5dfaba19	40	40
81edd98b019b6452a22c7294fd0d7598a6c14b92dad66be488ab7f504c62162c	f81bc005ff2293a24fe6438632cd4621d155d4e4007edf97505be3698f58df2f	f6e68cd7389e82eff2520b362b82ede764be8e99df1e6662fdd8bd1a269623d7	64	64
82043b9a52913392263044450b83f0c42157077567d9580950742e1173bfc5ab	c164c8a64c38594f8ec60b401ca293fa9bc95656797c73e3448b5d583568028a	8273eadba5c998f1b6a1605f1c3a792b8d7fbebaa0fe5145149e1483b1e7801f	64	64
82228670f962026a3fd68b36eb5db4eb8445e8209c516ac9a013542c4032d5c8	c3e27459f7222f4c0e510c68d434c8e7ce4b005996456da58574cfdb450be06f	c07f3246831f0c4eea1046e249170fddb7df4ec0e6d7ec6094bc04dac108e8a6	32	64
8225b174629318e4efc1d3075fae500cf835461b7e70e4aeb58bd1d04730b03f	1d08039295dbac3d53c83069b313ef15224b25580ae7b95b53dacfe9d040076d	e1f97936fd54327c4e4ff45f0866415eeb1656cba5791d7c6b4f975ff0f33df9	32	32
82445474c4d92536ae86b95bdf8dc3a41b2485f1665b9c4f44f63737a9e73041	abfb1374c3d4e1fd397d079345bbe844da83037e5eb5183c16c51d74fdd1b3c4	9e5a45436e187420493e0287abf77fdf40bf8f06e8b35a40eac2a22fb1522608	64	64
824dc069ddd1037a4d3ff8bdce896d1840f9aaccbc85571748e81843be2f436f	2e5678dbcbecbc119494f3bb16c11eb700fc2f5b791b777e6fde9db215dbaca7	619fcc35476cf4ed8574fb78b17dc44f47a13c0a74eea9d7f8ee06c1590788fd	64	64
8256ed32d08335136e74bd69ada7d92d4c0906b9d174f9d2196fb2bfab3aba2a	dd0b7bf7f8a77c8d694e99fb08edd5857d2e46ed6c6e6e380fa19fb7f047cde5	84c7462e226e545cec8615577925d86ac0369839521358758307ded4c0aa3f65	64	64
82573a981b730ebc610f54e752a5504572fac3dce7d3eca2474c6ab63ece50dc	d8a0ae1780f390e29d4f707ca7db5c72005bb3bc789b4d176f528576561e30ab	7e9f2d854ddd9fe30cc2219e994ac05308f48b9d0af8159cd54b45f4f3dd5471	64	64
825e4c6b319873b7ecc197af6e4a8eeec94cfa8ac46420572bcd08a428f8533c	ea26d38f233c3e122b9dc493bb912c3c33d32877de917f475cdf5ce6aee045dd	97209d1dbe069422318807283aa7a5e4d848d80c8c83f866277c2f7850bf6fad	64	64
8285b4802a7e79b33ecf10aed6c6cc6299ef9b0a3af29b397e2f3072320aff21	39eec2ea7f92e09bec37ef56e4ed164480d497df1cdd3caf5448fba59d1a40c9	73506b198511033e7493e8a173b5b7e1038d40fd1dd0f58a949ce667035324e5	64	64
828f1a82e56c44eace95e22644ef6546d6ee703b39917e692cadcd3171cf8df8	8b539bde44472d08e6c36bf35485d3d0bc87ede20b142e597feb5d3e4d1b4261	3b7de82c07c424339b91bc1b93111e6811bcee1114ff7cb193376cb79cefec6b	64	64
8299f69759dc5d12b22b2355f1f9515f6a3f7524e22a8ebcffbee58d82fbd2aa	396ba0e657ead0c3710bb86c4446e799d6f8c45b3e260032bf1f284666b7efa7	c8d1f5c3f27676b5a02e59336da13f470f3fe77270d7ea475902f34fabd23ac4	40	64
829fab60f4683a5a801723532e8560d71d51a7c9a921aece4cc52bb349b39d23	f4eed393bbab08acfe90107a9ea195a957baaff0d55548f58d34ed33760258cc	7bd9166b9c69dbf9c9319451d4d9176292ba200e496e4837948e7c55b900a234	64	64
82ac69d1334031d8e1d586ff473d9cb24e7ebe071b6b065b4bb8546ebb405d9d	1a37f580e2ef2f3c31206acbccbb0df18917b7757e12199ec9f519b0c766704d	4ab16b3cb624fec3274802a82f7a35ec7ed33699ff82181cc8814968769bd530	32	64
82d2d4ae9ab8da4c54a6f6cce7c7b4a0673861dd199fd04b4a302bab2f82d6e6	966757431c10d4fb010437de3688aff84b06fda8feb368ae30efc66b7c9e69a4	dd0df72aac04853b641db9329fdbba103b0b1aa61e611ef9c36e4bf33dad6c2d	32	32
82d34200680d395ed647031db896da9da8a4856d005d29d72a0c91d49fa32365	63df94ba8d83027e5ba7a4d15054d2024035130345f92ff485b5b02e72e2711b	09dacdadd8783c1a4f937af2263b06ee78f8b68de650a32a5319832768a39ad4	64	64
83045b8dd181ed09dca024556cc3fcb05d697db77bcc7400aaed63c26e3a5fb8	127f77546019a7cad491bb232383cfd9d5bf1a49c4abde5b5f11429e5ca0b7f3	7b60c2721fde8b445b05f4833b97dddcd8a3d66bbe6958b3554e2a57e228fc12	64	64
8317d23cccd43ea6196bb73c47819dafc5d2e57b1f4ea214bea0314485222e6a	f42b9856eaa2a713bf7d0a3d48d63728f9bd83fa6569c541dcbf01f6e9c7eaa7	a07a51a024f638f062e1b47ad68d546ce776a8686b8ded42abfb385401108e25	64	16
831e2e00730f9cb95a7b8b7bc4a08162c92a629aa474c49aad6b38189ecdf815	ea26d38f233c3e122b9dc493bb912c3c33d32877de917f475cdf5ce6aee045dd	97209d1dbe069422318807283aa7a5e4d848d80c8c83f866277c2f7850bf6fad	64	64
8325cfc230f8d2dd339403240af97786636b6b0b26b4408b7fc9e6f3dd068f0e	94e53d0e0366f6865d4b644ffde9c05e74987a3d9d30ddb76e645ca8039a2066	eb7e537d98fbe2291e083ac8fcce3c9bc020d6139af7d930e5568692b74f8509	32	64
832b4758551307372302ef58e9390d371eca2e57e602b2f8a2007c03b74ce37f	8add65133a45965815c0655a71134511d7cdf5294422b4e18f7aad0897aa9241	7fb85796089a4166aa0487d99a2e1024f41957e9320f763014e7c78ae7bd33c2	64	64
8332850c58b9bbc2730ac4a888efab00b2407eaff0966deaec71b5b1176bcf0e	d8a0ae1780f390e29d4f707ca7db5c72005bb3bc789b4d176f528576561e30ab	7e9f2d854ddd9fe30cc2219e994ac05308f48b9d0af8159cd54b45f4f3dd5471	64	64
8334649e0d5616c814a4d312db0a44e7445f11f1863bfce7cab228ad4dade0d0	27bcdbd6cdc3c225900050a82fe8fcbab091d1592bb87311db53b7848e54995b	b5d56fc9afc76c951536a5fb4ff0fa9c50340351c8ac0efd73198532de38b6de	64	64
83376bd9b60c1b94d526dc198908d5233609888d17459679b907e2a685ca3c87	e71e9abf4cb83a05f4ce938b20c5ad912e2c42b75dccca52c9fc7f4102743091	da5d4ab98e645ec4876d7298e6c5acfa5136d442b0c1105dd837fd7603fb83d7	64	64
83384522d0df54b6c10391a077ca739d8e21741a6f115073df80123336f2b8ed	f0ed82470229bba7d6373782ac1ce233abab5816a3b36c9bffd07554f4767a88	89bda9099e43c1aa8f8de29a058ccdb123dec474cba440513ff95745d988b896	64	64
8366e6326f145bd6bc387ef002f53d7ce5aec3f5df600d3bea787f53a91ebd01	966757431c10d4fb010437de3688aff84b06fda8feb368ae30efc66b7c9e69a4	dd0df72aac04853b641db9329fdbba103b0b1aa61e611ef9c36e4bf33dad6c2d	32	32
836bdc47a3c8d6df22cb5b4fc9a3c2ae62f201acfce3043e101f86cabe543e5d	117d65f0f157f159117b04639feaa4398537e0547fdcaad705473eaa32881589	9cbcfe7c62d361d44eafbc7c73e75dbf42fa1479001a179a30449918680fdc33	64	64
837809ed08d9ff0c2dee871fb580ff23f4b204ac9e799acc74e84a5ea3fb6a34	a135b3968d0c41f0ae5006ea6bc11d6ce7580346aa8f6a415968f055b92fe5cb	f459f152527a666f303346305dffe6b87f39b8c66f7970121a8f40805773acd3	64	64
837f3f50611414b07b746ca4948c50c89f9f28872870693b6534c6cc064a8456	f18207ad5229404827dec2b7689797c1d9a8acb86f7f8c60e7430312fb00f006	abf802649a36039f6ed40bd5167b6a4b6120e35259dd6a514ce55a86930ba118	64	64
838adfe042658e7e6186b389c1f341cc0bc7e2c64f9b6e6113c229d9247e9654	38b0cf4283012a1f9941ff85200e0f6e93acfd5daf4594b2b113741fa89eea6e	ead9bda9a479ed15113e3bb2bbf0cd97d71f9ed457d599bf6aad00e5c8637f1b	32	64
839a63d2831eebead625ffb5d6aeeeb4c6d2ce7800230a1ca2dc8fe2826de5d1	f0b2a26beee1ef818dee562ef07cef478ff772ff7f872e57f1edc9e86b131963	3816f0fbe42cfa81befa0858d1d921fd83ff982c4a6973db3c1c4d233eefe7f3	48	24
83ad2a3ed250560dfec34ea29843c528944430996fcac5e9b93e6d477d627b26	9c94ab481244ff3400b98a36aec77b8f8d9429de2e32513b55e72d39b5595da7	cd7431abb211be398b78fccded3770604b7f2f4753d54b347459209649bd5c70	64	64
83b319075a0704a7aa15a52fb50c413ca5a58fe6c81f39a624c18a96b3b3db63	d0a962883ca674ee51e266c22606defba1d9c5df40d86ccfffa97790713b263b	2469e9ad1897695c435248676f32ad07866a25589135da92d050801466e454a7	64	64
83c36dd7cb8fd1826acbec5dc358d2474860f9449bdba3f0ad18f283ed072aa8	1b0f4e0bdcddbc6094fec0d1b83c82ac5ee41fa12ace597584110441502c2cd5	3849f84b110e59f03caeef91745207d2a4c91fcdcdb9f181c1d973a70e8794aa	64	64
83c8ba9b236f8d987bb21b8903f2cf9a5850069888e27651c00dd71a71670872	15678b2ac55125286385e69279064977c41128b371b9ce47a9f6214ffc74a44f	cc31953da52a2ade48a94a3aa4f03876b19004640b2b3127088098dd0af6ff82	64	64
83e19b8c07b9aa2ca7400a0a2e6206a803079b329b457815c58833cf1d63aef9	64e46f0b57a697b5dce9adbc14d4c4398ce9ef507911d3f2a1a5a48bf8538d3a	ef6d5add8c5707f1c9dc454aa63a7aa8c5bc4306e03ea15779d2d8b29e39f4c7	64	64
83f0705f9b3a7e7aadd2e411da12241d6b67c6a2a024c6bc60b5d0129c70cd48	a37e8352920a5a61dce79b440e3a5be76bb7d1af7d44d586a2be66eafbc927d8	f9afe3dab9c0e926c8d404181f51a5d51f05960f742a5d2be84e58a75c049f04	64	64
83ffbd2092741b364902b5fc652f89b3718d05042bc5ae1a8b3fae0b9b2c4d2f	e71e9abf4cb83a05f4ce938b20c5ad912e2c42b75dccca52c9fc7f4102743091	da5d4ab98e645ec4876d7298e6c5acfa5136d442b0c1105dd837fd7603fb83d7	64	64
842476ce1819dc87b76ca27a186f043c637df34387f9fc59b937883fa71f42e7	40986d2fed23f2a1ca7306487827c5b27fd67c19b000e7c5988b716d0ec24955	1e9635572a3c284b0ce90ade69d3c120432a05c73efe3088b45c36898152816b	64	32
8433575b4cbfcc31868525721429a3ad4067f0a8bccef6864b631e0062fd87ad	e9d58aba334259a23e97689ad23cd8fa7dd87f9ba95c6e3e8b455214d3c97d87	32594a5e74b15583c83dfbbafa075fd5a0c75cca24e96976f98a906c16543367	256	256
843a68d44a6907a2ead0dbf61a0b5d12d56b35362917e9973ae4c5a9d5c46bac	47a1a93fc1ee705d51bbc504444ef35b5eb403996117820c10954e35b1915dc5	893be8fbcaaf0bd6c24c417da52870eebab9a79928a8a988a541b87530b84e5c	32	64
84480bf5d9cf55a649364b8cfbeb4702a7c52f29f01538676b4d31f084bfe656	953959dd00e411f8b3512b5376735bca589fa9cd230dd61a686d115946bfeafc	63e2dcbdfa5a4bb37cc46d4e01ea3736743c53b4a7a2a775c9147aa1dc034a55	64	64
845ae02ac8aa92328add2bb4aefcc33ea9ea5b6fe2f1fd8c178949827bba5250	07138e8c11d19fd9a0fcb5593025db2035200e6bf61577b84bc683408001d6f4	8f20d514d2dbb2cd39a0b595e704f66ac54061353110140fc3fe3651a1c84250	64	64
845ec10b00d6d1bf8647ff77f89974bb9f03e0e1eb02b8b954c747a322562f9c	c26377afd85503a87986537ecfcd5e8a6879d8bf26bb9b896afea67869ce7cc2	4a13808b027666f3d27140bf20abcf1947c9977977435ba9528d5a97f8ea4f7c	64	32
8461d94b01880af69b56c69b05c29a07dd7597031f844e8a51e84e088c0b7b17	0dc4a587ddbc33e9e2a0210b083b446653e88b4c50f39607cab71e3434a77edc	9f316869d5bce83fa459c330b8532ff94804c4c9f35e7c06453141bf30e42f86	64	64
84657242b7f4918e8580da6018a64da1fd3a30b83dc5fa532153405fc134a199	90809ce2638802f4fd0536ed0a43635e705c889253c9b454d12c70468b89b2e1	14388874a8116867c941b9a32f52404934fedfca641b60433fe2f32cc7c9a0b8	64	32
847e9f1f9d897136b591f01d8ae20e39a291408f0605900fecc06f8658d30335	9181c17e3ffe19f247d39911ff1b281d9887bfda180230b05d45d08aecf39eac	246eec25bb277191f08ebabcb49f530a5f04bfc57c3e5bc40d3bafd66b98cda8	64	64
848c6c542a772eb04a71c1a811fe2d8d4e2faae219af6454d114d711eba0df1c	d61f619b59ff299a2b2caf5f8d7ef7b97c9ba1439c9fb47aa5a71848c8352bbd	f6d2f460e7c4511a1e9c90abfcb9037eff0afdd80aaca1bbb9996013c3c0e5ce	48	64
84a0cc4fe338438ed30b7d5f6e20c7cc04b9f06e916e646ec2339c6f2982a790	a2bb2b60b4c7e8caf85d8766ed8fb0a650e39f05347630a3f52c6757027f5141	a93b705f9af0f69946e34db22150cb515e29f999e1eba5e1b7103d890d2923bf	64	64
84c4e9dfd3d06d900c595fb300d6a812c67a46a91eb3f43fd1a4570b480fd26c	66bf4e162237921d9a6b556bad8a96e1d158fd7cf84a9b8531c59042ce166093	ac5f350a5a8a7ff2d4ef02887d900848e5f78f294b33469fe47e5bf8160a4f55	64	48
84c8398e9125e3beded4015ccb1bab85d3f2521754a410d940eb6b4bc69708cf	ae279e3a930523ef4e5091329e551c48c560f97812a5620061c8d54e1c6a4654	b4ee76148af8b62bd59494199fad920d988fab3c0049d3837c3b40698352d3da	64	64
84c85f417ff63f156d4fd1a82a7b047fd74fa009a60bf2ffd6384a9a76f22a4f	39eec2ea7f92e09bec37ef56e4ed164480d497df1cdd3caf5448fba59d1a40c9	73506b198511033e7493e8a173b5b7e1038d40fd1dd0f58a949ce667035324e5	64	64
84df81219c2545d39c6aa5faba23c0401f6f363c4f4cafafc538dc14dbfdebd8	a99cda2a03db091da1cc4148b3ffe12a53d9d9288dda4412c7b7ca0da16c198c	422e8770a4433e1f91f86f40edfd19d9c093a256b32c0867fb0ea75e9468d06c	64	64
84f0afe0dbf8cb35e630687c3ea64462221c8fa890d341f059f965b422abe319	1d08039295dbac3d53c83069b313ef15224b25580ae7b95b53dacfe9d040076d	e1f97936fd54327c4e4ff45f0866415eeb1656cba5791d7c6b4f975ff0f33df9	32	32
84fb7e82b776d9d80eedbda703757dd030f7a960f78912cb63884dbf8c99c387	d5dc793e16cb86b33b92490d1315ccf0671f4dc2d45ab4bfe39ee0a6109f3040	1645e099d3928226127eed54d001b242a4cb57465081f08efdd288ae050f9db1	64	64
85058068713978ebe30eb3069e668d53f6817416b5987084086eedc0826e9256	6d275e094488d1e7d6d25564bab567c7fd85e56222f2f7114c2b900cafc0d022	9f8339d956873097a0dc5867fb656df12ae4dad7c8f590ed08d7f666fc277964	32	16
850d4e4e58454417ae0d909d627d19680dc8689ca9962c9fec7622b3879737e9	726e6d423766f2b8b8c6579d787101195d4771cca917e1fd06f7712b38ebc874	1dbe4cc63e1cc110dc8a74662553e3b3c07d861dd1a6c36b09d6d198d18a1a1a	64	64
851e9417c6f1c0be551ccfe3ab63c4214dc329bb5ec2ef07088b09a2e18be48b	b3c133e21be06144e9f65f4053f2b19b97a71869142607b94f251f6063e78b8f	52b0654abd9aaeb36acd8a52e06b44d9664378708a1e9a586ee86e0cbc20fcc3	64	64
8526d1c56b3c5c39e3a58e4ad63788cf581fdbc957375f7329f94c3f27b8995e	52ad795c6e1a58f57e633741bc8da45d6705c9234d394ea29a3638a7e570c8b4	914851999bcf813dde1b79088dab26225cb8f3d54a809b05929d7a869bb76d3c	64	64
852ddf5158c125737524b5f99a7e81332f22ebc889ed0abcdf4ec9ae2a2784c4	cfefc034a21271266c2ec788468e13f2ee21dcf91cdfa4a0946b69cb4d485571	a1a6d6339e507d0590ec2d2151cd52265ff811c3b9dac91c9a195877edb7d433	64	64
854348c566c8299aa5736843f83170b4a87583831528983dcf6067cbb6e6bdb7	7eb9f536e53355f4a98e3f6e5f4c946e602f7f5107e02a4b592dd7e39dd71e48	b5106c28b566bdff951f11f3b8ffdc0706bfd5cd67db5282df594674035e9d6d	32	56
8554a0e35b4adc6263cc389106adeba5ed3e675eabed9e11fc9f5a1fdcf44ca3	d5dc793e16cb86b33b92490d1315ccf0671f4dc2d45ab4bfe39ee0a6109f3040	1645e099d3928226127eed54d001b242a4cb57465081f08efdd288ae050f9db1	64	64
856bc51c6d8a0e0fbe36b2905f5803178255524b61193c105a73ff5257cf02a6	9f9e77b16d22aca1ed3504c128e30866aff758cfb670d927390c6057ea1155a9	e897b67baa0a0d0b24aa57491773702c5a5d6a1882e0a25ba52ae432f5b95572	64	64
85b160690f9857d6eb91d7aa484de52e8f3e75a26c17a0ae625aa6a0e6df3dbd	3761d6efb92944b515d9def0edb5166e26d9735ededbef75864b37f12dea7055	297ff7dd06ece098a9dce3292b94f5d570e579768d499956a31c81df74e03c1d	64	64
85b5f4c6fccb9bc4fc05aeff7460d877d79c72ec0fd73e2be9b070a74915770f	f66a7546d5c17541f5725d48cf264dc33043c6968bcf0ca548d5b848302f6c8f	a7e847b1fb63396b7c8a168ade92cb34defc60059d673cdcd7a976821710cddb	32	32
85b9519db318e691733496adba2870c39a252b75c531fdb7faf849446859aa90	e71e9abf4cb83a05f4ce938b20c5ad912e2c42b75dccca52c9fc7f4102743091	da5d4ab98e645ec4876d7298e6c5acfa5136d442b0c1105dd837fd7603fb83d7	64	64
85c85f6027c2f5e61f35d3423082829ce6be9b0839d8bd6f76668f17eb6d2826	2ddbbb8bb6c7ae1bc68114e50e2c18093f3487e2b360b8f8e49478dc20b1fe4e	04be9e6d36e943389591e01daa082ba3f37257cbc6c44446f619f8e1a98af551	32	64
85d09a0bdf79442cbfa2748d0528fddfee032beffd0c033980fccab35ca5d3ed	1979318f75662d9ed7740db404d87b8dbd33a5d371b2915c60db02cb2bae894a	cf19da6f2085bc6be2c5455e66b6cd128e850459f5728495a66b2ce36e245996	64	64
85d63b0e81846fc1f30cb3efd6954c30163a735628c433364abb1e439e792935	abb7cc93542dec699cc8aa3de7dd541377802f12ed6b2c020f7366133d3c2663	a18ef3eda84c5d8d5ac7f60d5755f2c9ad370f79d47beec37999db3f729be939	64	64
85d67f3b249a772fe2209ec1fbb26e00dc8b49c9b1905b3f9725af37d113cae9	ab4375e5c7f25352bf0480574588922100a210318fa8dd4754481cc86111d0b2	54223fec4e39086fb3af841d011d0c274b814439152961500a30d64decd2e1c1	32	32
85d6a73231feac3a19c86e915556330d3204dbb77794d3f6a30ef282d78ac325	c58d79f37ac313a2cb2f441d65706548b048d12d9ea661d88ebac60d7c68538e	9c5811eaa6d862f428ef215c6d0c52f9f699c4b98c0c5501e641d8906d61a066	64	64
85d81fa2866a3d0bd188921937c88e10731cc27452bfe5001dbfcfda2040a484	2432067b5f45233d190d4382e27a95a1c7db9a3b4141d484483b0771f728db83	5306330cce061b1e26103999ee6ec6c1657302ed575793d7b326862ad5e1c8ad	64	64
85e2177289167c34e855d1bb6a01ea504563327e4afaa6a2ad270655677a978e	e670d44e72c30e9e625d5df8f2800c88db6d438005651bf46cc62f9c866b932e	2c9482dfed8ac381720238140443f7ccc74dee625bab3af9e96bd0d6ebf2abb6	64	24
85ef5af32455d72f8341ee32dfb1df30cbc9c32e02ef57d7637b0ca6293e3188	3761d6efb92944b515d9def0edb5166e26d9735ededbef75864b37f12dea7055	297ff7dd06ece098a9dce3292b94f5d570e579768d499956a31c81df74e03c1d	64	64
85f967c93860c0b2b478dfde97ae2721f2f5d0dc765a02b4343c5c3c9aabac30	81d14d9a178d3a7cca68f6af36c133d74ea46206d660c08ee95245555a786c60	a58aafc9123dec612c5b3d9b972a1dd2b0eaedc6e6bd8a6297c14aa485860c1b	64	64
8619294db5af165be038da6670348ede9d7a047f440f5e5a19ec468bb31cc96c	ee188fdbfd94a10da2512298fb6ce841a2df7e988fb55b83c86fc4378dc688ac	d5796faf45709fd3e68e7e2aa9333407a91d0a1d21fad2c670a8bc1bcce2468e	68	64
861b9a98e7c0309dfe69e1e30cba669444496ceadf6f256177c64e271a0496e3	ff55ad3ec9a9c14be6993b7d6dbaa5b7e7c6a34ecb16e4103234e56640008e8d	344ec6a6b505586c3f8ec46f0d954f90b745822195f9a37526ce1d530eee3caa	64	64
8629161e8e1ad35f402d58256ddff79ac7cf23a1791ac40cabe2f13d401e651b	4e0c67c0e575574f78498b531ce846d2806bc1563476421e4fbdd37a68e30868	8e515723bd036f19ba3e742165f0df9290a912ef1b281bfe5d4db982cd67b4e5	64	64
8656b7ed087c0e60f9f95e522b150702af4723086d262004a037cdb3bbcbdffb	f9562ff39ed5dc4c247f167fe6e2a109ea5bd3f0054a538a8f6fe113f07114ed	30324882fb7c5a1ec50dd40c6a1dff3576463c02a8d9e5bdfb9f941c0afaa4b0	64	48
8678d447bef4fc55aa4b89d591abacaad87b9477a942688c3559b3332ddbdf0c	1c8a8ac3c592f233ad9d33e93e39961fd8f4ac4822fdf9b87c6ead8770d36d80	b12a2b465a863c7a8df32d9f3e15ae4e70700194cb3a99f9deaf8c64b583e186	64	64
8684b271d30182d4d77b306d91c8b3c699388c263d6b76b4649283be84479c17	d5a79b42ad02f580c0f708e709f080560a46e7cd639eb6277666d874a2b3b313	088132c1715598ede42434f5fde52bdc8e92792a662294b04143f4eb818a265c	64	64
86885e846fec8a9bc82ac7c487f4c7cca977765b7abf0b8edc390a89db07c26a	2d3cf7fcf118712b9dc4fd06f14f87e85b894052124781d2a63895b4f44928dd	19b76d000c118d957f0908e92616e0d6475880bcaa945508cef06c8fc7583b93	64	64
868bea2f4699b1391268013ceefaf1b031e39d316a1208e4223487e701197ce4	b1e29bb544c94b5496224ce23beafef819100f9d170cc93c65b5bb12df1e79d7	d42ad97942dac9e37c09ad940ff6c416cb40662c57138c628046a8aa8e728ce3	64	64
8692e8ae0d43d51010a7e448847574b591186436616fec599db52488bb063fc6	62c263e0dbe713e17b80438272890737ba7315475531a42b94ee9ff72e0f2287	8a6fdcc85431052163fa35ded5323ffc789b7a365ec79b84e0127d483fc01358	64	64
869fb9c01c11600a57b8ddad33dd95d75713d6a7cf1b120a45aee2b7b2a4f333	6e73cccdf668fa38dfba6486c1f69f5d352de6a883a823822f6e1507303da45f	beaf6688eb935b28529c9ff33a973cfe0e53fc8e898fed13ec63853ed2ca3e19	64	64
86a1a084cbe65e40117ed543eadce337f93b15543f757576689a6fc3357243ca	f151b4a3a286143c0f6b85b31bb7fd514fa057699465606b6ae80a99fc1c081c	c3f0d7cf8218b38740a79e6b748006586c8a323c0d6894a1094fa18364928a5a	64	64
86a67b810a46c086c1719b1e46907f3b54fb360b0b1c24b9030abf57ef48d017	e71e9abf4cb83a05f4ce938b20c5ad912e2c42b75dccca52c9fc7f4102743091	da5d4ab98e645ec4876d7298e6c5acfa5136d442b0c1105dd837fd7603fb83d7	64	64
86b1facd6892e779b15b90356109a696cfb0331fd773aafbe3c527e325c64d7a	69312e9b7a0fe24c6477e8987199dfbc4e75a8f73120854dc5be058617f3738f	bec5bafbc0f189be326109db49e5eb978ee5bc972e095a74844ae3700b0c559c	64	64
86bff6759854e3670f9b01727bcb4e135f590e25d2896c31ce4d8483752eb2a7	ac8ed41f35da795097352c7b45c70049dc959c8820a233ab2824a920856ba780	151bfcd45c93363766f8952eef328fe1d0a239cf0a86fabc49d7d586649d587e	64	64
86cab92d5725b7275fc5cb4eddb1033c9082ea19c03de0b67ac8ff0227428f77	53d6c5cc141a308c90ecc0211178bf65716248ea25df3e218a7150cc1f214673	f5748d20a1ce415ce845ac15445876b5954e2ed7d9e60c8bac8caf03857a36fb	64	64
870eb12fecbeff857116c87d129117fd5609ac46a0a4402afcd150e212c61471	35c0e6e43ebf52ebdb80d86d68f2f4eb8f061f6460c489005cdd6838588220c0	3ebfc589e66d8dd29ba3a7cfe60dc3687dd5fbff7ab14b4dcf9bddcb1a5a6c00	64	64
8733f4699e8fb3c99416c5d2926105c73f79028ba743ffb2d0074ffd5647d38f	65d76ddd9d2eb345fc8a07a7f1aff346bcf6178386541a3350ea6c9f9561abd1	ce287308df89613a9aedf81ab2d42cee7d3e665a26757af6efdf13410b211e4f	32	32
874f5ba897e853f3d69c4ee9db32cab194470946fe239e2b00105f499ca19242	919bd5e018ebdb4b113ded59d2cc1395a8f854faf9327b94edfccdd78c1a03bb	f72e69aa7d488dfe6281434c63e0e2ed733cd5d41a3a164243284c487b192c4e	64	64
87580a6f8dd4a159f58c11aa80e9878ffa9e813fc0e5f99cc39f62d2952fb091	54341e358bd087fcd0caef25d88e15a193d97494b9c17fbe673be5bbc86d1507	4917c74c563df04a99a82e8e0218e479e0c3a56a2b9097e6ebd1073129baadce	64	64
878441ea2ff1faf8908f2a9ed6b9cc1cdf75c523b5b973b7a9b4f40d7c633565	d4776d9ea1b4cb6f1efa8a64fa410dcf781a1743d987cb0d65882fd5a236bb5b	11cc501145a99b4ed4ec93374b82a07126127c562dcd512844e0904567e1688e	32	32
87a3ec11388f3dba9d14938e381e85813fb57be1fffa3db9768c693c01df1c1e	225b830c850f3ffcbf6a028091ff0e42e421657586f9cead8862a15266a4539d	bb618ad5ad9160180ddf9f1f7629251e9fd2018695c66b8ab83af6a4d6ba6a41	48	32
87b399487ee96d2fc738c86eb172f36ef533f4e00866779f8e5a91cebbb2bee9	72693f2a2441bfc24ce860413222402a7d22ac1f3ebad5b48fdd96bb25596ac3	d0f8e136602dfd80e2a4979b289562545572b63300b398ce83d32764e7e2440f	64	64
87b6ad219b724afc184e3d8fd85b50011d359c90735238ea3db41ee6b719742c	0a19b0e9a4264f18fdab18f70d1563f089363e273b2de7e2e2c8fc61821ab3c0	813a5d3e53e95e0fe65a5a618201521887f52975a53f5d77c9480df1e5b45258	64	64
87c2dff64debba05bf9375ce31c3abf54bf5867802bdb67836f2800ed85c7a44	5e21e541c7d8a8e1a1cfd9ae7ec23d3126b983ed2820f05fac951f1f75ff14f0	54917a8317bcdcf52e9b1433484a48c636687580cc4866d114214de119b1ba17	64	64
87cc502e825e252fcc542211190eb64982330769d0e6062bcf8451d14e708e67	9c94ab481244ff3400b98a36aec77b8f8d9429de2e32513b55e72d39b5595da7	cd7431abb211be398b78fccded3770604b7f2f4753d54b347459209649bd5c70	64	64
87d2a924c135eacb687f9992d4a580e7c8a966ad12995925d4cf5a0af8724baa	34090edc081e72358d03c702003fbaadadf7acfd68bc38c764e7eca020599166	b284f81426a3ded5b7b15ee2f943e33a4acbb86ae6cb9cb6c823aca083fe5a34	64	64
87e0a104ee208c821e730bd2952d9d45fdc4f3fe9a95663a5ce7709210af48d5	64c0721f4eb1e818e2ca9eec39c80e8a0b659d7263da883a0b2b694196bfca65	ff463033f94f60b3778742aeb522d397e9437f565a0c826fc4e9ef3af10a1806	64	64
88008d185aaee94a96f017ef29f374f898c0c21aaf3cac2ce8f2b38f9e7328f3	d3f39a002c830cf0c249d684ae745470d6fbb31c7af72162de05bc18cf8ee8c0	25ad188604c37bf7c49890900256233549b5059363812bf99f62585daf8eccae	64	64
8808cf092005a86c8b70c5e0d794404bd7d026d6f6d41a6c7ffdab4d0f1f6714	2516cad9abf843ef09ac4eda720a2ebf7bbbea42a446ac413ba5b0e67d93cd0a	1bd9c813866307c2609bfb5118fe69c5b45edef4975ca0e979edcec352c8bd5c	16	16
8814969d7c9398f75266ecd0475e6a11f0cde837404941c665c0d60d81993050	64e46f0b57a697b5dce9adbc14d4c4398ce9ef507911d3f2a1a5a48bf8538d3a	ef6d5add8c5707f1c9dc454aa63a7aa8c5bc4306e03ea15779d2d8b29e39f4c7	64	64
88350cb11456df0295d3a9f1cf2ec2fe0a70945a320fc0c2fab9eca537c25650	fa0e511a8ef32a313aa3c343e811bdc3850860413401abafd40477d7bb7a93b2	530a5f837e8d99bf42473562cbb9a1c9a641b2a3035dea0ed9fbe59429c96c9c	64	64
88380636e23777bc24d773009f4d1db6b643ef13f93ac5a69b976d59519c687a	8f98c9ffd587263359565a2ae5be3cd03037ff8c8c214e17bec39a91bd749756	d089c0480509645cc7e45c8066239f6f50bf00575fe24f45780a3a72dacb7a4d	64	64
883c71014693cd8dfaddfcc0f881d7ae44c161ab0e5447e0fef592c6e6b61046	2baabf0dd85100cc5dbe5f5b63055adef1f80f842b9bbfafefd5836ee66a7f18	fd95675156f6fb96e19b91c73622e5437dcd1b0bf72fc2b6bc91996efa9cb270	64	64
885680c1cc40a08f5c159f84859d1a6c1250a926fe04e98529300224b32c4a1d	f5df97104770fa7cb506e82b9dc2c9ce1d0596375dd530714547faed8cc301eb	7ec33b6f9b9a758be22e832c13c8886820d88fb55cf18191663fed2954a99ea5	64	64
8864898c28793e5f151736bb3ce1d45c52321ae59074d8a64c5372386c36eed2	f074436786115e7687ebb8beed9091e1b9b2a0388ce38736873525f1674e4148	1bff54df705ff02b2674282a7eeddce9a7f2db92a4fb2d3febd6a2c72a6c71e7	64	64
8886362af92d939ecf51da0e39b1f3aa3d97577effb80c0e808ad5b3c476cb0d	aca6d72402150eea44a9d3a891768297e6f739fad10f402339230308f341fdc9	1f5a966db2dc8e96eb789578a89a1144750bb0b7aa7f39432d1e31f4b633ec25	64	20
888a29abbb06154d6bfc0a1835f7c9474d079c013fd97a737408327da1b0e480	d777c2475d5b258496f68d05eaaf02c21da9b1f69b5b398ccfa2fdd0b14f2094	42606cfdaf81a5b0b540c2f21723fee1e3dee8564cb6e5f17c1349cb2928863d	64	64
8896dc79bda46f8ed3b2c507fb9618122b15051c424d75884b206b87c0341843	0f87dc702e75b39c7c9f96d6986cbf4bff0be9f6903e8ac9318a6e7f336cec5c	2c02130000aa9352e9542cdfe91eb5922d3faad98a826967232bd33c00d8518a	64	64
8898cafcf5c3965c67daf8d678c20cfd79ba58d21e3cf10bf1b0370c76adcf73	dc103af49764ecf08de58e26677e64a8552d7930dec953e7f6a4bbb3f49a2728	9e727f3ef8ed3554c0673bf75b71116fe5fba2809529b2d8b4f11a5860027256	64	64
889e9d810a3f09248dd643d06b258c0d9c1feb63cb7f216115bf445be5c91fe4	8b539bde44472d08e6c36bf35485d3d0bc87ede20b142e597feb5d3e4d1b4261	3b7de82c07c424339b91bc1b93111e6811bcee1114ff7cb193376cb79cefec6b	64	64
88a034886e12f07849aa0908be0e547831d30877aa7772cd6da35a386883e0ce	137fec20bb8beaab4e5eb9bf6ec90ad714f5e52be24081380061013011008926	a36c89c7e950dafde0b7b3378328bb7bd9276c5cc7aa9de970a45deec811cf74	64	64
88a7df00c57474ab0ad2827ce310a302f9b7d4b6122c82f9a9c16d2d62688a73	5e6d49dc06703136ca3ad29bf1faf812d0c61a138168e967655ce497156137e9	7c697014d8233be24f5084b026a789044c9c8542e08a0e331afea6e7805941e7	64	64
88b4113e20d40e42c8debe42a85f5cc52124e071ee19f3dd5f18856b7bb109fc	cba27ed253bd3bf958e1fe8659c9225b0f9ecd14532a5f39dd0d990ff6e529cf	da7911da64ff3fdc318bb017fc927a0cf940d263928685916ee97fa808dfddbe	64	64
88d1f7ec1fa6c790330c4ac1187f88f3f13c9d593832754da1982ba18d3c9a06	b41c09d506fcb2dc8feedfcf166b5ccecbaea9c5f29c349f8fdb9a7ffd4f6d56	f509de2973008639366d2aa81fc378392ed61919d69386f5c4168db520ee90de	32	64
8919ceff701d959eb5978ed9cdd9508040dba0fe122796f70825130932ed453c	cd42a800ab01c912ea79a9c3e7af79285839191eb173def92cff213217c3afad	51b32a4cefb9b9052f00eb9062c886544ffc9904a7fb612e4e6a364904fc65be	96	40
891f0fe6e548669ab41ef2bcfb248ec2e89a3e13ff67fbdc75489a201a19453e	0f2d8f0f39919e9dcadeb17b0915ae1a6915ab2ef1b06a788af11198ba29c88c	410da14c733ffcfffbadc131d1b75d62f88fe2985f8f509e5bcfe54c02e0d87e	64	48
893d75f45db83e558e0240050001542e360033ad49194f55a9bec052e0086efc	bbc8efb2fefdddc78a9c2b7eeb0f1f4be9df7cd9cf1b0ef7aabdeea106868113	cf7ef3814a33c7bbcd22990a79187552d6cde115efeafbab7fd9a19e49df80f0	256	256
895c59a27ed6b98cfe448d0ee7f4e5d3133d68109804d157f653b091f34c3ae6	ec0cbec2d63b1b8df4008148647a87f707566edfbd7051bba2f68210b59d4a76	df1fdfac4e9ac671fad70624f1439832661affec0fdf4cd26c3255d118aca4a6	64	64
8964d9af53762c7f357cbb1080540c1d55646dbacde32812c3718f8f97df833a	6a525f1bd5ac2b7bc8397bed65f99d27333d5ecac66f21fe362bf9316ae4afb6	ec357ae40b5e0d4310b98217fdefbd6ba85b0cb0525c17a4c29d7dbf36271b25	64	64
896d77640ecbaadb860ab9de2908913a86014f56a3d6cc478edc00bf137793c8	f2b1239ed29374f0c178c6e71f61448b1b6ec0f9930c1e3d2f21ef31a7c33e2b	3ee08979c88e3aff8089aa9180c6f2b047f726a2a70efaf8590d6ed52b14b24b	64	64
897e5b5ffa377948dc7e5de604ba81025ad8264eb6b8c22fa8ec0d1d64e6d668	eed7456143d6ce87635430e921d7fa8b10dc6f0251821e16703d519454d456ef	c25499eb85b29e041fbc6dc9f83643058ae12c140e9834282f15b45299fad3cb	64	64
898ab9beaf3e0b5c9186bf59fa9571674264c8d91b3047b11c4dd40c45b04f9f	8806f54786dbff1153e75717db8798a18df2502c3763e2f3976054096ad77869	ac4d13d952ac655b0b43acec7bcbacc80f9a46157180e4401268fe2a6d174101	64	48
8997348b0290fea03ef1bc3b97df8a3684e2abb826b92ebf92f9b61fd6a1bf23	8cf3e4870314aaf256e5c24e9a7b5a4f05194e4504e1e97d371775f14db6634d	731dd18f5c5e2f8b99b85320476aa209894bebec266f31af478710a99c51fc1e	48	48
899aad10225d481e092a7fafc16c40c04f44d9b309fa287c6aaf1f24210c4a7e	064ba8c86be8c02d1d0932b71896dbc9471d9441a561b39f4a737ee015ff4538	07cfe391fcc94b465519f57e13412d02e5eac6a13d2d85f88fde98d3399ddf71	64	64
89b334933c2240c19be23bcab43d943361a68e409c03924c877048d2bca5e0ee	f1eada3d5f620bd9baa13c91d865feba5e0ab8795efbfa2ce4c562361399242e	8cac33d96086c479721592e7541fd709538435ca1420ad543cb189633e52043f	32	32
89c259a7df93a25329c67033c03260fdd495b37ec0fd0977fdf3da77f9378ca3	b590b5a2f77e66db6c8aba732d1796d4ae929ac6b45223fae1cc839007990ca8	7074e981771ed2b58ea046fbb52471c80ed99ca498288977f3b6b67bb1f5b2ff	64	64
89c9955b455c680c47ac1d413846ae4b23f6c2076c9693c1d7000f58a5ece78e	9c94ab481244ff3400b98a36aec77b8f8d9429de2e32513b55e72d39b5595da7	cd7431abb211be398b78fccded3770604b7f2f4753d54b347459209649bd5c70	64	64
89cef7246d937b6807cb5f32ec5e4d42ad0c0df8f787c6e953f21533adca930d	e71e9abf4cb83a05f4ce938b20c5ad912e2c42b75dccca52c9fc7f4102743091	da5d4ab98e645ec4876d7298e6c5acfa5136d442b0c1105dd837fd7603fb83d7	64	64
89ef2eccc050ad82d754dd86c8597f590fce3cfdae9263f07f75b2ec32c04108	918ea0b606b03d6459e8f75463ee6d35dc283bf3a0690055501d349eaa683e4a	848c26e9a714f0b2b60de48ad051c5dd2bf8b2dabc90a9b115ad12f6e11e7ff9	64	56
89f595e582a76f558cb52ef69f647c534210d5a55b3dfc80f99ceb4040e75b0c	ad48c99572c48ae53d449a2438c50861986174ad720e6eedf323c46fe94f4869	9a01c77f0f3090389a2bfdd99576d4b43d9b8f6399b01f0ae11cbe9a115f1a27	16	64
8a1345b13e77d9afcb0d97e4b7f369a67565da60353bd42061a6c19cfe89c855	f42b13be622a455bf0ce8cbac8c585b4bef5d7cd2466e658b6a3585c89d767a0	ed07720ac213858bd56f6822a0d8ff570a03cda19d2d0ee3468e069ddac1e221	64	64
8a16851c65bbd521f860cc6e6c0f73c2678de588a652ba50f8d2d8e35573a781	18e4ed055d227f0c95562fb8cc42fa33f1f438525038a189a71252410b8b59a7	fcd0f84f2007974806727665b1891bc78b561629e8aa23c43e7629261b24b387	64	64
8a2b4b1054d1b268f01a2acfdd77d43a1bf0c2a2e8baf1b4eb4fcc226e9db784	1261ca95cf53fe2fd6384f2d5046ffb9dfba8fc2db38a14d690b277d1c6386d8	89b3a72c2ef4fbcd04d9dad3a2137eb6456483945a21c6b4a84da17b204a15f2	64	64
8a40446c341f139906a18e5a5ba608ff66fe243c8d0266708de253321f6ff9d4	7a63e43a57c2fdc961bddb1eb934011e82db1c67034b0714b4aecae04cc274f0	ad284335300bca0efddf0cca8939e85880e85731af814bb11d47d171cfd06c5f	64	64
8a546f822f607027b6cfe5cc9cbcaaaa264b5006619cdbf488634b6e8682caeb	04f6e34b69c9ded7d91715910a2648115a3f9ec82963224c8c03b2c88bd1ae0d	78d3c5975fafd114f1d9860d3d3a5bb0f51c496c1bb7f7e557c10f8b09f8d6b6	60	60
8a5a6902d92e879609e957ba97bb9be1dc54f6870914904cf8e983416266daa2	3da28a3a6e78400af2a204047c2a285b423cbb94fe1c60684ab185473b4f2728	0f64ffcc75d1a7b38de8fe1b0175144a6b8f3b6e3fd6e46639e82d8dad4e5a53	64	64
8a607a9a1fbd4a7d77666732fcea3dd0ce3704983b2ce66e9c782ca5271bd80d	7007ae6af47573581952d3b9e641f67e7b08c8fcd6006c9691bbd7079f387043	99b7583b90082fbd5484ebdbdeab15fbff68e541761360ccb06728775a79cc1d	64	64
8a6295dfa34fcd35ca25dee75c9fefbd29744e28e04ef1bc793b92f74603b01b	7023e1c46bc339d49317cf7554f28f0a9c9b046a016caac95c305830e8df9986	1b9a403173b1a2bad713df4b791fed7f3fcbd3b880ffd2b01245b23ee356fdc2	64	32
8a67550dd9466fd1e47207c1acddf54401501064397aa62a518eaf95ffc91fb5	a1281d7938036b8273d0676383bc720600195f03b29cdc596f3ac0dac03e38af	20821d0b0634a51e9db73296dd87cd77f0e7585cfee65c46771b639b646bdbca	32	32
8a73bf9d6a2cc685e5db598d1817f5fdddb4c656fdf06c159f837f7d1caccb19	33c0cf496ca88f903a011cfadeb3d811cf5ee978d5a082f0b2cacb65a8840eb0	1477f9445c53e12360c67ce63f21da8d1b57f5d2c7ebec10cad1ef7314621835	64	64
8a8cea77a38df5f0c6e5f3573a49e022b65b81dc32f4e28eaf8935e1ffebe1dd	7a63e43a57c2fdc961bddb1eb934011e82db1c67034b0714b4aecae04cc274f0	ad284335300bca0efddf0cca8939e85880e85731af814bb11d47d171cfd06c5f	64	64
8a910fb8db3b11b161e7f28621395c2f877f60a06588c168a00b21323deaa0a3	f26cecdbe863cad804d676eb51c4732029001f1860b6268bcac581cdd6c09111	9e0aa56f81e800dc09c2999e19fb60a0a4154e8b7fcb937810e568505c117d1d	8	8
8a97978b13f28c55ed6f699bbae8efb419209188ba537fab8349b229afa1611c	8d4f0b6cc26b10506e8e5e9918feb954fcf6cbad6e382e8f258612a7df54ca26	4c7f2afa3aca6f05e5865ba40af68105edd573bd734c2f33a7754081cf568a46	64	64
8a9bd176a1ab16c2acad6c60600da2a26b807653fa47355bde18b8755522ff8a	3505061cd739e79c38142d3e9549abdc4699d354029de668f1cf8dfea3279c8f	7f27ea5e992631314eb14d6dc5a248e99adcb56b48d72d7d1ed35b1f6974990b	16	32
8aac19aad3f6218e7ff25a7a7b5c284d747401129d4241cc216def98c49925e0	86151f3057cb309e87d4f200870dcc3f89097531ed18c0fecfb73aed6f5ca958	b91280f80ce7cd769a33423c2356b5b11103a6b9ccc2883ed48950b6b7102173	64	64
8ab82cacb30c8564705947afce7415011a4e2bc180f9fc37e70e1f565326b389	ca4c81fb11bb693a840c212322786f05b4c293c28d38971c7871d5c7fc1d28b7	e5d295c7081cf4a3e672804be46293a3f0816d92388ade4488e488dfe1ddc7db	16	32
8ab9b0fb64275a8ec31b6bc0181f62cbdaa21671de410fbf5e6afa5742148b43	3e0192cca7d3549addf95cbeed664d022d6f79a5fa0f5c6147c02c93db1790c5	0b64743ce058e1d609d89636d5eef076246c0b064024da863dade88a4a794e26	64	64
8ac4125d7c21af221c1f01b5b2b971cde742c8f9a359d655eeb1529b0ae9bdeb	22e878431077ce9e1bd35b0d96400588e82918736386922497e7fa6536de49e7	cf59fa2ccf9d241fe90689fd8cbafad5a1a3ff86078d3a61858acf7e1a56ade5	64	64
8ac6cc73d259fddf1330a0fda846af52fa080a359a350fa58c3e89db24293d7c	8380ef5c2e973adf982a959a66f8285c29a4cf1a684672948b4cf0b6e4e29add	66cfef9e59cf15dca7163fbfe44710bbf9d53a9f65830d095349f44ae5bb36d4	64	64
8ad2ba879c284a416e2b0832d57f52fcf58057623558e44a102216218f6a6e41	b287c16b5d9471066866e2b640b00da8b5caf19fe1bd2f6a505a91db15f253c0	a72188c2669c9889452d60eeed5070915e7ca0d8ad547cb605c69e0887cb7db2	64	64
8ad7ac3fc1509d8270241198d8c26a8ab9a3edd62d2fa2af54a95dac82544b3b	f09ee79153801dfcb483e1fad2a4c39d5daa2c8fd40950a99c69185a75f410ac	030ac2f0860cf93cec1594cc4c57aac3a0d67d32bf53ee144295ff7c12e9f71d	64	64
8ae64542e4b0356b2eb3d42067580f7257990eaaaadef2d49e0b494318650d74	654338e6b04935e685576e2c5572b7f81e07741fec8dcfdddabb3d1c53abb439	3f03b51b4d0024d9a2c7a4ad1fee129d0c6229f7754cb2b44a9f848589f58b1b	64	64
8af256801c4b92985db0813934d10367b0182cac1fcf416f19ed73575c6fe152	94c55f5214d6c35f0787ef78a01081d58fddcccaa656d9bb789fcb15abcc6ff4	3a0745a80d3725fd81360ea7bc4a065223d35a30aa54341c7e531a0fd93d72ee	64	64
8af6ac455c0dd04cf387397389768055321d6a343072ed1960e7ced576a3a777	8b539bde44472d08e6c36bf35485d3d0bc87ede20b142e597feb5d3e4d1b4261	3b7de82c07c424339b91bc1b93111e6811bcee1114ff7cb193376cb79cefec6b	64	64
8b12ffdc620dc68657bbb8291f92097937fa6b5e1fa5f7c991a551fb60c955da	0bc413037994589b65352de1a8d0391fe93bdf9f5e422ed2bf7ce60621029847	577f835f82568b4f4498008965da6e2a32dc70f742d25668bf378ad1bd73e581	64	64
8b2bb9edbecc2c06c1db091f906df2d97e5f9444af5e31070f70b17899c58125	76652453e74ca985dfdc2fbe1d6701d10ccc976aab69ed5f3e1daab5a17f541c	1bff54df705ff02b2674282a7eeddce9a7f2db92a4fb2d3febd6a2c72a6c71e7	64	64
8b2d69c2135208b33bda7959385c9f851fbe06740da33bd5531646ff54e879a7	705ef2aaf801d0518b8be5d39f005b34eb2acd6db3a23f7d8703d23483f182f3	d653b54b2a2dc06391f49e29f4ac854d25044ef80c82d249f76778fd70c1f434	64	64
8b3ee7aa85358d260a9b8aa2798852151683faa838c37c63fa600b08b2bd80dd	a99ed0e2f2e01e39bcfbe2bcd103746416e95ab2459b93cce8b1abb1b7890a82	4dfee4c8b527ed940bee7314fae45756e8e888e43f9a74d6d85191056a618d5d	32	32
8b4cbd1784475dda68a320f33cf742691cf0b4194940246f6d8385cd94891944	38b2acf5c588f08fe8aeba5e02612021bba1829da53d51b895ddfb4a0363dfe3	85c8cb8854c6d134e132d37d951375c977dc0966158f6baf352864e8b1e108ec	256	256
8b62bc2c1449ccd9b7109d77a934a265bcdf5864808e2f73a8f7f5388d262c34	97e4d3e1834bb6ee45c1ceec5742fc340bc27ae97ea44a7b6cc5b783761de566	b110a75b0ae29337d858255c814d466c3de8096ef6e0fb7681d9154dad10bb50	64	64
8ba1f7e1d957f1b1b0243b94b048d1ac041b6e99a865b38199ac9fae5545d9b8	0e9bde8e2190e4041dbda850963bcb44c63dddd8672990fab40321dbcd283308	0eab62f6427f55ec3535e1f5d4b3a350a9da835c1815d3cd6f8ad29598f95c25	64	64
8badb11e351adf45ed633a6459e16e0cb762fc293e5f71e87cd5b70aba6d3cdf	ff55ad3ec9a9c14be6993b7d6dbaa5b7e7c6a34ecb16e4103234e56640008e8d	344ec6a6b505586c3f8ec46f0d954f90b745822195f9a37526ce1d530eee3caa	64	64
8baeddb428d31147e129300067827f116bf2915915d2d2f186d0c7e73d719809	04aacb42ae4c62c10dace9989599a368bd2a2ee15a8fd7b91cde055d20f23799	23a9f9da459fc23717fad0c1e15767b834a5eb10b8c978b2004ebe032b6d137c	64	32
8bbd8a918f9fadc1fdab34ec827c8499b11f65264b7892418fca9a4adb0f035a	76652453e74ca985dfdc2fbe1d6701d10ccc976aab69ed5f3e1daab5a17f541c	1bff54df705ff02b2674282a7eeddce9a7f2db92a4fb2d3febd6a2c72a6c71e7	64	64
8bc0acb6d0d2c8212aa78fdac473ae05fa85f714307b704cf087aba0f9df652c	a10a715d7c3f8dc8933128ecdf431785681ca230f3f9da2b69b787bbac30ab80	ec6d0709e36fe7ce62d90b62621fc45ec31aa8197be1b644115f4b7dd4e7b11d	64	64
8bcc839a32c60baf92bba07ab7ac7810769810fc1b1ce17408f2a94bb27c39be	33bf0152e2ecb0e3cd178b9303d92c33e56d265d5cc73585641acbf289d7f4f4	1645e099d3928226127eed54d001b242a4cb57465081f08efdd288ae050f9db1	64	64
8bef6f41dedf70bb66784ef662278d343c3c8613c6a2f5696ae38a4e52f57ee5	e9e0a3297b045c9d248f4bccd45ef4ddc6a24ce157f349ff465177775efe28c4	de721bef72009af7f77beed1d882aa7c7753d95a52a57bcd9740c43b587fb1e5	32	32
8bfe52b836983ea2c8a6ea45fa38dc4dc9f8a255b524bda865c0337ac99135bf	4c6a1231831bc586ac2da1bdeb764c80ca356c80f445c585aa8740bfc110f67e	554ef9890c5b8ad1ecce389284f63f105db76b7a3c9b9dab6c8f6ce0af01eee5	64	64
8c048373df7cacdb658e14cd3e11e7f2a50e9862230aa5b31526b5b36b6a5c4a	25e535d3c53530bb278c8c8f77d2f43c44a57e267240e0d665752e248a607a19	2115f564f3bc6c69497eda5bbfe969f77963a97765b2ea076d1dc0783e7f5f46	64	64
8c1ac90a25bf9ea085925e383d418c1c113fb60d7c79e8511530562cd1fa579c	05fd4410753c7edf53163c9711c15fb9356e5094a1ebee266a2740c12a37685d	7b393302cc2b58733537e88d8973953c7e7d8d8e30a1dfd190112c17b442b2b4	64	64
8c42e125a7e3e9196925ecb88046b837b82f7e2a44f6f9b4809a443fc3268dff	41333d67c313be41ef3c1e8a63e9d4bfd099a9fc708ffade27288a7f91f44efe	f1f96cf73c4c4e2822bc9cb91437c40e78ce29247e2a638724031c3b763c5822	64	64
8c650be51b0884a19ec3411a9dc27206f507dc93ef42b4d843330c3ed50f6007	7c4f926b6f3b7f11d4118b18987554ae379bab8c00e526091556303812db3e18	e5ec7d6d85c89dce3f966f7b974acbad6367cda6df6e00b257505dcc57b7a813	32	32
8c718066d0fcf1cc735b4dc4f31ee2cc8347bb5cf8b87eca06e82334069b0f11	ec0cbec2d63b1b8df4008148647a87f707566edfbd7051bba2f68210b59d4a76	df1fdfac4e9ac671fad70624f1439832661affec0fdf4cd26c3255d118aca4a6	64	64
8c7df4f3e9fd37212b05c109abe2fdfa6be9ecac89de21eeac6a1eb9fa7ff721	bfb47c344cf9688af57cc6446debe192c5bbad207326d5efd1f0044e7e3e5df6	bc1d45d264330ba9c427a2d8a9a99d9a495d37b33bfc6e5386bc8a540b075094	64	64
8c910e3b33d654ee297f85a88cd2246d77bb67424608b9baab0ffa94a9d1b20d	62c263e0dbe713e17b80438272890737ba7315475531a42b94ee9ff72e0f2287	8a6fdcc85431052163fa35ded5323ffc789b7a365ec79b84e0127d483fc01358	64	64
8c94402dcbb5278758d8c709de24fde291e2cbaf5a754d038cf37bb1cf91f64f	537fa3efd55c9af47118b2881f7e0945c6a50546f6a8838e0223c8ceee2f8620	78e52b93c60d0c141e66a3137fc5d2ff3d361defbb3423da1b68ffde611f50e8	64	64
8ca4b5ef8d1501cf45db31b35d3b5ebe1370b8b4e25a1b5125b051583166967f	0a19b0e9a4264f18fdab18f70d1563f089363e273b2de7e2e2c8fc61821ab3c0	813a5d3e53e95e0fe65a5a618201521887f52975a53f5d77c9480df1e5b45258	64	64
8ca54ad0617f57a634127e8e6e5940ccf7b5c41e5e73c02cbaa6fcf9914167b5	79027481c45238d6571abd1296cb10ae6a5cc9506ffca3eedea7e29794815bcb	988b188f69c0de774fac81cd391754e1352273b5d4500e3c06919b469236c586	64	64
8cad58ca413aa5ad89efb65d2c84e3ccfa782d4075fb84a1b5c7070ec4049005	94299c10335b0d7544c62dba64fc2cc656fef0d0a44f34fba69bbcd5f2e33290	2a382dbe90c29fae28452d6d194d7497c2c5744e83101723bda4d411f4592d41	256	256
8cb5d16c0a93824f89d7f844d63a51be138f4e5a9d9f07ff0c0e7097a1556aa3	b8eada978193a88f6544f8116091dc1bd6d8e70c7377772ed40263d2c344afc8	4afe5520c55bca1ff726d8b8edb19930ddfd171ccd03732460268599c5ecdec9	64	64
8cba6c148ff8657798fec7ebcd394c16909f534ce653e96be008e04a2d6b9775	ea26d38f233c3e122b9dc493bb912c3c33d32877de917f475cdf5ce6aee045dd	97209d1dbe069422318807283aa7a5e4d848d80c8c83f866277c2f7850bf6fad	64	64
8ccbfbf682cc1efd93734ee1283d80b8d5f0617c6585e9983f2817b25ec7629a	f9acf22e048398223e4e578f9a5b781e109bdb4dd7d139bbe6771d6c4637848f	b77a76fb3e6bd776d9a9af7135bd36dc7ce036475dfb79b62684bbaaa4782c88	64	64
8cea26354d70931ecd2efd02eecf30cd81fe5ceee3d98595bbc8ce517617efc8	3505572501625601366c4746a5efe5bfe99b5e7911950d7cf8d6b143dd419ede	063b1840b30d74f7db59b71dc8f547c913ab0217b64612f0b99b4118642a75e8	64	64
8cfcd58dc6068917199388910f41550d969cef8540b796be8d66c4dbae86562e	1512516af9c9a7117a95dfb58d3690c5e3aeb5d088f28c5a576c9e0e64bb8950	403079655e4fc85c3b13448dd0c47859d0d2c9e294fefa7edcf6b615c0da76c9	32	64
8d0d28e3982d4b96c61fa6b11be8bc6bc6c6f15d5158dfa1e75a8510ee1e8ed3	9cc41ec22a49918aefd2a4d52415ad3833274dcc7a7f6c8b941dda1b00fb1eda	3703771aba3d259ae12671e2eff8f66e03e20b7d93111955935e8d6ffe440bcb	64	64
8d23328419fdb8f5fe1396b3293fa578506856ccc504a1658fc6317fa8591338	dc103af49764ecf08de58e26677e64a8552d7930dec953e7f6a4bbb3f49a2728	9e727f3ef8ed3554c0673bf75b71116fe5fba2809529b2d8b4f11a5860027256	64	64
8d31fc8edc375bb726101574441c06a9305e895ca65ffbe7fb36de790ef0ae65	adfc1702ed2da2f4008745e5139d77aac9567298aa567d967b87ec598efe6bd7	2fa153742d51b373d8e194d7194c9a066ff5e63ed58ac0e394ba545c10ca2830	32	32
8d40a1fc1f7b98b5a7563f5ce225f98351d71364f40135283bca9e9d80949713	90257e344ba9e57f794e9e79c9ef5ede2cc8363eb00703bf011939f6fbd0909b	882ea4c4682ebccb8f990d834cc4278dee29b32b96a9496f0304375391b9776f	64	16
8d5e2c2807582e2164af028d64654179dc83c4426c90c45c75a652715130d140	17e10919319258484d14b43f86c4b01449abeb3754ebdaf062631a1804ada777	f212cf983cb73b2adb80467fa2f2efc631e632105b8c34cb52a1bcbb20224337	64	64
8d5f48891e4f428a20a940d47c8fa116dd541324ec87c6321fc0742c44921380	6f8d8428afcae3adeef67a00776e55e759c41d711483959578c67217efbcf0bf	cd7da6f8e8909cbca5bc4f9d34f6a8a5542a045a9961eabbd544360e8237a8fb	64	64
8d695049f982e77d1239633cb2c211e4194e2730f351dd3757267c59f3e1e731	9b699d40495bcf15bad85562ace8b2b15c5b0086a1975a13afdb3d648f48eacd	a8e191698f5c6fe52ee25beb7191f2fd38257709f869e9ef8ca8e44270739621	64	64
8d769607434f98c023b42d21effe82147add0f2c4b8c8fa063e227f740d1d977	822caf6a4617dc6a7647ec4848e01172b67ef1dd486793dfa823301f0f9d3b7f	cebfa3e8ff421aea07ffa3f7878cd340aa3a582c8db30afc7662b963a3502fa7	32	64
8d77e479e7312fc7745788c922a9aa885b9bb9f3ce1f249b4ebc4345bc5dbdcd	69c91f694add996f7868fcde0733542720b3947f62b01401ab5a9cf72cd7a009	da5d4ab98e645ec4876d7298e6c5acfa5136d442b0c1105dd837fd7603fb83d7	64	64
8d815b72b37b8ab18174e55cce693285e6bcbdf898c60efea714b143c1dc35a2	18e4ed055d227f0c95562fb8cc42fa33f1f438525038a189a71252410b8b59a7	fcd0f84f2007974806727665b1891bc78b561629e8aa23c43e7629261b24b387	64	64
8d8bf45768fa7256bb6f79c028b6c0a50ffc0744fe9f4f6f80254e5432b1377c	995368f763e71c29f287659dbd730b947d2e3454389f996040aaf737b8c313fd	2fd395f6d330eabc7707a45d615209397592e0013702c46029e713b73c8f5a4f	64	64
8d9bea44851907ad3b92797451da5e10b240f4beff096071f1f49b4b5a653de7	e71e9abf4cb83a05f4ce938b20c5ad912e2c42b75dccca52c9fc7f4102743091	da5d4ab98e645ec4876d7298e6c5acfa5136d442b0c1105dd837fd7603fb83d7	64	64
8da33e351714aa8b28dbde694d925222ee790177295b2ef7b899f5d244b6b0e7	d3356759b5a87dbc68545d154b80b30cf6ba17fc5c28411a9920fb2ede90c500	3ae45645836ae995439f700ad999e6b4d0ffda3029478f376deac971c3fd5e37	64	64
8dbe9dc1bac16f20f28eb92dca1396ac7fb90f295c37d7fef6038abb86e0a672	fcb00e04a34d655cad0dc5ccab51d5116b9540ad7186984e355ec79772176fc0	471f63aa944a08e496bee3cc2d9025152e19e667592a155e03238a5f93727c66	32	32
8dd10df6d905c107dc2f55989bea4cc9b264ef2c7f8f30300968f5f7492f7e37	c2a19292b3da625f083e4eff69104bac0c5255f0d6aee5a40feb9296984c2a45	a8e7e99a53f4dba9b35d3c430c49a7f926364b2fdd348b45b36d2799dfc5c6e5	64	64
8e172b0c19e5adf59f7f4a6ddcd62757cee5204090d7813cdc9f141487eef0ed	a37e8352920a5a61dce79b440e3a5be76bb7d1af7d44d586a2be66eafbc927d8	f9afe3dab9c0e926c8d404181f51a5d51f05960f742a5d2be84e58a75c049f04	64	64
8e1ac9a0af4736805672adab38e7d4afdebcf649391105783e21740893d8c515	0b11971b4a8928e60a03f0bf1a4c4728ec8281bd107ec91cd50da1601274436e	508e08d733671b11e4aa07f4a90401467a50c82aded179dfb181bb32a19dd46a	256	256
8e1be681e820bf41abe385904b3acac6153afa4352b0387f8deea8def4884819	4cc40fbd841333c91e4de091e93931c809964bcff53f80c331829ff00657c6f0	cc872249c2ba0fa8fb930104ea6c7dc79d7b6a492efd8f74c62c988b112db3ef	64	64
8e1d97e0f8e9f990f3822ef1c5662932aaa47a830e99181f12a9fc7243504fb2	46007ee270b2721cd6f95e8ac211a449982748680c2aa0c2252662aa4a834d90	50374cdbbda6627d87ce5ca606a5203419b6bc9d9c06f02ac6f6f7ee431494a3	16	16
8e1ed586303cf3625fbb8d09cc7039b689d82cd607146f27c811d3c2d6da09ab	57292347fc94718fcfbbbe201bddab936e2b1cb7414cff681680f47d4f437c9f	acf548744b89fc028affe4fe678220433c8731f9eff0d741012d6f1391f8786a	64	64
8e26592b0e2c36031e2cd2e820038856cdcb768f5fb00563be36f26ec9ab19ca	31bc021ef0a87c03f03c3f277bba33a29fd13e486b5e1080a6a472dfe5c6cd3e	190fd4ae3740947f642d6948b067f7f2aef2b6df3fb831c0a9ff9aca04c79e73	32	32
8e5a04649e474bb51e6d092f12ef84ea87539aec5b3c7dd1f8acc37519d4cdb9	38191b4199c52a7cad7ea30b439768f608d70a1ce89a1d58cd94b0a24a34d637	8f2db5a85bd262eeb84d46ee75cb08210bac78dee1cf84094f85d9a3e8fd8627	64	64
8e603ff1871fcfba8759efd5889d6fa694c52588ec8573e1bb68a320ca71ff3a	aef380e082390b15fc8ed5a5313068c4ae66cd9a40bfd3238e76d747a95ad015	981c439842769e1f3f0ba013acae5dba9c2bb6bfa46ad15ee1547d9865a6dbd2	64	64
8e8748d3d0705909b27161a5ae659bc5794d8214f9cb30fa47337a714fdede2f	fbe42e351eb878e1318759bdb32dcaffeecf63674e4440fbecce9211b22d273f	338f927c3ec0ef7490ea3203a2be95aa42e71ec96fd42d326896469f42c56d72	64	64
8e8ca2550ae6d146f6899acf937f1e38fa69b500b0e1633035d17f2de26e9f2b	6bcd79e1b609d0d971a3c1004b155ab80e656e3d50d458c88e2c65c8d44f59c9	52dfe43025076f8a3b6d08d341916b9e38c0ecf7f4e6c75f0097e9ead901da27	8	8
8eaaa87657e3aea867fbf58ea119b574e0af3082674e59e6968a29162d503bf3	ac530e16a1d87830796a08ecaee136f6b871ee4fa535b3125352fadccefceee3	fa4b5adf7f8b5a103ab38c527b545ccd617a427d1778a5b0b68d191e07017afa	64	64
8ec87f1db4034732b48b45394ca40d6eebb0d6dc5fb63fcf702b5d87d7d69e61	662d080706efcf02afc2c00d2a8e635bef995de4867fbccd3914215ba0698a14	3d937f0e04aeff0ab0efcc2cec8bb9715c3952476916417c563a5ea075590837	64	64
8ed36725f9e99685aa374e8a83bc9326253159d87dd6818abe74a8e783033e00	133f74ebf3bf8a7557f7d204fb06a2485837a964238cd7762742b4856cc05d78	70c3970f9503787be377f61320e861ca0131a6d00c61907942201beda3c0342e	64	64
8ef73451ee0eb2a38c03699ddba3325ff69f39dbcc26570de5bb3a2720954616	e71e9abf4cb83a05f4ce938b20c5ad912e2c42b75dccca52c9fc7f4102743091	da5d4ab98e645ec4876d7298e6c5acfa5136d442b0c1105dd837fd7603fb83d7	64	64
8efb3b00a1e06cccc12bec2b53fbbf9d591ace067377af95e1b910822ef2ff91	57c60d6b52c15516cea6e672a488f753908d7f5856189fec51dafea888e6c175	32db51d1ce5922cfd5891b63192ea7fd01539eb9b47e738597852dc537985a71	64	64
8efde574a202e1b83e7ac86e393976ffb035da5e711e73cad4d975a76dc9da7c	96e702a05314344b3718f428ce66348da7dc8a36636278f0a8fadd9a4577b922	8eb3f0af56b88d449b0c99a6f0f3e1fc0866552f152d0cf5f55d7af89fc371a9	32	32
8f01f84f803a19df52330fae909fff3308b0fc355128f25839fb9c8aa5f4178e	1c6df7dcacc0cca3e964195a6ee5bb55e5e9146d3612687b0f6700290bb4cd46	ffd46f58740357d9645a8cada7a4eacaf808c0bbcf4efe989a36ba1432e96db2	56	64
8f18ff4fdb5180db9796f38f3a4a54f0c6ee9e2b46b0f6ec90c045026862f2ab	4ca1533fd44b4d43e9a809547eea308cfbc6d8795ec6a798b76e28ced36874c1	1cc285860599d1cd9fb87aeabf6ded7599269d05faddd8d93bbb8a6bffa9d31d	64	64
8f213004524f13ad8174fb9cb4a910242ffd08bb4cc1586ed9ac84940a2ab3bc	abfb1374c3d4e1fd397d079345bbe844da83037e5eb5183c16c51d74fdd1b3c4	9e5a45436e187420493e0287abf77fdf40bf8f06e8b35a40eac2a22fb1522608	64	64
8f3338ae9a81a370a41e8ec8457924c900671b8eb3e1d915ccc9d5ba5e17d23b	7ad60971abd40f72c5575c08646b82dd276a2fba9d3a807590fef7c426b016bd	e125cf3e2ee8bbbd436921a3905353690b312f6bb5cd027ae31a4e6f00a05994	64	64
8f36f44ded16f5b72f6275d72fe0791122543e25ae86097d80ac794605aa114f	7df79c51b0c51bde8ede5b723db95d43aa1eb3c5624049ffb0a11209ffdf1f79	a51409a107dd1faff64d164fac321f09baf10a3cbcffdf16c9650a2733004b6b	64	64
8f424bbbaa4ac0da21a16ccf09825754b1285ebfa82f8a0af54cdc814e15d9f9	f2b1239ed29374f0c178c6e71f61448b1b6ec0f9930c1e3d2f21ef31a7c33e2b	3ee08979c88e3aff8089aa9180c6f2b047f726a2a70efaf8590d6ed52b14b24b	64	64
8f625588de780e5516af8c615b02dfe12ee211c4231c0c6fc11fb3a7a9282b6c	4490bcbc6e92eb0cf6ca91575ff1c93de2fa1c7eb2e5637b212f9814c2ca4277	9e4bace7907875abfbe176bba96bd1e4a0d24f04eaedb74fcf9e4e642005e25c	64	64
8f7a09575c85837d256b7cdbd30fa781f9e2e1c0a5714edfcbb18b4ccffd2b5b	754d3916bee6f6035de5636692d4312a90cd525abf0180753d23afa6a147035d	58f0b6646f5de53a65ab2c459ec055ea9ccd2d31263f0e4acfb326d7798491ef	64	32
8f8413ac9502b312f608d2921c477689a6f70df0a4825c2cca14e2207d7c7e18	76652453e74ca985dfdc2fbe1d6701d10ccc976aab69ed5f3e1daab5a17f541c	1bff54df705ff02b2674282a7eeddce9a7f2db92a4fb2d3febd6a2c72a6c71e7	64	64
8faa05b1f21d857225d9f2c207a8dce9de060a78db21014fdc72d7428dd734bf	16caf1261575258b27535502b05652c86c5e86af81c4e83d80f8971157ddd4d7	b64e560697a5935c69baa07b3b6ee62ff3df588b6a015cf949b4cc9e05c97cf7	64	64
8fab571c65afda825d1874c670a4b2b385170c272d3ba1b6a451bdfcf58a4405	c1e2745e386fb9749cd717523bebf5dd9c35ae9131d4219c23cec5a2d553d28e	29d2f85e5938e5c4c9da2efae9db8eafb5501137994c4113754145812d7d4d28	64	64
8fb7b600af7c98d52f97483410dd42af7a499f21bc6b3840a3b92722fdbacc1f	13d9466c545e0622fbe1739fb8716e24776cbe28b50f7f4338789d503bca53ce	51019995b7d4f5b8955978a4d6bf22de3abf3dc3776e4db1cc32681e776ea347	64	64
8fd42da8b53977e7c9bf4564e94be1c30d3adfae13d1e95eb8c9a6671136ed3d	e71e9abf4cb83a05f4ce938b20c5ad912e2c42b75dccca52c9fc7f4102743091	da5d4ab98e645ec4876d7298e6c5acfa5136d442b0c1105dd837fd7603fb83d7	64	64
8fe414caf069c21122e6701245b597600815267578900521fad28ac5dfd2c5c7	3672ef5b7ffbf826e001b98cba0b8c51299ab86e613b0e952b2f93d671d83be8	49e14b12b288dc776e7242a4b4d401109d13ef999e5dae74ecb8e4fcffa35cf4	64	64
8febf2814c91862ed7ba266f553b3afefcf255707a0cc7b4bea7249ee5daa65e	a679260a77dccf35f278d3019b7034280a41f267df3c78512d55568f944e5d80	ec9b04d2fd9989554b1ac10160c5d00a5d421a722de040c8f39afb1baa2ccbbe	64	64
8ff049996349c99da6e0538b30d123a3d7b1c76bb17e4bdb0eb491ba16671512	2fb69eabc91f1cbf811402b2d5c827f6a8d9270ea2425db70b7a138e26efaede	3862fdcebf2da290793f04b3da1eb5b09597eab69bc7508870e59659136e6237	40	40
9003e394ba81cdf477e9f68502213d7582f2cee4cc006dc4211c67e4d616858e	c1e2745e386fb9749cd717523bebf5dd9c35ae9131d4219c23cec5a2d553d28e	29d2f85e5938e5c4c9da2efae9db8eafb5501137994c4113754145812d7d4d28	64	64
9006ea81310b587835aaa2808d6aa3673f04afe256f91d36d3589ec9dae2f9f2	d3828a8ce5e76c4beda0428ad8faeaa49663ef5a55660de27df9b52cd42247ef	526dd5427d7042f7adb10fb2716d1e168430400357748c99b2b9c55850b5b75a	64	64
901aabe73c2acb8cf0f5c509609be6c7a2f273a331736309309c23a55031b229	fe09d93135a0cdfb540a73ed6bb6a285cc106843265e05a86b2f8dc4abc3b85d	e1f83f50daf6a5e86f3a4a0e6505b3de28abfc1730aebdca51b5417c5c734f49	64	64
90200eabfa22a42fc42a0b6c696f566114b5392c10d23fbae767e7aa72ef227a	2b2e032013566911da3382949911a62ff3802a44045a1e7727439eb75188e86e	8384b0d9facaf56d5222282b1470c7d1114d43dbb2190d2640cee1b7b758b6c9	32	32
902607ece62253e563d383386595dca3c7d12c83b45b7cada78fa74a1432508e	0b2dbc86392350d0fcff269d989240bfd28521831141a97e0add3f8407ae3814	dcc9f1ffe40b8420d921c0b9d3cd1537d13c3956456d0deef69ab69993f32056	32	32
9034fab06a2d560e2961583e100f4012eef757edb1893bd55e8362248798b47f	f2b1239ed29374f0c178c6e71f61448b1b6ec0f9930c1e3d2f21ef31a7c33e2b	3ee08979c88e3aff8089aa9180c6f2b047f726a2a70efaf8590d6ed52b14b24b	64	64
903a19da26064f151ebfd6800039a0193a51fe8b5b7dde5642c4107111074e52	cca4a229a858240839e7ee8d4a52c43b87639b44cbc091ff9d982db9266cb0e5	29e1cf470218c1583b0d557eefd71539fad984d8759474163dba431b623f846f	64	64
905a2ae51ffe7fff257318fc4a38b4f428800ff8b647a78e4ea46e8c990dbcf6	adfc1702ed2da2f4008745e5139d77aac9567298aa567d967b87ec598efe6bd7	2fa153742d51b373d8e194d7194c9a066ff5e63ed58ac0e394ba545c10ca2830	32	32
905c4c18c2b5530092104f39b261dc91c34915eabb2602fc6dc9c4f8d94291c8	0e9bde8e2190e4041dbda850963bcb44c63dddd8672990fab40321dbcd283308	0eab62f6427f55ec3535e1f5d4b3a350a9da835c1815d3cd6f8ad29598f95c25	64	64
905efb40a39ac7a5b558e44eab92667eab4ab1818883f1515c8130afeea490cf	822caf6a4617dc6a7647ec4848e01172b67ef1dd486793dfa823301f0f9d3b7f	cebfa3e8ff421aea07ffa3f7878cd340aa3a582c8db30afc7662b963a3502fa7	32	64
9061f3bb5ffba89d48c9bc2cfc822010ef6bd4070d49fd3985d7e6d611e49fc2	0d59dbf4419c4644164006ab8efde8b6b1f82e40105a685e71a4bf9cd0e48969	2c89590a037f70201bbaf082d88b184afe2faf869781c4ff8401e43da4235d79	256	256
9064d9b884c351fa254ba395b03dbbab167edc916022769cfd7f4a94f0ab7086	657450c24a259b28f1e71119f317239d94d0e8786a4bebaa443ab9b061c8c89c	9e2f55cf70974b9d1d19c072e0cff7978b5e0703c47e47d5765ba0fcfaf632ad	64	64
90651e846776010acee0c2c30f5f6d124ff83068b5823f4c5559b0d781558bf7	8add65133a45965815c0655a71134511d7cdf5294422b4e18f7aad0897aa9241	7fb85796089a4166aa0487d99a2e1024f41957e9320f763014e7c78ae7bd33c2	64	64
906e947345ff7afd90372e35a7ac0c74cc8a6ec423c3cb2a9ca56c0d34589b95	96af9262b260eb3675e2726bf4d18514fed95f8135a5dbbee8647da8592d8323	c334d300e18e8c6e96a7a02e14e0f9b88957296878eb77c6640a2170e36ecda9	64	64
9072809c4942510f41eff760a487b232632286cba9e18985101afc68eb1fbbe3	efcb768d4f4cdda419e6cfaf7c00197cd30064d9bfaad32886e99cd30dca02b5	edb6356b885696ca6ecbdeaedc94380ea9dee4a446078734433527bf2c65d175	32	32
9076667946a42b8002219f87532fbd09f9937537645884b8770cd0685a78b277	2c53639f2b4b4ffe7bdae903abda6416f0586d1d2d28e7e11019495e46e5a15f	acf548744b89fc028affe4fe678220433c8731f9eff0d741012d6f1391f8786a	64	64
9076d15eb8788163afe30ca485e6f3828c5abc6cc3b23b6baafc53e4a1afcab7	0b2dbc86392350d0fcff269d989240bfd28521831141a97e0add3f8407ae3814	dcc9f1ffe40b8420d921c0b9d3cd1537d13c3956456d0deef69ab69993f32056	32	32
9085a1909f7e969ae9118e414a2874fd0de40827e3604e6934d997add30ee23a	54341e358bd087fcd0caef25d88e15a193d97494b9c17fbe673be5bbc86d1507	4917c74c563df04a99a82e8e0218e479e0c3a56a2b9097e6ebd1073129baadce	64	64
90868d07b7686a170c2d86f16047863f55a11ef6976eed8abc04f9bf12696f47	64df1dcd79fee6c5fa66e17847fdac9207c2a7424f807d6f4423a9b476497eed	56f490273143878ae78fe4fe6f791f8cd425b87618a0e9070cc366febe0858ad	64	64
9087784452f755c8671d36d357d544625f45c160b17b094ba5707cc5831f1515	1d08039295dbac3d53c83069b313ef15224b25580ae7b95b53dacfe9d040076d	e1f97936fd54327c4e4ff45f0866415eeb1656cba5791d7c6b4f975ff0f33df9	32	32
9088eccb50f38d243aef9b606f1f17dde56c3f295b14e1f634adf21c26d0011e	75d64a65be20f5701d39ffa24c9aa1b34ee72ce94504e0082298c7a73069401c	fd2434054bdab3a23b36065fc4ed2a69a3f98f783bd4767fd2d41caaefb2fbc7	64	64
908ddd0b93df389c10f8c8b2258f21c3b2c3128d3b55d7eb131b3cdcc44dd1c4	9d7de9ca3e4dd23532f88aaea6fd4df4f3602be33a89cd830f98e870a7c42ab4	c1cb16b46e6845b9d2cd7ba00e6ef8dacc0dcd806d4713f030bce0a14744a12a	256	256
90947dcc44e712790ebb452f132ebcb8078156f3adebcdfcf89bea7790fa58ac	30f6a31f3a9361a40ecaddcb5fca0086b1955e7b7f1754f76a6bc05fab879aaa	74b4488bfc2fcdd8491fa470c8175930def51bd9b9355323b12aa1a0f83ed699	64	64
90a18a4cc4c904da7c1397eb008ad043e542dc0a11eec93bcb77b38dd9412ce3	225b830c850f3ffcbf6a028091ff0e42e421657586f9cead8862a15266a4539d	bb618ad5ad9160180ddf9f1f7629251e9fd2018695c66b8ab83af6a4d6ba6a41	48	32
90a7c162dfb0005bece90c343925a37a3ab7dcc83e319c36da28f8a3ca9bbc2d	f0ed82470229bba7d6373782ac1ce233abab5816a3b36c9bffd07554f4767a88	89bda9099e43c1aa8f8de29a058ccdb123dec474cba440513ff95745d988b896	64	64
90abd6e8ee40453e66413ad77a2d858978e65c656fddeee627efba92d56d86cc	cd75e92fc07aa9fdf5361b83b9d056f165bc87012701c4fb75b3e47e1961b77f	86dc2fb1d62cb9c2793b993404f557f0d49424f4871f52181b20456988ea96c9	32	32
90b0f8ebe04fc1796ce6240275a2e2b5c4c5246f0772788ab522b1d1ed8f6d59	3e77e366120cc9fc097163128bd4866363a59c2229eb5701aa0b189d4be3ddd6	c6f29ccd28094ec4885bc5b78813ed84b88d5eb1be0cf5f3636048385dd15b29	64	64
90b89e8c7273bcdc2337262a81a45e7e9e2e783ebe784e7c45178b2808b00639	87d03cab20709eeedaef3fd3b3300851ac44b89474520ba2d10e552141612f5d	36e2e1a9d48dd7ad3384c95a87743209072ff1591ffc0591bc599afb1cd741fe	64	24
90ba599e3de6be4f0222ea39dbfb2b965757a3329d32d089a97c28cafbcad88b	998e5b8b60e2fe83ab330681c2bd619f57b276aecdfe9defdaa9ac56af841292	ed6b9c9043c89d29a4e5d52fcd569d95f47f096c72e67440aa05048ffd45317d	64	64
90d49c19e36f556a5045b370226648292dc3fda564fa2de0d7363e89e4e49149	b18fc65e65ebd388101bd90bb5f48a4f8c99c01f69f25739f04b76be0e351700	e80af6413b2c89a2f43d2dcb56e42d8a3d4f186280af53b9a6bbe02fc62b0fe6	64	64
90f2fbc73ad920c503751e9b1f0cba8af27ab017c29fcf4aba051b3c1e71d1fe	28a7a13bc360dc5a40eba610c647e5b3b01c35c8ec1d27801a78ae7a0f57ef9f	d270954ebba5bbcb23c9587c6cea2826a185ece107000bb937ee798289386e10	64	64
90fce89dab06b23fe906c6fdf1c67b27f559ccfa5c9c51ff8da6c69c98f29aec	d777c2475d5b258496f68d05eaaf02c21da9b1f69b5b398ccfa2fdd0b14f2094	42606cfdaf81a5b0b540c2f21723fee1e3dee8564cb6e5f17c1349cb2928863d	64	64
91030228508d2d0952973ad702ecaa3887a48dbd145a224da1487b1304788b37	b3be9b032c8c7b9666364c26aa04bc0cc8df135bf1dce4e9b2b6fc154d967431	1644715aa214ebc012b04a2cadfa08a19f1303e957932d2b6589e566a4838597	64	64
9114d3c79bcf558476781c75b36bf108c00d130a09484f23e2c15a4e6826578b	b91808f00259332065a8e8db807c0f851f03ab62f44b68b395c6d3a9bee6078e	c568db4a871e86838c8f39a199c67acd97b1dd136ffb6673819d9f53b71a3960	40	40
9123827e02179955b8b3730126c713f422e59c04d305ae7a365a6483ef54efed	e71e9abf4cb83a05f4ce938b20c5ad912e2c42b75dccca52c9fc7f4102743091	da5d4ab98e645ec4876d7298e6c5acfa5136d442b0c1105dd837fd7603fb83d7	64	64
91267b2bf2c9b8a614cdaa5ca0105ab0281a14ca03020e5f93b49aa9395035b9	822caf6a4617dc6a7647ec4848e01172b67ef1dd486793dfa823301f0f9d3b7f	cebfa3e8ff421aea07ffa3f7878cd340aa3a582c8db30afc7662b963a3502fa7	32	64
9140de67c71d67b51dc3cc74cb4921f9cd6fec6ca5e418504bffccab238f019e	d1bde5f797004b6faf1ffef3771e6fd0619130d81030bbc7d302938606ff21bb	c5ca30aae2ba851d04c7bf9d71a2a9d183845efc5f7d2968b140126bca57b8e8	64	64
9141edd3bf7d072a9f28a2cb30f3af82f1b9fbd9659dea5c9bec5c6ec309c068	e71e9abf4cb83a05f4ce938b20c5ad912e2c42b75dccca52c9fc7f4102743091	da5d4ab98e645ec4876d7298e6c5acfa5136d442b0c1105dd837fd7603fb83d7	64	64
914c34de9b5cd824884dbd284e0f5d37737ed0c84b24541254d8efc333bd81e5	25e535d3c53530bb278c8c8f77d2f43c44a57e267240e0d665752e248a607a19	2115f564f3bc6c69497eda5bbfe969f77963a97765b2ea076d1dc0783e7f5f46	64	64
914fdcd03186afbde802be6e8ca63417f1b1d36e08c7db9d567b2e5362d93565	3e42e66ee4799e514a141a60fe7464478ce5c0958e0e8e790bee2945869f4d6b	f6348e3ceaa4f605e9349fee4d3b66b140f2c359b210c8d9de1f81609dd7de79	32	64
9151e51fd560e337d2a5c0ce6b05f077f8bb216a0e467638ceb517fab655a75b	a5f65c88ad23ac3963cdaa77dc5164c3f32365ac7fcaa65bf65b46f6f0cdb529	8ab7c095289fd7273f7b326a13cd53b00565e9d8b0daa9cd1a7eff12bc25b558	64	64
9151e8f8dea45bd3e106ce8c49cd3af7e2cbec4339ed166f7a6a9567c5b98598	cba27ed253bd3bf958e1fe8659c9225b0f9ecd14532a5f39dd0d990ff6e529cf	da7911da64ff3fdc318bb017fc927a0cf940d263928685916ee97fa808dfddbe	64	64
915f1d00154d4409180185110af33d81bc317f52af144a34a10c7bfff4789568	327d0bf5598635c5bc9b336439e563770fb5c718ed7911a0561613dd69182e56	cedf7002b45979eb74c29de063e3705c5b5a2149df10ab3a5b36cb092ab24216	64	64
916765266c9037f77fe24f205c0fe749c52197ff24b2f3157618483ed8f6b69f	43ea2caa09f0d7dd6c8c9029d922bb8bb974015fdd5e5d45092271cf6ea6ac0d	2a32da3288efbc53fe94dd267e50a7518e51a6e3d3cacb79c30fa292d5c469be	64	48
916aa527de946e291167ec357d116d02b62de787ab610c489f0cbf63512327d5	9db65640b2b707957daeadb04c2abf106ae2d5fd275e875d55ca1451ab053ff4	602f1c531fc1a4f8aa86cd04c752d944824f0b3474331dc2fb04dad77bd7c373	64	64
917b96530702d5f1aac21b55fffbca57d8bb36a2a0b425d99f2ad6423c716fe3	9cdd3b93d92ed01fdcc03d34135cd45bd2a814c0e82e76bc3c91354c32bde1c3	ebb11942773659c115eb6238c2c24aa582eb207ae22a960414d9594fcaf654f6	64	64
918d61e5c0f047715756a2add3673d40cd8be9dc15f6dc68d464d3070dc26595	f2af664d75683ca0780f0dd4f0689bbf62ce9ef5bf4fcd3cd21388bc7523a9ef	228a0a6721b882003f70d27e3b8061989e14deee6fde2e4989dd610d238e70de	64	64
9195c82d72cfd0162694493309064238bb8a84c88d2f3a472a63af206345833e	124a2d1e3d1b4d63f6b79f89aebf405aed36d35b8cc75297ca0c1e95c161d36e	9f5977b6183e0f4f83d79d4107eb795ffd4d97b7395dde04dfd98662c830fd32	64	64
919737f7313075ca162f95abbc891519e8011c83948d9f1dffa7e8fca4c3d5d5	160e46150752eb4dfd496932d0f284366ebf39af6875b1219ad441614dfd1d4a	cdc05e0f96696a4a33f68e405bcdfb86460d7b654cc979c6801ec358d62266ed	64	64
91abf415f3376040c41400304e785de3239bc443377a67c3f670c48ebb364aea	2bfc893c347842475a833919d3b98ca56531a4981e975011ca29a090b5dc60d7	8ebc42f30437b7501d55a5b74a1737a23282a2dd8e28123d1b4fb18713611ea9	64	64
91b63aebb268474ecb9973790afa03a6bd05753b3c4e8bba2f03a53ac5b9c1ec	03dd8e55fc10d7d12399ebc47a4bb8450ebb0b17cccd36cc1b9ff7b0ae25c6d0	6ad2a579fd890e13901d0c389fe9a6ed9fc1a6344d91a86cd361a207a8f31b89	64	64
91bb03dd21394e1427abe413429eda43640e952116d19d308cb2d679b32ce809	fec4981cbbc25a4ae4fbc52b6423791a8ec7cabafacaf6f0d6527fae49f1f026	e28394e78eba641956c34a4e2ceea5c7e33df972d157618d2af018195e343e5c	64	64
91f70d7db036eec026b3ae475d8b65c4413f421931270757ac4ad2a7bba572c5	584e13ee325984a6f92359778f29e50c8f0ddd48ab0a477630134c069aaeeb9f	a673a190227532f739c1f58d9227eab2284a5218c436bb6690da226ef088150f	64	64
9201b2f266d845abd9fd8aed4b1d90f8e0769a802a7b51828bb23a50ee4aa32e	b8b55ccf4faba67a88170f80301baa2d3fe0413de86e7dd8ecb02e39113c9020	7310c57a7a64f719b692de402bf6f9c5cd6839fbe144e9a02e4f8d6a48f8f2fd	32	32
92039e21e12904a239a3a84c16e199cd561452c2546d704990046b6dfcdac09e	f998a9561de280a88fa38cab67413f7a4cae04db6d0d21d140973bfa61981314	ad0da0cf8c1b3d7f843fde31cbabeca77556eaee68fa72dad2a375b47211a984	40	40
9211e8d90a9219de2372d4267b08279320a1d32794ec345e661cc8f10a9338b3	d84b747af369aed5403932fdee1bbef7d6c4fbde80d4fdc5e570f3048ed968de	c2f9b335a41039a3db41951bbba977d8a853513aae12e755519537b290d28daa	64	64
923d9ddc77ac7312279b5a2645aecc8176d63cbd64da85782b91dad193975dc6	0d203c7fcfdfcb4ec3b3cc2d8f0284cb910432330a7aeb67739b89b0dfb356ef	efc991a36782b1e836f1dd5cd687515daebf431f3e31cb5bfe3a0882fcb2c6ec	32	32
9259f8c661e0e6c7c696cb3a0e13c78fe5c97b155945edeb783d88fc1703b8fb	3b12d553d17c3856d9a9316e039d442505c5074c0ebc2007a8cf9805becb3294	850829b41f7bc7be35669d171982898a494c3a507e4a8020f153873893596caa	64	64
92624f74c41b5f201db09464da05a23fa750ada9dba9257428c6d5e3aa60fa1e	aa540182439741af5fa9197673eac45bce3e939b7eb3076f58c57050aa570c59	87dc85aa3e458ce901083e1ca5ac500b5c12aa6a822a3cbbb4c65ff5ba071c92	64	64
92639f82b552869a1f305da055c216bc3505bd498938fab4537b442486070769	e149d012ca9e7e6a2cea7788223d3821fe6c98370e3c3aec28b0698b3e02da9c	29c096b641e147f0749366aa39ed251d458fac70a9922b1a864b5d17e4ea4e55	64	62
926868686a89d5eea104f6a8266c43a9d7422042d1a82b340b75c0d158edd3ef	f8c1ba06e6cc2881148cb1121d4509e76359d6eefe7df225b1e93ae11fa26029	7b18081aa285830da5ddfe8dae69c77b58d878adb4fc180c817ccaabfc2cd70e	64	48
926d9dbad1dad5eca8836c9f80b0f88b97613a667b43a6eb0a49621ce09e6e48	7efc3dcee14801723f595e65f69cf9556d127b9423b02c723ecc1891c4916c9e	c165e2cd4f47e58482e548d4045260cf721a5e9afeae56f2a188dfc89bdb45d6	64	64
9273eb5cebd4c5a82efd925d40a93842686d3552f74b25a191cad3791612edbb	fe09d93135a0cdfb540a73ed6bb6a285cc106843265e05a86b2f8dc4abc3b85d	e1f83f50daf6a5e86f3a4a0e6505b3de28abfc1730aebdca51b5417c5c734f49	64	64
9284b02636839c98c62380246b985faa5a5c5c5d4c4f49ac6d8ee4de6436ed4a	15ccea3c160dbf49f55892f9d875d45d8e37310a8d91702073b6f00a81f8a296	374d77640fc89fe3d9c3d635e2e9e2f06b4b7368c0c9caaad5558cf7e0becaf5	64	64
928a783b66e6de02ef539919a12529ed3000645fce69111f2662872a23054793	2e9d2293c36798c71e8ae30ac6dacfecbbdf43ba1bbcd4f0d83084daab6e5b4d	7e2e748972c032f671ba25f0cbe77463cac180dd6b49124531ad49718993a41d	32	64
9291a1dfc46c8cd4a8cebd58ad69bce240585d1c21c9f8474b457926041091fa	7d278f5a2a50e437e70f408b126763540b1414c0700d48bf767c20a921c3228b	efb21db831f91cc3698a3c511ed29360c781eb1c13c27c2c8623c5aa51f01369	64	64
92962b85ff4b0340fb64d9854bfa172f49d6b6cc6c201e07ae1d87beefa24f2a	4ca1533fd44b4d43e9a809547eea308cfbc6d8795ec6a798b76e28ced36874c1	1cc285860599d1cd9fb87aeabf6ded7599269d05faddd8d93bbb8a6bffa9d31d	64	64
92a1cbdbb5d4ab7e3f3df5e62f753413a422581f779e3016aec83fc3d8e617db	e6f9320b318ebee4b5e3aab1595449b722e44936e711ae54e9e22b77269553e4	c68ba29a409d3bee8a3461124dd84c637be56a478232ea35ff9858d1446b5139	16	16
92a49e5db03b661411fb0e8f4c225fff875ee9edbfbfe967f147f2174630e0d5	9c7ebeee2ec9adc731d7696f29381f7e376704a4219fe28a686f5d33a73014b9	18de03f23562ea2a714fca36fffd6b473ace4e45f09105563880cf85e07f923a	64	64
92a60c7262142c4e8b7ad60b64fb69134c337e931181be0941e82f1b155c38b5	10284f56e22e7b11254bab79b3ccd20bf7b9ad84369f4f70c7665ddd7a181f20	71233d25a0b62bdae5faf41261d5918f99d03a32567fc8f77c34c86e1c19be35	64	64
92bb3fe8133f6b6a5668899afe481171b00054d0b937a7bc91937f003a99cf3a	63c6b800eeba57d6e9d18b6a9bbe53541da2aec4b5bfe8f77b5f21fbdd4c0112	868e74244ecd5ed571808d3b7a7ba8107ecadecd295e5906c4287bb3be91d33f	64	64
92d04db9d7451fc40125d1db798d98a90d50095104ee7b7ce644525c768f1375	b96dbfb9bda0f5074c127fca1efe7fb7c1db4b68738a6c25783546db34f01100	b5fde607162fdf76192e8654ee65f4d4232ff5056b53b5322a00ff0170c414c7	64	64
92d26016e8ba20e0f79037e3c471b0fa8c3036d8e1a5f1cdd45f5cd988a7b51a	1972cd1dda2e0463c5a7b9f7cc2fabcf280a3c579869ca07ef5acfd621e443f6	8e22345a49b3ffa08c222dcc0c96a5d2e4b8c895c440483eec351792014e4f61	32	32
92e3d31526fbfed08044f60c2edb25b7be7dea12759c96e5d54976588a27fe68	82fba70ad39173f42aae25ce904e605997f1c1ad7b55234b32efa0b6784c7f38	7b66a55f1cf4bb056d9517fc861076256fb18c9011f1f1ab9687c85e85b0f2be	64	64
9334eebe4ef34ad657c62b5b6933f439d6dc73a2aab023c902faf4941161ab9e	fe09d93135a0cdfb540a73ed6bb6a285cc106843265e05a86b2f8dc4abc3b85d	e1f83f50daf6a5e86f3a4a0e6505b3de28abfc1730aebdca51b5417c5c734f49	64	64
933adf6caa10909bac30a0c952ff045c6c5eb4eae7f21325262f82c6f4d059e8	e71e9abf4cb83a05f4ce938b20c5ad912e2c42b75dccca52c9fc7f4102743091	da5d4ab98e645ec4876d7298e6c5acfa5136d442b0c1105dd837fd7603fb83d7	64	64
935e28eccce5597e9d1d5ea2b90b04c117c176dbbde04a2f251a24f31c23aaa9	76a84122d56d6cfc242450452582d015c263d19841b4d0586181dd569d199ac9	9139f6ff995c9d43cebcea2a0d5a3b3fa9e9c66d202c17b8b99e8273b7a98263	56	24
937b85ec23527c7fe707efdf9ba8aa83ece5cb37eaa315d5daa3917fe07ed1c0	1d99d34ede11d8bd21c8e2b77004fd380eea6863c8b055f0e36168617548b9d6	ffd1fcc44583c6a1dd8388972c5e4e37454a1343e8447b9856c1231f7e94ceb4	64	64
937d4a5cb712d6f8eaa4879e1db39bbb26862e14ebbc03803e9dc3b2bc099694	134e8068b94dc2f57c9bb15e6f9e83ba20eadaa14a317868a99a6acfc3b09132	a2a458e5f3af30b5100ac9544a973c4bfac7fa50e524952394c8dd31abe92021	60	60
937d5009a8115b90d920c3bf3e9b1c759344fd7ad2d6761389500a9866c83142	4ca1533fd44b4d43e9a809547eea308cfbc6d8795ec6a798b76e28ced36874c1	1cc285860599d1cd9fb87aeabf6ded7599269d05faddd8d93bbb8a6bffa9d31d	64	64
938bfe8029d97ba28bffa411e16973db38c29e65058e7259ab70843717b4069f	d837759fa4b225c9ae8ad16e9f452ecf95787816849c88897dd8ce29755d1772	11bb4b9e6e1f4e7d690dca8e057816f92d6eda171a761f970832021271d62a02	64	64
939331cd2f9e072e0a3c9f69abf7002d002f676f202395abf6ba860f85f7ab58	3e88de9c5c7e551daf88dbc1ee21e81967c067fb420dedca5e732ee174a228b5	7c3566441749993921bcb913ce5016685e198b7420d321b31b63c9e578b77eb2	32	64
93a0ed21d498d4b85279b571b3367b15f5bb7a2283f47b0a0a9613cc3b32f4d4	879af41d4d3f8f1b64974b21b4ab6038c31098ac50b9a6a84a733fc719336e4e	df05964b0d9206b99cceea95d1e16f572a125f77864a316d5b902048e3789ff9	16	56
93a237764026e7cefae991c62b5292ef270dc94a30307e66e99a59236cb5295c	27593ac2af71eef2c14c2097e9c25a52bf14a3d8385154a7e2517ac7c313ab6d	a49028d50c411ea0df0a7653033ff07dca4213a548f3925b280fd2d1bea8c8dd	24	16
93a332b7772946cf5fc88a1062c42d08cce4e83acd03ba6f66c3f81d4d32ad77	107643160dfccfa0bbe21833b997a6b62d53968dbad021c6f732d288fdf27ba0	1970ea002f688c689aeee48d4e016acb3b0c0490d7fe0f254dff4ca4722f31f0	32	64
93a7b4c62068e71fea8bea7126f2960269ef73b5f317b52da33ab8a1d8e10806	8629f66606b412467d286a6260001a840087c544c427ee927fb19ef287664502	6fc43050e13f34cf08c4e48c3c5912eb4ec4ae78b4a2c70b230b41a389f0dece	64	32
93b1e549b64fd4a50c2e1446a9e161759be5f5d8f95f6589f87db071f90605e2	620022b3d3c284d281de78685f8da2b15e5066e28b98f07f665a30a38beba567	4dfec304aec82a2535c75ed67209b2a60033bd36ed3a377ddbb04a433ccf2578	32	32
93b8b50f873c7f4c5774bb6b246bc4961392d28b0982a2fc978033016d283586	e0d12aab0f907835e4560f75eb91a516921da79f52b3814ce50c2a9b78aeaa36	74fa9d7654ba0ca294c9e77788eeb484b39a207841d635873435dd85f9d59a4a	64	64
93c14ef64bb164ff8910cb0ff57e9dbc8d1a494b5e442f15e124aef2f16feb85	efcb768d4f4cdda419e6cfaf7c00197cd30064d9bfaad32886e99cd30dca02b5	edb6356b885696ca6ecbdeaedc94380ea9dee4a446078734433527bf2c65d175	32	32
93c4773bdf4e0b826315017cc5e1de45983a47e64f2211ed53876dd336ee97fe	798503e53a16ca2a0b5f4965d07cf3d4cdb0112f109cd0a70ae7c0000ee4844e	5fd44ba7fc2438aabb7f04f6fa984e6ccffc39abb1863938bbe569f03c83b4a4	64	64
93e37093c25348b0da991e03ddf381f063f18012ff2c23329840e1fc45ee1dc8	697cbfda1a3feed4a48c9bffded7d759c504a5bf8d40adc336a1f03279dd793e	e0a600268e4e838cbb2d645ad9b64530a4ccac386ae25907aad6d9f68271b733	32	32
9412a0655def674276fcc4431018a0980f32613a1a4190013b0237d0238fd1c7	e335d49944ffe725770c8c70caf16b35e10893d739e18c587a85512d3031fc7d	7fce83dfaf6186fda40b33d7dfc079fd88a62426b5648460fda9a4c693bade92	64	40
9414dab609831e96339ffda7c8baf90789a36eb0aed3c755ebc61bafaf0d8e25	33bf0152e2ecb0e3cd178b9303d92c33e56d265d5cc73585641acbf289d7f4f4	1645e099d3928226127eed54d001b242a4cb57465081f08efdd288ae050f9db1	64	64
941579c0144c7a726144f93905ab595c6e375283438c05f9202d7de5236535ca	876967466054f88ed65d787d975802d3acf86b8cab652e94c8cc9d696d716665	cc47967d7207cfef1567462a56254fdbd3f69ab0ae0f65cc41337c7ca41ce445	32	64
941d32c4e51fe1d9cf81452a33c100f02112b051416db1b0f06b4f8f07e6cbff	367269e3bc6debaff7c3c8be731a4e3a477383810e84c4d1f22c3807f2ebfe01	c372ec3701b592e2c53476562170fb6f4ab4366814aff494dc0190ce5ab1b383	64	64
9421f5da446b27fd8085ec4cc4a587c696220ca00cb9d7caaa14e2dc0b17278d	45b561e6ef517c84f6b27302f2cdf9707677ca48b23e3ae911038a858cb288f1	35ff68291d19ad2eaf111ab9a297f45e8121a414cec7f1437e4e5143afc36877	64	32
944263e449b3f509d7a9c64708fa7888d572e5a6f68bd1df26b6d35dcc6f195d	327d0bf5598635c5bc9b336439e563770fb5c718ed7911a0561613dd69182e56	cedf7002b45979eb74c29de063e3705c5b5a2149df10ab3a5b36cb092ab24216	64	64
94627e1add2748cc576303a0a9c00094861e323868d089d1e453118eee1293c2	1bd9a9b723112dc9f6439738c5f245ca851ddf28342d46199f1f1fd016d93034	cdf050e1b38a4fe3418a24a8e2569ac57904c6df504a6a8c42e91e4a8e1e5b12	64	24
946f7bb89554f891f97ca49a47f8d314fae431b08b0f3afbea1b495cf3a5c47c	f5df97104770fa7cb506e82b9dc2c9ce1d0596375dd530714547faed8cc301eb	7ec33b6f9b9a758be22e832c13c8886820d88fb55cf18191663fed2954a99ea5	64	64
947d38f0d22ed658722eaaa5063c569fdfe629852abd19241e2e6ca4f80dd0d4	2d1d7cb83c3387891236bdaae65bc81c86da618c70a7d2049e8086c06e84b5bd	9fa2128371ef9bc21509e0203d19a2701005871e0595b548289e676f385a73e5	32	32
94a65f285ae64e2336089d3e9b2aa89cb89f05ce2d279ad0137d2261b12ae738	f6a78189d9f329985515e143f2db6245722a0ea6ac485ec1f6ba7d0f41f9e012	31bf7715747a02d729818ce057a9d94dafbb243116a8be94dd03358fac9ff7be	64	64
94aee9b10c89936bc8810b8c6817d4880a8cf18de02f5a008ff070479361ff7e	e7b9c475fab3c5fda5c75a871338f7e55ca43ac4a306d37005edf1439f58b834	90a10dde4070b477d4e76e3210817b8a24f96a660337462d969403554dadcc56	64	64
94b1701fb169a34eab216f9de264d83de177c530996bed12d04d26c71b851034	e2f50a7d6568211a988797c2ad47363350e9ab170db4ff8dec67b383fc80af0e	8ba0b60ba1ef3c2945adce3928370e2c0d0eaebb1fc81d79b4e5cbb685b869bc	64	38
94b1d1fce4a54b004b50b74a400354f8803c38bc1afe8c8bce2afdbffc66074d	c69e5ca52dfde5d299fa0fa28dc6e9c7ed482b5e524de77f850f0e6b7c1a57f5	bbdf53063fd462fe79e58ad6bed2a62b196f8fa3253a6e63abac81962a3824df	64	32
94bac62e1677a2e863c58d25164a853544d2685a87511b02edd6cb46cef3b9ce	8e9f8857820104f366aba0b1a8ff6095f0d7d6fb5d8c3d6a8060461e261282a4	3c79a22be3fa474183c26afdbd3fc249b064a1042859e768258dc145127ea62f	32	64
94c1ce6ee45c6bb350e73f8ff67e52fdb22679d34482f91ef6475637669ad79f	5f5d0e790e13ee4f8244cb457bdbb45f0678ed8734a19bf5b3d706ab70cb3e86	45393b05074442fb4dec17a57414f2ca872fcaa87af9c5a49faeb4f6024202f1	64	64
94ed010e931cfbe360956e7439767acda039693990f0378315843f903bfca7d1	96bd44de1ae8de13f206025b84a380fc38e7bdd3e35908e9ce5a9267e4dd2964	be8a27f811dec761e4818dff6c72629c8898c65386fa0f69a754916556bbd01a	64	64
94ef759361b1015a3091506e97dd64580e179fa1e45db41a9e9392bf8c1e761a	e3f67ff66704ecd756f11a4677cc021d6853deba566f2ae733bc8510a4f2f381	a7a022530df97fd8cc540c35ca51eb53f4a6822dfc26fe482f69b0b4cfe98b68	16	32
94f5c2ea65e8befde04eca6bf8d450fe925ff74dd669b1adc1753bc825a9f639	0d842ba6af5514eb522e85b9eeb731f8c90c6fc603acb110abab0125458862d9	181c3a8c69ff08dd32786f5781aaf9cf24154f021b541fae76e1c26c05219823	64	64
94f96fe9070a30b0b684dd5f5723781d365fc596199c36d559f4e926a03520b1	76652453e74ca985dfdc2fbe1d6701d10ccc976aab69ed5f3e1daab5a17f541c	1bff54df705ff02b2674282a7eeddce9a7f2db92a4fb2d3febd6a2c72a6c71e7	64	64
94fd6772c78fa2fa06bf8f39c2c52614de1cbfb0ed74de2a83fbdc7b620ffe05	4bd5651843b0fc739179794cca23cae4b8ea24d7c1f604fbb734d9e8aab76c87	6185cd1dd59a52ed3fe8e16eb00963f13882cb7a397340d3262ffa76dae5a162	64	64
9503cc67c0b61d1ab3ae1ba5a382134a88b907108ec2fcdcb033e282240c619c	ea26d38f233c3e122b9dc493bb912c3c33d32877de917f475cdf5ce6aee045dd	97209d1dbe069422318807283aa7a5e4d848d80c8c83f866277c2f7850bf6fad	64	64
951373f5f8e21b9c792ad410ad284d0780c9d8aa33ad6cd5df99bb83d129d9b4	0ad50b14d602d23c8afc241552f0fecd671109ed31882358edb5790901d0f6ee	d2dd87245bdc75eae23e82d1f09f10284c5339e4926403e011c06395014477fd	8	8
9536290262e9205b1570b56a920ff72c7e0cca9da0bd98516d0987d4a63c442f	cb3cc794d3b4ab1fb99f7342ab10aab45da82207428fb19ecd93d2c181cc2dfa	35e9a8dd78103dc931508e9563b370a3d7022a061eae5d13e6605935dbd217d6	64	64
9541e4391936c06b808469179271b276f46292d60d74131e6970c12c578b39b3	d158bb250f2c56534d1b5fb7f0db69194999ce460837d7eede0e89a1a9e0a1d1	396b889eec646294524fb0f3e09775fcc78009034f934687a5e9a070e27e66da	64	64
954231103f2f07554f79c7debe8560afe4cce8e03b0e630acca7c481e3b6e45e	eaa1ac2bad51a0dddb7d33b50432ee1627531e2f4f74a95109276ca861afab85	155d24d2aee375f561649972963761752f0f70cdd54470b1622cad306413d114	64	64
9546b792354c155079a2bbc64b1a0a491c1f125fd0032b543a1681268c468fe8	6ad399939f2a05618ffb22c13fc1afe84fcf0cfc274b927b0ffac3547659c85e	f75eb3b3f428781aa8eebf84de657d599f0626d85c8a2afcc6eb3e5164e46045	32	64
957717bb9437ec519d764587219b4294ffdcc3027cc83d9bd21b72076c759bab	f485925d563f51a39ad9684ddae23893d3ef32912e28e7ea33dd72fccc0f4f97	828d1ec4a131b458b213322f27b4999f61c63ea43d4bedf089b325fe1b600f2b	64	64
959597b490556e334348b17e47ded58930990db84e0b4d2ba38767d4527b4557	743770cce56b7c10ce0214a694ff0335db9f624fc83956450dd577306a4dd8c3	1464f303eba39b4cc24a4023398dabd6d11ff12515b39c579d007bed7b686817	64	64
959810313d316f51c2a67554dc2dde4845e475f10b239ecce8af41771845113e	8fa93d9f4083e217f33fbe3789ada184c7948a0681b8d5eb84eb06fa955f693b	c9123dda61b2ff5972916d339b04ebedec4bc540107ed9dbb5f9996cd5e53281	64	8
959df3bcbc0aa73521ad0860cf167425d3ddc0e2bddafab567e83f099f0dd580	ded6c20be21214527a798fd675c3358a78f020fc74fcdc9f8b11d5ad48759e54	7be209469dbd27a347e0bf5c7157ae37ae1c09fd01fe73eef4e1f8ce3a18eb45	64	64
95b670737bd6bc286bd3a6e04a4890fc4adf319e142e87ff9599e0dc66a11116	9c94ab481244ff3400b98a36aec77b8f8d9429de2e32513b55e72d39b5595da7	cd7431abb211be398b78fccded3770604b7f2f4753d54b347459209649bd5c70	64	64
95b7c2450b75669cc50a34a12ab16474b8b6d52b92f4051201714693d2275307	f700a8553136d372dd945cbfacffa26c6ab4ffb057f675b21217824c6c682804	753741a3480d9de911332d23cfc0ade558562fd81ee67e931d9de60104e24a6b	60	60
95dd3e2c5a8e03ea5f2f22b674befc6000b48299664be90c810a53b9394063c1	3ddfd8d1756f994f7e6f354411cc4955bcfe5787b60bd58df21b7dbaaef63233	eaaf74c2033db59c6fd9700eb3cab0a1340963fb6e30a19cae59a4488828d9b5	64	64
95f07fc20c326921e8fc76b02f3d8872926e7191d1e822f804907feb80d7e5a6	d1c0c83a4e890d65fdcd25535216169c617873e674f913b6cb1ff3a82ce388d0	2073ca8247bf1f3b43a3950314d4c3ce33f973a98c25d3df6ccadf5063c4b334	64	64
960794b40135adfb0a3cc1b282479bc57cb1e3d4adf01c48737790e85482b139	8dd0b9c2810b103ed3465d9c51b2c53f48204bf389351c89040972102431d0f3	8df1e003cc472e7b83e5a98a4f601fd7741ced9f3d2be18381f88d353d6267a2	48	24
962b04da25b9e1b0c26dc7487a3690d243a8ed3274822bdd879d0174a0f33a1d	56fa7ea6709102c5f2698d125b56fa7191f5191398bdf5f9813799b562676724	8a06adeb10e28b0c5beb3a5b1f8ccafc05c8da4ed38a46a81d21e32edeabec7e	32	32
96465a2b91a3b57ec0d03bc02a4ad0f81fbabaff2d5273bb1d74a1b5efc69a91	055d1557d3484bc84671e0b69d29afc0b584e258d3ff79fe33609a6122b591ca	8eca59345640878e2a156432f9ffbc61ead86b125c580f1fc5fffc787423b6bd	32	16
96584a904bb58d2eff524bba7e41971606f2f4c26fdb96c3bbcdc933a094bd02	23bd8d23b6d4fd95e741ef8c83860b221fa52ab60945444dd2add612a838845b	eba0dea6c498c7ae61812b90935eafe0c1bd5acf554f1717a8c1aaff8c651085	64	64
9660d9a161cd0f76636503a01b526898de3d7bf30a160e697268c82e1451ab1e	cf4b2a39c9d192a9903e94bfa3917ba7a13dcd4b9b86b1e5c297d7821ab307c0	9a68e4e5f6e184d4fdb1adc9ab9c75fbde8b3f463e89087a58e14db0cb6d4b4b	64	64
967b3bd6004306d59b3b0f6df70b0e88eb536fb3f58218b5721a0fac747e9ca6	0492dc0fbb294c74d5c83f35122f3008d3fc96e6a4e9c12c27f8183a34c06cd8	29e81789c8e2c9e4de2c69b98ecd6759b4715113259ad91d1a26f908dda207b9	64	64
967d0fc77c9c2a8739aa9b3e91c4da47ff772e75055f5fe333f218c3da914093	1fcf6390e6fb949dcbfaae3ffe35ca4017ebe53fbb142efd5543af152c1e40c5	c4e8bb5f3a842f83712e481d87c8ce77021263f442b6ab4c85a535b4a5d9156a	64	64
96eaed4be77459a44ca95991120def78b531596e8364ee25fa4b5dccbf8d6c92	cc5e3b4a929716cbec22cb82fc945121d22316405677400f83d836577f2331a9	f450861f152563e722e1da170a9fa50cce29be2c3afd0656eaf653eee5b416af	32	64
96f030943009044b13be4b00c5d4a44e9b09b3eae4771e86cc2403644f8b81a7	1fff0458160acbfecc4ff389d546b2a8117a5ad73b79dd5836b96bb22d04ecd5	0b31d87481382d2af36835ce81b5daf980b8554fd6938ccb6af5ad32c04b4c5f	64	64
96f047e386c2d3ce67b27c48447e51abf237641761c7a820748b41823f9b82bc	ca20874a8a8fb8fa57e83e67ccca4881579462b1068f07a860dc641cdbafa25f	0fe6dd7e4f6c7615b54a5f6472873c9460851fe7df247325e8fc5912f11da602	64	64
96f9492fbe21b5602df30a12f80e22a7e01797b5f1e34af070d3fe128704baa1	7cb4ba820ea92620aae5569c529c518a11628856d9aabdc45a181a0afadf141f	9a89fea14acfc875b2de1fdc8c5a3ca33fd338ab3bfdadc249f4f226e28d90da	64	64
9703b4aca5e561e8b9be37550f3f2db8745670c36b6a857d8865059f226da01c	b8eada978193a88f6544f8116091dc1bd6d8e70c7377772ed40263d2c344afc8	4afe5520c55bca1ff726d8b8edb19930ddfd171ccd03732460268599c5ecdec9	64	64
97120b3efe5db69c8de2a91d7791e6f5495cc5bbcd7baeb0b3602589fe87d99f	aa568fef853f937430471a10aba0d9979fc3cbbbd4201b111f5cc2e64c25b71d	2248df8f547a87f96c794901177c0ae0e41d052c3b83eb1d86a9673ce37306e1	32	32
972294bdf69f13aedb4d7953ec81bd251a97919e7e8d7bdd40a605ebe6989800	d64700b3583001ee31767d861eba2a606a05b0a5e08b8c86e8662d0773fa1dfd	aae21f0b938ea1d6861e77aa2bb61897a9212f872a01e362e42579608f2950d0	64	64
9730b298c415d86b5a81a2cb651ee495da52eea70a451bcd1e7e4728b4e664db	6b22a087de4fb21b5711808c0c204cc8f4c787324dfb77f1ac946d3c22e2993a	7fa5ee28cfcb3c76f3d74b9302b87db12f1c17ec40eeecf138667c8b8a45d4e5	64	64
9732031ae7e7db0e81d931705afbd1405af2eeb312c8a26cb18767eeeb273aad	31bc021ef0a87c03f03c3f277bba33a29fd13e486b5e1080a6a472dfe5c6cd3e	190fd4ae3740947f642d6948b067f7f2aef2b6df3fb831c0a9ff9aca04c79e73	32	32
9733abe437683619ac0cb197bf130481a5ed109cb319d6105339f4d94dc22714	8b50ece1c48af055b8b69d76275a727ad151b42f1035aaed303ddfc17fd61b28	1e3590ff72072f4d98d1f1a44b45f1db4edaa1099256fc47b77d6ef285cc1beb	64	64
9741f44c6d760a1c896109e55a5706bbee184e449f01af86a1e9adde0ca022e6	4dc1c3b2662c2ebdde02d2b1ce12b4eaa48e14c9af57b3ecb424dfbe44297cf2	2eefbceeab73ce981aaa170aa677e5ca747f9149cb6225417dda0088bd87bb13	16	40
974517fc1c884e1aa3838f062449fa37e9c4f8c2f8d37a3b3fe06e080a208d40	76bb925b87fba82329d1bd2b232a607df2f993a66813f9342cfec4cfd2850c59	098636577b1245faa166048ab7e8b88e83597862c3f40603f1ca30113a9a71d7	32	32
975598b95cb57003694241e7a4259bf8bcc7c6de86ca7c2d17d5d92332c74e4d	d7325ab925185cb43094e1411166850ac3e372a939e111e950016783b016dbec	c6fcb1e929e4e4e0bf43b57f656739dafb053cdda5463ae70b09b78e19000999	64	64
9758e6adc5fe0db7e2cdba146f0262e4040dd9436b2f246f78338a5c74827067	2e3bba6f2bd1722e8d38d9158a024776313df520a8c36687aa9d854f6b9aca52	c5c3278c9795c858cd46d8950be55dd75968db8a846607995418047a6f2071c5	32	32
975d2f557aab833b09c4e4be11e20830c8e620b63e9c224f3ecbaf326e9d37ed	1ae2e1d7c80692eb738318e59e4a2e35e658d3c3a8687192cacbe5767a171224	191ec3a3a7a1493b6ddd59254424be0fc074eca07e5e177cbcc45326d5f07edd	64	64
97763f83c41e140cd28c868af6f7465c2f081c8336a7913639b9ad479cf94571	07138e8c11d19fd9a0fcb5593025db2035200e6bf61577b84bc683408001d6f4	8f20d514d2dbb2cd39a0b595e704f66ac54061353110140fc3fe3651a1c84250	64	64
977fa4423ef347e009323357833e22ae3b11578d8b0c3d1d9c752810ba4d651d	363a49f982be0a3977286b96edbaee7ee591738fd355ae81fbbbae678f15b636	297ef80cd8bc34b48fef49b9a4aaec5a15db3e3759c7067a8a1d0eb92f961558	64	64
978b5f0ad8ad2e954ba351902ee4711f37024c4832c67269347716ad73211537	33892343f34f1945659293eba01595bda3d31866a547bae711784c6d4f45d566	b25d7b94b0abb6140db29cad264643ef9c15243c5fe6fcf1417d3bc89a8ef8a0	64	64
9792e75e2fcf55a185356869dff378b4e6e4beef1b83eaf4a568c38ed24491b2	657450c24a259b28f1e71119f317239d94d0e8786a4bebaa443ab9b061c8c89c	9e2f55cf70974b9d1d19c072e0cff7978b5e0703c47e47d5765ba0fcfaf632ad	64	64
97964db1994cc83b365aeb7020a1972d2bcbb793dd829b73d8c53e5889555c99	7b070bcd011bee60b0d59e34c2baaecc1edd0a184564b17c7d763d9f9eff478a	4e7129f5cda3f8f96b48852c2b864c223eb58527cbd4a393994fd00399b6bf31	64	64
979e81d65e58a3aad8ced2e942832390b1541896d38e75de8817a0259fc71270	083c1cee4c662db3e34b9868f6627d603d033d8c24633ab29dbb0ecc569f3b4a	cafdff970ea278f1fa08301a95a56a069dbadf6498a2411b5f5f54ad04961d4e	64	64
97a78cc7861cbc7dfbfc9bf4f26c52ac02fe189408e300cb5837d83bdd6c7ab2	e67e09c826e94cdf84e75118ec90c1cf8dd81b4ec89f8a86de0fb662f0833d99	80f860fa99a857766c10c98451e66ae43a55c8550fdb2ac6d5f849f3922e3cd2	64	64
97a815d8ad8c8167eaeae0c35e98258af90b379dbb02130598f947d0828d948d	6b750ce779fa0bc4d40f79aab1be3026781d41263e4dfdb9683a74fabbe85af4	ed22c5b53d9c203c356356df093d546977e757de67e72d9115a60122d92bc269	64	64
97afe264d586fdc28413d2e29c8ecf390d0658b420c6c5c2eea6b00799e22851	46ba4c2d1e94010129435ea4e7ac907f081dea4f119c145d3e0034dcd7cb14e5	84172ff8d918e357d6de31f9bd64df60848c02db206f489e2b466c2cc459989d	64	64
97b1784efe5778deb6240ae6d601bba0d5fe34dce83ca6453a34e4f14b0d753c	2710c8fbd74c72a1a71bb2c092e0989ce3426411e0b6b55eb09b571b53a98ce0	026aa18c73bd1b02e84e6c38b6d2e29dcf66661960ddf34d6666f7c7133e6f6b	64	64
97b9aae8cc1ea43a277a683705759b47ff5ecc9a5c0b7f197ee736426393a7a2	8075a353ebf3a01050da020d65cb69d9ef618043b73cc955503b084358840ea5	e75bfeccf888d6aac9c6d99077bdd5b0c514d0542bf902e04590d865bb89aaf5	32	32
97cc8c01fb58be0aa887011b76bf58d8d9212d66a321787c04512c5b30f117ba	695a0252bd4ffe837256044b257b2482b64d1cc1e674a0f8487f812c2af4266d	0f7bb2fbafd11beb1a58a141f97f3c56d84cde13c7a1ab529d49f9ba6fd7858a	64	64
97e2fdbf1a34de116236fec77634e7aad71cedc8968f7ac19ec7a2e9a36656a8	0492dc0fbb294c74d5c83f35122f3008d3fc96e6a4e9c12c27f8183a34c06cd8	29e81789c8e2c9e4de2c69b98ecd6759b4715113259ad91d1a26f908dda207b9	64	64
9804b2bd617ebcf5b0aa84fe844dc3abf9d20536dab92f408ba16fdcff0508b7	8c518215012e6ef7c0c2d1349f682324bacc86a86d2bb8c08e43e452620e6fff	40c1b393a20c68d1f550b760daaf1196c63520f36dfa4aec705160db246a70c8	64	64
9808739386d67a34715b3e8a735d56fb128330468b8a81801b2fb3f1430dfd45	63f0bb96224126e14f9b2a69ebe038fb038d2ad21accfe10a9912fa7b52f839b	af11a9878c3be01257f00863911916f84518c76f8068d5069e35089952463c0b	64	64
980b539f37872f26ea2e2d3ba8fa190452da324b74b4cc69dfc094aa2818301a	78817a6cbb5fc27bd9c32e7cb9caee2a9ca7c722cc774bf71df7cecb602a9b4f	282f87f4056036ac417ab20e4de7e6c510f995f474cfae55945dacd8205c6e13	64	64
981aca5013c2ba03a71eafca433df3913a4f6bbf84fdf14006143ca2c0b1fbd0	c87454c934655a8faf521cd04631701a92ca603f2fc0c44a9adde7a939cc3183	fa5bd829d2838ea4b061bcade30b4044f1f01c4ea23826163be61b665a38de4a	64	48
98294d3fa0cdc72c3614b9a6f3fa4dcf3cefe1bb72e5f0031282b71b9e2f1abe	6bcd79e1b609d0d971a3c1004b155ab80e656e3d50d458c88e2c65c8d44f59c9	52dfe43025076f8a3b6d08d341916b9e38c0ecf7f4e6c75f0097e9ead901da27	8	8
982f8129a7af1f04f7a1c17c9190785a34ae9ab7f6666371a8a70dfd30b4119d	d8572baabb83ba6d93f76c5576d82f3e67313116ac9f5be416cbfaf8c41d0b0f	27d62f3ad882d8586834a0ea889fa6e4f2da02b8f0133b5bf02df4c6e2746f7c	64	32
98757811922de3762fa48314f0e7f9ebe7f9be4f5a41a4e5ca18d386e2e8a6b4	faee04151bb23c83cf9ef22bbbddc84389aa3720a4c6908928cb50c81b8cc0a4	157efe0399f2aaa0213fc90c2b6727388430c52bf61b3cd52a09836618891e29	64	64
98760a9107536a3cd10aa1e98bafbf869585ee091e166207611bb0b85ac7c878	5b5d150ef1b09132938bfadc4db7e62bc61f735fd1c811cf28102cb0ab4fdc1d	7563967fbac8362b2204b4184d5f07b9154b6726ce3b89538f20c74e8dd89d22	64	64
9880b6fdb2411090237d033965c5d4de9330132a68c4ab4b316d474bb9cf217b	8ed72e23b32c4d2156ee538e1b2a91ef3b430a4e11ae391fd808dd398584405c	66068cb917c7682a9c47450f037010ab9ec583af13d8f8699a9f9d092117da79	64	64
989fad001395465da3176a7787fc11fc5bde2ad6c38ecab52c23ab9d3d87fe3a	f074436786115e7687ebb8beed9091e1b9b2a0388ce38736873525f1674e4148	1bff54df705ff02b2674282a7eeddce9a7f2db92a4fb2d3febd6a2c72a6c71e7	64	64
98b032815b3b434e147c19d7556ef3186fb5bc589039bf60e8a406f992814e7d	69312e9b7a0fe24c6477e8987199dfbc4e75a8f73120854dc5be058617f3738f	bec5bafbc0f189be326109db49e5eb978ee5bc972e095a74844ae3700b0c559c	64	64
98b97a613b8272fb4bffe4203df31daa73def1afdccd6f5c1b4a18b56eb270d7	a5b0acba094db57bd73c3fdc4805d373ad55ea27949176320b802dfa8dac5bdb	033c013a34455b7599dba409f287cc5932b1186b166ea4d0fea146457b6df3fc	64	64
98ba4a1699ef2ee81eb32ba67cccf482ad9e4ac1706064ca8462f31493cc6e7e	3e24535e1e1c97b712eeadbbb75fd4a707da49e615f0a67c8772bd30bf100422	95626ec3c307035beb07f45da6b26589379de1e268215adf828156f590a4f236	24	16
98c197cacd08ecac8a7a4751a1b14086247f171d84eef040d7b3d0dc72193b78	e08226865eb2cfb82063307c4cc5adcc3e929aca4a77a41f63d8a2cf258d7f46	a6db5574884f82cdceb47e2ff324717e4ab063e7a6e88e284109d4c34f2db4f1	64	64
98c4c195697e8f3e6c2c6ba680930f3d3191f1d6cd6ed03eea9d6cf4542e0c09	998e5b8b60e2fe83ab330681c2bd619f57b276aecdfe9defdaa9ac56af841292	ed6b9c9043c89d29a4e5d52fcd569d95f47f096c72e67440aa05048ffd45317d	64	64
98d21f8b98ae258338abf36dbbbbfa84e6a745298aa37c4693d1ba792f580597	b6688397b55145a64f2c570a56adf093e1b605a2e6c02d6ba7d5f5a286ef57f2	5c214df76a0b83aeec9ef6b3196bfd12999d87d019d0f3ff38a71518d99969ff	64	64
98d5f39c6c7e07eed6519ba3af580c9d46b0738dd1adad4d7c24e25a13b6f126	33e84ee6e43cd73b7661f58636580264bd99a684e314f1c34acdcf091abca35a	42f134245fb3c69a36ec202f8e33e63628716b52e7b0a2b3341884bbcba29883	64	24
98df710533da66ff6dea6e51b542527b4fbe220fa652d6e9df9fdc2ed6d5e0aa	4b6d2dbabb1d33e7a5922e86d570d4f540999cb41a6ffd0b40dbbcc85ef476e6	3e87f21fd8b844623f5cb9bd83642395e437bcee97399b151c03815287cea15f	64	64
98e638fa09ea68d7067c1c8bd63711ef2bad0fae0491f2901c996dea954c979c	743770cce56b7c10ce0214a694ff0335db9f624fc83956450dd577306a4dd8c3	1464f303eba39b4cc24a4023398dabd6d11ff12515b39c579d007bed7b686817	64	64
98e66d02d46ed75433871906625c9154fd2955b07fc463204fa3581868df55cf	eaa1ac2bad51a0dddb7d33b50432ee1627531e2f4f74a95109276ca861afab85	155d24d2aee375f561649972963761752f0f70cdd54470b1622cad306413d114	64	64
99121430dd09e04758a4eb8b47c4ace2fcadaf9482a6dee157252c93bb992c19	7bc38470e438313c823e768a76625650f5dbb9529811cba627d986d337df3d25	e2db022f98c7839815fdddd9bdbb9dd7c56046cc7ffaae042bd24191230f1c05	64	64
992e33967ed33172213cde6fb43a8310c5bff89124c255d6bd61d0e1173a389e	5c84f4c8711b1b5387bd30a7d264c45094d15ad4bf3c34e1f3d0b2e35a50c3c5	57d0b43996323babea8e95bf86ca96a45d59bd427fcc0ca0030ca8fbd1080e45	64	64
99342608b24fc048fc0f910e9a9d2b81fcda50bd560621b864f1ff9781c6c87c	274222418bba1d5c2c6d839df74ca5e1b05cf94a2fc69f3fa4a4cbfb007575f4	7a5ebba69855c6ec12d1e28b1cee13fadb9a0e8dd6b146a166927077b65cf599	64	64
99343a12f537aeee29b89b484897a0b8b48dfe1363250c6da9b26deff9733ea1	1b56886263a7257e1564670517d8a3e0e10a55a63171f8a35146e208bc208e53	0391d9b380a75fe400fa8e41048a89bdfeb2e5a73b1865aa23c95c60ff120e9d	64	64
9939647611f077ee89f12c9e620ed239dcfd6cfb3eb3bc5307ac424101ed7330	1d99d34ede11d8bd21c8e2b77004fd380eea6863c8b055f0e36168617548b9d6	ffd1fcc44583c6a1dd8388972c5e4e37454a1343e8447b9856c1231f7e94ceb4	64	64
993fbd6f3d4942f610fc83e59846d8531b97268150dc0718e7bc36d858bfe387	519bab2c6acb539be56c40d3987fe540364d6f9d482d843b91260b110761632a	60cd94ea7462dc180593dee86092241b718824e4ca3313c792e5307469f8a4e6	64	64
995476fb9f5377e1849b2bc0fc6e52ff0a1cd9007fa45cec48abec00cc185bce	22dbc22ee1d111eab9f8ef2f2642e138de2e5608db41edfbc34f9a80977a092d	a8957ef259872cdef937445ebf4a6edcaa26bfce3e63f6b736f649b93cfde047	64	64
99665162a05d58bd16acc869f3d8d924863fefdd5143869aedcf7ff60265b19b	c7327dab1366b85a033c38d2ab726eff28c7373d23da90fe7693f46474ce53ee	3d0ff75e8f4721029174ba04d0bd2473ba3928a5ad370500026e2304a4e3dfa1	64	64
996e966ac04e049c5acdaccd9a7bc4cf1b6e6cba32efa3cfce926f9907b3ea65	659dcda215f71f1febd60d74ed8c53ea3642a2dd95d96e8db1decb0804c1eeaf	10b9a84e6b4e6fa6bdf2841670ca5b5b79358c59ef60a7ed0f9e45dc17c47f88	64	64
9984f89d3cae599ffd1755110890b0dac75adba9616e20e99480ecbabe466f4c	a9e32e856be89ced67d2d64b98bdbe38ba27f7c74d4cf6585d747d89167efc88	f7203a0ad8560c13beb248b94ced603075061a0e7486d925247f09a886703211	48	64
9992d5b88664273f746a7e0118064a79101b2b9c865101ed25f7f8bda8d8b585	82bc7705bd48033e63769e97f479e1fb6892d8ec5942608a66ee4230da6b115c	fdd472edd465bb3b0b2bf2e32063bdbdddd05858ec396d86e01f96c4ebc41477	64	64
99a1b2975c76fbc1215a58b626730d49d63a6e3da6433487dc369b0ba95dd6cc	f3aedb73d27c2a727edfac2f924f857c33dd6a3b156d9193c7858d758f45d386	3253823ba5cc8a590494218b7d638d4b26146f507091671ccb726ebc582aac4a	32	32
99bfaa1f36948b02445af05d1c3e5f1fb629fda6b8d2ea1da99eca18f0ed3da4	17e10919319258484d14b43f86c4b01449abeb3754ebdaf062631a1804ada777	f212cf983cb73b2adb80467fa2f2efc631e632105b8c34cb52a1bcbb20224337	64	64
99c42afd9ce7e0afc5264e29148311b161a02eed5510174905ff7c82a7ece4b3	3d531ace6f99815ec72db2a454ea0fef0e9581e6d86d87b7daa138873d6e6705	5107306c7618fa9ffc03aa1d818e93e0ac19c3354b6312a37e56071a938a68dd	64	64
99c77b0e492ffcc46061351ca35186f4c4df6245a90438462103320b07f83634	fe755aaa27dd4a5c3dfba8668c6ff7fda7be970c2e9083e313c99e7d434428bd	ea0cb9f64decda3eb12685c75626aeb184c3097189fe8fce3abda715b7a3d142	256	256
99c7c5bb845464fab744ae36bd2d6b5f799d3b3ef151dcd3eba3f3e07448bba8	c7cca08112fa09764e9dc5a646442a759eab424fffd7f5d5701d518bfc6d8a2f	b5c0d7da317879db53d0b9a0bea3bba984420351f35a4effa0684c862e2d658e	64	64
99f5a0efffd67cc545ffd8065104531b5add646acbc0514fe06cff73dc76605a	07138e8c11d19fd9a0fcb5593025db2035200e6bf61577b84bc683408001d6f4	8f20d514d2dbb2cd39a0b595e704f66ac54061353110140fc3fe3651a1c84250	64	64
99fd0273bb5aafb94ee1888b18da691045d1cf552cb5f9bdfc08483ff3ada5bf	697cbfda1a3feed4a48c9bffded7d759c504a5bf8d40adc336a1f03279dd793e	e0a600268e4e838cbb2d645ad9b64530a4ccac386ae25907aad6d9f68271b733	32	32
99fd54d3331ed4925b4b8950746a0e4a1dd1e8543ea68e67a42c3d26dbfbfdf2	1127a82f601522c1503347e81633bc92c90cc040657654dc1b5fba7afc32419f	ea96c446568b6edd5adb4846c1718d801bf44d8eb9aa8c0f94ea9419791f9442	64	64
9a0619b27b4d883593fcddcccb256c98ab6743d905d6e8b7b9eec4f96b343ae9	726e6d423766f2b8b8c6579d787101195d4771cca917e1fd06f7712b38ebc874	1dbe4cc63e1cc110dc8a74662553e3b3c07d861dd1a6c36b09d6d198d18a1a1a	64	64
9a16e955ed772a96c2f34158705ce8bad1194081b157fea9cfc2fbb1cf027baf	e19b8cf06fd1fec1844b3909abec8ed2553f76d37f86befe4059351fe07cad38	169d6a9703699f0f2c2a163ab8951e578912c9ed4c19dbe7924ee29d6c64a0cc	64	32
9a190815e7cf64a0f92c6190c47f5320103b085e357e5228736dc82aea858d98	81434b050cfb8d7943c3335b230c1eaea39dce806307efce0846f864532e6cde	cedc257c1b1452effd3c18510660d1bb6d7ae7df7cf381cd6f49aecce0620719	64	64
9a277bb0e2d7c10c9ace32c62ddad078208e89eae1a9d56f914a8edcb9a9e2be	76652453e74ca985dfdc2fbe1d6701d10ccc976aab69ed5f3e1daab5a17f541c	1bff54df705ff02b2674282a7eeddce9a7f2db92a4fb2d3febd6a2c72a6c71e7	64	64
9a2dd31fb235b31c9efc0d8130de0ff3d02bb4860089ed1156ce22172ab0f03a	321c6cddfd05a4e6dd169a6b867bc03a615ca07c45d5f98cc6095704a06df22c	efc858e291abe1a344947de359ad8e71fb74aa72f022cffaaf0fed3e2e2ac6c7	64	64
9a38d9b6a559fb82de5cdb8310b614db508db4254b1e62165f43a6607e3f126d	76652453e74ca985dfdc2fbe1d6701d10ccc976aab69ed5f3e1daab5a17f541c	1bff54df705ff02b2674282a7eeddce9a7f2db92a4fb2d3febd6a2c72a6c71e7	64	64
9a5072d259a5c37a6c1fc579bfcba1d4be031c77efe7a1415a2aa1a6d0929356	a08df50050a5fd2241e487b0fc87de4e14b06855e91a4641b81a1a1e649bc334	4fcdd716df98b009ca006d851586c391e943043eb9cc54b6d26f6f72a1367c77	32	64
9a7d0deb212224d2cfcbe5af3bd8323be3f21d789538848d65a0dc4a77ab6b33	35e78db44499f68c6e0be0720fcc15853700c3bfb255e320620d79096c318d63	77f43505e9d0f89b52102d0c7de7544f1399019dbf1dfb1ae7c2937f146ab295	64	64
9aa538ba66df4d30f9fc218807b312dcf2a9f601088ada968e9f79ab45d98e81	33989f9050ec5d0bc5b8974a22b567ee2338aa0d2ce61e9554a8aab84ad57735	deae67e7d2c1c376db136fdcdaa34af5a625814759db4300ff5bfe3a2aa07b58	32	32
9aa88e354d772616b0508281375292756bf13c5af955ef022a1d0c0412b4786c	0d842ba6af5514eb522e85b9eeb731f8c90c6fc603acb110abab0125458862d9	181c3a8c69ff08dd32786f5781aaf9cf24154f021b541fae76e1c26c05219823	64	64
9aab8c50e3e84c8edc6387245d6ad4966d986582b0333aab599060c730423279	8071a93c9c55fbd88dc40ede9cace9eebef35c7980b87f93144904162b415338	a25e1d6751a993dae2a094f915be536ef082d909a0b63a49f6c1dd0d4a7a6df2	40	32
9ab9e6944f65a75020e376cb513f231af2e4a4a489942cc6431885f5f019795e	e506e55505858a50b43c925122b3b809964c02d4b69c07f4773826861dcab167	e4dbd77583abd72abd73aa6e30fcb3bdafd5842561c3839b3a22162bdb4eeeb9	32	32
9abe9a4369cb075ccafa6640de7f109d1cf8af028f4b5327c7c7dba8a479b025	0f4b71376d52ea2e7dc8fe1dd7409fad690198aaacc9f42574c25916f9dc8c40	c9898066ec74b14525b8c81f96a476db8d52f200a5e7c4df945ca813750abe30	64	64
9ac3b0668919362a495fc9c74e97b1b452a3f9749a6fdf45ba38d50dd4335d7b	e71e9abf4cb83a05f4ce938b20c5ad912e2c42b75dccca52c9fc7f4102743091	da5d4ab98e645ec4876d7298e6c5acfa5136d442b0c1105dd837fd7603fb83d7	64	64
9acd1deebf934dec2c18e2086051e276b2056f01d1ce25be7520d273c4f2be46	7d278f5a2a50e437e70f408b126763540b1414c0700d48bf767c20a921c3228b	efb21db831f91cc3698a3c511ed29360c781eb1c13c27c2c8623c5aa51f01369	64	64
9ad3ba6b96da5a42fb38f15fd0d42408ef577b98de07e998d59fb318d1248f98	a1281d7938036b8273d0676383bc720600195f03b29cdc596f3ac0dac03e38af	20821d0b0634a51e9db73296dd87cd77f0e7585cfee65c46771b639b646bdbca	32	32
9ad49a6eaec895080edbda7ed3b474def0837049d4920b6af857b6e46ac28ea0	5bb68bd38b589d717590264e61616ce33050954145ac41bcca4306925864949b	3c4651c077162f09ebf121fcc8dd65584850360a9f716349468422120e492998	64	64
9adb585f08d8a85118802a388cd8ab492e8dc80caf4df6dee278991226214bcb	7c133ef9d6dbad581a903d08506633936ebfdf9532beafede62ccb7f4885674d	955f87faee2b3a20ec4412c6a042f90bfd2c286c9fd2576039f968ac899e3907	64	64
9b002b2587f10ec6dacf4f2914e76e9916889280db46f8eb2153ed64fb81e3bb	0fe01f74b7f1b08e3525cee6bcb865b81d812df83d4a67094aa24882d1bbab75	6fb4f9fc8547f3fe78936e571078f6c56f8172d186e6a7b437e066413684d7b7	64	64
9b09f15dcb72d12d781dac0ee742d77e5c3394383c36fdcff366ae6c4bac215d	b8eada978193a88f6544f8116091dc1bd6d8e70c7377772ed40263d2c344afc8	4afe5520c55bca1ff726d8b8edb19930ddfd171ccd03732460268599c5ecdec9	64	64
9b0c2ed3b7093ef3f3b93c877a239abeed571a638a19477bbfb59505e887bd9f	b79312abd10d4c7afd09b97391b7b3461808f2825a6d65be799e0a4dd99649a2	33c731a72f5bc22dac4d58581c9d35daecb8bf9742742c3172e51e67325e46c4	64	64
9b36b2d19fffa97a0778d53132514c0681977bb836fe42e0359427457e012521	fe09d93135a0cdfb540a73ed6bb6a285cc106843265e05a86b2f8dc4abc3b85d	e1f83f50daf6a5e86f3a4a0e6505b3de28abfc1730aebdca51b5417c5c734f49	64	64
9b3b4ab533c7c3ed280fa8f21d6e644161dd68ebf13f4912320951e89c14298e	ad7d158d5b41ee9af8163bf15095962e0866a794b6e56cfa7b1ee5c6fca76e5f	bb4f56c875c7b20e22f6d073642c3345b570b0a56a5d5608abce5e08bd04b93b	24	24
9b43427b2c2f84d9b73b4073c85486cc72d9ed8bb051c2a0b560950ae91e77f8	9c92bafc34bf8f8c923b6a41667ea0540f0745973567840492fc0a8892919a13	897a757aac3c3126527fd1740c7c4cc477c0ff04c814a620672ea35670252a98	64	64
9b4daad7eca73b280c496cee3e8f8f61cfc40d7c693a50cb28d477fde0558b10	4e0c67c0e575574f78498b531ce846d2806bc1563476421e4fbdd37a68e30868	8e515723bd036f19ba3e742165f0df9290a912ef1b281bfe5d4db982cd67b4e5	64	64
9b599b150fa5277c627d6a6ddeca01b62a386bec0bcbf575c2ff57e02ebac546	9276b3baccbcfd41f4d7079e73c03d1d76265f56a025f8f35adf235bdeae8380	5aed830c5e96e68840cb534d523bbcc3feb4f82062ebdc5b9e707d29eb33d582	32	32
9b67727ad3da5b3dd5b5a9fce6fcc4a660e64715a44144780d1c3f0b3d5b2d66	3de363f9d2d1af5602b1e08fcff491d8a6325c6de899dd97caa35e0b3955c4e8	bcf85080f6454ef144ac4a200d5d854c32251a26916a1b4d0e5b1b74ebc1ffba	32	32
9b6a078a5b57001f33b9361415b47755da48bcefa73a132884fb2b70754efc58	ce4ca9c7cb9d05be22bf743f977d35b8756592946fff8717c51510758c84f68a	7912e9dc8efa086a61e8e0cc64af1034213b809a9328a50874f7bd2d33c9147f	64	64
9b813bdc1392e0a714941bf1eb18dd6e62de1d311a61e720f589cdac90b0a48d	7cbf091c0e02bd51bd89c112bf1746ab5a57aeaf0587e76f70b9e1e1ad0da725	98d4249e46fba0200e9b5b78955ce9054c823b91ce577563b9efefa817f86993	64	64
9b8238dd0a76e7e0c54c3ee9770c625c6fe7485931ea9d00d68bfdbbd4e5b2fa	8b539bde44472d08e6c36bf35485d3d0bc87ede20b142e597feb5d3e4d1b4261	3b7de82c07c424339b91bc1b93111e6811bcee1114ff7cb193376cb79cefec6b	64	64
9b92a369e0c2bd89b96d65bc8d4bfe9b33f24144156e7be44cb3259fd7e483c6	e9e22c71700ca2aadddefb2afcc063ff729dd5d17360ae3656578b072e8f1ecc	90418d4cd2cfa3ab81cd8b33d36686394dda3a6e19450b838577ab9d669c035c	64	64
9ba4db032df0d3a4542aa4cae19531ce5719a5808d29a56b813112a04fdc409f	c9e352719fc46392d36e99ceca3d76a48074b0e0b3349ff0199c35723cdf3507	b69b1c3ffbc0f7eee1bc07ae1aa244c831701ac21081222c24946a09133f97c9	64	64
9bb08310ba9481e62f74e7202c5a0696a355d823f59325d6d7f31f7e5308628d	ec229cbd340df1ed0683ac570500a19217a41e7eb582da528fd9542ecc981d4b	0f8f5de7c10bd037ab55a00fcc9e605bbc56db100ae9eed9e550652101e04ce4	64	64
9bb42d05e8b1b90d952952661cf82b665fc408ad0b9e56539b8d197484b31989	e71e9abf4cb83a05f4ce938b20c5ad912e2c42b75dccca52c9fc7f4102743091	da5d4ab98e645ec4876d7298e6c5acfa5136d442b0c1105dd837fd7603fb83d7	64	64
9bb565b161789ea24fd58681096e94931b576510886916299ff5ee928c3b1e6d	bfc4ee5db37b2b400c18ec3604475cc3662c6d1a501d85505858e41b6ead044d	1387f74cdb535e271b13a0b2c099afcee6eeff9f7423d78033c8aa5d617d87be	64	32
9bb6ec60dcff764db1c484b2ef16c9afd45909f9ab758aa7649a2877d0341f5e	6111d2022ff83208237ce777a3aa2f839dc15530c51f7920695e833d2bba84b5	ed28ea650eb721fc407c7ad8c5f7fb239d323c60418bf56eff89fb8d6a136c40	32	16
9bd041d1a98957feab38c9d3f027f824555b4d7c2506642fb8eaaed7f332abb2	76652453e74ca985dfdc2fbe1d6701d10ccc976aab69ed5f3e1daab5a17f541c	1bff54df705ff02b2674282a7eeddce9a7f2db92a4fb2d3febd6a2c72a6c71e7	64	64
9bd454b001f852886d8b543f2c58996c371eeac890d1788efc1b8df2318824f9	8ebfec8a1a134e51cda6f789da9bfe92d5abc8fcbf910bb422bf46f3619e7bcb	d6bcbe8156aac44d5de07b1956189eb3ebd0a6267c8857ce4c329974d127077a	56	32
9bdda9f7f1a03c31cbd42833b0daaa81c56d1856a80739239fdf78316e9b169d	0952ae6a008767758dabd97292ffbc9399e8960fba950519366ce714031d771d	338f927c3ec0ef7490ea3203a2be95aa42e71ec96fd42d326896469f42c56d72	64	64
9bf6a2f68a4f8cfb6a7445e6ac3cba246b888ea836c400d3fb407f88ee04c1fd	96b6702d60b4ae51a67b9f44c103d85bc21b216e937cfcc121680a946c7664dc	92e77b946d2f279f364ea2a447454e5cbfefd1e3b6715c4dc70167e5a0a0cb77	32	32
9bfcfb71a7352818b23d46e45e8d87421a63b83249bb8c1eaf7fe06534533dd7	f592c52c1973ffddf7da11eb0338cf63fa2cac29efb69cacf9e017d1fbe96e27	0d9e9cb1b571cb9d899f80f8bbc2c671b3e708e9c0e3ba8bf2474fa7747651bf	32	32
9bfe9b2b349cc31244e14c5c9225290a1c9d18c956d8b21c5c669cd8e22b96a1	235fc4fe0e808b160f8fda76a01f951b8688db3cca379d04d2eb2c432fa047cf	24054390f31cd0bb0eee8428311725173c32e31df050dfd8f6888eb8dbdc28a6	64	64
9c073305d29620c01c111fafbbfd2199055a24386689c6e50d757eb42ee0db72	33e84ee6e43cd73b7661f58636580264bd99a684e314f1c34acdcf091abca35a	42f134245fb3c69a36ec202f8e33e63628716b52e7b0a2b3341884bbcba29883	64	24
9c0deddca46db637ecbb19168e00301854d5e7c7d6d32ff8132e6883fcade685	da4a99c9442e921c282a64bb5dc97c6cc926a9821c536e67dfb48d60a416c41e	d8f798666b782c6966ea5b41f5daf1a6de8ac59d80318dcf402f6b0396e15dc8	64	64
9c0f50795363e668bd27556980a67f2dd5775b898f680487027cbc46ed162859	b18fc65e65ebd388101bd90bb5f48a4f8c99c01f69f25739f04b76be0e351700	e80af6413b2c89a2f43d2dcb56e42d8a3d4f186280af53b9a6bbe02fc62b0fe6	64	64
9c11aeb2b0f43503a44de7b4951f7f8c2e060b5275741fe8dbfb9be157b6f0cf	a5c5c2f2b135543fb90e292971eb4d5b965ab960dbcf6198b8460b895499b174	de7b4e250ca4ecb90995ace6012601fd37048c7faf15b9a00b3799fd82671815	64	64
9c11ff6f0a632e54d1ad5375cd46ac64fbca93bc1a0a2e305c549de57c8e1d39	cb5c7b1400d94c50c8607d1bba8709618c84c4240aba8a1a1c6bb1f68861bb99	33d8b79074d771b4bd813cf7e2a5bca5b3efd4bc63970dcc3b96aa5e228fd5c5	64	64
9c1a0795c28af227f4ae8db5653c64bf361a10da2d825e7f0883d2ec3e7e279b	8cf3e4870314aaf256e5c24e9a7b5a4f05194e4504e1e97d371775f14db6634d	731dd18f5c5e2f8b99b85320476aa209894bebec266f31af478710a99c51fc1e	48	48
9c288044e0e3e3791ee044f9546c9a8d7d22fb9c87ad4295295c294288cc2b95	213f377c2033c438ae2725e897bf54559633e5a096b2392f7bb17e5e14840b4c	d1c0ab87d9219f6c32e9b73274334e2fd84c1568683b8063a81b9bfba5e2c0d0	64	64
9c37edeffef307fa273045d2425ec08a54ecd1b40bd3d1f7190f05c4ff613247	a6690f81b79c53016a7271bdae5faaff75b7b951ec039ff1e4477fb05a6f6859	1ff58dd5d987de0da406e43a9c75847c35d979b2801d5bbe71990a8be3547888	64	64
9c3e015a3936c32497e33d5fc0b1d70f46343bcc56227e851d16242fec5f718a	f4eed393bbab08acfe90107a9ea195a957baaff0d55548f58d34ed33760258cc	7bd9166b9c69dbf9c9319451d4d9176292ba200e496e4837948e7c55b900a234	64	64
9c58e7f6727606285c3fe5775be6146b7ad817baa8d0777b3412e0ca27c041d3	346ba6b35232d38a86689eb073406d01a5e5bcc6ec4138476d8bc7c3bf8f5017	acf4dbc34a042ee82d5f785be599f6f8f27911079eaed6c5822b9f702bf78e15	64	64
9c6c5bf3f79ecc38cc798f080e714e0007191875668ae64ecc997f1fa96528cc	25e0b77ab90592cc99bc33af0ed62bb7b3eb7e128c9520bc99cd6cd52f3225fa	2780fad731db4d56316b7ff6a62c492bbe5a13caabfddc07df765f66155021d9	64	64
9c75e5a9527631f57d52b2b51515e68f1ddd115bd2e0ceb5ea8a3f43ac37e7f1	698e1f7a0990388c8edd9ebc42d7f41c9a26dc4c1c9771998a8a9c8466d6c130	60878f07ce8939891be844e45bfdfc3835433137aaececc6747288b75e908d7a	32	32
9c785363737720795babefb58d2e58b9f33e13afa591b2fdf889e8005a797686	d4fd2d551118b1575b35ce196a1af5f349a92eb0a62ca8b860f7d7182abe11f9	537a0148b54582a2a4347b907e07b34192ca0131d5ccb63ac7b1aa7584b21360	32	32
9c93b43ad4f4446fa8d77e6fe63bff6fd98d1410c86c84c5454bbf308d83e3a6	c2c0eda3a7f556119ee676824c390fcaed6e6b9ca61ad1e5ca1fb61b5b5ffa46	c4474fb2c4cedac9a21ecea2b5b9eff126b95a35151db07c3aacfc9b1300f673	64	64
9ca09bf2d7dd4092e2c57364601c0c294529c004d12448d9a70051b7e05eb5a9	76652453e74ca985dfdc2fbe1d6701d10ccc976aab69ed5f3e1daab5a17f541c	1bff54df705ff02b2674282a7eeddce9a7f2db92a4fb2d3febd6a2c72a6c71e7	64	64
9caf50734799f2d8b856352fa0588e7492961343269654a780070f304205e73e	08f63a3c3dad5e7a8e55905df134b8096435695d63e6c7582f3d31302da28a4e	5d5a5ed9240d3bb415752d4f816c6515779674774f9ecee6298d694c4f57e70b	32	32
9cb23eaf2b134de7445155f92be55ef37e1ad3413be0dfdf4211ab21dd439346	ce4ca9c7cb9d05be22bf743f977d35b8756592946fff8717c51510758c84f68a	7912e9dc8efa086a61e8e0cc64af1034213b809a9328a50874f7bd2d33c9147f	64	64
9cc0390ffa6e1d3d283810b8553bda43b3b75861ce1b5d875ee2a7e09e0945d8	33d99a674c5269a08e57efcf4bcc64f36620d8188e1d3f1a6ff07e5346b26386	366532a43ae9193c5fe1ba4379b3e4edcc620efcd60d27d743a8cac9e69958ae	64	64
9cc44856862cfe9920e9e1da784b0dced851e8c2ecd9fd6aefb7dd584ca4fffb	48142f2f2778a91b500afececa78c4cd79dd8b14964cfc095761b1424b81cb2b	5a983913605bb1bf19cf7f53fb599c02349fdc4c269b09a2a65c942c02829c6d	32	64
9cca8ba7218eaae0d3d46a110f4865d186a639bc303b28966c1660fad1b08f59	187589a0ae86e3e18868b1b908203101acea2bcdbc0f6483efa672bb405441c8	519b4aa3a70f29dc2ca9639d38c1eafe8f7324ac08a37fdcdf226704b155dae2	64	64
9cd44969708879c9ba3a6869c330c95f78ef5ba7bff7c9730d5f800a4b98c553	d8a39871b61d3bb9bff2eceee6df9a912278624da6346075bc1be9a0f8dd1545	314db6767a92c2d90b04df07454b489405a13abea593141c5270a622577413a2	64	64
9ce1c9cd033dd132df4dabe5b8c15b370dc215626aaae773678956d275a3b05c	f5e696f9ae6033061c65ea7d8f19f5b0ef88af0412e5b6a97327e88d7f4e07fb	4a95f20a8c5f2ea400fa74992ae31a5df8ce098a4b902a9335625be03d2256c2	64	64
9d10d06924f777eeb5179fe675de168b5fba629964a624326fc29cbb76b5ac1b	18b9dc0f269cb63937953c54c681a2083287bb706ae479a07ea00836aa2b6cd8	1b0989ffcacc926505419e2b45dad5e36e18240cbe3565dea4677f2414176fef	64	64
9d249faa27fc7a946fee4ad96f4b5738fe5c2b0754ee092ab27f7bfa13afe070	fc8e17c2788d29dbbd4d1d177f4ecc114940eb5d9ae4cc2232603e7a40c52a3a	b63581cf33825973ee22fc9ddee776c45e134b3424741e7dda0aa0a3b454d321	64	64
9d2589839ba4b01de081c15d78c5d9cdd6f3ff042104a64e1cdcc83e90b5bb24	e9db53d6eac38db0a6b222384b810ce2ba6566a516fcd5bbc16e40dc300eaa28	0b31d87481382d2af36835ce81b5daf980b8554fd6938ccb6af5ad32c04b4c5f	64	64
9d26e9420f3d3cec3ad6afdabfed440ce098ef4638c0b152a62166541cdd3b24	160b024380f1dc56838680d82f33eb2195b75bde4c386531f94f9346ab24c221	20a86baf5432813003cb80c28de16ee90949e853c7442a083c3f424a89876868	64	64
9d2ea89bc50d0399f79fb5e587127749246598735366b63f529a1b8986635c50	b96dbfb9bda0f5074c127fca1efe7fb7c1db4b68738a6c25783546db34f01100	b5fde607162fdf76192e8654ee65f4d4232ff5056b53b5322a00ff0170c414c7	64	64
9d30c104e403b01614b66f7f661c4e10411a97f18bb04ffa881760e16b2b1e21	7197fe10dad8d9bded4421bb1540c3df4e14fe7612b539570bb7d36fe36d508e	841aa1ebccc4b8863b6136b696a4a7d04ed4c514a86051162474de636d70c09e	64	64
9d3163845fb99116e871c388eb11568ec59ab9be86040c547ebfb18426da79db	f7deb6e4eddc86068db6f5eaf2f88bd3ff4de304e80593c114974bb7bf9eed34	66e29f4b07f339d5d3b897adabfedbded8190bf88407ebc1e7d68b9b89e2364b	32	64
9d33997d1b1626e80b965c0892bf42009563259803096bc6aa20ca20285cd283	3a2dcad4bc83ee6ce39cc237537a8d5532f923bb926ce6526557c045963eb124	43d98f8a29a56d868705bac5b34618d2ae8b5b45aff7df2bfac44e1d58214350	64	64
9d36111a169634692717f0a7b4b528be34bde178306419028ac540ef40ad4053	89a2d3706f98883a17ff0010e2e676d0d5942da9ec5634c11f9675c0436dd59e	e061c79ceab74581a6e593e4bc769d4f1e615425a597d535d3c2efc22b5af488	64	64
9d49848dd18a89dafa7fb2bece6db4a0b90b6b1a2e0eed41b760a9e375d300bf	3ee41d98a94bc0ab34618dabc00bdbea0f85a04760f6e1c5510acc3004540fbb	99195cc2a66591eb2e352b15f96c301c4902e8b742fa664fe7457fc5c44e82f0	256	256
9d5690ff33cc054fe2118cc615420233c22715c992b538aaad392f0db4fcfe2d	0a19b0e9a4264f18fdab18f70d1563f089363e273b2de7e2e2c8fc61821ab3c0	813a5d3e53e95e0fe65a5a618201521887f52975a53f5d77c9480df1e5b45258	64	64
9d58e85cf237de090a26aa44b1415a8653414a0fb0dd333669df118f70e20752	5978eb785652c932096742c15d487fb667ab9dea423bed83f964062910a44c49	5324abbc5885364e739ac3c0361072974c8bf5244267ef0a342d44a205665ae1	56	32
9d609e7d61bf86111a2ee0b863a4d5bc46a74da91ff21d919bf3e591d6e44cda	5795aebb821bdbb910f510a466512798d902ed136ccd6e0e29d2c9865b2c44fd	c56e0f2c305e59cb9181adeb4d93747a2ea4be1125fc8fd960e858253c07288d	64	64
9d686df11ef3120684f413f43c270bd6d3d0879e3901ef6dd6f71a42d5c0d573	abfb1374c3d4e1fd397d079345bbe844da83037e5eb5183c16c51d74fdd1b3c4	9e5a45436e187420493e0287abf77fdf40bf8f06e8b35a40eac2a22fb1522608	64	64
9d729cfe194bad76a3df6484c2fceec8b0db7059fca4ac64870bf80b52b67921	dc38aaec9c27251f091db2648354d75c6bf9dd8cf35fb831578c2cccba677bfe	e283e0d084dd4a8a5ba71e2f9327f1b8b15159751ecb9ad5d2ef41dccf36dcd5	64	64
9d7c768dd1eb10baa32d7328bb1d3f95b4738f900393227cdeb05916d7e63bbb	c24020746ba0533bcfd5845d466a4786365bd9294990732388ce9688cb4aaa52	91bcde2907b278e7a42a71fafc2f330551585b2793046f1ded4c0710d9964b11	16	16
9db652fc74c47bb446b22f9c3c20c1e818c910bbbabbf8c1bf6cd7ac18a2bee0	4b6d2dbabb1d33e7a5922e86d570d4f540999cb41a6ffd0b40dbbcc85ef476e6	3e87f21fd8b844623f5cb9bd83642395e437bcee97399b151c03815287cea15f	64	64
9dc38c8d4ef0dc9cb182277155670ca4e7043625d1376410ff90a91881ed2edf	397ddc9513b46b02994c9d85f21feaec2b89c2043efa05dac2d69941621da636	e8e7daca13232d086a5c373fc01d555ff59388331858a848894351c3df12c144	64	64
9dcaab60c2c9becae5457f3867083fbdc4709432afe43751c85b99d112d815df	5ee4e557b3b1a298de087bebdb20612f4758bdb7a4a46e3ca2fa8961bcfe2061	7c8adead6fa5518216a213b0e3bb446896adc18ed2839f4b394762692691dfb3	64	64
9dd24d4954f3baa76782d92fc223e7c188fea318aae41cae3beccbaaf609ad83	69c91f694add996f7868fcde0733542720b3947f62b01401ab5a9cf72cd7a009	da5d4ab98e645ec4876d7298e6c5acfa5136d442b0c1105dd837fd7603fb83d7	64	64
9de54df42bdf26702b2adc61a50ccde77019c376fdfc7c0c746391dc7db15445	9b699d40495bcf15bad85562ace8b2b15c5b0086a1975a13afdb3d648f48eacd	a8e191698f5c6fe52ee25beb7191f2fd38257709f869e9ef8ca8e44270739621	64	64
9de92990c198506139affe5b4c0096d039b5fb3e3b2a704e9c5e30daa87fdd6a	99d0b07fe7583f30c85efc216b289eaaf9cba94f8646cb2e0c41799b5fc4c15d	b053496faa57f39f0bb82837bafa46daab2c018a30530d53b5055ce632154371	32	32
9e0160fe92536b22769fcd46cf97be6c0a5fc927a57ae338e38191628b6b9ea2	5e94f14eeeb01d49596c75dead6ec6df0070a57ebac9d488aa301c74e53cd03f	5417f3ffe18c30037cc470205538b4eec48759616ec553b53c8021096cf8984f	64	64
9e085454dd7f5ca7e56441a24d45fc14e3de53326e57335c687a2b0c70eb1710	61357a6f294fc88899774fc1949ab6124a8aae5c4d7fa2f1acc5a8bb7ef249d2	9b1e4d64fc27017670beafe17403a518acbbf1605cb87aaf788039aa31955f96	56	56
9e103d99041d23a29b5e937091eef3afdd7c6a78fccb3f4cff62cfe93fd3969c	6d275e094488d1e7d6d25564bab567c7fd85e56222f2f7114c2b900cafc0d022	9f8339d956873097a0dc5867fb656df12ae4dad7c8f590ed08d7f666fc277964	32	16
9e3ca6076cd3506a9781da865d8afa3c58daf5319e9e6f91bd9bf58fdb26a660	3428b8c057ad42362c01abb5feb13dc9f664359c860d6aec062c7fca146e42fb	df3b50a1bad782f5fc908a1255cf0bbb3b99a61d5a8c5f4e478ea18a3b7e34f0	64	64
9e43815b24a3bfeaa117a5932e77486e4fee739f466cdd93be011392f7791a41	e39093aff38bc4b0bb2170aeae35d5f3420012d0ddd655845b329582755c94bc	ced2bb084fc6e6d6ee16e4bd53a8744333b9ddab2193e0abccb79adbfdf9eced	64	64
9e4ce147af9dd93550829a786f4e371adb1946cc39f0d864da16b732adccc9da	96a9a0cac26a161a0279945c396dfa8ae7287f708f4399485199131a67a97b9a	0eb08f872ebaf9391889891ee6e17878adfa6a5792c56dca7e61a1d28f5f88e3	32	32
9e62886a2a30c59cc2027c508e40ab0330671bc245551a4cd13d5a7e420a11ac	08f6fa9ab80f7a7e78f27e0f5bd5c73ace7ff5c16130e645826107d772176e2e	4597363208c732a36c212989b2ff94c236ccce10f8a048fc80493bd762a90d06	32	32
9e99dbb8a5cf96a768eb0fa3d14a945cf3d7494f2612c8f92642f283a468596c	96a9a0cac26a161a0279945c396dfa8ae7287f708f4399485199131a67a97b9a	0eb08f872ebaf9391889891ee6e17878adfa6a5792c56dca7e61a1d28f5f88e3	32	32
9e9d44d741e370f122f1716211b4d02bf7e8398c6aa39af4ba2e363f9d4cf4f2	4e3cfe09596899bfd3ff1a0201535e18a0941dc16c7e07f21fe1515e1c196236	c5c43a048c19963d05073e631a8d463ddb15d594e06f14b5fc14aa5433987319	256	256
9ea90df1b33d6f5eaf2596f69b07f14b64085abe42831b0a764f42eccd21195b	f3d4f935fa4a246cec359ce055c4a44361f368a1a1036e8f49faf3f3c0bee628	5eee82edcfe9ef775aa8610cbb988c61b590660257bdcbdf5d6d8373f58f258c	64	64
9eaa25e4c62f624e6d0ec5eec06bff5d067db72b7f129ea332c853f66c658fc5	7b8e127b73e7735a31dfea87590e1b00c45644ce3afdfa357f87261ce63fd9d7	7050d0c43dcdd1b85d02f77393c222cf1660b8fd42ee773f9c5ff7a04cad3e3c	32	64
9eb55c437957d6da09b9ea2955134c3255286265511608ce3cf8fa363d95b058	f42b9856eaa2a713bf7d0a3d48d63728f9bd83fa6569c541dcbf01f6e9c7eaa7	a07a51a024f638f062e1b47ad68d546ce776a8686b8ded42abfb385401108e25	64	16
9ec9184771a37f40c74b0ad8f78a69d57a8ec682c280f551bbf957aefe22896e	3761d6efb92944b515d9def0edb5166e26d9735ededbef75864b37f12dea7055	297ff7dd06ece098a9dce3292b94f5d570e579768d499956a31c81df74e03c1d	64	64
9ec979e845e82d3fec27fbfa283ddb60f6b895d0433fcdbaf90722ee6097ea24	19189380fa7c356f189d3259bab3bf762b75268b6a6dc1f776d33fe343cfe220	2000f3a23108dd9f3af23db9ab08d272b1f6e9e1de899b34f8b5119acd051db1	48	32
9ee65fc5829e421bad34eef2f223ee4836961b26a4c173d472fcf2548ebbc3e7	3bffb60892f37bc5431a822bc5c836eb5ea6ec0aac051e98fd781d304fe925de	2175268908cdd977c470749c22e76ec0534731ba1026a3abb4a2258330cc2f41	64	64
9f04f848add6358df1fcd411f0f7d022853938b55b89fa62b9cdb4ee4a2e0150	52ad795c6e1a58f57e633741bc8da45d6705c9234d394ea29a3638a7e570c8b4	914851999bcf813dde1b79088dab26225cb8f3d54a809b05929d7a869bb76d3c	64	64
9f07e5f6a3fbd12954f0031d7665b58a52ddd5715bfe6d5c333b5098c1684187	f7ce1ad7cdf5f44ca6aa481a84e6f0a2af98ff056544e9c5b4f66d252f39bb0d	3b274d56ee475091a38cbf744481ab448d8ae0e2693e4c3088cb8e57ee30ba68	32	32
9f0ac005cebb6566dfdecd7a445b1d5d9fe3712278186ec8f3f32821d4a058ea	4bd8591082d310d94cef538eb93c0091d74fc3ba041847d53349d1eca50880db	1fdadaff9e7549c47a50040eea58f131c98be6819249c86c4ae0bcb4e9cab7bc	32	32
9f1cb0d65fc994fbde1db8ff6f7fc9417cf71c1b307a82a62bfb02164ee9d765	53d1dabdad5a1e1aa040e567a6da0394c46924ec0c976a981b82a401cea04d20	71046b1f357c76e99c8383f3b354e8fb01a7a8d940a828b73bbc547dbbf982ac	64	64
9f2c1be4d86c84fb8484cf54a4bd3d3a7723047a0b975b922d3d2ed113f72057	e4370227693ba2853f363e798a779956241374b407cd56052768bda418f935f4	0b6baed0f65e1d02690f652858f5ee4cc439c33a5b2562791cee3bb23076e676	64	64
9f369838c655d6c8da77bdbf0d1a275027557fad54bb75e8dbe923caf7101ad0	3a73e1140cffdb008189cf5c100373ba5c0f2b9d209766457b9a162ae7e78a6f	d17b1b711e4c4b6a30eb09fe81611d79d14f1dcc2abb81571b5561b459c43773	32	32
9f4a2af998cc262714bc05488332515e060df7f7af92bcb33b013ae3970ff797	b713cac92bb4dbb06a869f174e5d3176217c1be8d1974cd204a33760e3792194	e9ba9e26e2228f04b77993a9c078b5b09e2baea0d73dcf8150fbc478cd5f1344	32	32
9f5c1e953c6e79de4d04498b012b05a9c01489eea1ad79fa4fe5984da6c5cca2	66f31433b10034b76c9e9883ed3403a17d05092125a3b7fa2ca364ece7138057	92ea0146640721c95f5e206677fce85c818781be09c4b466943c2f9d1d5d59f0	64	64
9f68fdfb5d49c8af0d8f70c9b909f278e52eb794b6e414eb810743cda7f6bcda	cf4dfbefcc50a48a699eb2a24d4e65b897e2b224cbe0df3fa3c0b4bba164ec8a	844724b8d86c2b8c5fd4978c9cc2860ed2794d94e992290cbac704d76bb827f2	32	32
9f6a849a6dca070d6f85e53af4ff620659c02d39ce7127c4c7b0f13937a20ed7	fcb00e04a34d655cad0dc5ccab51d5116b9540ad7186984e355ec79772176fc0	471f63aa944a08e496bee3cc2d9025152e19e667592a155e03238a5f93727c66	32	32
9f98775def0b8fe520fbf18f5815ffeb3c22d5a4c4c85bc7f0a78d9b0ecfbff8	2a9941bf60b6ce6d0f7c3382a3a93be7732fd5741a81dfda2a98c81bb7e32304	b6629d53b9a8431735806949df03b14e4294c80ef859ce6c4ccbbb580e583658	64	64
9f9af4b59e9b40231b5317334c69d6251ecf2b45c3f5dc201bcd6ead087df33e	16491d9cc29d74614225fd5be5f64e3ceb85177efad366bf75d9df75488a2216	7b559b04425e49fa210b172a57a42ebc8f1c2e1b684f79a0dff8d38892bc1324	64	64
9fb4471f780b90b3ac9a3f67379d76ff0e9bc9359abaa6e3e172d39e57a0cf47	472bfb4781e3be909816f01c0c3885b91b78e397324dddd03c0f50aabfe2e24d	6be4c6e265216f44b8f3b4929f87b527c5003c18dd20bc9ce9ab2132e327b83c	64	64
9fba26e617b529f522ea03e46231fdcd3804c7965634a9de45b985e71a94de36	db18c9947679627401b4a20048d816ef07a57f0f3d4904625765ebdbcad260b0	5684978eb5ca9d3206b5ed4a28c61bf918ee1dbfe6a6118601f5e44b6c5ea805	64	64
9fdc96f37bdddc4547a212a13dc6b4fa18ab16e3c83288231cd37476a45281b3	c12c202f8387fa50cabf698549b520f8cbb1ad25871879f7c266caf15557a427	76060aa1623731151a48a7dcfc5e002bccc7d4350de1b97e71f4c183db0466c5	40	48
9fe9134554a0d28bdeda8153de8ca4931cd04f172f6e3ee909759c7797618db7	4392c54b1ba422674130c12ecce054ec4507edd8f1cec48c881a7cc2e012a4d4	e93f17daf7b3164d39c0d3a9ea981ea08636791b771b8a46bcff3e3f682c1341	64	64
9ff2471e5a2ece9ef736e429d3b0014df30e3c433288dca927ba407331702399	d6043a08986d062d2a64370d1ee2300288bbb9b6e438e6a8989d4267c77ad07b	d43beb60e4f9e5459e959860b8fb4bd650c5751d09109188308c7c0b7b932574	64	64
a0220ee533eea29e367daf49abb7b208397d11f0aae8ce322c85a12a87cadfea	1187cb176b59a0b0b1399c2c948fac63a8629aed4e0e48d60777ea8e1eb0c647	7148fe2017975d06d25b3624b0d2035b2fadc28b57de5b4136938da543c986f7	32	32
a046c5c307c1f8646009b8fe39729b388c3ee450c8fb9bf747436d622cc511fb	918ea0b606b03d6459e8f75463ee6d35dc283bf3a0690055501d349eaa683e4a	848c26e9a714f0b2b60de48ad051c5dd2bf8b2dabc90a9b115ad12f6e11e7ff9	64	56
a04fc9f207e693609796b0bc72bc11fcf9f26cd07a1af5119def97f178ee23ed	e71e9abf4cb83a05f4ce938b20c5ad912e2c42b75dccca52c9fc7f4102743091	da5d4ab98e645ec4876d7298e6c5acfa5136d442b0c1105dd837fd7603fb83d7	64	64
a0605511ba6373ec49afbae1db22768ab74f6dc9253148bbb4abe88e03ad1d22	fde55a3cc24368b98ddd157a83e0881e2ab94ad4e066ed87fea8def546fe06be	320f07e12ac60c3a537a279abafdc2e41e8f103548261ca8c10e5e601add847a	64	64
a06264255dfe019df4b585f8e163d3ba870f6d50d273d26f3c6135b47ae6fa4c	7d3b0d45f437a2282347405ecf704e2528cb7c4326f237bad9527f13804a0600	9dac1852c0d29587bcfe80753feb0a2f99ed2bdf295af7a76fa0582f7b3bc455	128	128
a06d042ae5c365864fb1ff7367d3ba0086c46cafe9bf11aa0cf2eb5be3ce1ae0	25e535d3c53530bb278c8c8f77d2f43c44a57e267240e0d665752e248a607a19	2115f564f3bc6c69497eda5bbfe969f77963a97765b2ea076d1dc0783e7f5f46	64	64
a0c6580a81324c1a4dde0ec64c01e594cf7223f1a326f67236c1107d676a7d83	5205c59117988ed6347e6fc6a171b9ac1635790d9e52d6e19d1511a695c97d1e	47e29001cfd87925e9a4217119783d9e171b65ddd7b523517678c3153042deee	64	50
a0e10443063f69f3caa0508a095e82b62be6cfee9d17d61a14f1bb13a9325f06	4fe63991790a361c24a0109f982df6e206cf52c318b5a28bfd661f616f0531d3	846f41fc375e1564fb535e4f651b3a6a209ed6c097472afcfa4a2b2835f9b9e9	64	32
a0e6ac55e93e112e54c4cb85440d0b9dd704ad5e7fc45801e5eb0a097d288abc	b7f5d8893d1f0288b548f929ef3c1eaeb52284e023a03ff76f992f7ece45e3cc	3e5d482bd1600a728e9ac3cac632bdc5a38fa88f47827c517bed0535d9922e72	64	64
a0ea8d9cd019508f000a0b028417bc73b1bccbd88599cd4487f450b1feb5d58e	ff55ad3ec9a9c14be6993b7d6dbaa5b7e7c6a34ecb16e4103234e56640008e8d	344ec6a6b505586c3f8ec46f0d954f90b745822195f9a37526ce1d530eee3caa	64	64
a0f06119706f0e11b34ecb1a2fed60072841251d195e4403f19c9209a7d8d1ba	0451748b171343cc328270338011b3af0ca433ed06a362924cd34dfc69d681cc	97be5a7c840960f416fd1ce2665699378e041c90605f6b9c7fb6596943cc20bb	64	64
a0f4b49a3f7570c43de9c69a954bfc5a8afab795ef9d6fd7af872a192fd8fe41	3e9f36194331b04da17730409d49da637a6da4a86a8d2f362f722f8db8dd01df	32f387525b7d7d1a0c384e23f47b43f1cbec9499e2e4a9693ead70153f3aab96	64	64
a0fc2f60098cc69119804497fd35ca9d0cca04ab09fc687bbf2ebf9815ea7ed0	4ab6dc78f9d4e8921f035bee75b37bc833b36c9ebb5566b5c8442bc8a9d2b994	c4782331889f6360bae88125fc0a398c4795bf11056eab4f277305c60c1071d7	24	56
a10a1e3b3c8dd9375dea6c6fbc32159db19ea9f38fddb0e09588e9b25defeb4e	9276b3baccbcfd41f4d7079e73c03d1d76265f56a025f8f35adf235bdeae8380	5aed830c5e96e68840cb534d523bbcc3feb4f82062ebdc5b9e707d29eb33d582	32	32
a1150dce360f4846ad98d8026c89db6f23c4f610c7c64f57f2ceb99373758dbc	870a34c2b73e210f2203a6967195d74cc1befa018b00d0a7b94530bc43c962d3	8e1541a98c0d7584fd1091b3f47a931e04c32688de03cc25a7853ec79022ff5b	128	64
a11e07cd9a8362b3211c1fe8ef845a57f513ac9614711ec58f0407cf0a3620dd	6af0baa8d4843b8026770d38f8704082dd99e52028e772ec5bd949410a25c7e7	455c0524126e5ffdae174b66ec4e32997d3fde61a037c615bd37bdef184a21e6	48	56
a12e271449c5c842615199cff2c8f60473a711e6894e7d91eee7b62114c7e8a7	5d63a372f278c94249249d8d7c27ff317e9680201dbe34b006bfdd9db2ff0c97	cdb1ce9cfa1e3e4af02fe54dc04c9ef06e42a06b521cac6a7991930090c74996	64	64
a13428d3d37669394682e1e3c8d644feeed7bc5fc24da95028ece54b707de909	0537f6e059ac8520523db9c3f217f6423dd0099f0cd2b52d2fc4fd765c59a03a	442569a4ba9c1f4ce5bb8ce0c2715ce136a6fcccd164fb9768fb09e8220509bc	64	64
a1342f2a576a9557c46ad4797b843736a1ab25d6d5a44e7092da995d64fd96f5	5bb68bd38b589d717590264e61616ce33050954145ac41bcca4306925864949b	3c4651c077162f09ebf121fcc8dd65584850360a9f716349468422120e492998	64	64
a147e01a70d6232bb55680644c34806843ee1dcaed2803f58efaff513424c0d8	77f65979fc19c0c0fd147744111414925521a42699ea20095a0a310a9e0ab93d	ef1cee0f0aaead7b8741c0e8a638c872f5451ad734b7dc70c1793c81502d11b5	64	32
a1543af65dfe6a8d710bea3cd8fb399c4255414684358dbdbc4c57d4c706440a	657450c24a259b28f1e71119f317239d94d0e8786a4bebaa443ab9b061c8c89c	9e2f55cf70974b9d1d19c072e0cff7978b5e0703c47e47d5765ba0fcfaf632ad	64	64
a15ef7ed7ddc28e7156d7f38580281bf5ddf2732b3429fb99c9c4f55e514c382	822caf6a4617dc6a7647ec4848e01172b67ef1dd486793dfa823301f0f9d3b7f	cebfa3e8ff421aea07ffa3f7878cd340aa3a582c8db30afc7662b963a3502fa7	32	64
a16ad74f3009092a208edc024e639a723498c318734840cab6567e8d5888d268	e451c86ce48e71bb47dbdf2d6d447592eec935213bb635b54d0bd88d505f7b1d	c577543954e7d955ba1c9a60faa385ae2cae83f65c8fca4c2f6ec0f0786ed8c5	64	64
a16ae7beb504b4b96e7bb112abd5b00d2689864402ee877c3214a06f6852c360	3e15150d1de1eaa2767e11468a75a716c224d49ac1e39bd2f081942e4f74638e	11bd51477c1d2f5410edfc86ba67b98d2c828cf046f330bc681db40e28a1a783	64	64
a18afb9cf1c41dd2c242a90ee07fca0789b4e73257ea52627b2a8716a54ef235	99d4cdb26dfbd98dfcaf8f38083982b702c0d28c2d7d3605c6cf02d895b5dd7b	15311595e171839a6daaf8583ab703d3c23c26aee5537147539c4123c4c4cb6e	32	64
a1943885b964046d1cf352205c3ea65005071e40eeb3bc0332a2c43de4afe5f6	705ef2aaf801d0518b8be5d39f005b34eb2acd6db3a23f7d8703d23483f182f3	d653b54b2a2dc06391f49e29f4ac854d25044ef80c82d249f76778fd70c1f434	64	64
a1a4de861a59d5f5a4048ad730c23f67f106111d7ac0a4bc435f3537cf12f797	38191b4199c52a7cad7ea30b439768f608d70a1ce89a1d58cd94b0a24a34d637	8f2db5a85bd262eeb84d46ee75cb08210bac78dee1cf84094f85d9a3e8fd8627	64	64
a1b464e4cad108af5d0e0882cf37cefe34a8292b8d504d68abb6c9d6b51c6edc	7265135f55f4ce31f52db635d2d3f2290dfa0146ad18da7a20bc1027abf8099c	c8d6c995992acd5bdc4d3efc1031b547fdcb2e52f8f97af12a7a84a9dc23bcc5	32	32
a1c4e8ff9113beb5fb6ff7ccf70a3914e37867cc49018ae539ab447a5dd0527d	f88afca834c25b3fddb37e979673bd1ceb21584d1b2e7498eed69f9b1abd358a	560891cdfcd838ea07dbbcb251601db2d25b05253daccc3cbc7a55cb76eea222	32	64
a1c8465a07412da7daf1b154374054d0e38fcb91bda14eef281d4a0fb59df06e	15cd231a8f2d99d40a161e79253bab4fb313a0a4db02a3a7c782820bb6393201	5970eb2a4ab3867af4755dc1ec75b0a54abdab1a11e6f9615730a99787b916b1	32	32
a1d309cf72ad6eb7d1757f9113602fa467b9220cbc303ba3fae2e7ddb2fbba64	8dcb15c7cbaa51a7844c6b8d191b795426eda897227df6b23f5154c99b419af5	d94d5424e3abbca679d0ca45d18ebfcb4c05ab638864d1c0d53c5b251281e513	32	16
a1e49a4884e6c4668d2e7ad8ab9dde037edd3596a9184cbaaa15b9f99fe2ca8a	68736dcbab0cda0ad89bf522304d9718ef44ff0c46cbd59170d7dee8a8567ba8	10b19b1875001b9f9550864d43e9db24f2a709fb6fd77506e47b239d7e0ea4a5	64	64
a1ecc9eff7f9d4089ea00e00d1fe25f651d659b7adbafb29f22647ee3d2d8e62	78ec240880193b2abbb1796d5e0678edf5e2ea8c6879209514e5b3393653e873	59eb32fe5181903bf8d91043ad3950382871d79c54f01ab1233519ff805b8c2b	32	32
a2004de97e3f216ec93d6270ba7267a5770ba0b5fe5090e78dfa00eabfa1a9e4	b9b6a5cf6e5310498975f077f40fd4385763df35a15494ad35221ac6b8690492	47de86738cf10daa0de5e761cd1d4fcb8a665b66781c734cd65ccb4db5064a25	64	64
a2041411043fc86482211358fb5d6c5935fbfa8929c2f36f0bca7fe871c6a01a	3221779c7da92ab821f3b44077527417b8b5109047c4a0079f9a6b8f79988f9e	5fe478559c0b21c60b09e109a2e300c07861f9b95987da0d88b1861b6a1737ec	64	64
a20a17e8c9edfecc45c7f425f8b0449d9ff46e9553f59a8a61f66dc2e76dc289	9a84307f5b6f58ce211092952ec83e325ef6d5908e015eb290f30bfb2027ef82	77aec32959de65866bee70cd6f110d4b394561a0bcb86f77d1d9b7199455d5da	64	64
a2323e6d8b6ad180c51403b674bbf12bd11d76e780a66a217ba2fd8630f28068	d3356759b5a87dbc68545d154b80b30cf6ba17fc5c28411a9920fb2ede90c500	3ae45645836ae995439f700ad999e6b4d0ffda3029478f376deac971c3fd5e37	64	64
a236fc971ff737e14831f3fee23d4fd43d5dc97e59a76f95d671c09d5ab1e74f	18383f79b2ef1298aed58ae81e352b3627b63680190a6a1b85d23131ce6cefcc	13f44dfd779dbf0587bdd903fe4c4ad8e0b2d188a666913ad1cbd0b4657280d7	64	64
a2643730046c55c8eca037927cfa56b2193408c57240b99c91d8e96c4abf8e45	7ad7fe702141094d295cebc31dc08c5e60f09851804ad8ca4476f64cac7c9519	66771e8319e70d9b0147626b377fc348b768a0abe904ff0f3a76872271622746	8	8
a28b899f65533a8888ce1abf21e0106ee8840e285780eb8c846e647860383737	c1e2745e386fb9749cd717523bebf5dd9c35ae9131d4219c23cec5a2d553d28e	29d2f85e5938e5c4c9da2efae9db8eafb5501137994c4113754145812d7d4d28	64	64
a28d8e9b9712097152770b4ad69c19a6936c31fdd25843b00c4ec908665f88b2	f27245c581ddb8d03cbc768bf9e6091b34a5621e7c66b178d83d1b7bd77a92f9	fd5173036c79e0b4da1c6766c75dbb783675b877b40269ef527cf01f7899869f	64	48
a294386907758f0a0f5781a8668c4af5316e231f8afbb315cdf65b37d4bda136	b8636af85832e1b129664b961a27031693d7e2c3f26612adbb1320a590517555	d5b353435b27d9d4666f1747a6a34ae44fcbeecc196d689137348c27d17004ed	32	32
a29d9879fba978d418044970901a171278cf2a54a924f40904c62749041dcafd	33bf0152e2ecb0e3cd178b9303d92c33e56d265d5cc73585641acbf289d7f4f4	1645e099d3928226127eed54d001b242a4cb57465081f08efdd288ae050f9db1	64	64
a2a409141fc3d88118508cef9363cf82cc2d410ef883466071d7bb5aabbd1515	cb221ca41518c3111854dae9678a5bc230c4fe84b0ebbf860165f2739b82db11	74b974f4a697b39d8c194faa1160c571e7f9bb4eaa611b25d1d8a4a5c0ef4c20	64	64
a2a7ba1147024cd2af7265a6b376bdd503b163a5b27b59c0ef91687bfd95c0ec	82f1c105c710fcc462227389adc3337de0f97992cb26d74d30866a9e6bb65ff2	1e4083676a10fa16fa4d413059385eccf2108ebfaa588bd4ff276e9937150a9d	64	64
a2aac8473e390e71cb3409ea65655a32bab69d4e1ff39e5aaf35abd3d7dedeea	78ec240880193b2abbb1796d5e0678edf5e2ea8c6879209514e5b3393653e873	59eb32fe5181903bf8d91043ad3950382871d79c54f01ab1233519ff805b8c2b	32	32
a2dc664f0a01aa76dbf6b5a266383adbb08a3c8ba1942ea304240e67ef5ec0cd	20faf3d764741a211e52c88570ac14c6a75b70ed8dec1e75e29036b113f21280	55d3a7ce0deaf9e482d372d57334f79d1f7c2319382cdc874199848715dfccd4	32	64
a2dcf5fed5c2b82d2555459193d8e5a494eb200a53888036ddafbda867bc7d2d	63f0bb96224126e14f9b2a69ebe038fb038d2ad21accfe10a9912fa7b52f839b	af11a9878c3be01257f00863911916f84518c76f8068d5069e35089952463c0b	64	64
a2eabf50d3b9b088ffd8b13f5909fa2e4f2ad3d2f70ebac9542f91bfa4207918	222839dc6f836d210986708f0989b733865fca75501cd3ca30ac5c0a70dd2ebf	cb17ae4f320033412c34814c79d755fcbf0141254737229bafbe029d57966f61	64	64
a2ec481bcb28a35970bf705bcc7fe3894af387cde56a40575624cc468db61462	3115984086e5b445178ebfe17788c50d8c040ed8357c1e47088617657028d9a8	9dde010016042d7ca45797f12c54ce26da4527f1d2f98853124e618131a81f90	64	64
a2ee8ebbe50ddbd3a5d111a37ad33b089eb3120f72fe357c672b3c2121034601	6a12f5d272785d04da606b4be3561069abc783fe175daf92c3ddea5facb227e8	2bb539172d4a7c6728188b32366c9f0f0e7c83a8068613f052f516ebd6faba8e	64	64
a30fb31a35eb0dd00dc6e2a76e2032b2ebe8fa2cb9476a406b9723f24cba77f1	1156b60f2666b18ce8d61dd06d36a4cb09420f23e21f4603e726edfe3d3e1e38	4f4555161c2687fe53099e07be9d2743b92e14d298e1bf1324428f941b55a22b	64	64
a3195401dfdba490ec4604e407b9096cbcd793a61d4f07c8d29bcdcde58787ca	b1d2cceda871806b8fb8a9fd99191e1c47b951f577011819865759debda2fa65	fc3a97899f0ea5fbc999bf216e2c5b72f38a357238fa6963d8933f0fba2a176b	32	32
a32dd8898974665cdad01aa3d4ab2492578ff68154d5404af9844dd43d5053a1	5e9084638c58969aac326b3479274b935a9fd0e0609cccdc07c43dd5651cda58	92fe5cbdf46a624a81c1443bf438cce0236b01acf7bc0544240153205d8a15bd	64	64
a32de94217e1291bdf4c4f9b75c4ea7fd865d0baf7b3205ace90002cdc72e19f	93633a1612bc4de566e14a53b4b73ef1c8cc00ee046a80fd1be59b0181bba707	35fe670a775d8e192619bce92fa89abeaea8a1d6d047246cc45f7632a16390b1	24	56
a3391b3ffac9118a480636b77645b1db92e4f20bd8ffb7638905a5dc08c71111	543b68cdc9a376cc1b3c0f99742a2696288c78efe1e6aaeae5064707ea03bcfd	e25ed8227c7231a95e10a40784c02e8c85d4e59591fa9aeada0518f76083a2d1	64	64
a33b1c3ab5233461bc11bdb575fb1b9fc171f4e815322136561c7f03d5c60239	072196c8c8ad6e7f810a4345b5c65904aebd376ffc9d3c6255ec8851e981f7bb	d27f6c26059cbfba8da2fc928257a76fbba801b44575630b1a446742427203bd	64	64
a33f1905b6395e9599be5cdfbbddfe5f86230fe7f95d570f4aee97d8a4f1f430	c167565391a000c4d32025bebc7c4faa6523e998cc4d70a176e9127ee3ec801b	7f761645944c37aaa70def39bb1945b25577e54da8585b963791d64bdbb627cb	64	64
a3752bf73b356afd84a9d4b46bea2c47f9a673b468580aec0375923790931f68	9c94ab481244ff3400b98a36aec77b8f8d9429de2e32513b55e72d39b5595da7	cd7431abb211be398b78fccded3770604b7f2f4753d54b347459209649bd5c70	64	64
a37d031499c91225f1b7fea6c9a89acd6754e3bc31ec79aa55d3e3eab3e60596	3042062a72fea59ee1079db8eacc9d57e95b85970b894f477148669338eebe22	8dc7b4628ef35edee2c46542a3bc9345166a8b814dc78f43cfd5a9d19c4373ba	64	64
a3856d338f727ac404a6f939121f62deed5d5d937956b33477db3cbcf24181af	48bce5c9778815416114677df516b4e1b77b15a26f44a170f06f7212112b089e	6d92cd0cd1ddb4dc29001de44a1aaae27c85cb0f9055ed6854d7108511b6b9d8	64	64
a38b51af70aa25f5f751264fb11016a6a62e122136e624149e280eebdce0a04d	9f2a120328de1205916fef47e1cc5c547cbed7817de11dfde61fc616988a707d	30d1b3f9106a5ed10cdf464e8c0fe96c6c113ee1a008301fff6987848ffcaa2b	32	32
a3aa4362ecc2719026a63efbc1b8e52216ac4b05cf095668159aed3d2098aadf	cc87c6b836c84f90453737e71c96a769a24ab687e6d35bebe9c008b142ee292e	0ceaf61be5db509f91dd465f1df3a581476fe1dd94aca63e33b5ec5b0652e786	64	64
a3b4c9a0dcbe4ba3f157af5c3c3bfbd91e765a0aa42ccc00b5ff187c6205dd76	4350532847f32bbee9d768379ee6dcfd062c1eeaedac28c4a82105760d51619b	aef756f16fc448bf1c3108ea9d767b79d9584e4b6b9b0c533b2255ffa203db64	64	64
a3d26be97cd2838181cb9acee1102a90e54f9e3bdea7cfdfdfee2f85ef14fbe0	d44cd347462e8eb81e3235bde2e571908aab1559c66311ce3930c154b5deb339	bebe6802bec560f0ad675fb4a66c90b76f44583bbb27ca0927696f0af7b30368	64	64
a3eb218dea53e5c8ed1ed9b5043d02aae282bd01733fffcc192e5e61b5177655	6a203a6564712c145806d2feb92f15d73ffc6f77c5693a6ed334b3234843eb64	80c360c8fdd14a3caa045aa4b018190f84be2d062218a96fad7ba979c3cf4a26	64	64
a3ecd4b72563b1192ed17530b4654c0693a31fc8cc47b113935b487199cfc6ad	78ec240880193b2abbb1796d5e0678edf5e2ea8c6879209514e5b3393653e873	59eb32fe5181903bf8d91043ad3950382871d79c54f01ab1233519ff805b8c2b	32	32
a4023c0bb2d480b87e0b0319ef3cc469be57aeb0dbf63875c1e84bd4d84f68c7	4558dc03bf71c2bc1186020079f2249236cab525c4578e70c7cb62a58a83315b	b6b099f4622396eeb3e17fc4a7484a99ce1fe7a80ded1991bc0879132ab84268	64	64
a40276dc6b6f4b3fc7241cc0e3ec412293b2ad6e99ca7cf3a1987e4704bfa6d2	a420743213d068a3b581b92650a1a23b90649464b76c664fa084d61657d484dd	0c7eea72de7f9b8b15b76b76c8fd35f8bcefefa3a73c31c5886df71cb62cca14	64	64
a411372c213bf3aca8c86ca00f839fe369077db8ccf5e99ebf3688b711632728	aa568fef853f937430471a10aba0d9979fc3cbbbd4201b111f5cc2e64c25b71d	2248df8f547a87f96c794901177c0ae0e41d052c3b83eb1d86a9673ce37306e1	32	32
a414c5e5c6b0fb114ce2066deacae97779c9dd1623db0fb132d72231294b25f9	f7deb6e4eddc86068db6f5eaf2f88bd3ff4de304e80593c114974bb7bf9eed34	66e29f4b07f339d5d3b897adabfedbded8190bf88407ebc1e7d68b9b89e2364b	32	64
a41e01cf2ff14893e1a1cb9916eb7833f560f0f16ad423f24c7a6ea437074e9d	c51937331ed8410087ff808c7a3b0f863cb2901d1cd82efc6c3be6f9599239c5	10c825ca112859e2cd39a850f3fdf1c96a1c681a058c159c249fef5f44b4f2b6	64	64
a42d7b681edac46329487e5797ecd66595e9a8023cd1d0a0921d5634719c1f4f	ec229cbd340df1ed0683ac570500a19217a41e7eb582da528fd9542ecc981d4b	0f8f5de7c10bd037ab55a00fcc9e605bbc56db100ae9eed9e550652101e04ce4	64	64
a437b71cdfa493726686fc1dcbe854a85f3007924e8ae26c5050e750a08f4bcd	5e9084638c58969aac326b3479274b935a9fd0e0609cccdc07c43dd5651cda58	92fe5cbdf46a624a81c1443bf438cce0236b01acf7bc0544240153205d8a15bd	64	64
a43b678c216d0803754cecaf67fbe0f4da175bde0aaf9f8594fb946a06339528	f8af24a40a2762f9cad9eb136e4717d566b58f86be450a9963515d29f98008e7	5970f36b024cdc5863e283813df7d884b75645f44d9b0fe0b4361564ccf8771d	64	64
a43c33c7fa400c5def0137ffafde4bf6564f1c1eee7ba3bf5b6eb8f391bd8151	84ca2de0de9a281535aee7b925d4f8d2f5a876d833b091b165aabff29f07bf24	eef4f95d29126e4dbfc211f7db6c38adb2ae2cbc14da9236e8bbfcabb704ea13	24	56
a4420f0ff18613f9c3ba2155cd2aee9540b3910a574fa7cb5b9d325f94790cbb	b24ab8a6cde2d0f8583420c634a53f566c3a93034917a03c627511245db4a6ae	9e0aa56f81e800dc09c2999e19fb60a0a4154e8b7fcb937810e568505c117d1d	8	8
a44c88f3be7965c41dd4d901486ebd26dfd7523cc09a4409993af9a4bd34f5bc	187589a0ae86e3e18868b1b908203101acea2bcdbc0f6483efa672bb405441c8	519b4aa3a70f29dc2ca9639d38c1eafe8f7324ac08a37fdcdf226704b155dae2	64	64
a44d042867c7396c9f46802a814b03b079e049505db1810abaed066ad5e55813	db94731f8092b28174a60eac0be0492d4bc7480307a4f514c4861ea713582811	19a1d901d5b04932a548cfbe764d78fbecaba9e67424796600590fba1c5aa734	64	64
a4618791021c14af321854a831d5eb1fcdee9f1a4a668ffa4fdc871b0d0942da	4ca1533fd44b4d43e9a809547eea308cfbc6d8795ec6a798b76e28ced36874c1	1cc285860599d1cd9fb87aeabf6ded7599269d05faddd8d93bbb8a6bffa9d31d	64	64
a4853f13af59fcd520b9f690612c177e43e00909d803ae4fbb9ce129566ea442	e19bbab7f11f437b148f6360a691b32596ce8be81bcbbd0fb84da0a196186e32	7511e46d45f25271099dba4ca65ca506e74cf2c91f1bc4e8bc6a0f7f46cfe646	32	64
a4c8a3f564a8a2c24922e5d6a804a8bd4379f679c292358470cc815823a927f7	7f8192f0e996d7aead9793b7c0c4560f702a12ec9ee019ed52ddc20352b73701	f90e261144bca66e90ea2b50201551e5a8ca02032aff3dc263714954103a370f	32	32
a4e9f816f39ba380f87da5e66f90484daf0e56502ac87569709000b07ae44f16	da36d27301ac4fcc1db99174215715126217b111f784820b3b562c6273ee7830	9c915364b6bd821c387341bb3e593ad8de8f363cfe3bbc5e4b8d0f5bd21a45ea	64	64
a4ea530276ab57d54cd9644a1dada637ee0f7f8371966f0c1c71523df6dcf31a	70ac359e693dd1914d54dbcd1958a6bcfb91c994a233c3ade51083da8177f2c3	c14f820693ddec0012a5d5a35aa224e6ff2aa9ec8af58acb93ef08cc041097ef	64	64
a4eb471276bed1a068f8b7b9963b40ccd87d31b72e338d28cf8c3b50b56eb3dc	dc12a3d3ecf1a209931bcd470d3ee1f28e30854c61967157d8b05687b6384ae1	e0a600268e4e838cbb2d645ad9b64530a4ccac386ae25907aad6d9f68271b733	32	32
a4ec999ada368601600c09ca9b5a82b8ffaee8f3d941a193d8c18451db3d8658	70c5040e154e1290cf2ef646c8428f5fd0ce4f5ec0b521c4d27e6e02337fd395	e1e44302ba9b8278e17755aca522a5a872df2d66bb90b169d959a585532270b6	64	64
a506e10f00de7fba9603d264d01a2f1215d9c686b1d655f343efadbc6728e918	4ca1533fd44b4d43e9a809547eea308cfbc6d8795ec6a798b76e28ced36874c1	1cc285860599d1cd9fb87aeabf6ded7599269d05faddd8d93bbb8a6bffa9d31d	64	64
a5140b0ea9265bb5083847426f64995c64807eae21a1fd516bc994280fa9d386	f7c539ccf27bf26f981ced80bc55eaed78ddf84be8dbcc568988cd02ffb10caf	474815b5d25fcadf0cbd9d55a9e75d4d0dc3de1b909429d263da6f2e3cbe889e	64	64
a5223f43137a80947947588a53967056f1335edcb28facf312ae90dd0ebfabf3	595c302a753bd85d608d419df9794e15c322f8ef35486353d836074fbc6983df	6d07e37e6113b002014e808ac212b1edf12cfee1731465c801a838ba1092e116	64	64
a53a1159f2313904d4ab125533f2029cbfebd575502313ceadf4173965cbbd89	fed7bed2eaa676cd6343a9939be657f5986fbfca5703158cf3c52a7a61aa27d5	5c76712f5237e2fc3cebf57a37ae4138c8688e9418d2be289c5c2baaa6ad6a16	60	60
a546b4f443e24602917a56d1d39706dd0a88e9c205748b6ba03d5c4566f8fdb0	c0c39f74a7358ee6049f9cf5224cf68d6657819c3d975eb1b2a450096f69e616	7a016423feb3724983cea5361543ca661238580c49c422dcdf9a0bb417575e55	32	32
a546d96216acc4a78b2d29eb67ba0bf9c60491127ecaa3acf2f0f3b81b1e9750	654338e6b04935e685576e2c5572b7f81e07741fec8dcfdddabb3d1c53abb439	3f03b51b4d0024d9a2c7a4ad1fee129d0c6229f7754cb2b44a9f848589f58b1b	64	64
a54bd75e9f9316a590cb33fc3d93f603ce8d39cb92cf1e6d9011c5bbd97a78e5	6f9c0ef774012ea06d0b1594411e903c9e4e82f643821f048862d2fd68a502a6	8e07aaabda0e8ba4a6461fc24d6efe0a936c7879abe1e83963d4642820efaa71	64	64
a54c79651dbed591bf6c4f19dba0709f6b16b2cd073ba973dbf49c6cab162d54	d49361ab8570bcc62ef4145a2c12d819d2c0c09ea2ca7ef75f34ab373f656ffa	3156af8b4526e4815f7d83d65053a2a40145097ca6d1bba199c6eb67583a6a12	32	32
a54f9a34c349011c7e38fbd907d6acef70333018044ff00ed790fba4279f164e	dcc9db7947d372bd05de25406dae94e447e85d8e866133decb1863b2cc2ffd22	268a1f09dc9f44421e088d38b443358c364f3c245e239d8ca4748380dc827e95	64	64
a555f55394f8db2d2e30595b1046c61757230bfc0d98c0259d61f8bf19052910	7fb6b5108231670549f2684007b4feba0cab680e266907e5c05388ae4465c5dd	56d6b6328337bf7c86ee40b4c592d1928b7cd87790151ff4d2ad52442c448d6a	32	32
a55a74df94c036b847f8758e0fda91241932edc4aa46a3b46bdd2c4fd694b7f6	dff76ab13c813b37a08cbe18e28f4a881861a50ffebbff35ca14d40188bea5e1	32abf542f50e92c396c09e35b828c7ffbff13f164ea60a3e3723a37cd41bad51	32	32
a587ed45218a674a57d53bb5632c773ebf410545c3cc3096b9b9e6dbd8ec4200	6880193c0be76c55bc8f7b3f11b0e0a65a033bac760a3f2c0d8add9bb96f8723	e3686de17fb726ae33f8cb591edcce5bd07eda8ff03cdea591a9737167c33179	64	64
a58a99c76be8689509a3f3daa08a25652b1b7f2b8649d34b4ebef3fa1850c401	3bb231de49276194017fb7b14481fe9593371a95a1c2901e4899dd23f4938882	f8892f53b83d8daf89f121c0c2c43e2fca850b25c27d088cf1da528f87b0fe41	64	64
a5a3b4cefd07bf41241b8a09f023ad91bea65b56a7260a628d693c23c3a04044	8bc621150c601700dc366bc8a7274805cc49a0e90cbf4536efde8e29ff85f568	83dfac1cc71ed1ac45abd76e1686faf1c5ad9b0e4e441f2d922bec4929f0b755	64	64
a5c060cb75a1c437748034867ccbfddfe9b38fd2133ae200e79784caa65460a5	4eabc3ed9450bf68dac8f2320d7d276055808e404e6e9f876afb0d183efebe05	862b75136167b32daf3cb893bd0e56f41be975ec30c91ffe8e7cd5df3da344a9	64	64
a5cb23bb9ebe7f543a35e78cf24c1ba0a3cf54dfd94ae18e8728445a9a1f106c	44f8950ea2ba72ac8016afb56b0f81c5e010660c5d6eee610a89d3ff81cdc579	d311ed082fec64d0b669876d357c29cfcd8b72daf934919d5f018523ea316196	64	64
a5d3602b1b7472ca8588add52423ad7efde1166563f0f73856f4a06b6631c385	6d5de28366d96d83b2f23309ea225eb57e997347d1be698aa9c8b814b9a1ccaf	2605fb446ce53d471fb5ea8900d95d4837d406c967d9c85826ac1639cc708618	64	24
a5d93a0dc86e8b1a172f6826cbf5eeff9d21c5e936c9e15f57904cf24a1d784b	811279e1745bc56eae814c663f25f03328e07a695b4d1a36e7f8d8a872632849	d83da19c5edf2329b5127481013679db2ef0c8e4ef5883b73f158fbf259cdb5c	32	32
a5e226d1ee432886692de8e2dfbb48b781f49ac293ebe753a9af8e876539cc19	0a3c1cfd5fc5bf47d80352b462ea5abe8257d21387f7cb01d152ccf22b6d9ffe	adaab9d1a5e99d0cc2dc0eae2ff47ab825a033873b94444e0f10b2c7da08ad9d	16	64
a5ee1847c65534263f5e7248ee5882c777a2d78340b1ff740a0872d991c4d67c	3e0192cca7d3549addf95cbeed664d022d6f79a5fa0f5c6147c02c93db1790c5	0b64743ce058e1d609d89636d5eef076246c0b064024da863dade88a4a794e26	64	64
a5f1d43ae7b1f6460ba6b25c7a58b09df11eaa25e0f51c330b7bdc0bb8567b16	d641ee9cee21d1206c7d6dab5824a2502d09da77e6662efe82687d436c6dca21	475ea401ec72250f11b74da30f9a47861af872854384da99860d6831454dcc84	32	32
a61a3ea552a98817a0f0f94f319db531f895133843262f635a3cb86a5a61deeb	b10ce7e43b8f640bd23638c3842e0c78916da00b1ac8d471316ee301a4e02027	b6d1040e074869f8a951b34111503f532573286c0155b4b189eaa7e14875e0d5	64	64
a63dd21ce9e584fd00620feba02ec36d5fd3bdccd078d3900d9e7d2ac7518c67	e9db7d0cd29f1313ae447a3bce11bbb2e662656dc94b87aaba6d1bee6c40b6fe	20260d0fe17969b0612adc0c62717e4a438eaeb88ea6d02ad872ff44da9f774d	64	64
a63e029b345fdb300e1c60290ba9ef8b0df0d35942a5b092cb07336da6fbcaba	72693f2a2441bfc24ce860413222402a7d22ac1f3ebad5b48fdd96bb25596ac3	d0f8e136602dfd80e2a4979b289562545572b63300b398ce83d32764e7e2440f	64	64
a654a44ebd8226e34dbae05bd6c2c17d5040561f29a5f9e7d40f31726a1c8fbb	e0d12aab0f907835e4560f75eb91a516921da79f52b3814ce50c2a9b78aeaa36	74fa9d7654ba0ca294c9e77788eeb484b39a207841d635873435dd85f9d59a4a	64	64
a660949a0fb96c5eb00975b7d46d435df69ec2cad23e4988bc6a017d175b6191	75990189dfb0c09b31ba70bbd92d708ffed35e14e61b4168c87fcd845b1ff7b5	7b505d6fc55c8768a2dbdc5b0aa8158882409efc0d58eb0ba1a68936f101eb37	32	32
a66c04313a18eb6b91d1ad04412305ecb7ae207d55601d36b26a4008a6d6334f	48142f2f2778a91b500afececa78c4cd79dd8b14964cfc095761b1424b81cb2b	5a983913605bb1bf19cf7f53fb599c02349fdc4c269b09a2a65c942c02829c6d	32	64
a66efd529ffff722ceba3b28a0d4193ce8a09f3df709461ec68ff5a87ac81200	d0a588f463a047343653c2b37fd53668b647ca5b7010ecd87cc3f4a68d675ae1	3d04ed7f58c2e5444de61fa2797316505a62f4f562dc9854c85a49bc5da84bc4	64	64
a67cb85f8a93f4e6033ed3001820377c3350e8d64b2812855546383e73bab5d7	a3891f850032440a2b75bb9653f8f164d3b2b661e72ab164fc63161bc9e34987	9033fadef67a07b8d2937ca4ad9dc9045180d8d17bad9eb6bc047cf0596c86ba	64	64
a67e8481cdedbea44416c7b873ea90a818a4321748237ce89dfffcc9c50b14d9	b287c16b5d9471066866e2b640b00da8b5caf19fe1bd2f6a505a91db15f253c0	a72188c2669c9889452d60eeed5070915e7ca0d8ad547cb605c69e0887cb7db2	64	64
a692934c5b3fe92a9f0531966e970a014f9c38bedee1a4886434ea97106bee4c	52ad795c6e1a58f57e633741bc8da45d6705c9234d394ea29a3638a7e570c8b4	914851999bcf813dde1b79088dab26225cb8f3d54a809b05929d7a869bb76d3c	64	64
a6945bc6e1b935a1b58b0c4c52ef24dd15973bab9216409bae47353674e5fe4c	9db65640b2b707957daeadb04c2abf106ae2d5fd275e875d55ca1451ab053ff4	602f1c531fc1a4f8aa86cd04c752d944824f0b3474331dc2fb04dad77bd7c373	64	64
a6986f9aa5a28278f2e34f5e6c2a1b06b51b9b0af12e55b66b9e3f2d68c5d3b8	786685cd2b45097122c3c0a999b74184d277b9e7056a89791803fdbb0cb5ae11	a1385b20d37d0297dbc78fe1a0af0802f81a2e9a3bd82a1ce365693ceb6c2425	64	64
a69a6c9d66f3592f8275bafa2987360e93e075a2bb309988371819a1315f238d	78799016f752ea99692197df3e46e8861369ea5bdcb02c024ea3d07ab3c00390	ccc0762e69dd84c0483198453d2b6e9e2e430a1e7298c8218271e39721e62ef4	64	24
a69c52e9ea7fe02a26b2bc54910c289dc471dc89c66590a10b4715d116ed4678	17e10919319258484d14b43f86c4b01449abeb3754ebdaf062631a1804ada777	f212cf983cb73b2adb80467fa2f2efc631e632105b8c34cb52a1bcbb20224337	64	64
a69d450152af3a0768ac7afec482b5d4acd93744c0f829fd9d9eb72404a128bf	e4f98e75e9f6da42d986e3c8a89af7d2a1a5b81dc5b11915fae98caef64522aa	ae3918b337b27c206980f599eb07e81c4b9ecf7b7609087327fe20e121c5450f	64	32
a69f1644765cc3b3694900ed618b1ba8ea848962033757f5813e72d64cd6c6bc	3581c2f903f20edd4148706eb034cd3ad6cdaa24509710e2290f651e0ac17d8f	0aebf09663b752816c3510b08a64c20c5e1e923680019c4497ba3f837957ab97	256	256
a6a207d58fa0997e3612f314455b03c4bbd1402ed92317c7bb2ac391927d37b7	5f75c596b891cbbd64f132556caa8a90c8b4b9341859dcf31f08592f048e2785	874f2323920ddf44a5ba84097ffa7d589f94dfcda274b95a7acb5c17e8bf12aa	64	64
a6a8cf7ea6e8dd41b112d87900f2f396017f46fe73f15736c564f24861e5d527	307b5e2099e0eefd5a42fdd1e7004d43836f102bdf0e02b5c8dc9e32a7cff7fa	2c658bb278d31d02df8fc8c5dda4f207b7fe0826db7aa5c5777b3312b0243373	64	64
a6ac67f8babcd13ec679d8e8d3d599e2fc8ed58c15f6d5850a06a696779cbba5	52ad795c6e1a58f57e633741bc8da45d6705c9234d394ea29a3638a7e570c8b4	914851999bcf813dde1b79088dab26225cb8f3d54a809b05929d7a869bb76d3c	64	64
a6ac892cf20510f2b64c22a8a1b1b949ab9ba00bb0aefb76677edc03950fbe4d	a0d5eece1017c1eb4667526d8db2dc523e0ab10263e5b93a76af90cfa1384f9b	677bd7569f2bcb005e097a44764ae493790b537b2b072dc528c577b10366e70d	64	24
a6ae45a03d3ce9e9d15d8bbb7675608f7ea04fab41741e3934204819654c6b2f	38c5032fe4559fc4b3c4d637bbd4ce5af05d7c76bbb374df5ca11091cebb9a09	88210c8c993de53ed21fc531caf55950e8a0e863169c21731bd75f347b1e4c06	32	32
a6b23d2213c9b1336983162a1e744ce7377076c716de8f348c7ce9c09d9fa018	bb0c7c330d87fe49e5e14f2bba9eb77f33e6921e38b9ceb6dd35fc054b5c40cf	b904158609c4dc71c7c9260e136b7ed762d5fa85a3b430b6e91a8c3fbd8e83fd	64	64
a6c0f5f27be009af3bb522f902a85d01f627104e02a151ba573ba776102e76fe	9a95584629266614b4055cd25194513ec0b5caa5d91752d46a48081be8593b92	e0a600268e4e838cbb2d645ad9b64530a4ccac386ae25907aad6d9f68271b733	32	32
a6c19b1af71686cbcf15e0334493e9649dbde310588e69da8008f2672e9a8e12	2552d02f6ad120b4e569e4c183f96a22b3c9c772423c6435ad73965f68bb7e80	9f2c37b4089d8e9af1ae06bff85a128b817693d4e680249cf71cb750cf54ae4a	64	64
a70a90a8e2def3be511e58994eec9ce6407c3a3eb2ed33dd207826f7fbb6695a	20faf3d764741a211e52c88570ac14c6a75b70ed8dec1e75e29036b113f21280	55d3a7ce0deaf9e482d372d57334f79d1f7c2319382cdc874199848715dfccd4	32	64
a719fbfadc02726d2d6221d36301d89548f869bb2cb3a5bef0991c21168302e6	0c042793ee7471483ff37270a68e06d351212eeaeefd571f124f354bdf2f054c	7e6ca1cec8f348933139be5453230c6cf537e3db7de1089fa1d3cfee8a7b9c7d	16	52
a7556421aab7a715c51ed3022e1cbe33b9ea834c648ab4e5b58a55e3766b4a56	a1d3f5b4b08c2f05e24221fb6cb195d903fbfe1d4693a5c6886ca806521dccc6	a0c5a711e6725bdef581564b85daba15199d4eb751c9ef595c576d6e7085d2b9	40	40
a76399ead525ba8ef40d881f2bfbabca0f70247a4fcefb45744a495b66a84351	cc1abd81246ac8b2231b0d789cb60e985a1b4a9644a8fb8b791d9bbdb470a542	0bcf9ea66cd29db66da6248f2b9c3df0477f01d42030a95de1c0b437d565a604	64	64
a7788e7a3a1124d6784f865521db1c7b3edd9e338c89937debeb55e98dd5bb13	688a2fee08fe4b2149560fa4c359096cb2e989970abe84f453e77530ae6cca92	4723a0636c838f86c6a39dd2cffa123c277be4e5d45aeed29b064c151a97c56f	64	64
a78b08f00e3de8269190e615f84fe99e941ca4684ccc3d40b7795113b5c8f0b2	10284f56e22e7b11254bab79b3ccd20bf7b9ad84369f4f70c7665ddd7a181f20	71233d25a0b62bdae5faf41261d5918f99d03a32567fc8f77c34c86e1c19be35	64	64
a790cdfbf0ac51e17aa931717883ae2c45afe0d3bf0c6ce90f34ed4418cd25a5	8629f66606b412467d286a6260001a840087c544c427ee927fb19ef287664502	6fc43050e13f34cf08c4e48c3c5912eb4ec4ae78b4a2c70b230b41a389f0dece	64	32
a7937fc2265bf1064453ce452171635ea0906dda8525d566f55e0685751de905	59a0be0e6e673df79f8bd2d39a2b02bf9b688206a005f9ea7352a492357cdc19	171be6fc0cfd2ad196e3c06be7684ff1784ca30a09976fd162c80f294e4a7a40	64	64
a798f222858b93a8d87af31362e161883186ebcb9e16b728733135b9d0609861	81d14d9a178d3a7cca68f6af36c133d74ea46206d660c08ee95245555a786c60	a58aafc9123dec612c5b3d9b972a1dd2b0eaedc6e6bd8a6297c14aa485860c1b	64	64
a7b0c3872ff3d2b0d4d5b98be615b4e4a293614ad98b01d78e5d4b3fc3e2683a	995eb03a7b7a2af1828fc165ec6516f726fe55ac8bace9cbf53f966972ff250d	ae1dfb3a66401293654101358a44e2827b36f7a366a3f6d51856bba94a5938ea	32	16
a7b1e0ec9cf59fe06fd7e5ac92b36b316da105f71e7018c9aad881e034af8947	77c5fe187e95e6e0ee3acae324aacb7189da9a262d690ededf88d3915a068719	30036c2d1d297af7b2ddbb96131a72a94e5ddb8f5bfc55668857d92be1a3e9c2	64	16
a7b9ee85cf8498b091562446aa2a7519ec305025738c2e2c540ebec382d3a131	76652453e74ca985dfdc2fbe1d6701d10ccc976aab69ed5f3e1daab5a17f541c	1bff54df705ff02b2674282a7eeddce9a7f2db92a4fb2d3febd6a2c72a6c71e7	64	64
a7bd51b24a38fa749f28485a08e7cc31afde9931c34b3f357ef0194a7195c222	7729097590dbceb4f536e5afd22c186d33b7a42ef9932130b6ae703fe1487741	91e6945f119190b1550d31dbbccf4c82021c3e83a8266285c2776b902fd51967	64	64
a8044a99df047ace9cfd0a6173713f2c4aee6a771cf6339a24b3a3ccaa54c863	cba27ed253bd3bf958e1fe8659c9225b0f9ecd14532a5f39dd0d990ff6e529cf	da7911da64ff3fdc318bb017fc927a0cf940d263928685916ee97fa808dfddbe	64	64
a812dfcfae0d03bba69d42981e3628cb380f183056ae4fd2be3bc8fc05fbc1b7	ff1f395c58851aa4279e559407909ad2ab891eeef7a640c476ce16bf25aa6a5f	5a05f6d415029d086fa4ccbbb76f16c571adfe8d0f6d0dc20d813d566e2a4469	32	32
a81f8b61bd8c678e8cdeaa4c6e98a2867d319a6b56faaa7bc9e96c477b973ab8	a934e8c9970d24eaba9c34aea907cf5d7781d8801fca8a2858c2d7fde4dbe0ee	0dd9687b4fa468314def4faa875f06bc507419c1a9021acb556f9861502f3eb6	32	32
a83ecd5be1e5e1917aeee009e90c81f31706d5d8076e0861ff22583bb44d00df	743770cce56b7c10ce0214a694ff0335db9f624fc83956450dd577306a4dd8c3	1464f303eba39b4cc24a4023398dabd6d11ff12515b39c579d007bed7b686817	64	64
a8670022e2b40b8bc7b920f2b201d9cd2a71374200e1e9d93b18297d958d0b99	6af72df003191947c5d573a8886f8ec807fd1853a59cd68b02c3a7a64dad09fb	e9ede16e52374e2be0c9458e4bae3bf7629e5228e9554e6f4294d12fb24647dc	64	64
a873c5cf8c56e762a1c795ab02563ff61c0ba626f24e44988fcf8515ea0d5947	1badba605022302978782b0289b4c5569f59abf4102cd9d3b01aaf005d624ad7	f2020b28582256b5e5d8827a922b3454d67b079853caf7bb4d948fa9d4f3fdcc	64	64
a87463fc2bf80779c7b1fc9a2aa2f04f8793bed38f4fc5268e77a806effd5215	8d4f0b6cc26b10506e8e5e9918feb954fcf6cbad6e382e8f258612a7df54ca26	4c7f2afa3aca6f05e5865ba40af68105edd573bd734c2f33a7754081cf568a46	64	64
a8822a60508b9cd0fba987b63e6f563e4037b528bfcbfb48ea89becb0c7ac076	fa4f18fc67c578e611161915fe45ffc4ca2351721d16831ba63a981470807805	3d9fcb2370f10cbb42e51eb9bf52541fc4e8e96328add65a9362bd0b6c5f34b5	32	32
a88a3f3175859d1fda8eaf58e90c271cdc2d2494cbca60500d79f32c9d5b36e1	a1281d7938036b8273d0676383bc720600195f03b29cdc596f3ac0dac03e38af	20821d0b0634a51e9db73296dd87cd77f0e7585cfee65c46771b639b646bdbca	32	32
a88f77724960b2fe3c3498d5dae65402115fc747ad3f08b4d39af1ae47856377	4167fb1789083ede41fb6c86f74393f3ad905f20bb06050b7035742958ccdfc7	1cdad31cb2aafb77ccd8b6a1f8fdaf4f91e6f0d72cb43d3550e7eaf375b44abf	64	64
a8ab75f531cb6ba6b186b1bebf0f884713ed77701206135abe5da83686c2ff57	f886dbb461960382e7348b6354f1ada7b4459b430e7c282ff71920deece28970	59e228ed500ba1615086c686922d3fad5080088739a0b6e23f11ffac6923babf	64	64
a8ad6e4c8d8cfde339b935bc8f944094c2044bc4fd03549b520e8db74787ed7e	372480c61364fe9cab5708ebcc25b8b5fad120b765512b1b58fa64fdae0cc29f	7864078010996efffd066e584996e4d36e96a8f44f2bf71dd501d42df16ba023	32	32
a90e11fcdc5fa7c5cb2e3290f85bab951e320b4ac14ba96af443bf93e6fd8013	58a37d3fbc5c439f57374f7bb7c49fd59e58345392c96a6e52296c1475ef77d0	8031a29810543987a3f50a4ef8d29acaa989c944fa477970c9cfb68b451e3c90	64	32
a9127ae21102ab775072c580da3cced28aa0f4fc96645dacd1930eaa2c745d43	f30d1a6788d5827c9d2a584c75bc559877e84300ff502ca03acb6aefe75daf4d	2b0d75e2a0f2d6c7d8984f420d82820df29925bff75d7129623778e0c7fcad45	64	64
a9135ca033d112ce243e44c26779c77cc1f2e249c63047eff67a9d7462297a95	e02de9b858b4db57ff74b2b274a6f7cad3d66b29359f406684b23b3891692f4f	24592b4809e068752f5b5632b0055e7468be57188203aabe7536f03d665bdd0a	64	64
a91d3c9904aa22cbd743540571027b7ec4008cf90fdf60d070fbb8fdbb82bbee	705ef2aaf801d0518b8be5d39f005b34eb2acd6db3a23f7d8703d23483f182f3	d653b54b2a2dc06391f49e29f4ac854d25044ef80c82d249f76778fd70c1f434	64	64
a9227aef93386c769a7058b25f959563801c5ee090e90dd6b592e9e9207d4463	18b9dc0f269cb63937953c54c681a2083287bb706ae479a07ea00836aa2b6cd8	1b0989ffcacc926505419e2b45dad5e36e18240cbe3565dea4677f2414176fef	64	64
a9256ba80d514c6414708e859dc1457a072597d7044e0b60e23e574ce6ff468e	e8f96b7c734682f86e9d6b10bd64e8a35a9fcaac8a807de9bfd7e82dce964a1c	3b4f7b82bf82e31e390afb621b20aa2c501e95be6af3fa93768e9b7156d53b36	64	64
a93380761b4cf85b588fceb94a0c074ac4f25db2f26d42b08354ed7751c36193	98372d6f7fd8c3989d08553524ce4dbe861d9f413cce07739901f1f950b07fd6	2f0cc5d1a1bf96d95c695d307706d05267979e58fe2f916573ed657bb8b094cf	32	32
a93fd7ce6f5c6b6b8b208b87e551ede355e384ce6a20b63f327518be288b4a1f	a0d5eece1017c1eb4667526d8db2dc523e0ab10263e5b93a76af90cfa1384f9b	677bd7569f2bcb005e097a44764ae493790b537b2b072dc528c577b10366e70d	64	24
a94b05df0d4dda705e2a2308e21c47e855887ece21c44db5b900d10ab59ca053	751787b0f58a450b637fc7919075e4e2352401788a1a444ac945076891268aea	490946581260fb22fa433541104dabb701185b0f41c9caf0f57361851c95616c	56	48
a962393471404f4547b67c37fb714820bc7cced39821fcd4953ef7bf9babfdd3	76652453e74ca985dfdc2fbe1d6701d10ccc976aab69ed5f3e1daab5a17f541c	1bff54df705ff02b2674282a7eeddce9a7f2db92a4fb2d3febd6a2c72a6c71e7	64	64
a963c1f7138c77dae436e2d314965b4d54fbfdaeadf1d869034729ac0dbbe241	69a5768ceaf395dd26a44c393c140e675018c9608091daa108866e047e7028b7	b37d8c604c38d5822926e38bf8fcaf8c5a6d033cfc790dd94da7a0495f4dcc9d	64	64
a965018619015152fa0b1e44a5aaa87c9ae8df30c813806be73f5ccf92f1e413	9ceb23061ce50e3c03888bfc7b36158751a92bce0c602cd412f710ad8dc6e5c7	28e819c5855b6954357d492af61dcb5c69cc72c874baf84b0a35fabff1e11cd9	16	16
a97af1d3dee6526816df22fa1600a56286e9804a392e3b0765efa9ee5acdbd6a	284934e4038d459da4ed4e8b357fb6a3c9ec996c17e10144b543520caad1752e	b566ee78fe3a516c10735fe76dd33073838012e801394eaf207388c194fcd889	64	64
a98cf875935805cb54330c3bb82e55c5ffc6118238359b9a3f2112c4c665ce5d	f2af664d75683ca0780f0dd4f0689bbf62ce9ef5bf4fcd3cd21388bc7523a9ef	228a0a6721b882003f70d27e3b8061989e14deee6fde2e4989dd610d238e70de	64	64
a990cc0da434a31af9345868a100c4b027a1f48361a7849b537383b3c386d4a2	083c1cee4c662db3e34b9868f6627d603d033d8c24633ab29dbb0ecc569f3b4a	cafdff970ea278f1fa08301a95a56a069dbadf6498a2411b5f5f54ad04961d4e	64	64
a998011afaedf889811d5a9c35e91ae960cee71efe837a5d23b01092fe27f00f	fcb00e04a34d655cad0dc5ccab51d5116b9540ad7186984e355ec79772176fc0	471f63aa944a08e496bee3cc2d9025152e19e667592a155e03238a5f93727c66	32	32
a9a78f5939dc00275e54a53490494114f48837abc88379661f37d861e0631592	c33796531e971c7bb14eb80f92c6aa58c295e1d6149a46c0daace55b616de049	a78ea994146b0f11a0175cfe3b72409be129f07472a4bc64793c482579c07540	32	32
a9ab6c567e8ebfe3b4f545f22a37596499f4076c722acff13c9019d105784066	46ba4c2d1e94010129435ea4e7ac907f081dea4f119c145d3e0034dcd7cb14e5	84172ff8d918e357d6de31f9bd64df60848c02db206f489e2b466c2cc459989d	64	64
a9c654bb5ef778986821b1f8e0a9e436581f854b7b4f227bdbead4873992c12a	53b6db1048fb4adffda2e08a97b9ff0ebf7e9c53ef1060c326dfd3264b82129f	74dc72ca2f59271b159fc84255fc7c7b3a326aa1b9c5925486ebfe73b407fc98	64	64
a9e6f6b012af63d3db94c5cbee06e61cae008d047e0d01818066c470e307942c	1b87ab5b7afe5f0b1b6c5c814b9d0b65753d0adb8d6003e610ec740c1af6f67d	ca209bc7bd99184ed96b949c65e814fdeb9dee620d6682afad86a7780aff59b6	64	64
a9ee26e00d7b2b6f4d45b2488fa6659fba30372f07b3aaff969878b9422b24b2	978dfd33d5aeff6c0509b84949b28f7cec174dabf8d79f0bc12399213f01ca66	98566f094b08cb68024756c94deb8e770c7dd46ee21877b8b6ea8b8016c2a1e1	32	64
a9ef3448a195cca209636951f0523ae4798c0e89b85bc105f6f7590741204dbc	91e83163f2bc4efec196f7790a6da36658c656f11a4c9f732003f91d81747a88	b31ee2c6b7079b34d860f67d162ab79b42b154231383161d9ed41145c74f2402	64	64
a9fd4871adb6953f822228c8562d7b3407af91d7d57dbf2803bf8b2e7a4c848c	a6690f81b79c53016a7271bdae5faaff75b7b951ec039ff1e4477fb05a6f6859	1ff58dd5d987de0da406e43a9c75847c35d979b2801d5bbe71990a8be3547888	64	64
aa031215ab4734a367bf2b01519b9c6b0059356da9ef02ce94d178401f5dc601	a88e96ba35406d10f6149fd5d2990c0e606a2b9189435afd8e7d10620bf27509	f049e1d99b36a17cc2e8f8e5db952bee0b4c2513888e1c2c6bc5fb366dc806bd	32	32
aa1d2db931799e713f68344e2e281d812a7d023dc47c5af2a3af056968d3bd6d	7efc3dcee14801723f595e65f69cf9556d127b9423b02c723ecc1891c4916c9e	c165e2cd4f47e58482e548d4045260cf721a5e9afeae56f2a188dfc89bdb45d6	64	64
aa30c94803fd0574e9fc4e7bdcf8ddca38560eae197b681fe5eb0ea10f0b087d	81d11637d6b8dd7c2ac610b8fd815dba4635858527371b9819165e2a556cff1e	74fa15e7aef2fa10971ea753b0a2d4fe7e803c99f8083dd852a8ef7325f1ccdc	64	64
aa3cb9d0bbf86e080558747405bc6207f36667ffe4241311b9ec7932be8f6994	1edef030c9cf1f82c5012802e9b06ab565b22c1258d2cddbdd19f7deb6e9637b	e9ec74e06ea3ae6b480d68b7253873075ab94cb4657e6a5193b37440dfab8d7c	64	64
aa468905b240c3bf94ac31f539051a0f97188952992ddef3684bf22a47332387	a433773333c812fb0c1a434501da34a224c796142e230fda56fa110d225b9908	c78cd2d1867e59069c470b5e774d7333920023a7997c8fd724786b1df95540e6	32	32
aa5b6e606540b6aae57b34eabd8d9707ed0a877260f826775b4534b070c7bcfe	5b05c7caba9fa63c710c5d5bcd160c7f1e6a72d1566d856935e6b280653cf36d	09a7cd2b9c739ac3a73c8a65e36799ed045d0e34a676ef16fa477782734f54b0	32	64
aa6bc8aa138462de79f5f58d25688c72d5aeae6746b9a5a8468c4804934399b3	22dbc22ee1d111eab9f8ef2f2642e138de2e5608db41edfbc34f9a80977a092d	a8957ef259872cdef937445ebf4a6edcaa26bfce3e63f6b736f649b93cfde047	64	64
aa735a5917553ee307d03e59cbb3fa9db320c40ff71741affabed11fa527b2f0	6b750ce779fa0bc4d40f79aab1be3026781d41263e4dfdb9683a74fabbe85af4	ed22c5b53d9c203c356356df093d546977e757de67e72d9115a60122d92bc269	64	64
aa90015121b8bf70e48cf8e13b04265334c326f57075e792c64b5757e8a2e7c4	083c1cee4c662db3e34b9868f6627d603d033d8c24633ab29dbb0ecc569f3b4a	cafdff970ea278f1fa08301a95a56a069dbadf6498a2411b5f5f54ad04961d4e	64	64
aaa41a49b20b0b2d8e0414dc3ba799c04a82aca1562bc7c7c19b163663a80315	8c3d7b87d69d57dcb05e10b991efa2aef1a2698095bf8c0683ee5b0647833473	0f7523e3f3c68f84f92c880366a04a26553e1ad675f9c62a58a3ee9c7f4acac5	64	64
aab3002dd2196f8d4467013b2f7b6245ecf95d556a6ef01c7404a2a45bbe35ef	3a2dcad4bc83ee6ce39cc237537a8d5532f923bb926ce6526557c045963eb124	43d98f8a29a56d868705bac5b34618d2ae8b5b45aff7df2bfac44e1d58214350	64	64
aac05ea68b6bc9ce382cab0bb69508eeaa747e0d589f631745ca06c0f52b6b34	7652fe61a17e77e3f61eb8a90eb0b33dc351aff28efd6d076ff175cc0e2d069d	2c523adaae0bc385f34413ce81af49ebbe3699804275d427f40c0299f03a9854	64	64
aac26057443b3aca8cd0beab2a4ca87449a9d625efbb3701be56791be75a7048	41fcd1fbd418def535b1fb7ed3f0b978eaa9f45ea35bcc6d43aab75e741bbe7e	24653f2aa828b255b8d3ba95a6e792fef0aa1be4edfdaf91936327ddd4501c63	256	256
aad18175c8ee3fdf8c0b14bdc38a6585e330583d29b6e2a1d326b6fbbcad8fb1	346ba6b35232d38a86689eb073406d01a5e5bcc6ec4138476d8bc7c3bf8f5017	acf4dbc34a042ee82d5f785be599f6f8f27911079eaed6c5822b9f702bf78e15	64	64
aad7e2d27c7ca3a5aa9a8e01e7521ab9e7f8962130a0377bf85ce699b03e57c8	3d92bc42c10cc647d1205afaa42d1b2a0b348480ed4506ed25faaa589da7e52e	b0a63624de1b93f78856d34dc9a1a390c80b7e1b6c93cd383bf0bd4ae8916fc4	32	64
aaf38aa84f02d6360115d885c6c1bbd7c97926316274763fdf9902a0edfcfd6e	f3690519669b661ade6d7aee57712dcdcfd0ec651b1e989b490f06563f47c24a	57e6313accca057a16e441f4b336cc633296959669c963dad599287760d408c5	64	64
aaf65bd978cda3d1c22db61a7f701df2b1a521f9f7fa2e9cd12b5f40ede39076	3761d6efb92944b515d9def0edb5166e26d9735ededbef75864b37f12dea7055	297ff7dd06ece098a9dce3292b94f5d570e579768d499956a31c81df74e03c1d	64	64
ab2337412db4b68dc8b32bc0ab71d55c5faca14025d2b500e58c85ddb17ad176	5b7e350185b54587543d189e5d30c47cddd2648e96736c5deb48baf97eccab7e	b367d47c2a07b0f2f164211657dc59176a25e45be5d4847480d626ee4f2a5623	64	64
ab29730ff2c377de4af3b49160d6bdab542553cade27ce94df534d2e3591b16b	2f40dd09c76b7591e23dd3a40aa623e87242f4b8e10bc3a33f76ad2a7d207d99	1a6a1cffe0aab7ab7f15eaea9cf10518dd6836739592e5e4524a86b751a6eb9a	40	40
ab2e35d7ad576ceeb0d46bb17c4d2b060941d902cb2e4f6f486ce6939653cd41	9af5eca13f416d7f88eff06c33615c05b8246777842c222c5c75872ebd5c75c8	5431f46e2d0ede8bb9856735fdbc40b2704972ff816919c89d6a0f8f16694262	64	48
ab4178c6c900250761d8feb1268d188042a8af803dc5d308753d5054ba48d838	223f22b03ac37725f6e306b4aed468a345e090178a1b9314e11b60dab4b8e465	06e77e829c6ca971b2b1cebb77564cd687ed2bbf3ac9ff594ed37748c0cb922e	64	64
ab56737bb7d585f92a3856f1d69f988e97afabac240825b18a0a5df2e49f5a83	263c748c17f80dda1570413bf012703ca68d95411da6f37ffec2db187b104a2e	ca98ca6f86dd5169b2cbdcead25261e3c5bf1523c45a17975460dfe6b8f55e4a	64	64
ab880dd9837d0f09bb3e71d47d173b718d36ca21ed14c42d6684e2f3d3489086	59dbe83d8e7f066d215cda295e1e4abdb5ecfd4e0fc137e993b38efce4c6bd0f	f23bd9064ddaf30fcee38c848381afda3aaad53d13c2d620c2c622b7a9f7ee7f	64	64
ab8fe2c8c7a4f8f64f05536f144ebdc6d6f348fd07d876a10e581c86ac884938	55f6686e32c8940f52aa0007976da388f99840ad7f3b94b1a3d644b4f7c44a93	53edbce78bd5dd1bb0f0f058cacee308e3b4caee24ce2c5abdf00166634d904d	64	64
abbf536d46da94d9fa3250042cd49547ab0b8b074b7da7388f917117516e1efa	e71e9abf4cb83a05f4ce938b20c5ad912e2c42b75dccca52c9fc7f4102743091	da5d4ab98e645ec4876d7298e6c5acfa5136d442b0c1105dd837fd7603fb83d7	64	64
abc9d093ec585a21187dc9c001c8ec9827a901df0639ddb6217c2e2f87de089c	1a49e85d257ba5e434bfa0003022895a196042111173440675c1827afe14c0b9	e03587b670b0809e8dbf1a06cffed5d2760c06af7cb878c531849694f397ca35	32	32
abd630abdcc21f05bc736cbf4ce86f3b5f0fafec14efec1b1e68f0e93227e80a	39517a7d5e6aae434dd3b2ebefe6502b610f7ba90a506496ebe2423037884485	cd0f58e5c6b8244f3c6a1f6fe91015a2dd52464b7e17f903f204b39ab2279f59	64	64
abd7974ebbdc3a9fe157694c334b7ca545eed9950ad42c76f202d7a05d513cc3	84a95272aa284cfc48356e6499e4b8c7680f1971852f2bd03494b2a823c9598f	7f261719fc63aa80ca98c9a1281d4ead6ae4d4b4e7a5ca4a3caf09f34cb39ee7	64	64
abe027585aea07e8a63e863ab9e9b2c9041a2ba3f0399fccc10c207502dc37f5	61e2b705ad8081af8dfd948c35de70a7e0ccbd58779cec0a6ff27f986859f0bf	aafe4904a542d6e966bafe428100787cc3c88846ccfc92f4dc53fd451df9c02a	32	64
abe164d32a8d2c28ada9062d0e4e2e94e8a0f0a9d5f4567c5ef4c8071e7d287a	feb92b792004437a2eda5b13233cdb64db06fc529a4103edce529dcc138e7c36	06a1be97b7fda0e64fd76cb962d1e9d5de295a2a6aa802002abd9b65dc82cf83	64	64
abf9204022d1414c051cdf66e9070f1e3df813f004d256dee8c1ae0b9059be8a	9e524c50cff3934fbffd8eb0341fe7b659ae07ef518e8ef11e31fa3659572784	3087e736b865d2bd7d6663690c9689c9856a40333933dfb60be4115f09efd6f3	64	64
abfc2be9978f696bd6f4d998ec0d894eb8df03a2ed1eecdd5ad0724472171576	326c5aefdf53285d1b82fe51b4488bcb2a796db7c7248680d779618b9a88c8f6	bfb15ca3ad2a708ec914aaedc95efea5a9b15f346718bf4f14b872d3c699d87b	64	64
ac071abf4b8e81bc6b906860dcf3e337382e4d52ba775e01f9e6185f2574e0bd	4f86b3b7610aee0eb57781fed138f874a2abe2c5209670823bc8999333f9110b	5fd0061a2cc704f4e8194c2481baf42c1e4d9a234f310b0dd0e53c86369f3294	32	64
ac079fb585a2f961c4db4c62183632b111f25467248379c632ad395826de9f39	70af7905b7b3477d172c9c9ade86983a0105fe5495a51a776d23cd3e10d0fbb0	bb85e3279861caf2cef23d4b1ea5c4d2c3fdc46152a25343b5dc77481fc0332b	64	64
ac198816d19ed004e445a2d21045fe8d25583cfd767b0aa6a633ca23203f6e8f	64e5ba88401c138a37abf0330189d4a5f5e7e9543e7ae7f8156e228d3f8b5483	7eb4425084bd36f48e77d213e4889bd1ca85ce1d28fa7856c1082f6936e12912	32	64
ac23fc109f6765324d58d11f3b02bb9c877e82d2c4dbde8cbd8ef4e5b1f6544e	7c6efee672351921a45a2c2ec59d308eb843f6ce43356de66c367d82662e28c2	fe85a7c059975705bce87778256eb80744b107b17c3da8a307db78e9462e372e	32	32
ac267cfd16e301d9cbc71704a8e7144d7e450fdd8a0c99ad26f0b92870e47f47	6df07a954e834f172756bc37d8591721b3f09fd0256c11f0995a4b11a118550f	e85d50f9b61f4c0af0b38806a8cf90fb0fc20db285240d7dc3893f0445c449e2	64	64
ac2fcc88b51c0aff88c90440109d01c2c72e33c65ccb4a2ca4ee1119654af90a	851cac64f83daa1e67713717f6daafa7267f2b538e05052ea7a87fadd717857f	801804abd56ed6afa07b638831c94b0df77114f55042367aab9e4d60f924488f	64	64
ac31417d80e0d8941135dc7d36357ffe966ccf7368c0fcb273b6e105ca7f479c	545ee086ed7c3a15ef6cc8bde339f989b0645ea1de6bbd7db4c147da52c654e8	15d33ec02ba60b4f908cc0e778174f4603601f1a109d67101f20c638e2d7e323	64	64
ac43cb8b032d1826c30f557a0d5f7afc674906d0d7e41c3d7f51e90cd2e24ef5	b4b7d50b852d4b1d11bc9aae1bab70a84f24b0cc8c339d3582f6152b66e5fc2a	1063458591a1d1f0622adc7683620601fa63613840a1ca225f28d674521c72dc	64	64
ac5f72c717798824e7e3fae0a949472577141dbdadcca7ad1545b1f426557c95	9f39e7177dc193052583fc8018c226f3e7de2f9d74a5125620d5999d8629123a	dee7046264f33ff3c045c75639e08b685d00f51b018afff734c6147c5e702b8e	64	64
ac6c914eae60b159ba889bc2a451ee6d551d377ac786d16fa20c7f7a682ff4c6	2f5d00ebb466edffc882890606e3c918659356205ef7b0aec9ad18f99aaf7678	57ad6c1e65b52692c74de2699537db12f832248c30cd19434ec9a44d8721ea3a	32	32
ac6c96ed636105045d49009d5b5239750d7338d274e4e93e7838798b02ed1d6d	781a35ddc0acc2774abcfed16c506b181ff86d326751fb294f59803f4d94bec9	0c52ae715b1d5ded8eb71168c2021ab4440a8598d9f31f71ea1e03adeece5784	64	64
ac84175acfc7c880fa9d0e2b1b6bdb979e0039337feccb3af318ee4fd6c4b9c0	a31cfab36e361cece18b35070bbed3871cdb5f61e97c9a7d3020835496600b96	fb56a12d7b9355450feccfb78af2a2cc6dc2dd3af5724ba4ded2827258a54ac7	64	64
ac86699fd28ca11361e86dc495658088c55be24f8b1fa4fdd38fe25d234379dc	0e0069ba8f3f525fb0795accb64f90f54543088698b685204cdc88e18a7cb51e	88c4baeb8edfcf682281250b57076fde286592286b4a510a48d75d7b3c1f7236	64	64
ac9c4587b4c2b8e247863024b7d58805e2f79d707f2e7616253c2d94bc8d5c50	d6043a08986d062d2a64370d1ee2300288bbb9b6e438e6a8989d4267c77ad07b	d43beb60e4f9e5459e959860b8fb4bd650c5751d09109188308c7c0b7b932574	64	64
ac9f3d39b801e1bc3c5dc16d8288d0dbf67014f7da05ac9e4050703b0618c8ee	669b48fc68f0866622b051044cb9e9853ca0811047d9a197cf80c4f87aac7443	e2c4cc5e41a2cf110196fa7b6fe074b457e73b2190c9bbd297f0c81d4e55706e	64	64
acade0e5aa4f90c999040d3486613a941326951786ccb58b7e7d6e2567aea867	2e9d2293c36798c71e8ae30ac6dacfecbbdf43ba1bbcd4f0d83084daab6e5b4d	7e2e748972c032f671ba25f0cbe77463cac180dd6b49124531ad49718993a41d	32	64
acb7304bc37de65b5d3ec70278a7cdd221256094cc3109379b700830a1afe7a1	7ef1504232c8206abc5b73e55a7fa9d8f831103ab73076bd054b2b4a757fb579	a9128e58a1189fa82b449917587085c428e850014538ae0d16ac10de68c20283	32	24
acdb4fb98d1696dc11f5cfc36317050218b4590f58dd5dce025c631f599ce945	bfe0ef20932cba7d7318939bf57ed201a2c6cce0e55668cfcfd0293f1ac8b22d	3b19aa0007a14ef3af778d3841d1981ab44a97c5f2270c584fc5ae7752bd6525	64	48
ace275f97df99b4849cc92f1abdceecae7c3048cf8451aeb9388661387d90823	187589a0ae86e3e18868b1b908203101acea2bcdbc0f6483efa672bb405441c8	519b4aa3a70f29dc2ca9639d38c1eafe8f7324ac08a37fdcdf226704b155dae2	64	64
acfc058c9c8ed820e9418a316beeeb16e12e6034c6c33294a4e97cedfb384048	2e3bba6f2bd1722e8d38d9158a024776313df520a8c36687aa9d854f6b9aca52	c5c3278c9795c858cd46d8950be55dd75968db8a846607995418047a6f2071c5	32	32
acfceadcab798d4433938abf68c4c52d092b5c1d4fcd2759965f2cfa29739ec1	6b22a087de4fb21b5711808c0c204cc8f4c787324dfb77f1ac946d3c22e2993a	7fa5ee28cfcb3c76f3d74b9302b87db12f1c17ec40eeecf138667c8b8a45d4e5	64	64
ad0af7811d0c844635e0194e9350ed9bce0a727f1622b87c60ff44de2718f3ea	8b539bde44472d08e6c36bf35485d3d0bc87ede20b142e597feb5d3e4d1b4261	3b7de82c07c424339b91bc1b93111e6811bcee1114ff7cb193376cb79cefec6b	64	64
ad10ee49530d9226333fec7548b59d00df3c9aa1adbce3acf0e4d4565d1f9325	a417bb938a2d2363420632205a5129a5ff82cad4646d05c9529589f88a7566c6	e6a9c8ecf156fa848f3171eb7233ff75feed6276f16a884f9dfa28408b0a79f7	64	64
ad238bc6eb1801a5d94ec2808915973fa800e2a68a78e9ee2130b5923ade1634	2e9d2293c36798c71e8ae30ac6dacfecbbdf43ba1bbcd4f0d83084daab6e5b4d	7e2e748972c032f671ba25f0cbe77463cac180dd6b49124531ad49718993a41d	32	64
ad283c1c3a2d7651ad1a5628ac33fb1bb863407aa7cbe992755a4d6f3367208e	0eaa5a16192298fbc0870e1e77964b907752619144d8404f9083ba22ea3ea6ed	0af010e89db91abc00937ea56db6f5e2f967eed37e7938f687825eb47ab53a9d	64	64
ad2c883924d4edca8bd53afe817c63e4200f47d8322f22ddda4b76c82c64c733	e6033e8b83c95b907f4c50c8118ed23114932d43e5ee19e917572eea23124671	efc858e291abe1a344947de359ad8e71fb74aa72f022cffaaf0fed3e2e2ac6c7	64	64
ad46d90ee119e7ec3aadbf75db22fbc034da55f2778dd10cc1ad5de2afa745f8	1a684fe2b1ddc4d2655d234107152d507ca3f78da3c2c2cd13ad155aa6e56c1e	733634b0d68887a1d6a976b19101a0373704849e97e7544204297046d1e904f2	64	64
ad68085ed193573e683b77bf6d29210ec0f34aefdfd59cc2c9c09bb08b49d656	187589a0ae86e3e18868b1b908203101acea2bcdbc0f6483efa672bb405441c8	519b4aa3a70f29dc2ca9639d38c1eafe8f7324ac08a37fdcdf226704b155dae2	64	64
ad70e8d726c7b57a2de2f59e8715ce43aa8d1f4c2e500f38ccc35651452eb81a	c9e352719fc46392d36e99ceca3d76a48074b0e0b3349ff0199c35723cdf3507	b69b1c3ffbc0f7eee1bc07ae1aa244c831701ac21081222c24946a09133f97c9	64	64
ad7b6b96e0feb7536228ae64b286fd7755e3e5f18d87e10c54ef64356755542f	f8bd7ce4173847daa8f240733a894fd6d380e0415afc41abc38655fd35cfda15	ff860d74a6034e0d14c271b6e6803b14e2af18bd3344c939331f48ce9e01e4af	64	64
ad9800c3d5e2c6d2ff0a29b672a63a7697613a6a407b9a7d18a3370089a8835c	6ff37e7a227257a789e8368cdaffd31df927847e8a340214261de383d9ff66be	4c5d65bebbe8c21b10a3fb55f65d61e5d59be9fbb7ef49db5d3b7a6d7f6cea1f	64	64
adab26f917fcecc4aa68a4517feefd6991956e66bee365260d986273f8356192	e23e3ee9672c910b5fb1bfccf1bc60a508108b38a91b7a9bb3a440c567810969	72b19e4356716ebd8063b474483cd22cb0f26ec6b3d809b816cc5dd42cdbe91c	64	64
adaf0709e2e85668e2216002a4639b3a56688c2d903a6ea1c42db13b0df27ed3	4ca1533fd44b4d43e9a809547eea308cfbc6d8795ec6a798b76e28ced36874c1	1cc285860599d1cd9fb87aeabf6ded7599269d05faddd8d93bbb8a6bffa9d31d	64	64
ade4d288f3aaa0226492515202869eb9a89737f7933b8afccf1b9ad772b5da6a	b793b7592c5cea1c5109062843e657a536329bb8f2953828ece8a218f8de0eed	41a1dd55bcfdb738d045f3d2e1aa3a2e92b0abb1db3d06b2ef5d55d2fb9c15a9	64	64
aded21124d1b4b33141dc142b11e3ea000e6d61d5b8a39ff9ee5c00fce7f2b4a	07138e8c11d19fd9a0fcb5593025db2035200e6bf61577b84bc683408001d6f4	8f20d514d2dbb2cd39a0b595e704f66ac54061353110140fc3fe3651a1c84250	64	64
adf46d58bab2f09cc76a6ac149f4be1da12513a36c3f00ae43a4149a7594582f	e71e9abf4cb83a05f4ce938b20c5ad912e2c42b75dccca52c9fc7f4102743091	da5d4ab98e645ec4876d7298e6c5acfa5136d442b0c1105dd837fd7603fb83d7	64	64
adfd0b04305127da59f2fb4aac24542785b17c4d22737e892d852c2d9f1df9ce	372480c61364fe9cab5708ebcc25b8b5fad120b765512b1b58fa64fdae0cc29f	7864078010996efffd066e584996e4d36e96a8f44f2bf71dd501d42df16ba023	32	32
adfd2530fd9493517180d2b1fc55e249f9b05864429cc0c9f692709f2ca52fb7	803911c491ffe5556956e1c0c7898e584c3cf42ede9aa3e8b70939fbe071fd06	4b5b3f517994ae326c36c49192f3b7fe4d32ed01c950cdc0c7ec0135140ae935	64	64
ae012c6e25b4a4fd1c5e2ffd77b99ce1d73a1e1de5948101b960c6074a91e240	ff55ad3ec9a9c14be6993b7d6dbaa5b7e7c6a34ecb16e4103234e56640008e8d	344ec6a6b505586c3f8ec46f0d954f90b745822195f9a37526ce1d530eee3caa	64	64
ae04449cd35ce9eac26d434e67f59bff8941daf8851c85d5f129d7274ab3db38	15cd231a8f2d99d40a161e79253bab4fb313a0a4db02a3a7c782820bb6393201	5970eb2a4ab3867af4755dc1ec75b0a54abdab1a11e6f9615730a99787b916b1	32	32
ae0ff59b1d51a1b703128430f551c99b48cbf4f507d333b7ca065cd0d9033048	8b539bde44472d08e6c36bf35485d3d0bc87ede20b142e597feb5d3e4d1b4261	3b7de82c07c424339b91bc1b93111e6811bcee1114ff7cb193376cb79cefec6b	64	64
ae2dfc543e1922371464ba15e7bd3567ade0f8e231019f2050225573abda2df7	132eb1a6aed66d009025ded6661c465d4c0b861e7b9707a7acf03b9049db443f	240fad2da44e10de17b584ef5284c470dd2692641d67a2444c07f2bcae858bde	64	64
ae311e3baed2fab39b2eadcfb9a3fe23d459cf467280015cdbbae5fb1396336f	a4b94cb1d1f7082f570937b1e2f910c249808e179b5723b1f006fb2a23b38afd	d9628f2fd774d382367d395b6591a4042f2e692873b7f421c58adb7b2c12e616	64	32
ae50fcf2efea4a1b59c4f5ab7c1e675f2b3cafd763beb8428bfc6097a7ee1516	b96dbfb9bda0f5074c127fca1efe7fb7c1db4b68738a6c25783546db34f01100	b5fde607162fdf76192e8654ee65f4d4232ff5056b53b5322a00ff0170c414c7	64	64
ae67b0438c46b8c8b4bf8879bf2b0b387373b6855e5c3aacce3bcf5a32b43a53	f7ce1ad7cdf5f44ca6aa481a84e6f0a2af98ff056544e9c5b4f66d252f39bb0d	3b274d56ee475091a38cbf744481ab448d8ae0e2693e4c3088cb8e57ee30ba68	32	32
ae81ba6f399f3b253566bbb1ce9ac852ff85baed91f717005cbf43146ea5132f	4fd37cd32c6f284939fbb3e7dd098c01f9c417731e51ff00e89576d01c7cc524	fde62cadfe21bb11555d21540295ed730cae4c2849930e7bee2e46540c06897c	64	64
aea0927ee4c8d0b6e81d2d06fbbb77a9562fccbd10efff3e79192690d90c6600	511c015c32dc30b2546332a1f173126cb5e50f2ef89505591a1c7ed23a1c1d87	69bc31e1a1c5c898624b19b4645be1ad549f31611e2bb1a89e6e0d8c141b4fc6	64	64
aea38ee3ca88ac0b1e0d3c54496591dd73a2f4973c5a272d3b5e93cb14f7d345	8b539bde44472d08e6c36bf35485d3d0bc87ede20b142e597feb5d3e4d1b4261	3b7de82c07c424339b91bc1b93111e6811bcee1114ff7cb193376cb79cefec6b	64	64
aed660d3d86716ef6cbfbd19b4ff2245dffe85bdb63218b776d7d0d214898ae3	0952ae6a008767758dabd97292ffbc9399e8960fba950519366ce714031d771d	338f927c3ec0ef7490ea3203a2be95aa42e71ec96fd42d326896469f42c56d72	64	64
aed6aaa9a1442206ff28663d11b158f2f7a54be81b05197c9fb643d65db45476	fe2c10ad2e5e0a40b51ba3d4a66f77af431f49c46272b367a929dc6b1f20fc98	22db6b36ae494f8ba1c8c661339d5c5f87f13482bd23c3e4e7c2ed69dbb1aaa8	64	64
aed896219f803d7c4f7c155f7f831fca3972efbfe3bf62137c24ba7f53ccb083	daecae301cb2a00314fe8185b5cc7a35ada339834f54ca74da7c41bdaa91c424	052208141fb1963c9891b00578129319c942369dfa456ae8227072ab39311c8a	48	16
aeed8f4cf9666980e8d216abf0cb1ad1e69d0f4265e890018e55a850cbaa7c41	347173b95a5ea30a342a5f09958c0c84a6512f2acab99c53c0d9f77040eb1601	2252fa129f647d6efcca2d65d8932c20bd4e4ac26379fb846ce7b2c0e609f8ce	64	64
aef1be7ccfea6d59c552428bcd0d5974a2a4a9e5e069c441d62c15b04bfb34a4	705ef2aaf801d0518b8be5d39f005b34eb2acd6db3a23f7d8703d23483f182f3	d653b54b2a2dc06391f49e29f4ac854d25044ef80c82d249f76778fd70c1f434	64	64
aefbe257eec39e01fc9e015193579017143cbe365850ee33acec4e0cb418a716	a26b2eb343391d831b8b3fa193489446c15a9ca3b9573d78739bd45bef7e6384	b724df779491912ac8adafc8cb6324db08c570236a72f409250cf09c32d029cb	32	64
aeff04a052e05fa7bb84b47bf75e86d37cc67bed180716153fc6cae10e803b8c	96a9a0cac26a161a0279945c396dfa8ae7287f708f4399485199131a67a97b9a	0eb08f872ebaf9391889891ee6e17878adfa6a5792c56dca7e61a1d28f5f88e3	32	32
af03527783cb8cb3e95fc0bf9776e78996dc23e6b0d7ccfd35174bd5b0f4d934	25e535d3c53530bb278c8c8f77d2f43c44a57e267240e0d665752e248a607a19	2115f564f3bc6c69497eda5bbfe969f77963a97765b2ea076d1dc0783e7f5f46	64	64
af096a800e32054661474e05ae9a61e36581c1eebcaa0ac1dcca308fcf664422	0492dc0fbb294c74d5c83f35122f3008d3fc96e6a4e9c12c27f8183a34c06cd8	29e81789c8e2c9e4de2c69b98ecd6759b4715113259ad91d1a26f908dda207b9	64	64
af191d21ac459b399982c19175f689c719b8cd31ec4007d334dc7b696c64bc4b	a88e96ba35406d10f6149fd5d2990c0e606a2b9189435afd8e7d10620bf27509	f049e1d99b36a17cc2e8f8e5db952bee0b4c2513888e1c2c6bc5fb366dc806bd	32	32
af243474318e8f9ba74fbe477a0f5b2957905a7cbe9c64c2d4f22aa3c91cfd5f	2d3b1650acade76ea98a3c24fe477760ae96b9f8bbffec1d9ee8d138a8dfdea1	b6ec5a3bfcc5334afdfb39b6320e89a4d704f835fc3ffaa093f41b32c43491d7	64	64
af25a8d91d820b165aea33ade94c4b25ed1e473ebf0d7a29a0bbc06480f3313b	122e929dd5760c54fbcbe6ea3727a00f4e5322958b937970df7936a6002de468	b562d7b790bbfebc9359699fffd7b611c8155743428ad4446e49cb5ea6ed6945	64	64
af2ff05fac33c918254f42418574114e6af687d6fc13c1ba26bd9c3b5fe93a4d	38191b4199c52a7cad7ea30b439768f608d70a1ce89a1d58cd94b0a24a34d637	8f2db5a85bd262eeb84d46ee75cb08210bac78dee1cf84094f85d9a3e8fd8627	64	64
af3d2574b2f232fa2152ee9db8562fb8b6393ed5d1b4f9496d9d5c689609e69b	f897b3d926425b37c31317c978f68a1d0e19796dcab9783f22bb494deedd9d3c	b1dca1baac5d79878436ae49ffcd6433b7feaeaada3f968b8c0e6d887f6db5a5	64	64
af44ac435c0a68ad525dfc0ce79cc70340e594217f9c849eb2114a7cb2a3cdb1	f9562ff39ed5dc4c247f167fe6e2a109ea5bd3f0054a538a8f6fe113f07114ed	30324882fb7c5a1ec50dd40c6a1dff3576463c02a8d9e5bdfb9f941c0afaa4b0	64	48
af46abaeab0e5b0505effc6a1691bc42e001a5eaa90deba39167c6d65f2cce70	8552877798215d7d2e09570924b8015af03c8320a8eca76f7b93bef3c01529ee	8e99e9cee63511579807ab1bee4e052ac1f7ac823ef3761d06426115b1f57095	64	64
af53017fcfbf73c3f05caff0f5c347b839ab8a4386c542f1a9ca0a1f790f4e86	4c6a1231831bc586ac2da1bdeb764c80ca356c80f445c585aa8740bfc110f67e	554ef9890c5b8ad1ecce389284f63f105db76b7a3c9b9dab6c8f6ce0af01eee5	64	64
af774105d0d48bff578bbeceed84e04a0fff3e5b315decc9521b4e583d85bc25	58860064eed0f4febf927f340d7c582c553f33b24fc4780c411d31c974e51d9e	2afb9af03d20acdba8788d52590289862b194f58f472f75b2f2549ea50c93d86	16	16
af8970671cd1b6a8b8a918ac79e56772420ff69a8caad38aab1c577cd413cc4d	e7b9c475fab3c5fda5c75a871338f7e55ca43ac4a306d37005edf1439f58b834	90a10dde4070b477d4e76e3210817b8a24f96a660337462d969403554dadcc56	64	64
af9062cb5e01e107ef124b6cdbd9aa15191bd0062f66558f9884072c66dda36f	8ff7a84f645efa7158b1d55e2f86df3b57fa893f1fd533e46bf040112a2a34a8	8966da4230ae6229c5857ac1259fa1617f24307d6cced74ff3a08fcb268f9e71	64	64
af93a99edbd13d0675a4fa073c1822e7c720cf859fa3df43e78f3d1c497666e1	63f0bb96224126e14f9b2a69ebe038fb038d2ad21accfe10a9912fa7b52f839b	af11a9878c3be01257f00863911916f84518c76f8068d5069e35089952463c0b	64	64
afbb2ebea943dee7d8ad4f94f872b2ea25d7894dfdb960f49c823b6045d57cd0	6741cb265a248c479a0f6750d1bfc491a9ac385974d577942867ab1f13c53873	58c741a830e0e94e6b284be4cafa6558cf26ca03a56bb64f80f16733315f5fbd	32	32
afcae0bca2da4a49d2fe2bb4dc11a62f0f3a93f8082fd3f830f7533918d92f42	69c91f694add996f7868fcde0733542720b3947f62b01401ab5a9cf72cd7a009	da5d4ab98e645ec4876d7298e6c5acfa5136d442b0c1105dd837fd7603fb83d7	64	64
afdce281c2c49346c820ad7588069daeb89487bbffca3a237afebfb10fdf51eb	87d492a545b6b1cafb846ff03445b55296c5983f788200e3a3c6992a37e4ea3a	f9d7a105535dab485fefbc3555dc1bb2e74d480f3d39aed12473a4ead6e7f416	32	32
afe3d0a437434bff4757fa0678a7ea5c17bec38b7680597afac445fe17668990	82a9819466ae94a6772ad4d2f30f5bc9f953f7ef9dbde2c17322884e86b2a98f	efa394927a10977f77835757ccac6e7352e29a1e9627b02d8b28d6d8b1be485a	64	64
aff8fc61a178e3fbc281e075cdd64a823b339845f61cc2295e3be9cfcc15d770	d5dc793e16cb86b33b92490d1315ccf0671f4dc2d45ab4bfe39ee0a6109f3040	1645e099d3928226127eed54d001b242a4cb57465081f08efdd288ae050f9db1	64	64
b023bc4c9402322e8bc582991f33af4acd8da4a19f727b65893e89ab6b130428	8ed72e23b32c4d2156ee538e1b2a91ef3b430a4e11ae391fd808dd398584405c	66068cb917c7682a9c47450f037010ab9ec583af13d8f8699a9f9d092117da79	64	64
b04abc24406d758da5ce7b596981a109354e2052b1b02e5a75dd5df182d4a05f	fe2c10ad2e5e0a40b51ba3d4a66f77af431f49c46272b367a929dc6b1f20fc98	22db6b36ae494f8ba1c8c661339d5c5f87f13482bd23c3e4e7c2ed69dbb1aaa8	64	64
b0742059e0a262ebc3db61830059ae1448524f9ca3222b30491561eecc5db3ee	5c083408f805b5cceef9f15967c5e87103d0036fba089f28c23e97556bdc7dc7	5282e56a9aeb05e57c7997ef7fe94a875b9b567c62943ecce4ce8a2f1bc716be	64	64
b075d16be0395dea2b8983eda5e56d5600e1123b92380c2f980211a57d422694	f5df97104770fa7cb506e82b9dc2c9ce1d0596375dd530714547faed8cc301eb	7ec33b6f9b9a758be22e832c13c8886820d88fb55cf18191663fed2954a99ea5	64	64
b07f31c98ce31ce5ef216dfdf7ea918514926834ecb8260e067bab84c77faed3	1e1b4dee460c4def1179884671bdefd03b802b6868271743f635d781cff7af47	2d498d14dd003b6f2f5a735f3e767f60f9f825192f8ab7c1fa613d4920503505	64	48
b086b420dcac26aeb2d4519d927847da78c0ea358c227ac183623e31a936a133	dd0b7bf7f8a77c8d694e99fb08edd5857d2e46ed6c6e6e380fa19fb7f047cde5	84c7462e226e545cec8615577925d86ac0369839521358758307ded4c0aa3f65	64	64
b08dc8e8bd09b48a7fdadd130c00b86206f8b253039d4d5c2fe9bf42dbf0df70	b23a341c1593873982d1bb72fadbe373bfa54ead296900a172f527002fb71dc0	5aafb70504cf79aa1e83179069b37228d21ed1640cc705c77971d151dc2978e3	32	32
b08e222aca2faec70d8f536f7f10d4dc2fe5dc6903df1f312e4866d6e710d14a	b287c16b5d9471066866e2b640b00da8b5caf19fe1bd2f6a505a91db15f253c0	a72188c2669c9889452d60eeed5070915e7ca0d8ad547cb605c69e0887cb7db2	64	64
b0ab086c0e723767d45b7eaa401ba37c2753e19be2d9768dc3ef990c945d2619	0b19c4cf179508a1080a526537a8c6a877f336bf5b9e3551583b509f3fb12924	df7a51cb5492fb97688d9c8a5d9742eb3f86122cdb937e6aca03be8bd141736f	64	64
b0d1acbd1e24e2b4de9a0645e3b57eee8b64af2ae1291b48d485b684c466b3ea	dff76ab13c813b37a08cbe18e28f4a881861a50ffebbff35ca14d40188bea5e1	32abf542f50e92c396c09e35b828c7ffbff13f164ea60a3e3723a37cd41bad51	32	32
b0d2cd82482bb95891f15819210f6f7bccb08594198df4adaecf19001015b94d	bffa83bee38a29c7967eaa3f7899fb57ae56c3baff01411054623328d4e0e27c	03c908ec932903411c589855dc7643504f516825489c497d6e7a20134774be60	32	32
b0e553adb119cf6ff5b708b88fecd253ef8f04107355423567d0702a3f8d3907	0c2291934d3f08af7c4a181692795a55dff61dc369cb274ec2a85541fc511e63	47501f18695e65e512a3303e10472dda93c87ea978c94afd1515c5e03fda634b	64	64
b0ed724babeab10694488e5f5b03c316fcdf8723a4eb499baa6fa9f2a0c3b607	25d16bd8a1d6e61296bcb6c9cc2899c9a55c48e1ff55df8b17bf0ae44486dee6	d83818a419985c409712342a9f3e0448060d9c46774cd85db90a6740cdd2d44f	64	32
b0f76388388b6620b476cd8f5c250bef21559e8ac0c05e7209ceea83a881e978	47a3eaef01319c691291443ce79355cfee814a08f4995f293cf1cfbf20426770	3024d3218f7dcea017e876f600bcd3b7cb0794b5a4ae27e79dd19f2e2d079b7e	32	64
b0f8ff02d16d51cc251ac6475f4657fd1422fb3b07a3b60fe7dec598b15c5781	288cd288bd9c8d3c3fe346856163305e3ddbaf47053e936f10e1cd1908f10e4d	881be1c6538f7ff3e334f085cdf219a64810fdecf58b1a27306f67e23e8b95a8	64	64
b102aca6452973c592195254ef6856af3b14bcdde636f6771cbb3ef99f937196	dbb9450f3ec8627970b0d2b1fd071f5935ce1639fed454854951232d9ba1fbe3	57b209d8618f1840da93942ea10cf003af3740a77a3075ee64344e1ad4f325c5	64	64
b10b97bcc0f158e6344c581b6a9f12718c8262c3e7f992dfb0a373a5f40498a6	abfb1374c3d4e1fd397d079345bbe844da83037e5eb5183c16c51d74fdd1b3c4	9e5a45436e187420493e0287abf77fdf40bf8f06e8b35a40eac2a22fb1522608	64	64
b12ebae105936e18660ae2ddc37d1173f0415b63eb29891e92aa7c862d333d0a	ef32a6f9770d2adb3347c3fae67edb56d774978f8852b625e3435e94f69ae5b9	f505fd5ca64e4569cd9df510a95950f33047ad654b0416e3274ed781e54b2334	64	64
b13511c20d6d50b314c38d971203e3c748969dd90123f3e4ed3e3bc5bbb2caf2	76652453e74ca985dfdc2fbe1d6701d10ccc976aab69ed5f3e1daab5a17f541c	1bff54df705ff02b2674282a7eeddce9a7f2db92a4fb2d3febd6a2c72a6c71e7	64	64
b1493e986526f92c32d43a50922ec9f422f8e19a41cc89bebf3520f13d65afcc	372480c61364fe9cab5708ebcc25b8b5fad120b765512b1b58fa64fdae0cc29f	7864078010996efffd066e584996e4d36e96a8f44f2bf71dd501d42df16ba023	32	32
b155da43188329cb783a23f30b663ebfe56fe5ab5fd505bf3149b38946ed62c4	9c94ab481244ff3400b98a36aec77b8f8d9429de2e32513b55e72d39b5595da7	cd7431abb211be398b78fccded3770604b7f2f4753d54b347459209649bd5c70	64	64
b1773be418ff71eca88ccbf29ff6fd62c9f3822f1bbe9ebca7716caa2f7178ca	8cc4bf7be73147b6b5f172760ba58c91ade1670038c29e18d9a62f1e4811a252	6b88f1a04fdaad4773b12497d69edc2ef13c4b53a8911f37e286c5f44eb600d1	32	32
b17bed3cb701029246744ff89ef8f39d44e4bf76dcfdb988d5d97270210560cf	1bf05d52bc894fc563fac986998e0b10654056a8faf17f2c1d4ff0c2d1745362	01206460955be5782194f42d02a7a039079dbf65ace1d5e459d9b1068fe43499	64	48
b1925f41353958e18239b8a6a34fd074a70b2aa73bc012058e29703f49883200	4017361fcaa332a089c272743c1906f6fe7165982dc65b164f028580ebc216b4	d58feb6dc7b2c25cb555927effeca7c69b75e255f43287cfec97a968b38ca54b	64	64
b1a100c17e517e49e6e1359fdf91b72844471a9933646a799feb613ad19660fb	8425a4c7e52e22da98fcd297afc4e9fa9385b5edcadab60339442b593c9d65e4	39ed8aa330b10ac7a47e0b413c8c093fec0da9607accae33742e05373386ef92	256	256
b1ac89e22d21fe611dcffb78adca990e95fe5c4d5075e80123eaeb671f2dad63	c1e2745e386fb9749cd717523bebf5dd9c35ae9131d4219c23cec5a2d553d28e	29d2f85e5938e5c4c9da2efae9db8eafb5501137994c4113754145812d7d4d28	64	64
b1af88529c247b85c38923599fd9417c85aa4d448c3b487cbad7acca42b8c1fb	db18c9947679627401b4a20048d816ef07a57f0f3d4904625765ebdbcad260b0	5684978eb5ca9d3206b5ed4a28c61bf918ee1dbfe6a6118601f5e44b6c5ea805	64	64
b1e59c93a33dbe1776b1b1fbdc001600bfc8da9a37860ad9560189b49428ff70	95cc88a9ea82b2201b51bfe340fd05c492af323af81c83302c385819d25a02aa	57b9d7eca39a53e6b01e29e2d4a8fbb08baa928040dc7e5fbadc95763fa66c11	32	32
b1edd2ac52cced3a6d27c595d579a7f99f93cf543f4cb7f19cd55708feb4f646	db94731f8092b28174a60eac0be0492d4bc7480307a4f514c4861ea713582811	19a1d901d5b04932a548cfbe764d78fbecaba9e67424796600590fba1c5aa734	64	64
b1f6af16c00fe3d5bf8a61aa31c566979230451adc7e21bd4c5ea1461216e6ab	781a35ddc0acc2774abcfed16c506b181ff86d326751fb294f59803f4d94bec9	0c52ae715b1d5ded8eb71168c2021ab4440a8598d9f31f71ea1e03adeece5784	64	64
b1fc258be861ca252c02b8c667f70fed4600bf3a2b3d4391b7735692fa011fd2	b27f1d4416b5f2e825d96f30ff074311befae814b95765b90b889cf4d9818495	525757cf7ada310262e1aa34da264562310aea1300bb2766fd44c5fb94640865	64	64
b20c8bcb667a2900042999b7316c283691d99370b0a0a49806a2f6f247bfa5f4	3be112385c816ceaef1da1764e472f736fac976388b9975b675cc21072af5324	ed7a0851c3da6fa4333289ed8395ab9c111f865819ec35a442acc2a646ef4a6e	64	64
b21d667b738a82ae250224fd74ea904f645ce235d8e926d10b774d63a2676aad	24f33a5af0a10a1b78cfc3d2503f24f3fdf7b077d21ec0464fb6bc8b15d8ce4c	d91b11add836398540f2d37fc0fc6ffa33f6b2a576e9c48f758ce02fdc9ef94a	32	32
b21f01923fcaf57682465e17c439352b41ae2a6fcc7d03ae1b7556de45be5331	06591b3ff580fc4b5a4b8792c867299fda48a5ef1accd1673d2f97d153211ccb	3c5c8814ad7616b7b38f0f4cc094334a360999e9c6df08c7070646d2c170ca8d	64	64
b22d38808d636c7eab15b8cca81d9b2de75426a6ea8d0acedca8ef9c3ea9e555	0a19b0e9a4264f18fdab18f70d1563f089363e273b2de7e2e2c8fc61821ab3c0	813a5d3e53e95e0fe65a5a618201521887f52975a53f5d77c9480df1e5b45258	64	64
b22d52cb05a2db2636d42d77427288dbd3dd48290c077a2f7667dca0b5684da1	39941ea284116477e161989f42673f89d6886244a134a5cc4d5053234bf5cf4e	695257526d00eca381937e010afb955bc567bc33f106a7229b65a0f6986c3c76	56	32
b22e6c984ecc656223f9875021d992330ff9fb7ae42339c43ce22dd550c6d2d5	6741cb265a248c479a0f6750d1bfc491a9ac385974d577942867ab1f13c53873	58c741a830e0e94e6b284be4cafa6558cf26ca03a56bb64f80f16733315f5fbd	32	32
b24555d5736555498cc0c89d3fa027275ce76d687630bbcdd66aca3752691800	27bcdbd6cdc3c225900050a82fe8fcbab091d1592bb87311db53b7848e54995b	b5d56fc9afc76c951536a5fb4ff0fa9c50340351c8ac0efd73198532de38b6de	64	64
b246772d9eeae875db1444b27d6606c150ca46fb40a1bcad7cfdc980ca987a72	cca4a229a858240839e7ee8d4a52c43b87639b44cbc091ff9d982db9266cb0e5	29e1cf470218c1583b0d557eefd71539fad984d8759474163dba431b623f846f	64	64
b256f6bea6717f75e39e0e9c3cb7e403aa416369d9c44aa20e091d3817fc55e3	090b5f5bdadb71ecb1fea1a7547d7fc98ff08cf7ccf80c2f161e60c4c847122c	134ac9cd62910ceddbd31d6b3f7fb5e30dbdb25ec278b04d821a8e010559ddba	32	32
b257d9018e511873601969fee80e7a7da463fb7b29c4e120a7b13449b318988c	669b48fc68f0866622b051044cb9e9853ca0811047d9a197cf80c4f87aac7443	e2c4cc5e41a2cf110196fa7b6fe074b457e73b2190c9bbd297f0c81d4e55706e	64	64
b274ffd77368dfca94a58b436a33c3f6f84ed0ebf196fa58209e50f947f113ae	f81bc005ff2293a24fe6438632cd4621d155d4e4007edf97505be3698f58df2f	f6e68cd7389e82eff2520b362b82ede764be8e99df1e6662fdd8bd1a269623d7	64	64
b277aef318663f00bacd42b7472afa1f0296b10c1474817de7d312641f62cab3	0cc5ce51eb34d69b96cfeccf72b1491431e3f4f19f4558498bd0daa1c0b5ca76	1abce6d26c33385b72a9e8c639455946871dc8228249f0e9b7709b00dcae6cc6	64	24
b2a061d4b82e9d10933b3bfb93c13a7b41441c8602d099f261314f9b593a9c0f	9e35afa9a2188ba7af646dc1d2ef09e0508e5ea5ff5293880f19574ff20c4e3a	b4cfd807feba9aa3e1a6ab9f73dc96db99cbc538e5c72ec30268fe4e040f1861	64	64
b2a3cd0207eac078a1b67ae6e5c7f574e3c6ff98649e815e02e9dad88f399b78	cc5e3b4a929716cbec22cb82fc945121d22316405677400f83d836577f2331a9	f450861f152563e722e1da170a9fa50cce29be2c3afd0656eaf653eee5b416af	32	64
b2a4bf34766a4b7a89675f90cf15225f33037dafc086fff8dba2758f3286c48c	a433773333c812fb0c1a434501da34a224c796142e230fda56fa110d225b9908	c78cd2d1867e59069c470b5e774d7333920023a7997c8fd724786b1df95540e6	32	32
b2b9c7a86107e5db38ee457e1e6ac4061a4f578a6a0f792f0252ad18d6a4eba9	b287c16b5d9471066866e2b640b00da8b5caf19fe1bd2f6a505a91db15f253c0	a72188c2669c9889452d60eeed5070915e7ca0d8ad547cb605c69e0887cb7db2	64	64
b2bea8276ef7f6515e9981b14a0d36b4aaef266a7844db1ed6ebb7255f11219d	210f512c5b5c76700812ad3bfcccb59e7cf9212fa8b4e4feb01a023d9472e2b5	e484feab0475bede7500fc8f2bdecdc6d4f4a6da87001bd1da12282abe8aab4c	64	64
b2d8cbed18041ee17d52d5460ab20edada809ac1ca45cdbe8c4b9f1eda7becc7	2131639ce49ae26dc5de8de3472ebbb3496693d82396e674effbd92e2ca9d4cb	c72e1bc2c91746924ae8a32a72216ed0a09f696ee3997883a460297d8a33e7ab	64	64
b2e33cb764c50cf809476047a7d35aae74e9420ff58f88320b4ae6ffe308ffbc	187589a0ae86e3e18868b1b908203101acea2bcdbc0f6483efa672bb405441c8	519b4aa3a70f29dc2ca9639d38c1eafe8f7324ac08a37fdcdf226704b155dae2	64	64
b2e5018c7ca4920b65b345ea1b2886ae3f3cf53508175691faf2a335e78c175e	0952ae6a008767758dabd97292ffbc9399e8960fba950519366ce714031d771d	338f927c3ec0ef7490ea3203a2be95aa42e71ec96fd42d326896469f42c56d72	64	64
b2e701983d3be9ec42787ee8f2728ad3dbdf49ceb1712ecad96f6c5a7dae0892	4e54a079bec9672c6901e124a898c640d39fc5343c0d5c61ac570ebbcbb90d2f	6852160745fd3f2d72529445c86a1e13a19076dc3bc62c24c63a013bf51de89c	32	32
b312c8929f650822e0f3ae2be6e5d0054d81a29fd231dd592448076cf37e7abf	7518110f1762640669a9a377cb6bbd23ab175086ea60d1a8644a8f730b22c7e2	41d16815330da1aa4c8a38ac0549c556e6275ff87fd76f3fa75199d0357d790a	64	64
b3211732fffea484013ada0e30a1c53ab7bea18188f259f0bee930f817e85d1c	0a5fae3ddc4d50de80b76220536a352f42573e52e8b4f840c02412064832106e	c735e203dedbd2802c83c8e3742ab05b388c2ddc4636055b5ce3210a6cdf80a1	64	64
b328fb0eb43ce95c89603950a7e89931cec00c8b5e14a3f8e0e6fd86bbf2da27	c575567765e91e2af53e9c3ce94f02dc109d78df4a3f6c478ecf20a96aaf4a67	15a4059afe0a6a80eaebafda722ddb46101e3ace77da5d1717b8dcaa75bc19d0	64	64
b3298dcb208611686d93649c6eb542a7fbb536ce4179e5cfe2cc2e52af289e10	e71e9abf4cb83a05f4ce938b20c5ad912e2c42b75dccca52c9fc7f4102743091	da5d4ab98e645ec4876d7298e6c5acfa5136d442b0c1105dd837fd7603fb83d7	64	64
b33369e48b1442030d267281a233c8df29a028f5dc215a8aaa5460f9b9815080	b40b26d7db42cf47076550a8ac2be7c52d038a13f1d27e6a4ab688dfbab6139d	c8e951caeedc6239179d34bad51b4d3dfd0c48ad60d3556e615a53728ccdce18	48	48
b33537c643d30d4826914d0b2546228645db09880b54adab1c19385821d68df9	e4b492252d9ee938c6fba61d95fa80feb3b262b8fec1acef0e3ffcc54a203f57	965eeee106ffdb1923802da3fdf563b83bae8f2aecfe53db10e6fdd1ed930158	32	32
b335cb4a40a968839cf5bdd78c3f80cf766f3854caf39bf77360b22c730670d4	e0d12aab0f907835e4560f75eb91a516921da79f52b3814ce50c2a9b78aeaa36	74fa9d7654ba0ca294c9e77788eeb484b39a207841d635873435dd85f9d59a4a	64	64
b35250adf190935f86f612484791c7e1400c96d53992557273a5791b8bf6b122	0b2d6ed42e3d9fe7da0d84e2893ba2f02e2c5fec4127dc04f604b4c906ec39b3	453b135ca8568a2a6ffeb584cb5639e8918d23e3b6394986980262e8e06a2bd0	64	64
b355661e4e7852c32c3b9b98e5f4bf0f528a0513965a725406b4173422c6c51c	728d1cb9363f9eb95c56766085c9398284e340065541cd3c926f4ebd3b6945d4	63ceef6ea7d4f4d19f86f5a48d78e955460b32ff672ab41c3c2f97ff3fabad44	64	64
b35c94dc3e883036e1f83f7e6ace7b620af77e6a494ba797ca365d5e8254695b	27a7a0eccf1ede19f6f6347a10abcac738178e8cc1cd9e0b07c3f844ee669178	2d51f40c27034ebd92d1e7897db3625968cb50ff3169f9f67d33995b7ea5752b	64	64
b37ce2ba520a5127108a10e98d97f505581d1c831ef9f77319786edc96f24681	63c6b800eeba57d6e9d18b6a9bbe53541da2aec4b5bfe8f77b5f21fbdd4c0112	868e74244ecd5ed571808d3b7a7ba8107ecadecd295e5906c4287bb3be91d33f	64	64
b37d144371536653cf46002de68805e655b0adb6d529d8addc083f7258ac2694	f0ed82470229bba7d6373782ac1ce233abab5816a3b36c9bffd07554f4767a88	89bda9099e43c1aa8f8de29a058ccdb123dec474cba440513ff95745d988b896	64	64
b3a0911de7753cba8e8c5792ae42d10627c0671fb2f8840eed370e4b4ac56f2c	f074436786115e7687ebb8beed9091e1b9b2a0388ce38736873525f1674e4148	1bff54df705ff02b2674282a7eeddce9a7f2db92a4fb2d3febd6a2c72a6c71e7	64	64
b3a964898485673a0d8cb55945879f1225df71aecf5e73e79591ecb2cb511ce6	830cfe04f37e3a4ad8f4fc682f05392c5d3a8630eb08530583e4ebc868e4a529	e37ce44e3f62837046f3656afd68f0dd97d201c0a9bfd9ea805a1bcda3f02f61	64	64
b3afeaced828c9f992ae5773ff71690d1fb7fd1c579684e2a0b5bbefc7a9b8e4	e6033e8b83c95b907f4c50c8118ed23114932d43e5ee19e917572eea23124671	efc858e291abe1a344947de359ad8e71fb74aa72f022cffaaf0fed3e2e2ac6c7	64	64
b3c7c589896eaa33cdbe6814445415972867b4cb3894be39074085a0d10a4159	2b50d8ae767e64951ad9ec68f744feec4138118f3ebfa1da919a42fb87f611d1	04909674097a7b488475aeda6436169c0d49bedb376efa486717fa49320d6a1d	32	32
b3d3126efd25822b10a3260d516d0167b7c0f8a75ebeef793d9110dca7bbf3c4	18e4ed055d227f0c95562fb8cc42fa33f1f438525038a189a71252410b8b59a7	fcd0f84f2007974806727665b1891bc78b561629e8aa23c43e7629261b24b387	64	64
b3e1216cd919a599d7a76a5fe0bbcf026f6dfd135373436c1fa02b085b3249d1	0952ae6a008767758dabd97292ffbc9399e8960fba950519366ce714031d771d	338f927c3ec0ef7490ea3203a2be95aa42e71ec96fd42d326896469f42c56d72	64	64
b3f0cee8ffe7103468dd64d1eb96687752792126125218715cce3637496d42ae	72b484cbfd7d43b445e901f957d35682e179b0c9314ba1be8bb99f003adc3eeb	7b66c235e45e941c9cfa4fa47c8bd7cf33afefb4ee7ac8f434aac49b830453e7	16	16
b3f194163f3afc97fe4fd7867e2dff17f073e5d8dc51a1a9600c014a4653006f	d64ceeb24d0543d805a6c7122751c27fe7faab38925e194657a0e529c8599de4	c1cc72eb8cd73135795e1ef0a943ab66baa9860b6ff1db630497065601965de9	60	60
b40ca3707b0f04dd32df79d3df624fdc6a6c6d191f38e9af5fa60b6ffbb85cc4	77d08dab9657a5bc01185a767bc03521ec542247996d4fd6c4b11fb06f6d3e37	4bd4b806869c7fa2be9b3ee0311f9d9e6de30e9bfe631397dea710813cc5fa1d	60	60
b40ee3c163b10055fb6d7d93bee44ec69bed823e66faca3b18cd4ae6f19f7465	be6f5bf23b3c91d0acb9d1e0dfc29d91ee5564b1e149a72beb32479d21e908a6	919a0652aa1e90cfa924fa4b6f366c96ae50d932e728c296c37d9b90d058f4f3	64	64
b41200f81df9d40456f5610854e256353640c12785a28990f0900729034ae157	ad5c519cf443b06e74cc87e0002e5ce1d9c135fe475b583998f6dfce587611c8	2c838ed530cf54225f499ba3b94b3bbb1ce9406e5931ec25caa8b07eae7bbb8d	64	64
b4221569ada247591dee9e1c44bdd70726aca88044a69c1cf4a4b21f7491849b	a7f0012ce05d7919eae6b10895ea3aee40f58dff4b439b77c9e323a30a2f2d98	d2a5828c5bea30b4703c8c6f977399ad58341e4695873e3432ba971b817a8241	64	64
b428deef06148c686297185cc4169b7d0ae2cc9058b7ff868528c5670d4ae7b8	ec229cbd340df1ed0683ac570500a19217a41e7eb582da528fd9542ecc981d4b	0f8f5de7c10bd037ab55a00fcc9e605bbc56db100ae9eed9e550652101e04ce4	64	64
b42d431ec35b8a7dad0cc75d1ebafba23fb9ef848631a1cc0b9cfc3ed366435e	f163c356079abb5821d9d58bdd80ffd1a877c057409caf69dd85fcfc4d8e20d5	d0a1aabd47cb4b069d1c56fadf4b79cbeb77d86500e10a99ce6e7f50584934bb	64	64
b431c1b47967a4d4d370a8a752df7b81de4ef28aae68818a024241791946bfc0	3da28a3a6e78400af2a204047c2a285b423cbb94fe1c60684ab185473b4f2728	0f64ffcc75d1a7b38de8fe1b0175144a6b8f3b6e3fd6e46639e82d8dad4e5a53	64	64
b43307c2140416f225649a032e0cadf72acc67efbbe4d8b17927173f31ee896d	3c206ebb407ffdb525f883dea3722bb42bf641daefc166697ce88bced9b9e686	417d4471f2629117c337244ca6599ac7cb8c3d0841081594e139503e4045bb55	64	64
b439799cf70b5332892a7ae681ea91adb3a456011872613fa7d5e730900df94e	a1281d7938036b8273d0676383bc720600195f03b29cdc596f3ac0dac03e38af	20821d0b0634a51e9db73296dd87cd77f0e7585cfee65c46771b639b646bdbca	32	32
b447a38adf9d756f2011882e3d6e06240cb299224f631e9a2a6ca4a648628185	0f7fdffaf5c102723983061f12fdcfb6d49c7f6098ad3a764a70667e09427567	6b014633b10c1975fd7282e48bd2ae09453a5edb06f3437ff98c6ba4d513c64e	64	64
b450d2dd47588382cd217c0b4f009f9353ea1a7cf849efc610ed099adae000d1	321c6cddfd05a4e6dd169a6b867bc03a615ca07c45d5f98cc6095704a06df22c	efc858e291abe1a344947de359ad8e71fb74aa72f022cffaaf0fed3e2e2ac6c7	64	64
b47349ae5b711da2b98d7078be1a90ebd530a45cbf475f1d6857872cd9c1b21f	c36d6850723db5384072807bd6d2789ea608f27be4736822fa6f801f9ed48188	e73d8f0512661af3a3984a7bc150632d76700cab561e510b34840b4ae0944e76	64	64
b47bf516d2096c114f11481450bc28324db894a95b14a74336563fa33afebae5	8d2a3be5ee0c2868e27661ae9bd4940ea782e5056747344c47bdd74c1a6f96a7	526cf627c4c98ac7083838d649e0c5ffdf8e30cfc1ca30d0f6fa75cfacb116c8	256	256
b4838fcb9777ed818629a6d1b7dc580d6ebb574ee5e52d7ed8adb46242a6c939	27a7a0eccf1ede19f6f6347a10abcac738178e8cc1cd9e0b07c3f844ee669178	2d51f40c27034ebd92d1e7897db3625968cb50ff3169f9f67d33995b7ea5752b	64	64
b484b760660196daf533332bc40e80528ebfcdb76ff1144a0a99480404ae2257	4392c54b1ba422674130c12ecce054ec4507edd8f1cec48c881a7cc2e012a4d4	e93f17daf7b3164d39c0d3a9ea981ea08636791b771b8a46bcff3e3f682c1341	64	64
b485d9c4f585be7d70cf2bf1817f1f8934cb248b392f9c1df340d570790695f2	c6f7a5677ced81acc9d64f1cb2082391c639d640c9d852eeba1d4c059b8f1465	4f62923b9da9c3ab88a6ae75736ee128cd9ab5cfdf73de8aca3cc2f0561877e4	64	64
b4a2d36427cbd2b8a300374245daaa015757b26427d901d324d3775c3e23ccf8	705ef2aaf801d0518b8be5d39f005b34eb2acd6db3a23f7d8703d23483f182f3	d653b54b2a2dc06391f49e29f4ac854d25044ef80c82d249f76778fd70c1f434	64	64
b4b438ef298cb32e72eef5bce48309c54526bdd81e55260a43f8f9c20058d4fe	9276b3baccbcfd41f4d7079e73c03d1d76265f56a025f8f35adf235bdeae8380	5aed830c5e96e68840cb534d523bbcc3feb4f82062ebdc5b9e707d29eb33d582	32	32
b4ba685cfbbace468c77e14e3e14b394f21fe331ac813ebc714a41e38ef90581	b23a341c1593873982d1bb72fadbe373bfa54ead296900a172f527002fb71dc0	5aafb70504cf79aa1e83179069b37228d21ed1640cc705c77971d151dc2978e3	32	32
b51af9cc01ea54cbe0187cc0d3edf50047a0c0c8797c52255edbe5cb029e5a91	538e1636d6a3c22dabfa05da24a1ea6bdc7f7b946441f97aff65d2fbc0156ec7	d48a02072d6feb767c341b7598a6bfdadc6f5e7097c5d09e7cb2a4c236de1387	32	32
b520305abecc22d804081242e3372f33284b145aa94d18efe3c8c3b741d42e53	6b22a087de4fb21b5711808c0c204cc8f4c787324dfb77f1ac946d3c22e2993a	7fa5ee28cfcb3c76f3d74b9302b87db12f1c17ec40eeecf138667c8b8a45d4e5	64	64
b520c76e71450dd35759ff4cf61682014428a37f56de749808782ee8553311d6	bc0ecb9c84c3545de0263c302b77f85edfb7caba2442ced34f6151bef8987552	4b33bf5e636977c029f450c9bfe6e55771045eb853dbd88e0624a352ecd144fa	256	256
b53a5fc0b00b97652c47f74045c976444345f191db90b9c2bdf9a2a5ca45ee2f	e08226865eb2cfb82063307c4cc5adcc3e929aca4a77a41f63d8a2cf258d7f46	a6db5574884f82cdceb47e2ff324717e4ab063e7a6e88e284109d4c34f2db4f1	64	64
b53ce510f7991293589c5b21e5d41bbc121e7936bf7a43b6c2faf3088ad296ed	f6e70f2462f17e05288214aeabf9a443a8dc688e07846bd3c7884d82e931e6b6	c3ed25c0b8861b9a27e11753745c30b827cf8ccd292da8270cdaa7f676df3776	40	48
b54c0ed2c2a998005a5b585b09166dcc112bbc3d057b99d67f577da9445738fc	8d54ad39a80f99e565c643a8314ec7a98427a00743cdd28b459a7025ec6ab3f0	671d623cc0e949470b5de0639ac272a60a8806e71d5c70f5edc6392c9d390df1	40	40
b5561f006766580cd00937269b1b59b5d7c3cff55d14991e79da182fb1bfefa6	33bf0152e2ecb0e3cd178b9303d92c33e56d265d5cc73585641acbf289d7f4f4	1645e099d3928226127eed54d001b242a4cb57465081f08efdd288ae050f9db1	64	64
b565e82f82bdaf1b1bb59cd5b076be8158e1913e048bd663cb6fc8cea2a17678	6f12c2768a0c26e356204c168e825090f42018c6b93b82767edee5f04da02f8b	5a8ba5b69a44967f91fe4d443815bfe070995a28e0a35b83c63f6a3a8d0488e8	64	64
b567c690fa28447f6a2d2f4fefe3b88d084ceb5ddbff0ab5318ec6c95a10ae19	a433773333c812fb0c1a434501da34a224c796142e230fda56fa110d225b9908	c78cd2d1867e59069c470b5e774d7333920023a7997c8fd724786b1df95540e6	32	32
b567df5359ec3455552fca17c6fa92aa85b01cebe864fca3d3b9cca0277ef652	c54bb46c92dcd37a2c14df21a59bec7aea23a60ba72cf07d6d8c9de497f61613	083746aa3da4caea89df89505399575eb63ffb1af64a141e5e96208baf455f69	64	64
b5766183e1f9e9e70a997435428f63b604e4d13b898ebd4c7c31d37046d54bdc	732a87b3531d5a2e19ca8382e96e9778e29460a1712525584fa21fb8baea31a3	cecb7e682d6f6ce2158532668a801ac9eeb6b1d016776a3902e5a47b25dad279	64	64
b58ce170a455ef9acbb807bf808b3e282816b354569770ed4f3a6e455456e22e	115b301c11acee20704064757a3a1e1b25eaf2c319fb7777b011efc1c05fb11c	e0ea85b258c9a1ae156487b8791d44b7ee3f9d2cfb30037d975a793abfb65606	64	64
b5998a6f1edb446760ba33090580a15db95d4f71c19fc6d51511d7a51b122d1c	159ad67049be918b3f1a189cb99daa6747099976524cedb57b6fdd581a334518	87d123a8c34187ddc22730f569d8ffff31dc84ef2faa5e8be1ed62b2d2bf2d24	64	64
b5c578764303e9b6621bc5726e5e91ee3da63639c16afe99bebc2ce336f4fbed	953959dd00e411f8b3512b5376735bca589fa9cd230dd61a686d115946bfeafc	63e2dcbdfa5a4bb37cc46d4e01ea3736743c53b4a7a2a775c9147aa1dc034a55	64	64
b5cd14c08250af3aaa7f3da95f4f7bcc0feaca056e5b21312d75e83563ad97d3	e08226865eb2cfb82063307c4cc5adcc3e929aca4a77a41f63d8a2cf258d7f46	a6db5574884f82cdceb47e2ff324717e4ab063e7a6e88e284109d4c34f2db4f1	64	64
b5d815d61481a8d7fb96833c969349d96e2f48fc12f7b98a8b4426308b297cf0	346ba6b35232d38a86689eb073406d01a5e5bcc6ec4138476d8bc7c3bf8f5017	acf4dbc34a042ee82d5f785be599f6f8f27911079eaed6c5822b9f702bf78e15	64	64
b5f8385387407d80be9a9ea0b27a165f9b6dd226334775dd08b5660149571b56	d701814235ab91b27813fc8718087d9c918e535308370bc7a90a2aafc60f1b2e	8a705d65370c141f838df1ebffc99d9f65e1bdfc6d424beee1bb9133bddd0a69	32	32
b6213b1753c6cc7ec40c59f139786002c19471c50795e52e57527b342fce82cb	4558dc03bf71c2bc1186020079f2249236cab525c4578e70c7cb62a58a83315b	b6b099f4622396eeb3e17fc4a7484a99ce1fe7a80ded1991bc0879132ab84268	64	64
b64856748048ee1774c3994826593b30b3fb7d9648dc8d7da3131e0c1688c7b0	07138e8c11d19fd9a0fcb5593025db2035200e6bf61577b84bc683408001d6f4	8f20d514d2dbb2cd39a0b595e704f66ac54061353110140fc3fe3651a1c84250	64	64
b64b3bedc377a53f992856f54ed73310795904c2567e8d5b61f56c32b89afb02	7518110f1762640669a9a377cb6bbd23ab175086ea60d1a8644a8f730b22c7e2	41d16815330da1aa4c8a38ac0549c556e6275ff87fd76f3fa75199d0357d790a	64	64
b66ba6b928e572243eced1de276f9c6746c6ff89d6ca813845fd8057a8707c86	f6d459d09d2b9416d5977c551ce20107a5432043b6a9d06038660dc5c63d3ef7	91747a58ad210ad3bb38b84adbf896242f1b2abccde1782e2decdfb220b9e2b9	64	64
b675faeb389f343afc1ee0343ba33c1d94f24c9ccc46a7aba643aa2cda91fc64	711f0d509f43ee9b589eb4e4a942ab8c3784ee6ecf551f005ce9e0bb07f5127d	b18ea10fd043c62dfe531291261c02998d62ace10a30e2103367bed0f0d7be94	64	64
b6761df4ed4d9aa62cf4148b287e5a62720d6406aa314fd5f77bf653df45b3e6	abec2474ef0a82d16b3dd185b325590c92edf24d28badad59d3d73e0c268c97d	5d7897221dd0b8b76dd85f3190d80725c2f132c27975d816cef43ee70fae950f	64	64
b6b4f0fa7282482648df664cece17492c43af516bae4f651237c26b177d74a76	9e9382a8cfd3dc34dbb3497c14e48398f3198843f1141b1511e16fd667427f39	f99c59a124b53a34745d98c85bc2c9940a23ce0516722383648f9f0fc158a86f	64	32
b6ba6f77d48357bde4fcba615e3422a6acb641f242e5231b5df6e4515172dafd	41d336eb8842b170232731f940002ffa50c8c03ff6ff462161f6181351f385cd	c157c5b43632c96317d8aae5f766a529181208539de6cd6920b884d445d1e60c	64	64
b6bdd6e3e6d8e2b2e77fc33a48d5106a586c29f7c2c3d50f9574468c04e259b7	8c84c406bae29d76ee686639d7f8c8c6f213866f9b6504a35289c08db3d3a165	2d814d7698795587b41c29fcbd5493a39d41e1f15d05c337bd222cfb552f961e	32	64
b6c026fc16ea09e3548ccc16a90a9ecbd35bf782cd82f83f6cbf5913e78b50e4	509bca7dc53e5fd532faa07681e6c1aad5a5518e82a2492446e54b05f171fae4	7854797b5945a860a2a9cbed36abdad884258991de33143ce5716f1d06265a6e	64	32
b6d25ed72a33dbccc6d562be451077b7dbd3f125c544968310f1cc5326ce3577	1fcf6390e6fb949dcbfaae3ffe35ca4017ebe53fbb142efd5543af152c1e40c5	c4e8bb5f3a842f83712e481d87c8ce77021263f442b6ab4c85a535b4a5d9156a	64	64
b6e43ef82cfcc172f010a9de05e28de71098cd8899e1bf70c49cc92bd7a21132	6151f047c64ca8c0e91462eea0869c376e6a730ee28681e80101bbe7b10084b2	85641c0e01a9e8ef953a9edde41d4bf48f617b063536f36a07df5756dc75cbb4	64	64
b6e563a2d43aae1a9e8839501cdeaf4b002df2c067b3603ffe6eb517143d8d0e	13f2e2a90290435acdf971b11e8e22cfd91dc9e7f21d00e700616ad6284501a7	7bae2936f98282f5f405f6b1b06be7be660bfad2b9f084fb2be71d8def92fb6c	64	64
b6ed81a145f95bb8c922236e0a8060f8285c7dd93e0862b25e789eeaad0068cc	90809ce2638802f4fd0536ed0a43635e705c889253c9b454d12c70468b89b2e1	14388874a8116867c941b9a32f52404934fedfca641b60433fe2f32cc7c9a0b8	64	32
b6f65183123853ce09edf76e1ef9ad31d6b674ee3e177109f09fb42ebddde266	047e1900bc0e8a59aed5263deab04b2a844210ce1404dddf65514b9f718cf15a	9f0487ce2084736e87e5ab549486e5c9534bef40a7a1f42809772bb738c9fdac	64	64
b700c065d0eda98c240cb2babcfeeca2c39dd3c6e257bc01e8f03e20146d913c	df4055333cefaa018cdfa13bc58bad8eaa473dc6c0a59366306d93e23cdc961b	599eca05fb88d74f1890518e6cf1f6e2656c03addf945be9597209999987667a	256	256
b703d9975f62e411ea0d32aadc3653668f6501d0992c4955d83da0b09ddd10c8	2199877b601264922832553debf1462cd2fe9d7402cb682760c9204dae21be4d	0dd0e2f50f18419825b01ff34c2aeff137f6410aefdbab22fa4ce60cddc9c1d4	64	64
b70bb7b2a6f57d101a852dbba8a9efc8f179abe31fcd3f9735c1e94010f152de	81d7c0ccaa9a3c67ab17caf803fed4401b770df4558fb42eee6b8bbf3da6176e	a66aa4ea4e973014f966993cb2c15c47f1868850b2e5cf9d967e75dc08b2495a	24	56
b715e9589e990267313a5dbc8bc33256fc07b3493f48d2b0f211fac21c334901	b8eada978193a88f6544f8116091dc1bd6d8e70c7377772ed40263d2c344afc8	4afe5520c55bca1ff726d8b8edb19930ddfd171ccd03732460268599c5ecdec9	64	64
b71bde4be64a18f98caef2208eb4f6ab857eb73dcf338fd64fb1da6c04c8e939	ef61c173a3654e44231a74e8ac3b38f2cab8c7809ee25b1b54935ab198160f92	fde82e94379016ccc05c967cf4b26d18660edfb5ac7695ea5dd6ac2cc218f58f	64	64
b726ffe2bb534b7bf238046694ce808ce4ea1d800be758773dc4192c6e86c6be	d94bf9a55ada857921ec90d428e77b6bd45329f8fe4bf7aee2e8b9f3c19018bd	77873f00e09acc55ad080374e7828764f6e26a259c436f6ac98c7ff94f6a6961	64	64
b7353cc4625beb892202a752f55ef31e571380ea01e95683855294a261a3f0d1	8f544a499f1934f05aefc7b7c46df694e5f73f5a993bde36491a956e08a6004c	215e34273bc59a4edc615e1481d3e645a53f2f4720316114a3d825767e31a63c	64	64
b7377054c7f052488d7d8a5d2b630ef32ea114c97d29cbf38a166f704ac8a1a4	7bc38470e438313c823e768a76625650f5dbb9529811cba627d986d337df3d25	e2db022f98c7839815fdddd9bdbb9dd7c56046cc7ffaae042bd24191230f1c05	64	64
b75a1c0ef64dbf985195557596eee616b60152e51dc2060f33b603deddc13279	59b29e5852680f70798d6b062c410dd46ac84dd3f9398e87360de40ae67c9657	eb058a87a5b4e5cf17d5f88b893e2592202344c24e61e8913c3f8e39ce8156fa	32	24
b75b05fada1a575588e0ad16fce9627c77744280951aac1755559ccc2975f79d	fb7c44c215c71f50a85a2a92673247313b2c58bffd5a528e25a773ef9789d655	289331b7c3c8f751e798bd83c025b1241c7ba45efefe6a750fe6bbe8653f947f	64	64
b77e70fc8af0110280585864ce6f633452900fc65c29020046723d9df7fa506f	8b539bde44472d08e6c36bf35485d3d0bc87ede20b142e597feb5d3e4d1b4261	3b7de82c07c424339b91bc1b93111e6811bcee1114ff7cb193376cb79cefec6b	64	64
b786a8d9ea54961818bd618efc84bbf715d77c67a899302f4dbce14d675bc59d	46ba4c2d1e94010129435ea4e7ac907f081dea4f119c145d3e0034dcd7cb14e5	84172ff8d918e357d6de31f9bd64df60848c02db206f489e2b466c2cc459989d	64	64
b78b63541efc5295b2aa262b9b8450756017f3b0bf10be42a6b238ef94bc1592	e7520a02289e15e7d4d6c058534e296f39706360af597cc340f55675956cd635	210ef077b00901309ccfa9c374bdd5b15357e078cf056a5f00446327c24b90ba	64	64
b7956de2920298e09c40b39b5b0a41eae56d4a07435d8b03c9740483d620f426	d5dc793e16cb86b33b92490d1315ccf0671f4dc2d45ab4bfe39ee0a6109f3040	1645e099d3928226127eed54d001b242a4cb57465081f08efdd288ae050f9db1	64	64
b79f27e50d59b39fbda8b832165e87f010ff3cfbf36371d19aaad2454ff641ea	f2726f8d37a3388bacb9fdb8118891b1795b075c53ddacdd8c2652257685d80f	3b35ae6e2fe989e9e09b35af5a1f65eef62b901c75ed19e22d1a514374266098	32	32
b7b8fbc1f9696b62aa59b29bc7419e5d03409e67ee37a0fe65b22b56ae3744a6	b0c3aa9157c3f4e2995eeb73ae2ca1a4fc53cd5da5399099f59d1da9f6b89700	7760e421d3d9378b8cb0e9c7ac3295f8a08aec5630e831703d570532eaf97b2f	32	32
b7bc18291a1ec9929d5a6d5d25a2b32bd82a2c495b45e267e9a075d75d88ceec	2ddbbb8bb6c7ae1bc68114e50e2c18093f3487e2b360b8f8e49478dc20b1fe4e	04be9e6d36e943389591e01daa082ba3f37257cbc6c44446f619f8e1a98af551	32	64
b7c1df37486de42f4699f0fde0a5e9ba1bbc9a40ac954ae451baceefb167ba07	b5311d924b67207c75ba1825859c09a7b152453563b5870791ddc74db4e52955	acf548744b89fc028affe4fe678220433c8731f9eff0d741012d6f1391f8786a	64	64
b7cd02db07d5c3d8d3a41f844f6aa6b570df917fb0f377224713a41f36531f25	0b2d6ed42e3d9fe7da0d84e2893ba2f02e2c5fec4127dc04f604b4c906ec39b3	453b135ca8568a2a6ffeb584cb5639e8918d23e3b6394986980262e8e06a2bd0	64	64
b7ef5208ce18b24cc3a7f5fbd6f8f9c662aeead07b408ccbf5d058640f225f64	76652453e74ca985dfdc2fbe1d6701d10ccc976aab69ed5f3e1daab5a17f541c	1bff54df705ff02b2674282a7eeddce9a7f2db92a4fb2d3febd6a2c72a6c71e7	64	64
b7f76659d946b1a8ea63fc6674c36da8caaf2fbc38a32a289b6f0571df60165b	0492dc0fbb294c74d5c83f35122f3008d3fc96e6a4e9c12c27f8183a34c06cd8	29e81789c8e2c9e4de2c69b98ecd6759b4715113259ad91d1a26f908dda207b9	64	64
b7f9c0dad53f81ab1091e5cf33177771a20c14700900098d27821ebaabea8966	3f4cc5c8c4a736c1289ee4fd51e9bdcb104f265a482e448a7ebed998ce34cdf1	f8dd0fe9f846c0b5f6900d26d48a206c1c908f347fee1ff9e40dad182fb9801d	64	64
b7f9edd88479630aa2f5bfa7d1b44bd4472fbba44f22e928e13d40592402fced	9db65640b2b707957daeadb04c2abf106ae2d5fd275e875d55ca1451ab053ff4	602f1c531fc1a4f8aa86cd04c752d944824f0b3474331dc2fb04dad77bd7c373	64	64
b7fa168327a47948ec05aaddaa6cbaa79c3c0b00decde4fd8f7fea3bf094999e	4e0c67c0e575574f78498b531ce846d2806bc1563476421e4fbdd37a68e30868	8e515723bd036f19ba3e742165f0df9290a912ef1b281bfe5d4db982cd67b4e5	64	64
b84b30ff4faa9801682deb7acb4c31c2ea421083e0591d5b75be4d793c1a5698	3c206ebb407ffdb525f883dea3722bb42bf641daefc166697ce88bced9b9e686	417d4471f2629117c337244ca6599ac7cb8c3d0841081594e139503e4045bb55	64	64
b8512d32810f8325f38a517d0e5ccf401243953e6fee64da510eff570e6d8d74	3eba1f404958574b3408651746d5072fc057ef92f36eb8f489a6cf95e673720e	24a20f6d3bc2125930bac736e3dd47dc9b3d8b301ad9693bb50794cc4033a578	64	64
b85464a7b981d482e972cfde903d228cfaa34507cd8b61698fae80a67d8e0731	96a9a0cac26a161a0279945c396dfa8ae7287f708f4399485199131a67a97b9a	0eb08f872ebaf9391889891ee6e17878adfa6a5792c56dca7e61a1d28f5f88e3	32	32
b86127112b3920745a0f0bcf33cc0a62c15a8b9e58c1933300c1a670c45da8dc	9f39e7177dc193052583fc8018c226f3e7de2f9d74a5125620d5999d8629123a	dee7046264f33ff3c045c75639e08b685d00f51b018afff734c6147c5e702b8e	64	64
b87e1828611c77af1aa654459ec7f1302653d0c14beb5d11a274525ee0b298ea	00f74147900de1bcedcf9ad453311f0622b13fe379ab57ee91fa6172c14552a7	282b3641c4b4486b6cc95504b364e638a1beb53752e2be7523f989e5a8d28a41	40	56
b8818cef95ece7e9631883e8c10b3ac5002c5c419c63b2ce41be628275f66093	b287c16b5d9471066866e2b640b00da8b5caf19fe1bd2f6a505a91db15f253c0	a72188c2669c9889452d60eeed5070915e7ca0d8ad547cb605c69e0887cb7db2	64	64
b88af1c95cc79bae3a6a21e025ab608e870d5f22ab33cd0c89073712d0874138	fe3bba8b4267194bd71c7d0f2fee058461971ba07ba95c5b55f31b54e1322b0f	e14851ca6c5e92b9bedfe86f05c8326c2f88c685e08ba11bf265d050065b61f4	64	64
b8a7ff02b3a8fd3b81ed024df681910d7a1eff9a5fa0ddf34530597b393fdf33	b41c09d506fcb2dc8feedfcf166b5ccecbaea9c5f29c349f8fdb9a7ffd4f6d56	f509de2973008639366d2aa81fc378392ed61919d69386f5c4168db520ee90de	32	64
b8b470539958fd5e73340949a372d95350c30710453227cf0d43cda7629f4d4b	fcb00e04a34d655cad0dc5ccab51d5116b9540ad7186984e355ec79772176fc0	471f63aa944a08e496bee3cc2d9025152e19e667592a155e03238a5f93727c66	32	32
b8ca066e45b4dbc2126814e1588f90652d85b5489a0aefbf9a88cd4d22f0be2a	75d1c7a00767d81f7b73d19c2d2e893775a524f9c5d7cc642ee967b2ae205545	71239162b154307bbad26c0a0b3bc0b0e3eb795226bbb17c4b1eee128bfc14d8	64	64
b8d78a8a6aca1a52555cf7a4ae21564e139cb558554559cd60e10ff3888efbbf	620022b3d3c284d281de78685f8da2b15e5066e28b98f07f665a30a38beba567	4dfec304aec82a2535c75ed67209b2a60033bd36ed3a377ddbb04a433ccf2578	32	32
b8d8e9720a906e3c6d4e4f13067b9fccc241185ddef325d1afc69d9264ddcc64	eea02cc0ee549b4ac6ae1a7d7cc3e43357f8832871991773920551a9ddb66667	ed792a92c8a21b46620a38caa0facaa0e17b31a5cc0668cb106c3f187ecc1a74	64	64
b8dfcdd306b7b05ee5df723c270bea770bcb75ef77353566de9f3a4b5358a730	519f02a8c4dbf818faf220a1ec2792250a8b2592fd9b5d6853b96156ef6e04f3	d9a5aee44319dfb5a71325666442bedd70f3df9023bee783caa989cce0e401d1	64	64
b9005ac2f6882b9358538819de6065a5d78e8510af7f33ee7f07e20328d03304	86c0b931da759036b2dfe4c26160f4a67531dcb589e8f08f9989c62d0c9052e4	78a19a14f4480613626db83f3883c32615e44b8e5bfaf8c227fc4dc014259e2c	64	64
b911dda747395d6442dc7a04f4ee50d55abc96a75079c1e37fe4a419eba9cc76	a0685535ee6c9f2d21b66b650782146ea967c25fe3d0bad1e3619d66d557c57f	75bfe4528329c3a00bbdf5d9fd777b9d624c77c0168c7affe06934508357af7c	64	64
b9358894ed4e5bfc944942151893634f7dbdc8f41c9165eea380730e0874c04c	8b539bde44472d08e6c36bf35485d3d0bc87ede20b142e597feb5d3e4d1b4261	3b7de82c07c424339b91bc1b93111e6811bcee1114ff7cb193376cb79cefec6b	64	64
b936b78b2d553dae56fc150c6a26e37d236ba29ddbcd816e8af75da05e4e1bf5	78001ef3642bde10580a1b05ae87578fdc43406a3373d2af0afc098e53fccc88	033a721409c9d40066972012598c0ac87d25834ed796c182486f2b96a0f2577a	64	64
b93737099c3c450e5c1bfd0566fd30b58e6c513f2c686ac8a7c3e54ab9d4d440	374cb5a6073bda2bf16212e36d5157fe3422ef7d5f8a66ea474eadeabe104251	86c0e9fa489d4bc759475d5d496ab5e8662dd44852635b71df9410c1852893d6	64	64
b9375b934556d366feba622a0bd52e7c9e0c8b0d785b668815b48fe17653cb00	d8a39871b61d3bb9bff2eceee6df9a912278624da6346075bc1be9a0f8dd1545	314db6767a92c2d90b04df07454b489405a13abea593141c5270a622577413a2	64	64
b93c4e202c87ffa2a1bc1257050308df75d8490f6e7c0c47e045df06ff4cffdb	9c7ebeee2ec9adc731d7696f29381f7e376704a4219fe28a686f5d33a73014b9	18de03f23562ea2a714fca36fffd6b473ace4e45f09105563880cf85e07f923a	64	64
b94e854f79c5e8358ab6142849dfd318893fb341b734985026c8daa949bf724c	3ddfd8d1756f994f7e6f354411cc4955bcfe5787b60bd58df21b7dbaaef63233	eaaf74c2033db59c6fd9700eb3cab0a1340963fb6e30a19cae59a4488828d9b5	64	64
b96bbd963b89380dfa4f5be3cff6ebef42131db64a46836bb4c952ef3e596878	25125a2414f10afa808c1b6429677ec31ef8aea5247a3161837f5062dbd09475	e85e85d617a7c82a6a47eed9f9a6086568976de7f10ada199416b5e6caf21724	64	64
b96f0a4cf8677bf64bfb2bf7acd2c3e0cc976715e55494f86e7a681f9330a145	1770ce78b30dee4343bdbe3dc3e8c42849d339b22568f9ce81be29bf8428a8b5	187973ed358a15e7a738d4bf38ac5a565319e244c8b2afc4fef6a879f32cf3e1	48	48
b96f6a80679880f4c3f092208be0a9596ff6ed060afc6db62e51b14ebf3ca683	59be9f5554e6f157cf4660e9adcf780b6956fc0fc8af9796046a485d2ac4e9a9	0b9c556e70b241c5db779f85fd41e8d5d858081a2ac2a4c7cdd25b088c535c6e	16	16
b97d4894ab6df74e60b99338dafd02644c933091330987f5dc9fee46a4c95ad2	e99ceab50af2db7d87046a342a0147e616c795cdf6e15deaaefef88123324714	bfbc6b2769ec6e74ac08d9b3ca1d86878925bbb555a76b18c7ffc9d8371771f2	64	32
b981dec6ba79d1a0f711620b808c58fdbc50b07d80903d9e413fc7b1bfad9b83	cc8e2d4ec95634f288644e7b67a53a656bd7a5d49a4cf771dddefbd0978132f0	367c38a78b914567e47250e7aaf09ac14caab735a28e967bef619a5635739e7e	32	64
b991e7b656c74297f70c66f253f8311b5ab896877e2d1d9da0d1390c6466672a	e66dc7be905e3dff3f6067a3ed6097c740fc9c22023e82c4ed44475ca27f6855	fffe0f101a9715d085f882dbed09fb5bd743eb3f450f3e5bafc80d3b7885ef9b	256	256
b9c338e2988a71cf0129530f60c765f40b41566b007514ad98a3c5897de2a765	98aa9697b906cf38bb06b426e578599db0131da1150769df082120af41d3a556	e91650cb09eab4e9ec0122ab665d405599b70c4e6d35033a7c01c01f5de91b20	64	64
b9c4684ec711b2b645a67eefacc8f3521a4c5a42ad0ad17112079856cb824308	a0664937244729abc8282754dbe4b1c6bfc387c8b1b8dfe2b5de3e5da2252d73	d7742dfc60c0aeedd621eb8bbe9edfc5229ee979559813cf267bc810d550c7da	32	32
b9d9759ff2e68980977728ef21472937400950381177561fc93545e878ab0522	20990aa0c9fa395eb927a119faffb7cf2985d36eff0fedca13fd74445a78dfd5	29e09de105e582ab5b27b445bc3f0c2b20009a5c1466d2cda8335ab7fcec6810	64	64
b9e07c5ab871753b2f4e0f86e39fc5d0bdba62df195ad65edf81220bff3e097f	0e9bde8e2190e4041dbda850963bcb44c63dddd8672990fab40321dbcd283308	0eab62f6427f55ec3535e1f5d4b3a350a9da835c1815d3cd6f8ad29598f95c25	64	64
b9eab38346434cbb2b87616b09059e490c7c9147865f29cbc415dc0efc1031d5	1c3e26fe6cfb108e7b92b5002f67dadd52633d65021493c1b71e4c3c1f4e42b9	fcade578cc4f49fb032ae5815791e55198b941aaf95df3617b4e3f59a47db92a	64	64
ba0bfe7f64f71108e9f97b9750580d597ffb10cdba9f1ade4e8b782730cf51ca	8750f4181d9f6da0f2c9e59aa15bc32cb927aa556aa069c833078d8e7cf1f011	3db79877aedb0c8bbc59723c0332bfde25979e7c61c0bafb4c97abedab88a9eb	64	64
ba1b376136cbb1605d2af44667e2ef67cb7443120e342675fc5d41a89d290279	a88e96ba35406d10f6149fd5d2990c0e606a2b9189435afd8e7d10620bf27509	f049e1d99b36a17cc2e8f8e5db952bee0b4c2513888e1c2c6bc5fb366dc806bd	32	32
ba21bdb4ccf4aa968a0640a87942bd284a0dedf21f522546e8dae63323f6b364	4b5a11d3dd93c8494279c86d5ff527984e6f240e809caf9391de55d992340a30	beb5d664fa8f00efadbb962b98faf112a9fb091d18d247c87d67ffe72bb850f2	32	64
ba2250547dd1997d6f7dc912cd51f7137884b53a5467d3f4285c01c16c1ec8a9	0a75cd1a739e9f309d7b83a4b18e85460c8f3e8ce16de4d42c23af0fe6ee3f65	9e9e1154e6001f314d81903d939aead8edecc9a32ec3554cb29c5f61aa0db398	64	64
ba3743ec967960a5cc037a2352f3deb0e47984abb1300e593c93e38712a20814	eab409718a85932c7205c0cb092afbdd612dcc32e8aef37e0c384594173a267a	712e4aced805b2e6584c0198e864be350b74f9305bf0b14ede5c3aa405b7a708	32	32
ba3aa714b58cf481fcdf09e04e333fed083377d833fcc28a896e5a6a1dfd6179	8d4f0b6cc26b10506e8e5e9918feb954fcf6cbad6e382e8f258612a7df54ca26	4c7f2afa3aca6f05e5865ba40af68105edd573bd734c2f33a7754081cf568a46	64	64
ba40b12995d526c9cdab15ebca560fc4b7283f3c0fb3577edcfa31e11a072d72	33bf0152e2ecb0e3cd178b9303d92c33e56d265d5cc73585641acbf289d7f4f4	1645e099d3928226127eed54d001b242a4cb57465081f08efdd288ae050f9db1	64	64
ba4623a18e6cc905a7da0e68bcfa2c3a8cd5dff90c39047fae266edf74abd56f	642f82c63dfafef940737e20e374fb75d70173926a2eec109d8595f2f330c350	0f6b4e0f2225f78606459bdf22120348cb5dd25e0f739faa43b244a89b6c7cc0	32	64
ba494f54c24050caf00c13b0f5a621ee4ddbe15240e1598d54f075b3bd1d937b	ac530e16a1d87830796a08ecaee136f6b871ee4fa535b3125352fadccefceee3	fa4b5adf7f8b5a103ab38c527b545ccd617a427d1778a5b0b68d191e07017afa	64	64
ba4afb7fbce77cfae11541659607adedebb3aa5a24a6314565133ede40a2b825	95cd2598f5506bc2181252ac247aa782b3818f63d22ecb5b42b22af79006dadf	e1ec587e31e24417b93607fccd14c0edf736a85397e0c606f57f07c9cd8710df	64	64
ba52ab122ea3d0c0015ab2ffa87b3e3e12cf30c8c6c481e787039a79ec876636	b8cbe6e3bc97f3490de25b957150bb410bbc6123e1533428239057927c6faa8c	6cc6986ddd35aa67875516a1d13696bbb1d83eb5961f07661aac09d1f2850cc8	64	64
ba53e416b0d2d6e11d119480848b91fd1cb65fc30d21e018b043cb66ff8662e8	ef61c173a3654e44231a74e8ac3b38f2cab8c7809ee25b1b54935ab198160f92	fde82e94379016ccc05c967cf4b26d18660edfb5ac7695ea5dd6ac2cc218f58f	64	64
ba6f2e7fec46c812372cedf42bf217bec16b2756c1b99946d581181037295a5e	c54bb46c92dcd37a2c14df21a59bec7aea23a60ba72cf07d6d8c9de497f61613	083746aa3da4caea89df89505399575eb63ffb1af64a141e5e96208baf455f69	64	64
ba6fd115825c67f1b921eb82c80bde630fcf06d58ff94be500dc211b9a0b3565	92102fff694016322804fb8d8356ff0e82a9fa6d19c3a896d79cb0b3ba18c10f	a72188c2669c9889452d60eeed5070915e7ca0d8ad547cb605c69e0887cb7db2	64	64
ba7efa7acee42ddd548c4a1445066106e359b771900f5685a73bf4b2132fda8e	a99ed0e2f2e01e39bcfbe2bcd103746416e95ab2459b93cce8b1abb1b7890a82	4dfee4c8b527ed940bee7314fae45756e8e888e43f9a74d6d85191056a618d5d	32	32
ba831a01d0aaf9a54b3d036b634a47a4b2b1d3ec34354d8ead96b0a758f29038	bf2a6d0a7d29ad25ad6d831e80c0cec7bf69fa653b484daf1a18b3751df632b5	7d5e4edb35ef3e70451a0739a07c615097aabe15043ed6807c016695d3c7cf82	48	24
ba8c4ba374e2ab93eb8508c26b78a8e46fc7f489ed7a286b7dd53124090d0f1b	68736dcbab0cda0ad89bf522304d9718ef44ff0c46cbd59170d7dee8a8567ba8	10b19b1875001b9f9550864d43e9db24f2a709fb6fd77506e47b239d7e0ea4a5	64	64
ba8cc157e0cc3ea80e02fce81f792c6c898d43640ac7c481904a87e80eb91770	98372d6f7fd8c3989d08553524ce4dbe861d9f413cce07739901f1f950b07fd6	2f0cc5d1a1bf96d95c695d307706d05267979e58fe2f916573ed657bb8b094cf	32	32
baa95545532e3784d078c1869819f796fe8484c82e563e48a9e111e5bf5c8397	57da72b4b22ac5da47a40e8a47b846027f47fe9e5c3ebf797be4ffb83a889a30	38296325463823a781dee4f883147c0b7c980b9a2e2449af610db833165fc26f	64	32
baad5385efd8910fbacbb2134dad82393ef024714f268ed57faeae0b3b0d0d00	8e9f8857820104f366aba0b1a8ff6095f0d7d6fb5d8c3d6a8060461e261282a4	3c79a22be3fa474183c26afdbd3fc249b064a1042859e768258dc145127ea62f	32	64
bab3a61fad601238e9a116e9fc823ae6bbc5f41a7f56c7cf1828ca857ae403e0	1666c780869d039a51240c400bbd5a34831d636ec5f37227b76264ccc02f60ca	eead685971cfdbc7cac9515101f6db85950ea2a8bf3d25eca0bf517ddf2cc974	32	32
bac5e13f12207c8598fee8ed1bf4402261c7cc456ee0f022d4f5fb81980f4c9a	3c206ebb407ffdb525f883dea3722bb42bf641daefc166697ce88bced9b9e686	417d4471f2629117c337244ca6599ac7cb8c3d0841081594e139503e4045bb55	64	64
bace6196b1dee47659680b06eade045bd78da1359bd3ef0fc2370fedcda9fa3c	6f8d8428afcae3adeef67a00776e55e759c41d711483959578c67217efbcf0bf	cd7da6f8e8909cbca5bc4f9d34f6a8a5542a045a9961eabbd544360e8237a8fb	64	64
bad6e02a2de7f2fd9030f7eaab8169e4392d96ea9631b66bf870824f92323c09	5e6d49dc06703136ca3ad29bf1faf812d0c61a138168e967655ce497156137e9	7c697014d8233be24f5084b026a789044c9c8542e08a0e331afea6e7805941e7	64	64
bae5ca226501c3b449ab4b5393fe926ba28c5ad1adfd6e1cd70a10c0bcf75827	9f2a120328de1205916fef47e1cc5c547cbed7817de11dfde61fc616988a707d	30d1b3f9106a5ed10cdf464e8c0fe96c6c113ee1a008301fff6987848ffcaa2b	32	32
bae618edf7cc9420039c1cf375b542eafa951c8d3f382650e8c195595c97b77d	ea26d38f233c3e122b9dc493bb912c3c33d32877de917f475cdf5ce6aee045dd	97209d1dbe069422318807283aa7a5e4d848d80c8c83f866277c2f7850bf6fad	64	64
baf5f8be96176f17f27ec4dac67102167254f8630fd0cbf8a6c969b3e30d62c6	9106f710b3b4190e9aabf80895d7842ec4cf364c2802788e1555120988ccb354	366da6be093ec14800fa900fa2492cfbe5e375d1b4d0302a92c04d560a72fee5	64	64
baff03d3ba124942d56f58aae124117aa6850b22ffbbb1d3006a09bdfbfc4870	e71e9abf4cb83a05f4ce938b20c5ad912e2c42b75dccca52c9fc7f4102743091	da5d4ab98e645ec4876d7298e6c5acfa5136d442b0c1105dd837fd7603fb83d7	64	64
bb01e65da5645c2353451c10edec99f50d8351d3843319eb45cef61807160a32	38974cfe17d8ab65e86c0b8a437e3afc40e8e0b86dbff3cc9ba0896fbbf35e05	f09e6d39dab64d8ca7be1142f1877e865d8597a0e42914e27c784844bf9af7f3	64	64
bb0a571dfc55eca1887416e96533d4772e877f609bfb2db2e06068b77deea203	d1230e688e372abe091787dda58bf5b2926e9195419b935eb9f0c398f642b23f	f102f92383f96c93bd74ab87fc8018e7d9f5fe7430b9a1f4da318d66d3d4134a	64	64
bb0ed2f54cc1cd5a1c765deee4497b28d7d8318e3634fd8f7682dbde5b647285	ec229cbd340df1ed0683ac570500a19217a41e7eb582da528fd9542ecc981d4b	0f8f5de7c10bd037ab55a00fcc9e605bbc56db100ae9eed9e550652101e04ce4	64	64
bb1b3549115f901add0981b113a79d8e8afbe4a59fed6ae7afde53b4a490ab64	24aa058b4365554743e4b881dcd2efda91101b7c89b2c31be6b014f9f06e0070	542bc94f4800f1ae9f36ff6e394c41ff7abc0bee7952d688231bb606b2423867	64	64
bb2576b15c6c9e6e956e08a742327e4f65d139dd0e88bbe4cf366601223bbbaa	1a742dea7ccce48cd05cea78f2dc19d1c8e1f5d00eff334385ac7ec0a27b2ead	e4ae7ca102a2b16ab7c3f36e81086a59b15a2eb6866ee45e20e91d9d6c24b4a0	64	64
bb26f909b352eede1b86923e92b081258ebf15b245a84e1b864af3fd93bd8ee5	4490bcbc6e92eb0cf6ca91575ff1c93de2fa1c7eb2e5637b212f9814c2ca4277	9e4bace7907875abfbe176bba96bd1e4a0d24f04eaedb74fcf9e4e642005e25c	64	64
bb46e6ea6ac3dab895dc0d26e9bc33e5ed499fb3c6bed1d0394d83f929ce8861	2e9d2293c36798c71e8ae30ac6dacfecbbdf43ba1bbcd4f0d83084daab6e5b4d	7e2e748972c032f671ba25f0cbe77463cac180dd6b49124531ad49718993a41d	32	64
bb4f827a1514d811675ec2605cad01d753926b9e187a2c9af2abdf79bcee43fb	38b0cf4283012a1f9941ff85200e0f6e93acfd5daf4594b2b113741fa89eea6e	ead9bda9a479ed15113e3bb2bbf0cd97d71f9ed457d599bf6aad00e5c8637f1b	32	64
bb560d88d8667f5bd6e31b31b21bcaac8835af0d6abb1b123c290462d897ac5c	f579fcc3a317e2f0735d609c9d7b1f1be1ccf674d9186c8c43cd9408ccb88a3e	9a37d6ba19b8d9bae79d1783be2e4ab0d52fa59a3026df31a6dc57fe7b8d7172	64	64
bb59843d3b37a59be416ff3d14eeee39260293a13db383b63264bec5e8a5a6e3	dc103af49764ecf08de58e26677e64a8552d7930dec953e7f6a4bbb3f49a2728	9e727f3ef8ed3554c0673bf75b71116fe5fba2809529b2d8b4f11a5860027256	64	64
bb65dae56461056af5f18ab7df00e3c0fe78f5ddff04326d52fdba08543ce049	6d275e094488d1e7d6d25564bab567c7fd85e56222f2f7114c2b900cafc0d022	9f8339d956873097a0dc5867fb656df12ae4dad7c8f590ed08d7f666fc277964	32	16
bb672811dd124d503e6786912b72e15385f2705a8be84ee2d5825eb30f61eb55	a6690f81b79c53016a7271bdae5faaff75b7b951ec039ff1e4477fb05a6f6859	1ff58dd5d987de0da406e43a9c75847c35d979b2801d5bbe71990a8be3547888	64	64
bb811231f180967fd79d8f8fbc19f5d98e7ac1a95204aa8af367b575bdf9e089	e9e22c71700ca2aadddefb2afcc063ff729dd5d17360ae3656578b072e8f1ecc	90418d4cd2cfa3ab81cd8b33d36686394dda3a6e19450b838577ab9d669c035c	64	64
bb8882b9a29588446a59b588f48b49f8a1f9b537e09745c088f382b264db366c	18e4ed055d227f0c95562fb8cc42fa33f1f438525038a189a71252410b8b59a7	fcd0f84f2007974806727665b1891bc78b561629e8aa23c43e7629261b24b387	64	64
bb93f5a61c127eab32033be218c470caafb1fedf0389b9f4e153af7e6b00f2ac	545ee086ed7c3a15ef6cc8bde339f989b0645ea1de6bbd7db4c147da52c654e8	15d33ec02ba60b4f908cc0e778174f4603601f1a109d67101f20c638e2d7e323	64	64
bb9d0c750c871079a7e3bda8fa36a8e2be1f2e2edd02e818965923788d7a1718	e71e9abf4cb83a05f4ce938b20c5ad912e2c42b75dccca52c9fc7f4102743091	da5d4ab98e645ec4876d7298e6c5acfa5136d442b0c1105dd837fd7603fb83d7	64	64
bba853aec6872cfffb056f5ad7ec0d887e5945ed3043a4479ad4ef41598933b4	8cf3e4870314aaf256e5c24e9a7b5a4f05194e4504e1e97d371775f14db6634d	731dd18f5c5e2f8b99b85320476aa209894bebec266f31af478710a99c51fc1e	48	48
bbaa3108c20880b030991e680975b99e13d198f0660dd053f9553ddba87a7eb9	bd509b581d00c6a6ad016e2f994fd15cb852f5f2ed955b131010caf48baf2477	2c058c700fc7d472acf193a41f967506d39705b711ddbfa3eac4828c66d3e099	64	64
bbad75870f2501e4b8b9e263529c5b46fc486f2f268a71534f414d726e84a5e3	847350f0c2d759dedd501d4dd21c4f9fa0f4a0696c20c51a7d991ad585de56f1	44fe00023ff1f822b6eaea2cfca06ef3fa86bd2fbbd517aa4b67067ae527e3df	48	36
bbaf298215572d9b613631ed07a4dc39a67c03e23f745b276c20068ff7b697db	2518c4d2966ffa0c3607e8ce44efa862f60a065eac5a8d4bdbf3b46949647425	db552eccf8332e6684f63a1b48bd4fca729226ecd100fa014dc55a6f67fe5e07	64	64
bbb253fad573332a65dbc400eb5fc0da2c747ae3b167ced1ffbb47d0f0e50393	ec4f687b8584d076793830ebf205c2b21c0631f2d50fade2bc7b5e27fafb5424	e44e152c131b771daa2792b8a3ee41c51864905772c4a496ffce971df1ec7dd6	64	64
bbd1d51be4c47ee1c7d2fa4e57bd007f6c1f7e583b50a44699588aaa69c088e7	f0f5eb109e98ded622c888a6e8954319eb017b44df1fc959d30ba1b969d6198f	c20df83dd70c40c6ae3d956cca17bddf409f1289148200e4d0c7bdb4ab6cc035	64	64
bbd4d1688af420aee28f9a0faf65c09153c9481045c5bead3db87d14ac8752fb	0952ae6a008767758dabd97292ffbc9399e8960fba950519366ce714031d771d	338f927c3ec0ef7490ea3203a2be95aa42e71ec96fd42d326896469f42c56d72	64	64
bbdd0f9ad96ad3f60f4145ab6b5f1bbc5a21ca640243f0c4bfc2b3edcfeab92f	e3ba71b7c5a5b9950448aa70c3755f6a4ed01566cc4811262f448fe58f8284d2	7981cf958fe85b2731bd59375ec201bb7954ab111a90afe198521fb567de8d44	64	64
bbde236daf97ffab1f21f965a979f31ae5c67eb06a9f38770183f9d61670906e	6f12c2768a0c26e356204c168e825090f42018c6b93b82767edee5f04da02f8b	5a8ba5b69a44967f91fe4d443815bfe070995a28e0a35b83c63f6a3a8d0488e8	64	64
bbebe2930ab3c0c3601eb8007b8bfc1f309e85762728c137b20a46ef9eaf092f	c1cebbdaf68a021506f7528fb2dbcc5c035eef87dd949d94e76c973e69b55107	c59c92daabab70aaec65935b3c53108c07b62484b0e5c5a7f183325c08580cef	32	32
bbeed010d9876f6d686c45597c9e7bb6adf15d2c58907b93b238a89aba638a29	dc12a3d3ecf1a209931bcd470d3ee1f28e30854c61967157d8b05687b6384ae1	e0a600268e4e838cbb2d645ad9b64530a4ccac386ae25907aad6d9f68271b733	32	32
bc0866291c3f89d45a2c95cab35cd90e70f46e130691a07fa34ebcb39b96d165	1a3d7e1eea1905c9ac05939ccf05724506d833151ec4e6a32b931b32b4c7e71a	0f8436a8a301f1e14ebfe635a9e74bf95d17a3291dc68f1754938d979655b5ff	64	64
bc2ba2a2f1679ab323ef24e3eda4a0f1c3f171182eb8b0765de41d051435452d	404466f98f02fff5370cba16862cb5fa7c8fb91f2320d868d1464315ab9f3cd6	2190482841bdf9016b33e90a91d939cf8417c44db975209de4a2a1bc6ec1bc05	32	64
bc443b526763e688e1da294ebe9b87d9e8e8ed7782201de27dd33989365172c3	900040c46427fd80eb8155ed213f942f84446149589c8da144a96df239b31644	a2fbb28bb0fe45e2c519f8af0579aa6d91e9d24043ab2279bd44e08a632e4524	64	64
bc566434efa967f60a68912eb022892eeafe80d7eaa8638bfe20cc361657d998	5d99a5a0ffc250b20abe121389b768e4bf404bc2de62f7248167ae6dd32ac62c	6719e6aa6784cd5402a8e69c3178c2cac54aaae360b29bb2330915abc68efb5e	64	64
bc611b9ad4953125de5658c72f6bb681c330d58603e40d02c00e1aa8e3a982a3	c6f7a5677ced81acc9d64f1cb2082391c639d640c9d852eeba1d4c059b8f1465	4f62923b9da9c3ab88a6ae75736ee128cd9ab5cfdf73de8aca3cc2f0561877e4	64	64
bc70be13e01ff3c0c0c45688c8017a2643111e509a6edae85dd3a26a1e14119f	4017361fcaa332a089c272743c1906f6fe7165982dc65b164f028580ebc216b4	d58feb6dc7b2c25cb555927effeca7c69b75e255f43287cfec97a968b38ca54b	64	64
bc7b2cf3469bee377f628f0221c9662ca7776df289285bd63059e47bb2c3100a	86151f3057cb309e87d4f200870dcc3f89097531ed18c0fecfb73aed6f5ca958	b91280f80ce7cd769a33423c2356b5b11103a6b9ccc2883ed48950b6b7102173	64	64
bc8b2a6d1304ad87b9c4179b5a6e5d762ccb01a5a1612e7aaa43500fbe3699e0	372480c61364fe9cab5708ebcc25b8b5fad120b765512b1b58fa64fdae0cc29f	7864078010996efffd066e584996e4d36e96a8f44f2bf71dd501d42df16ba023	32	32
bc8d055d04191f4c89878db039abcf45d712ee82f53f9f840597c2c5bacefc65	8380ef5c2e973adf982a959a66f8285c29a4cf1a684672948b4cf0b6e4e29add	66cfef9e59cf15dca7163fbfe44710bbf9d53a9f65830d095349f44ae5bb36d4	64	64
bc9178f12c12439dd8af12020a03cb972e7cab8e2b8856b2ccd9265976e20a16	0cdbf0586f3c29f7fb75a18bfe6ee0a8544ebe2fbea6c98fe720b445c96e4f46	ec65fa2eedc9633faaa7878c08b550456a56c6b89f9cc77fbd7645a0866c3b9f	32	32
bc91ce2fc278553756ec8a9351ff91f7be4456e3e35590b36bd03ac51c78cd73	dcb124faf144afbc4a0d8f42d0a9d73b0799c5934345545d2a0eeb49a28e017e	56292f763f015134bf1b35510e9b744e83c056224e5f69194ad7048543b89703	8	8
bcbd3e747b29252f90b7ef265916496203ca929a47ea7ecfd29402e6b3a9ba7f	2c7def318549405843bf415ce7aef4ea1a1567d3deb6b9d47d71d11643538bb8	f24069c86c0d5ffdbf0d7644db71fe7add716cdd7d788e9c2b5b6cbf5423f8a0	60	60
bcbe23118c5ec307349658f8d435cac28e89979e5eaa039631fd69db502c5e66	5f75c596b891cbbd64f132556caa8a90c8b4b9341859dcf31f08592f048e2785	874f2323920ddf44a5ba84097ffa7d589f94dfcda274b95a7acb5c17e8bf12aa	64	64
bcdb37a4af62f0755086924f3cb25ba6327322a0fde6d53f7dfc2bab0571d2df	6208dcbc934215a5723d91f50177f4af2d3b695f5b544625019dc044d2cc016a	763f041a2dca53f5c0b67b4b3bf5272065c94915043b8a94503f03d55cf10c78	64	64
bcde9c1335d0e7bb42ff5b85fda703de24403d14358762f7e4605202955cb740	33bf0152e2ecb0e3cd178b9303d92c33e56d265d5cc73585641acbf289d7f4f4	1645e099d3928226127eed54d001b242a4cb57465081f08efdd288ae050f9db1	64	64
bce4d9148b4b08c0501f8c87807049765fe0579197b8da68fda40db662525147	6bd4fdaf40d951dd30dfe98911cfc98915d3fc0911d0eb2adf04aedaaee17cab	b49ce805135272406d713642342a8f1d74ff6b6c20a22d8ed59fbe51a6230e7a	64	64
bce789aedd88f4ff3f9f60b001704fc7f4d21644bdb0668e22245c683552bea0	367269e3bc6debaff7c3c8be731a4e3a477383810e84c4d1f22c3807f2ebfe01	c372ec3701b592e2c53476562170fb6f4ab4366814aff494dc0190ce5ab1b383	64	64
bcf283c39c962f4bbe5eb2de9ed34aca7424c7e043e0cab10941cb1470beb4d3	5d27200bbebead1c35d116844c7526bbc8046b625ed5141bb6c2273bf131fc83	03aca6407f7fb67cb92351e0fd79676f405471184ba3e586c8c474df1c306574	64	64
bcf57d509ff2e83f5bc3c5ad33d7736ce6206ff1508c8436a7aa79b9c4f9ada0	7ff813fa05eb4d93ff3c97442d49621840bef906f431e850a6569466e219d7fa	6e7695e8a3f506b22d1ec6a207e94c07b703f48ab9e5c7d37fec29b8ea88598a	64	64
bcf6f598237c8ee05b55a959f9bf0471b28130cad30c0a9d4df929ea6498fb25	a4cc29c5b7202987cc44bc51511e63a3a04fdf9f9cbe1a51ea3ea09a36f11aa7	85aa424c677c80cc09ae7b0c6c89706bb95aeb04dd031707cf28117ba04c9ae1	64	64
bcfd4743c14cb149d4792bf10d34fb11131a421bef59122c74d98cab22103879	18e4ed055d227f0c95562fb8cc42fa33f1f438525038a189a71252410b8b59a7	fcd0f84f2007974806727665b1891bc78b561629e8aa23c43e7629261b24b387	64	64
bd04597eab2c9a9785b1e5a6d5dceed2618d6fbd906ad2170aade4d3a215c976	4cbc106968845e461fb6449a0a3381e97eeea3588a00a630581a611cfff3bcab	aa54c795e1703e550765a435abe560c612678f97456eff20d8c5871c2a188473	64	64
bd1d9cc2841c57e810768590aedffb20a0a4b5efb355730690b7af08f00f6826	467959287aef7428e8bb5dadf1e50959cf06acf0d47563d0b09ab0e7afad4c89	b17bdce13e230a5eb7381c0818e3185d859fef2d42323ffaa279e37042a4afbc	64	64
bd2493519dc129efff2befa183274af04bcbdf419e875d5318bf6cd96fa58a89	822caf6a4617dc6a7647ec4848e01172b67ef1dd486793dfa823301f0f9d3b7f	cebfa3e8ff421aea07ffa3f7878cd340aa3a582c8db30afc7662b963a3502fa7	32	64
bd31aa988083218fd4f5aa801cb3357a19ad4b35270626131571b2ff91122ac4	0d203c7fcfdfcb4ec3b3cc2d8f0284cb910432330a7aeb67739b89b0dfb356ef	efc991a36782b1e836f1dd5cd687515daebf431f3e31cb5bfe3a0882fcb2c6ec	32	32
bd3315b880b14031b475e6c5276b0ecf6b47519b333012894e978779f91df642	3740ccd0c2f6a2af0eabaf4d4551667a79c0d9bb1570836166cad1828d851071	418943845d075b0f198c4f1f987663404841bb8cd6391d66ef8a687aca7926b9	32	64
bd3406e4e02e6289ba49f8659e8811fb56effabc4a79eb3e25c0cd3e1656721b	b8eada978193a88f6544f8116091dc1bd6d8e70c7377772ed40263d2c344afc8	4afe5520c55bca1ff726d8b8edb19930ddfd171ccd03732460268599c5ecdec9	64	64
bd3f36442b723313596625362b3ba451fd2077ac2972ff35f2f7c533fb97bc13	adfc1702ed2da2f4008745e5139d77aac9567298aa567d967b87ec598efe6bd7	2fa153742d51b373d8e194d7194c9a066ff5e63ed58ac0e394ba545c10ca2830	32	32
bd597d9f049ffdf208a7c38a0938117571a9b21de9bf670043210fdde6236dc5	82d9f21afcb9c2d64d9f523328109e0455e82d168e6cfbeb41c5130400749a2b	cdfcddbfd6b6ad8550f18a153a92b7466ecde5f5b5ba43efde3f7ca161fde03c	64	64
bd67808a5b976722e6ab534b6843e7229ebdaa3ad0a856c252efeeb43205d81d	899ed2b65c37349f1e0f23aeefeb100d1ffc7bfa287d4af464c83854b0dfb8bb	936689d5ae40f71fed06326279da9b346447a469e6dcb73b5c20eb01af5d70b5	64	64
bd6d825528d364637260e4d6d357dcd56c4166706223753aec78ba060c18b9f0	85528dfbf66317808fbec65f45f05e2e760432c53a0f0789c2c159694d8f62ff	2515c54b4a7c38466dc60ddb9d2c9dcc5c655804af98f5aabed2b12676908d99	64	64
bd72241a95cdb63c53b08a05dcbd49f76f27b846f80a94b30388cb4533dcbcf3	c802ad9be0a8fa271503fbe1dd1afbed9acfa2557fcb68149e59d75899daca35	0dc449e2fae909b09add1ebaf7cbbe9df7f0dda27926f0b92e0fcba194f6c87c	64	64
bd8be33a7aaf56d39c28b4d8627159ef2b11d8c66fdfa32cf163a964f98464b3	c05fa6b6ae70d35f5c87820f29056054334348e7602a40281535a3b9291d9c8c	dce923d10d393faea45a240470285917bc577ce7d1b67fb101c8cefba5e89682	64	64
bd977186b6ba06b48bdff75f2e9304bef65a3b939123b9c870e743efc1bc21a7	475574c475ab1084c8d9580e8da150fb4b6b65f4d6c216a01f16d1f28ec58495	388478c752a4fdb5965e84853bfafe9b1cd7cac7cc30d8535e778042a9649f15	64	64
bda411d0c9c6b919c7b2baabdf7e3a6c878a24ecebe361ace9fb8adad3ffd436	1c4af820f220d45e88849ad578a10a187ad929541d1feed2481e41d14c8e36a1	86648298c146bf721ccb968b705aec21f3b467a4ed12a7acbf2d2a9a285a5654	64	64
bdac7bc43b3a8134be87fd152d4aa02dd918b54481e62f3eb13cafea460529cd	160b024380f1dc56838680d82f33eb2195b75bde4c386531f94f9346ab24c221	20a86baf5432813003cb80c28de16ee90949e853c7442a083c3f424a89876868	64	64
bdbcf7e0092e9dcf9e9e173ec5c431e00734578036987c3183fbb076df28a71c	3f5757622f8ae685d43ee94a651e019601f8df1745a8b2eb7fdb0e390d68e3a4	6d8010927c63a13e27eddc5c55e15465ba4810a7bff1801674d92d291370a33c	64	64
bdd14195a37c388f5126584f864cb6070d23e052baf436ca183e8240532ca60f	ec4f687b8584d076793830ebf205c2b21c0631f2d50fade2bc7b5e27fafb5424	e44e152c131b771daa2792b8a3ee41c51864905772c4a496ffce971df1ec7dd6	64	64
bdda82448d540fcd1d86439821f54ed0d7b694f6fd5d9a55e9d269f61dc5479a	be432257721bdf063281c4096164c3e59f98aef4722daf11302d0ab879aeeb58	305dabd3dcd4b66f97c77b14b95e24ea8af758bcbe99a096e4b133b2509a89a3	64	64
bde9e640a1dad0f576b97b71ca24db9c282c3d9f6842914f7570033243baaddc	0492dc0fbb294c74d5c83f35122f3008d3fc96e6a4e9c12c27f8183a34c06cd8	29e81789c8e2c9e4de2c69b98ecd6759b4715113259ad91d1a26f908dda207b9	64	64
bdef3f69c5eae539f53a73f23394da2911a028e21ca6216e1ecb6c28ea49f382	650f969925bebddf818f59730bc78c5d1b58a855fd9f87bb015893d63419235d	5c554392ef2bd050f970578af62526b5967e57662877d8dc3183ab71f99b7c9d	24	28
be06a6e7abbb76fcd0e139f20b3adb9c9a81caea0dfc25d43ebfd1cff3e2e65c	933bbbd70bb23c10eb81dd6c35cff5f936f1732b7b4e7e9e783723853e857f3d	a88d20ce005ade1fb4aa25a59912c35e0bb391f7ec6550039d15a47217ad0faa	64	64
be13b9c78ad7b6038fb7ce6a4ca32f82050ab1df10dc1d70b74023419bf7f247	76652453e74ca985dfdc2fbe1d6701d10ccc976aab69ed5f3e1daab5a17f541c	1bff54df705ff02b2674282a7eeddce9a7f2db92a4fb2d3febd6a2c72a6c71e7	64	64
be2bfdeeaf62b95a5364e0c124dc728a48f736a327245333be5d69ba39f69426	fac9efcd6cce7271fc17b8223f0a6a404f3520b8129ccdb410041fe0d59e1b6a	bcc7d190e1b0575226c3335ec6a89bd54c2476708c9295841c47721bec958b9c	64	64
be3186509669e5388e3eb211d046384450bca8cb0be549d468cfecf70417491f	591f469b9755e01eaf9c91f4d1921618beb6429dcb43ab718c11d78f9bdd12f3	35d1a0635b32e7cb5b9541b14deb0ee9b1c33629908f17977f2580d1f9b419a1	64	64
be355af475a2f2a0fbae71e94d9364b8d7ad578f544f28cfe7809216317283e0	69296dcd2ca8924b35c9afe6bedebc7333a923a16ff3ad0216d50b8f8a46fde5	2a729a61f3941278ae94cfb3a83187607d5f211dbe39fd459b4d86fb6e2cd7df	32	32
be5df724fc5cf0b6ce2a771c60975f1fa5b94a45d0c1c58a164ce5a0807e8c1e	640da7b662ec12df725e89a7fc15c24535d410b30e8f35a36534e15252740eea	d29eb07f8e747bc24a8728bdffd1691ec0be33949626d595a581a4bc920734db	64	64
be62a84bcffa07777e1f87c5d763bc72b9e77e36ea4511c488a9e9bc5f7441a9	8380ef5c2e973adf982a959a66f8285c29a4cf1a684672948b4cf0b6e4e29add	66cfef9e59cf15dca7163fbfe44710bbf9d53a9f65830d095349f44ae5bb36d4	64	64
be62f389d52565f8205205dce2a4bb106825245a88251519144ed4e932f16b4e	45f18a406f6ba444b4c2412b870eed5961b4bc999c09f1c7d38289719fd2e7d2	f17354971743884405bff2487c3ee248f92ebcd4811b8c65a5d6cceba2b4dd00	64	64
be64b439ad27970b4721abb5ed80630d41831ed18e52eaafba584d76498a6791	f09ee79153801dfcb483e1fad2a4c39d5daa2c8fd40950a99c69185a75f410ac	030ac2f0860cf93cec1594cc4c57aac3a0d67d32bf53ee144295ff7c12e9f71d	64	64
be737c587b98a1f9fed01fb62db1a2a3f3d8ff58fd5ea998eaefb3fa3fbaa49e	9c94ab481244ff3400b98a36aec77b8f8d9429de2e32513b55e72d39b5595da7	cd7431abb211be398b78fccded3770604b7f2f4753d54b347459209649bd5c70	64	64
be7cca8bab0efd6a59a2304e5777f739e1b65aba7e2b0d48169dcc24200d36bc	89fb40322a36c161845a129f061bea3ef11459aa48fb2e1cb665abf63de16c99	d1b8980b781322f0adfd01066be9f62d870dc1a778cd8d26f71c16839e51f724	64	64
be94ab3dbc544ad4883191b096a46bf5f98416b4f93be6497d64c823d7e0f47d	63f0bb96224126e14f9b2a69ebe038fb038d2ad21accfe10a9912fa7b52f839b	af11a9878c3be01257f00863911916f84518c76f8068d5069e35089952463c0b	64	64
be95635dcfcc5aa5884de644ba6cfe000aa0f6818b2f4921072e8070b2257f13	3d3cff2746462294e9c5436ae1e8b3a3050e0e7f1e1b82bca9362f0c136a42cd	eafc8cb45d6ff42f6833e012d09ff3177bc85a7e573e9a79acb1e61c967889b5	64	64
be9ab331ea6132216d13dd27c62f7b82b4ea59c28b167d9c8243de5febfa9306	809990f1e314acc684c28a55c5b6c711aa9ac62a2c0fedca6564eee56a8e51c1	f4c39fd6e454abdaa3aa9b95199befc1fd08c494cc2ae739e7909d038b36be2f	64	64
beab9c9e95e9f8d1de4e86241f5a18a64df30a5d8e8c36d9890c815c72499a46	78ec240880193b2abbb1796d5e0678edf5e2ea8c6879209514e5b3393653e873	59eb32fe5181903bf8d91043ad3950382871d79c54f01ab1233519ff805b8c2b	32	32
beaf297f97ad95e75cdaeb075c0664de7757bb995264963eae4dcc19150e6d4e	90257e344ba9e57f794e9e79c9ef5ede2cc8363eb00703bf011939f6fbd0909b	882ea4c4682ebccb8f990d834cc4278dee29b32b96a9496f0304375391b9776f	64	16
bec20b33d5de082f35873f3e4eee3d6432d9d4c626e39941abf636ecd5d18d1f	ac8ed41f35da795097352c7b45c70049dc959c8820a233ab2824a920856ba780	151bfcd45c93363766f8952eef328fe1d0a239cf0a86fabc49d7d586649d587e	64	64
becb3c0f97c1648b0ca6370c27902aa36fd822a71871ad4266899dbb8d39f111	518eebee905d74f0c14b7c35610bb78f70af2776b751f29e013e37687428145f	eba4b6c6dbb60a8192faefde46a3184734fc55c9589b4167ef573adf80e4fe1c	64	64
bed17adc49e425b2b3c48c7d961e75b9cf6ffc2ae804659e4853c009fcc219a5	3f1cd0465ce34a7c9ef780fd434f9b68efc55433b138588fb039423f514d7ef3	3873f9db0d757d4bfcc0da7ea5f009ba84b933600190c3b9d3fec895e19fbb47	64	64
bedaad3dd47438603b488c1c9bcc6aed4092936eaf032ca65272c719defed651	62c263e0dbe713e17b80438272890737ba7315475531a42b94ee9ff72e0f2287	8a6fdcc85431052163fa35ded5323ffc789b7a365ec79b84e0127d483fc01358	64	64
bee549ef0f1e9e133ddca3a98a2dfa19585e6a3d9e1b3add6b0893e5c1f9f1eb	977fe04f6b97891aa7404841b3888343ac74dd7011e0a751314f807313ad9520	2d2eed09054772f61cc5e18a9a5a9013532860adb4528adb88a94e6592e059b1	64	64
bef108399dc590d9d4ae8634fb39ceea720ce5aec53d341f1a9e913c02347620	6d25a06c877fe6b30846e44c9a30fa3eec238a1af84451e5a19e25235a98ff16	0952c554bc8a99574eca74d06a684972e0fa58ae6aa1d3789d06bd761da7ca80	48	32
bef28e3f7b85fe35c1d563c71bef8f9c5ee1c7097be4e66836ae555d63aae5dc	6589455bdf3c60043cda704550fd462e6c07067e79d80cdbba13aeaca5dc4648	a42bd85867343729d4432874e7f56977086b2ce19378fd4d0a0d80470b7024d2	64	64
bf0c4ce9a93afbec32fa718c42488969dc54ec5bb9f3bf88e4b6210f51e60de7	cc5d5e87a2cea97f2eff39de227f4b5ce6ff7f1821017076607e7ea4ee1f15d1	3eed207cc671ba82740a3a4f61d31a7248eb86b0a6865e739fb1d261f611fc45	24	24
bf1956d63f6613412a6f67cc45bab4d4eb1c7d9cba57541fd121f435713b0f46	33e0056c438f3a1fea1281333deb1eee12f6b065fa7209a6c0e23e1e68e98063	737b1fd1c0425b70332aade7de10a5ca289538e39d67eeb797af697c2a0cd5a6	64	64
bf43a2b871ec8b6eeb027222c9c7af336167a0cf39c4598c65130ba51c572baa	25e535d3c53530bb278c8c8f77d2f43c44a57e267240e0d665752e248a607a19	2115f564f3bc6c69497eda5bbfe969f77963a97765b2ea076d1dc0783e7f5f46	64	64
bf4826dc2eb9e4e01d90940dc16d139f34d061b9cc945af25191fdb29974477a	0cc5ce51eb34d69b96cfeccf72b1491431e3f4f19f4558498bd0daa1c0b5ca76	1abce6d26c33385b72a9e8c639455946871dc8228249f0e9b7709b00dcae6cc6	64	24
bf49b49a37656e6623aef8f7dba3444548deab008a2e2ed3d5eb35627a10d5d3	98372d6f7fd8c3989d08553524ce4dbe861d9f413cce07739901f1f950b07fd6	2f0cc5d1a1bf96d95c695d307706d05267979e58fe2f916573ed657bb8b094cf	32	32
bf524eb932636def671c4fbe076fc83c991c334d7f54e0f2cc114833ab09261a	7c40d68a5ff0c6a31b3d70bccd25118a87cda56cda95e10e8402b968a15b77fd	c5b4e6b0ac997ca794aaae6693fb57c44cd0eed26a64c2cd42f5a2e89f1a29ce	64	64
bf5e1094e13029180378cfcdad7a219687c18580fc12b5ebbf8ff2f5b6e8ee66	cba27ed253bd3bf958e1fe8659c9225b0f9ecd14532a5f39dd0d990ff6e529cf	da7911da64ff3fdc318bb017fc927a0cf940d263928685916ee97fa808dfddbe	64	64
bf6d162091fc96f74bcfe8892fbfc853dd48e9e2f5e6f6366228966d527ee457	df25332835b3b836e297ace9c0c556a9835908e824b1ef2ee850a754f74acac1	6eef02f7773e46302c22fab0fa5bc50319448fad28e91740292cca9ff3fef9ae	64	64
bf6d1bb6509522395d6f096b916e42944553f57fafcb1ff3130bb3ab0a7aa6a1	8b02025d03a817ecc4d7c9c3866e38744ae9735ca40612a210a3cca806b2e6f9	eb83cc13d46e075fe1c16cbd7f269dcfdcd5ccd710afa839a32ad8c261ccc121	32	32
bf814881c135bb26c7ac72fac3a71c0238ffdd30cadb01da95107db274d81ec3	78001ef3642bde10580a1b05ae87578fdc43406a3373d2af0afc098e53fccc88	033a721409c9d40066972012598c0ac87d25834ed796c182486f2b96a0f2577a	64	64
bf8219b6339f80de8322297ad038ded7c9cae87a71250eff4fd0eb97ca1e2c1c	fbe42e351eb878e1318759bdb32dcaffeecf63674e4440fbecce9211b22d273f	338f927c3ec0ef7490ea3203a2be95aa42e71ec96fd42d326896469f42c56d72	64	64
bf85b624b8255914e20c8b501e744e93fbf54174309ca521f290ea9d073e527d	05fd4410753c7edf53163c9711c15fb9356e5094a1ebee266a2740c12a37685d	7b393302cc2b58733537e88d8973953c7e7d8d8e30a1dfd190112c17b442b2b4	64	64
bf869243fabcf81bbbbe8cd9c6cb4236eef448a5103f17832539e8cb951f280d	66062e2587c036d54acc6c59c68346b303543fc6c6a6c58e4e0b99ec4568a137	43b560d95b4ed3614f7afb408eab0e4f90f89661c08ebd503b9f208d08a99d86	64	64
bfabe45eb3027bb0f410d7acb446cbff7e53a7ff09ba2e914eaa0c8d5ca8b16f	6d275e094488d1e7d6d25564bab567c7fd85e56222f2f7114c2b900cafc0d022	9f8339d956873097a0dc5867fb656df12ae4dad7c8f590ed08d7f666fc277964	32	16
bfc08ebb9b9cb96cfc3ba95de0cfce7fdc0e95bb84a90658cfd5dff425938d97	22dbc22ee1d111eab9f8ef2f2642e138de2e5608db41edfbc34f9a80977a092d	a8957ef259872cdef937445ebf4a6edcaa26bfce3e63f6b736f649b93cfde047	64	64
bfdddbc47936ede04e90e6a150845246dbf051929f6ffdc4f75d99492d201ec4	8d4f0b6cc26b10506e8e5e9918feb954fcf6cbad6e382e8f258612a7df54ca26	4c7f2afa3aca6f05e5865ba40af68105edd573bd734c2f33a7754081cf568a46	64	64
c0154133ad1a8857bbd8fe5e77a76902139b43389c1d8055550060c17e227344	82d9f21afcb9c2d64d9f523328109e0455e82d168e6cfbeb41c5130400749a2b	cdfcddbfd6b6ad8550f18a153a92b7466ecde5f5b5ba43efde3f7ca161fde03c	64	64
c01cc9d762955f92c22ca334290b4dd094c83dda959f65f390a3df144b76dd66	998e5b8b60e2fe83ab330681c2bd619f57b276aecdfe9defdaa9ac56af841292	ed6b9c9043c89d29a4e5d52fcd569d95f47f096c72e67440aa05048ffd45317d	64	64
c02653498723fe7e7f2fef1c1425f6da45d1b529c9882c95aa83cdef5be3e5ee	4ca1533fd44b4d43e9a809547eea308cfbc6d8795ec6a798b76e28ced36874c1	1cc285860599d1cd9fb87aeabf6ded7599269d05faddd8d93bbb8a6bffa9d31d	64	64
c02b755008f34f1974b213dd037b8ed78aa2a3eaecfce69f79715f9b5a2962db	6d275e094488d1e7d6d25564bab567c7fd85e56222f2f7114c2b900cafc0d022	9f8339d956873097a0dc5867fb656df12ae4dad7c8f590ed08d7f666fc277964	32	16
c035358419d24eea22f563105de4ba08a438b68de5e958c2255e460ac785d6c3	55f6686e32c8940f52aa0007976da388f99840ad7f3b94b1a3d644b4f7c44a93	53edbce78bd5dd1bb0f0f058cacee308e3b4caee24ce2c5abdf00166634d904d	64	64
c048c5078a65401f8af715e268e70e1f6f63e150f72faba1a030a92880f0efba	6cff2a37f714afafd8b2a827192bb1fd0089658f50cffff887bbd58de6cc73e6	3a83e70b9cf0c70eba3b5b5a0365219dd972a5b7f1b8067b30407bfdc327dc48	64	64
c05dab82677e5793f7905de392ca7a743180774d7011d04f7e3abe926bed359a	bb4d0226b1f8eee166b8b554c92d92b9646cd195be009564f0ce28ae184925dc	b1fe3e9fd811b4653711085c654b2785831344d9f13df13c20bdc1288cd9e8cc	64	24
c068eab06a29d61c601b2f64a555cc26fdc0666ba7031e311d2eee7bff5334aa	160b024380f1dc56838680d82f33eb2195b75bde4c386531f94f9346ab24c221	20a86baf5432813003cb80c28de16ee90949e853c7442a083c3f424a89876868	64	64
c09a7f1e5ce2ccb42355e160c53a42fb63537ddfb76c9d355e22151acafee19d	69c91f694add996f7868fcde0733542720b3947f62b01401ab5a9cf72cd7a009	da5d4ab98e645ec4876d7298e6c5acfa5136d442b0c1105dd837fd7603fb83d7	64	64
c09d4a70c4dd3c0a59831ee0d291fe40b95bfdc67d73678c370e32fa720bab73	ed11dddb35cfea421709bb5895a0bdbec2e38a86f8cb8dd6e2cc7b978ca79766	169ec5e7607aa735a0b6e6d4d93b7aba37c0dca47a3177150e6df01a817a3cee	64	64
c0a739d67bdde7e66be3eee110aef68c264e1ac0d6118b9abcc77da7118ebbe6	1761164884d0ac0f38e7b9d9689d56d20f880d73090e53e03708d7a269a72289	8542b8a353a7292c1fc749c72eec3f26cd47aa4dfe87ce1e31127daa92278a88	64	64
c0e1884ec4011b7fb6171b77e4944210ad7b17b0ea0c5d199b56830c5e594e5e	08f6fa9ab80f7a7e78f27e0f5bd5c73ace7ff5c16130e645826107d772176e2e	4597363208c732a36c212989b2ff94c236ccce10f8a048fc80493bd762a90d06	32	32
c0e6e5fc6ba1241063d47040d4fb41842d002d3e9ce29ba7d07f286ab4cc49df	04a29b48e1230092fb7100446d931865921dd80e84a5d090a974bcf670a62e41	6f7a5377fb1921e4b9ddd4af1f470ea47951ada0f1822eb5f6496b1ae3462b9e	60	60
c108385e64a152b046487156dce5f80a9fea3e16b9cc60fc505851ab96b6f834	973b878b0944b792194cb99c5359731374344592132b1e414cf2feb9f865b147	77f0abb85de4440aa619e22d0faf0f83b260762d292b7c094895d358bcc1d15e	64	64
c1097eabeffce07ca15c24a305e1d9e04e1cc975886d311780b689be3c719428	54341e358bd087fcd0caef25d88e15a193d97494b9c17fbe673be5bbc86d1507	4917c74c563df04a99a82e8e0218e479e0c3a56a2b9097e6ebd1073129baadce	64	64
c12858cf3860a151576a5c82bd49fc4d8d55a652cf87f7be5e8f7b9a6324a804	b005288698df4a3183f3e5f2040ca313cd61d842bf3b1e3ffc5fa6ae89a96972	8cf26fc886da3c1f6c338992f878eb0bd64bdfe1a9266b5f4192b9f85f7e1d38	64	64
c13285a81b5ce52625c5ff3052bbadfbbddbea8b90183bc3f12ae0cdc66dd339	a6f4786f75ec9bdb73b52537025c5c057fea528f5f7a18a74d259354bfbfb00a	d75157748f952ea3c510fdfe7b1e92e9124a544cba574780b854cf64b607a21b	64	64
c1391514601b32e28fe148a905798e4a5f97ebf8cd5c9d18109a72c43a7a5de5	cba27ed253bd3bf958e1fe8659c9225b0f9ecd14532a5f39dd0d990ff6e529cf	da7911da64ff3fdc318bb017fc927a0cf940d263928685916ee97fa808dfddbe	64	64
c14355b6752a66ba7b7e85be834802184ec54f8c5dfe1eb4724d9d29cfb7cf99	d2ef737940d18dc3c9bdfff2f3009c086ab9238c63d4336b528492bc748e8510	53f3fd475efc1940f047fa471f6e7ae5ed98e272313ac5af52bb83c0e21d1058	64	64
c14a7dc3c38ea61b6ae5ef1eeff4f300c969ab2bcdb254ef813e1a3f99b0e725	0f7fdffaf5c102723983061f12fdcfb6d49c7f6098ad3a764a70667e09427567	6b014633b10c1975fd7282e48bd2ae09453a5edb06f3437ff98c6ba4d513c64e	64	64
c14b73c79c15edf357b5a9446dd02b0a51a5aeee7bc0a670c7dd792e3c09fc0d	998e5b8b60e2fe83ab330681c2bd619f57b276aecdfe9defdaa9ac56af841292	ed6b9c9043c89d29a4e5d52fcd569d95f47f096c72e67440aa05048ffd45317d	64	64
c160de8372a1630da176496b0c6a9468a4335c944ff208ff5dbd903f7d9fe591	3f173e045c9f7ffe89e78267ae18293adc30db212df211926616c8c2134aca2b	b51e712d7c0c26b3813236116adb9403929dec0176918381a2d2267f1a042dc2	64	64
c1765054a6c633f5df85f9718245098d52c99d64f839fd70ef277f5e370c013b	b6e0f24dc1fd652f71ed3265716e1cfed4024d7383b7b24b4ede8179258acd9f	f79c0cb01138ea80821811bb3e170c3948ae29f2fb367f5c20789da4a1441132	64	64
c17ba3a04b0cf8feec7f997a77d3a99c4643a4dfe2df9657d3cfd31a1326ffb7	04998d0f0d9dab2a804073a4fa3793aa733e7d5e874dcfd75fe0e2763aa3dd0b	30f490e6a7225d65a842b8e44d7f3ad15c4586dca06f64b958269c04d0b971e9	24	64
c17e8c31a6cfa4a14d25b1c1da793a43bde088b5865d260e1472374faff0f76b	d13e47b3004ae740588d0d0ac97a63e5a53d7f4fc95dff4f3d0f97a540394a85	228df7159c607b678bff23e76831c8f097567de2f081f2b626902309e9c6a334	32	64
c18420c6aa26f09358c2562a509b38d708b738e7d277881db89ee6d424bc70a3	fe09d93135a0cdfb540a73ed6bb6a285cc106843265e05a86b2f8dc4abc3b85d	e1f83f50daf6a5e86f3a4a0e6505b3de28abfc1730aebdca51b5417c5c734f49	64	64
c19c8ff4cd71ece1c737bfe29b8858822ab8fdeb17e6abd310695d5bd856ceb2	f2981a5533b81f9a33a79a5b41ccdfcaa613aa2e39b05eb5f5cbebafb3163983	3c8cd3d621411cf0863fe9d9e1c8395010766ccc13231fca7ed5717e9d0d631d	64	64
c1c5b52b2ced5b89500cd16df7b372101e4371447b0e0ca0e957ee7284a804ff	131564e1aee68e2338c7b73db3c956189363e97190d41daac1222085d124f6e4	a3d3768375735380cefc20f7d16c38d56ee9fb5bcd9c376de055894fe228a1e9	64	64
c1d91ed2949ea00bb590790ccfb6af97e9cd756a081b3777291f947964851f22	445d8312affb2133e5878d197a3b0712fca5db13d06a1919c26a0370328bd817	8680ed85e880fdec1b368745ca59bfde3e6aeea574f0bc0e7d1f3661c7a1b65c	64	64
c1eaea7210c9392cbb47ed0d6b94162b47c2ddb1461d5292e74bf7178c550805	4e0c67c0e575574f78498b531ce846d2806bc1563476421e4fbdd37a68e30868	8e515723bd036f19ba3e742165f0df9290a912ef1b281bfe5d4db982cd67b4e5	64	64
c1f025fd8dd59d8f46bb8ed9f24d454ed48919e330e72f8e4cd609e39b92e570	8d4f0b6cc26b10506e8e5e9918feb954fcf6cbad6e382e8f258612a7df54ca26	4c7f2afa3aca6f05e5865ba40af68105edd573bd734c2f33a7754081cf568a46	64	64
c1f21828149aa354564dd4625bac320c35e4be757dcfe66799c9ca420d5dfe8b	4ca1533fd44b4d43e9a809547eea308cfbc6d8795ec6a798b76e28ced36874c1	1cc285860599d1cd9fb87aeabf6ded7599269d05faddd8d93bbb8a6bffa9d31d	64	64
c256d412c1ea86644a5645bac85de2f91cc85ebabaa43cb7ccdbb85525180fce	1aaaff72d8521973b8aeaa692a653639c407a7d2f8d31e46633314ac33f4eff6	c9438c756d369fe5de1fd0b5338b6f34e4716b065a7bb565d39b87fbe1f7f89b	32	32
c2576d7a3fd3ff4520a754d6f4cea49c9ee07c9d243c62e7139d5999610341b5	0fdad7492471c30c067cd23ffe92be728b2dd7e21773da7bd6f29fc9b628280d	31e719eb9eccd9de3d7b74d500bc7ff838736125329f1a2202d7308a4d792154	64	64
c276a201300f22b79a5df3178ac25fbdc1d34900a3c5d08df41a16c3d7123b1e	a6690f81b79c53016a7271bdae5faaff75b7b951ec039ff1e4477fb05a6f6859	1ff58dd5d987de0da406e43a9c75847c35d979b2801d5bbe71990a8be3547888	64	64
c27f8cf657ef0fbfa49494c10ce3cbdb27e57f8ad14c9112efb407e7bac17e71	76652453e74ca985dfdc2fbe1d6701d10ccc976aab69ed5f3e1daab5a17f541c	1bff54df705ff02b2674282a7eeddce9a7f2db92a4fb2d3febd6a2c72a6c71e7	64	64
c28136cd088d33ecc9335eb3b7defecaf34ad72ec351e075bb5b2ce228328d0d	7cb4ba820ea92620aae5569c529c518a11628856d9aabdc45a181a0afadf141f	9a89fea14acfc875b2de1fdc8c5a3ca33fd338ab3bfdadc249f4f226e28d90da	64	64
c284f4eb21716be5d510c797d4cbe63b97128c145f5322065251048454e9b3d7	d8572baabb83ba6d93f76c5576d82f3e67313116ac9f5be416cbfaf8c41d0b0f	27d62f3ad882d8586834a0ea889fa6e4f2da02b8f0133b5bf02df4c6e2746f7c	64	32
c290fd4cab3ef1fa3e81523eb775876e05add2fd9bfeb17da4579eea475856b5	a1281d7938036b8273d0676383bc720600195f03b29cdc596f3ac0dac03e38af	20821d0b0634a51e9db73296dd87cd77f0e7585cfee65c46771b639b646bdbca	32	32
c29287ac378eabb0b7f7ec4f8d104620c2043daa1c197d87d886489e67fd708e	e71e9abf4cb83a05f4ce938b20c5ad912e2c42b75dccca52c9fc7f4102743091	da5d4ab98e645ec4876d7298e6c5acfa5136d442b0c1105dd837fd7603fb83d7	64	64
c2ac46ff0011db9c9dbc1790e0351a5f9e37e3b8385f684d7b5eba1e0af685a2	ff55ad3ec9a9c14be6993b7d6dbaa5b7e7c6a34ecb16e4103234e56640008e8d	344ec6a6b505586c3f8ec46f0d954f90b745822195f9a37526ce1d530eee3caa	64	64
c2acb5096d425b47d97d26dd760f2c80c075e5643474f5125977980df7034e59	53d1dabdad5a1e1aa040e567a6da0394c46924ec0c976a981b82a401cea04d20	71046b1f357c76e99c8383f3b354e8fb01a7a8d940a828b73bbc547dbbf982ac	64	64
c2ccd964c9b34268a45f5f7dc760f13d08a8533d8d50d88340c206bf7deb861b	0f2d8f0f39919e9dcadeb17b0915ae1a6915ab2ef1b06a788af11198ba29c88c	410da14c733ffcfffbadc131d1b75d62f88fe2985f8f509e5bcfe54c02e0d87e	64	48
c2d182aceb4bc6bc26ef78cd78492d36d74ff08d564c580f6ba01f35d4f79be6	8380ef5c2e973adf982a959a66f8285c29a4cf1a684672948b4cf0b6e4e29add	66cfef9e59cf15dca7163fbfe44710bbf9d53a9f65830d095349f44ae5bb36d4	64	64
c2dd1aacf2d48c2bfc08775a04a3677f93ae72b247024fed0523f0500c21dc59	347173b95a5ea30a342a5f09958c0c84a6512f2acab99c53c0d9f77040eb1601	2252fa129f647d6efcca2d65d8932c20bd4e4ac26379fb846ce7b2c0e609f8ce	64	64
c2de8c1227842eaf0318adb7c69448b9fbbdd96868f72b935046fee197c5408a	e71e9abf4cb83a05f4ce938b20c5ad912e2c42b75dccca52c9fc7f4102743091	da5d4ab98e645ec4876d7298e6c5acfa5136d442b0c1105dd837fd7603fb83d7	64	64
c2efc4e464414f56923dcd511ddccb58656be25de3ebeef2fd58d48af834fc8a	6060b1b02175e5e47fee2721f079a42c7da0af1bf9a0c3901aaaa4fecee3135e	c9f233b6346ae8c210f2809639c4e0bf4677744dc09fe89ddd490a650cb32b5e	64	64
c2f7df0d6bbb045de3395d41a5d5456ca8dd2c8d240df41b86b14f02051b7112	e71e9abf4cb83a05f4ce938b20c5ad912e2c42b75dccca52c9fc7f4102743091	da5d4ab98e645ec4876d7298e6c5acfa5136d442b0c1105dd837fd7603fb83d7	64	64
c304ea2c21cabca63b8869c8e5d2ae629f88c587a656c199adc30cca0c25a1ff	40da79d737cd67ae10d789af4f1156bfaa2911382e7c67b780cffaf911162a2f	35ccc7d5453d7e5321335e820a60854b40fb1fc75cc67f23344e9d11b4dc82f3	64	64
c3195c083405a133a6ddfd6ed4d4c1a468c85a7e9e01416e242b185c0cef10e9	9276b3baccbcfd41f4d7079e73c03d1d76265f56a025f8f35adf235bdeae8380	5aed830c5e96e68840cb534d523bbcc3feb4f82062ebdc5b9e707d29eb33d582	32	32
c3350b2edf8c27faf065aad813effc6d934d65618f84ac632657b97518bd07a0	e9b091bb37751ea8b4090d1be27aa89f40242af6b4f8a8b83f65363c75238af4	437bd43927c4fa9ecb93989a296d1806e42405ed49fa9775a95b5d2a5150d6c3	256	256
c343758150f9cc65f66b2e0a22b57d4d03933279b1f824341742802622c15d83	76652453e74ca985dfdc2fbe1d6701d10ccc976aab69ed5f3e1daab5a17f541c	1bff54df705ff02b2674282a7eeddce9a7f2db92a4fb2d3febd6a2c72a6c71e7	64	64
c349cfd38c85fc794188f74cf0297b88f1007071f8e9971c613f5e589d088761	2d2b5719ab3fb8a1d3498d17457feb480259085e57eba291fc7b815b815a6592	371c0606db234b5b394d78fc9ede22da975d045e9ad0fc19e8d6b7706b61954f	64	64
c35b53c25553cb152a0d74c284e354248f959beb85c437d1d3d5596c1924243a	8f9934bf362184599389b3889ac0b2ed6ad24169298ced072258eea48bf0bb76	fc913642c6520c21e741870fd98a2d07df9ca12e3740df0e5edbcdf73db96d61	64	64
c35dcd19241e4a0f23b109bb7a8a73a721bd2984703ddf38b77a1fa00e9ec02f	f6d459d09d2b9416d5977c551ce20107a5432043b6a9d06038660dc5c63d3ef7	91747a58ad210ad3bb38b84adbf896242f1b2abccde1782e2decdfb220b9e2b9	64	64
c360afe64a27b3278b12522db2dd70bd0ee805480cc2f10e79d8765919e7e228	b8dd22c6a7f4e63fa8b1abb9f12ebd30bb24bbb4d85ccafd5312faf2163ab42a	c8c64d442be891d2a4211c46dfde3334613562ded0bbdf8d01f6b19da70abb95	32	32
c373271e433122a0cd33940fff30a38418f912922ccb3d3ab5588a84dd6a469f	4d08e4fec4c8891064ef1317c89ae744fc33d58f95373059683ce27030713784	18ebd9243f5b17cf82ca26f4a24d41e55960d449a4b9a91df5882bdeb9b347e5	32	32
c383ce7cb3489cfb6abee76546b51e0544ce5fb4939f204fbdf4d68fddcf0227	236443e66ea8afb03472d9bdf07f7270d25d9b7f5ed4d8ccac0fea3786c1e21f	df69f3bbb858b7ca13bed48fb32cb5c2d93f88b25679168abe8b865a09d3b543	64	64
c39cd137d694359286a189c4de4ba73b6cb224abfbb942488d2cc574f7ab214d	4381df53e95df5b11b33cb5b80fa7bdd01816ae33a2a71d554a9aa5d93261e17	6d1a3170ebb6e1cc1b07e6c331ae45e80a768228b58f2eb32a2bfcd2a3ff440f	64	32
c3beead67a5812a76422533003dcb78fef1e2ce56af81fce5cb26daf9fc055c1	3f173e045c9f7ffe89e78267ae18293adc30db212df211926616c8c2134aca2b	b51e712d7c0c26b3813236116adb9403929dec0176918381a2d2267f1a042dc2	64	64
c3c0917fa36c1b1b70c4349430dec8c67550b80c33fc440294d155e16b102a05	feb92b792004437a2eda5b13233cdb64db06fc529a4103edce529dcc138e7c36	06a1be97b7fda0e64fd76cb962d1e9d5de295a2a6aa802002abd9b65dc82cf83	64	64
c3c4137d39aa959ca9c8c250519ea093362b76d68fec9b8a0ea76512d6ae6ef9	711c384b03b937201475bc2f4daa28e8fdd24fecfa5eaed35e415a0b418052e5	34b4b2631b6186326222f87d31ed88994f35fcc02a14cea093c1632e568749ff	64	32
c3cb779fa874f4e9908134efcd6971ba2b943d0dc60454292f6a59f61e23a621	9f9e77b16d22aca1ed3504c128e30866aff758cfb670d927390c6057ea1155a9	e897b67baa0a0d0b24aa57491773702c5a5d6a1882e0a25ba52ae432f5b95572	64	64
c3d4053daa11a26f778625a843ae96d65561d74fab6575746825513a93aeebb0	d9ed24fa80f64625ff5766f8fd1bff38213d8c599e8f7cdec02b500a2adedfd0	3353065d30a45505c6ffcafa4b0ec6702edc5dbb0df652d2eb438e4681bcadb7	64	64
c3d7854559560c3c10e8f059147d96aade12ea196f8780594c4cc86ed307082b	76bb925b87fba82329d1bd2b232a607df2f993a66813f9342cfec4cfd2850c59	098636577b1245faa166048ab7e8b88e83597862c3f40603f1ca30113a9a71d7	32	32
c3dd3e5f3a875f09745cca9d4da1d83386c6bc86e43f474039ee312c06db83f1	8e7082aae4eaeb4b1499aa0f31f9b08047a0852b0877196c8957ed8b88a72522	5fbf1a2e01c960fc75e0b11a05b35c649bee0a83d44824cce7e6645f539ed50e	64	16
c3ead69cb6bb7895f83fecb8b87f36f12bf3955a031c71e64722972dc6db0742	cba27ed253bd3bf958e1fe8659c9225b0f9ecd14532a5f39dd0d990ff6e529cf	da7911da64ff3fdc318bb017fc927a0cf940d263928685916ee97fa808dfddbe	64	64
c3f01ef94dbafbaee354512cd00f688fdd64982ed24b7868905a571255a030c9	f985d7a7243b53d79853371eacd0bad0c98684393a9ceddb646040d0cfe22438	16302a874d30adbec380106fa790c5b85ef19428d5389e9ac79f53a9c82c0129	64	64
c3f0c16179142340589eb3503ed11198080139f8c2fd1cb2867f647165c3bead	f0ed82470229bba7d6373782ac1ce233abab5816a3b36c9bffd07554f4767a88	89bda9099e43c1aa8f8de29a058ccdb123dec474cba440513ff95745d988b896	64	64
c40566af2456760f645b903c7c1ba234fdc73b3d07c0a5f07a7065fffaf1fa9b	e7c61a8acb732194d14956abe7d91ac9ffe999097da75dd1bd64cbc2b8f72f16	975c58357ba45d41538d2d5381ff0eafa82932179f0036f7f550d3d10486df07	64	64
c411d9c63f52645a55f8b7c8d7d973181df5a1abef0e7049a02a220767b65707	7174d6be980f7d295dc001e3a614969d46edd1676947ca7abc78ae1de6a8c744	d25cb6012121ce0840f5e06941e1526ea8789d049952067dda5028a3ff1076d2	64	64
c4163b4a764be258f62695a9cf27433130e5a9e0e6e167e8be8ca904df435eba	ff55ad3ec9a9c14be6993b7d6dbaa5b7e7c6a34ecb16e4103234e56640008e8d	344ec6a6b505586c3f8ec46f0d954f90b745822195f9a37526ce1d530eee3caa	64	64
c41d9b64c6b457c2ea3fa6bf64764b4c446bc41cb43cc9b140094d6e300b3718	7d278f5a2a50e437e70f408b126763540b1414c0700d48bf767c20a921c3228b	efb21db831f91cc3698a3c511ed29360c781eb1c13c27c2c8623c5aa51f01369	64	64
c41fddc68ab1b524f53138c11efcd3c509e32cace5c7b459db1c98f584c589aa	27a7a0eccf1ede19f6f6347a10abcac738178e8cc1cd9e0b07c3f844ee669178	2d51f40c27034ebd92d1e7897db3625968cb50ff3169f9f67d33995b7ea5752b	64	64
c42d4ec31358dbc7571a116c1732c7733d8c97ec51913bdabc1703d6a99cee0b	2a8368fd1bc0d608ff1b0ae682b23e62c964dccfd53e5af3078b468efd9d0f84	a3946ff58fa0f9e9589a90959a1173683cbafa05dd956ed67b1e42f6f6ccc2c8	32	32
c433d84e920cf9b19d41b1bad1abfc72c846ad5deeb8bd5d6558429b790e722e	aaeff969d678efcdb1b0a9802e66ab3db8765da94257ebe7092279f6d98eedb6	770e65cd69233ff29844f2e7dfbfdbb404bf02304f21ba7424bed5e4a0816825	64	64
c4410b30e150d223f74bc91f530d79f39e0f728670f7ea208ef1edd8f8581c11	321c6cddfd05a4e6dd169a6b867bc03a615ca07c45d5f98cc6095704a06df22c	efc858e291abe1a344947de359ad8e71fb74aa72f022cffaaf0fed3e2e2ac6c7	64	64
c44cd9929b324729f825349ce78a400125363e93030a16fa244ccf018ce1fd7a	7495d67770b70c8d75e09589a9a25b270d3a8e5eabe8cae279770aab75dcb0da	471be5573b41eb693bb3a1c59cd06d78d001a9590d586d864b4874a030fd1a18	64	64
c453ab331e7008dd78990197bb33603d81c9c84b6abe5f903f3ad34603027ca2	ac123b40d5858dd4015e81445ee1cbab77586db00c854c570f0129cf536b14d1	f0d78c7222811df439754b1be3e72532f5a3a90c5f181d8eeb459e45774ff931	64	64
c457ca308e287d749f12977f0aefde06f8f85ecb362a6677c6bd6bbf158920ac	ed11dddb35cfea421709bb5895a0bdbec2e38a86f8cb8dd6e2cc7b978ca79766	169ec5e7607aa735a0b6e6d4d93b7aba37c0dca47a3177150e6df01a817a3cee	64	64
c49a667d784982382a1cda78a34c4757269250313ac0f4afdc9812b69f5437a0	376961970abd714b147077dc96efa8821897af7161255280f7289557f04a8d1c	ddb2340e22687ee16c89928cb3d9fda3eec1e2b110111234666757a2658a007e	32	32
c4a54cb2a5c0865022c47849bc4c8684c5b5cf9951d10c6de297ee61867f4461	d7b649e96d604785f2aa39618452ddd4b08982017dc1cac83e83b835e8a0f274	11c8a4d238ebd35ed88f152f6a551dc7b0b11d2223d46ae5bf9dfa6f5bd7d648	64	64
c4afe75b63aa04665a2c3eb760b4a1cb1b60256911642b504db5fa89aec4bb98	f2e30dfae0e0fb813245c1d5e8ee3e219ce0b0b67dbfce7fad85fd2bea0ac0d1	adfc567c0348143dd43f5e4d2440fa9f4ff14d1bf0e7d9edee2f287d2a71dcec	64	64
c4b74c754180b4faffbde35390bda35ca0925479b679b655a28709f78446d2f6	4558dc03bf71c2bc1186020079f2249236cab525c4578e70c7cb62a58a83315b	b6b099f4622396eeb3e17fc4a7484a99ce1fe7a80ded1991bc0879132ab84268	64	64
c4c27ac06e8ddb6f85ccfc9de9da5056d976127feb7a31bf6ee16be14d61b320	726a6128695b4dfe3c81f8098c99c6cef1d6f20c66e81b5044077fe547042d22	ca7b52d918630d495f5e550086f5e441bfd4ddedf06580be9af8f8921f0bacfc	32	32
c4c583f3a8d805ca7021056f0a421fb9a1e496c57d809c380600e3a697257fc7	822caf6a4617dc6a7647ec4848e01172b67ef1dd486793dfa823301f0f9d3b7f	cebfa3e8ff421aea07ffa3f7878cd340aa3a582c8db30afc7662b963a3502fa7	32	64
c4c602e7793f9225d5d916a5e6c852f169a2a0318032e1df06382e555dbb5a6e	6cff2a37f714afafd8b2a827192bb1fd0089658f50cffff887bbd58de6cc73e6	3a83e70b9cf0c70eba3b5b5a0365219dd972a5b7f1b8067b30407bfdc327dc48	64	64
c4cf4a3e282815c628b824a92765c1fef3fb06a2cce3c392cabb4abd814d7caa	0e9bde8e2190e4041dbda850963bcb44c63dddd8672990fab40321dbcd283308	0eab62f6427f55ec3535e1f5d4b3a350a9da835c1815d3cd6f8ad29598f95c25	64	64
c4d1c7d1f0d8f1038793f592b911bb570bbc69ae13545c1b80c563ddb571adc9	83a8a0f9de20e3ff3915b7f4b629d787012fd64ba50f5f2f5e8d1dd00f6b444a	c1f7045d6a3a98d2f477c3d67c3ca88cf91ab20c58a6fc4978ebf0d540b4d5b5	32	32
c4d335ae73808c03617dd4f68799803a5a163fb048046164d85ec2cabd87608b	d5dc793e16cb86b33b92490d1315ccf0671f4dc2d45ab4bfe39ee0a6109f3040	1645e099d3928226127eed54d001b242a4cb57465081f08efdd288ae050f9db1	64	64
c4e4a173cfee36d67dbb59392c6c9f51d6f5c35993ac438cd3b09de6ebd8af57	a66b6e6d62c7e009821b115034232d352f5c1a4c4469298b80c9f592682f41ff	865b916a5d59139ece674ae71fa74794d21b635ac910b6744feeaccef6bd8203	64	64
c4f78d07f783ded96e5f04e09228161d25c888de7bf27f2a0cc296d4a94eb33a	203bc07a15c658de257588ebe58408975ac7d43f0a78df9e71c6b9f5a6f0f2c4	f2cc5eaac774868208f971e4bc63b469456b12546e2ff7320c79267e4c90e4c2	64	64
c50f82368b341836a1057488d7de376dd37af0ad8e98c5f71ee35bc88c0164ce	3672ef5b7ffbf826e001b98cba0b8c51299ab86e613b0e952b2f93d671d83be8	49e14b12b288dc776e7242a4b4d401109d13ef999e5dae74ecb8e4fcffa35cf4	64	64
c528c7bf225bae1a76c8c582da9fdc64f49eed93ed90c033120d3c295f8e3975	ad7d158d5b41ee9af8163bf15095962e0866a794b6e56cfa7b1ee5c6fca76e5f	bb4f56c875c7b20e22f6d073642c3345b570b0a56a5d5608abce5e08bd04b93b	24	24
c5377209b20208cf37c84486d70ff52b95c4cc08541e529877c62a0a003c0331	d0a962883ca674ee51e266c22606defba1d9c5df40d86ccfffa97790713b263b	2469e9ad1897695c435248676f32ad07866a25589135da92d050801466e454a7	64	64
c5409a12a6d212c876709fcbbb15918f17e0a989b987e475559a0e0c9b9befa3	b287c16b5d9471066866e2b640b00da8b5caf19fe1bd2f6a505a91db15f253c0	a72188c2669c9889452d60eeed5070915e7ca0d8ad547cb605c69e0887cb7db2	64	64
c540dea27ce658c0a8d801acefba4b1c4d91e11e49a98e21c7648d87d562851e	aa00781649536ff4f9cedff06e4ab4b283270606db3e8feb5c8a2643c3f35054	d2b77fd8c18f21c66a3dec3dec3dc489624d80549dedeb698d3ce047de255dac	64	64
c566877ec6ce6fc89492bdf7ab922de813c5c4a3b04f6ab7ed1e6e8d68e85452	a8a003fed18cec88bb4689d81db9d38d7b1aa2c6e1dccccfc9fa1f2a05dfc81c	97c8cfb9e65f4ab835824369192ed014729e4a488f145108a2d710bfbe0d4fdd	64	64
c5b526efdd13c83fad49c8dfbb57ca91adfe889cb981b09b321e259a3f70c0ff	fc0644fc3ff0a45344b2c7df825cb324934a88d164a47d9cb06bb6b36c27234e	d2073d818a329d1c13bc419b9b81e30e20925c844a4d56c6d372ea46f25a1f14	16	16
c5c959226ee871dbc4b007bf64e60481999b10ac40a5561be7e1955baabc8f81	f579fcc3a317e2f0735d609c9d7b1f1be1ccf674d9186c8c43cd9408ccb88a3e	9a37d6ba19b8d9bae79d1783be2e4ab0d52fa59a3026df31a6dc57fe7b8d7172	64	64
c5d977b22f8eeb15bc8f233c41ea18792aa258a072c46d6dfc116af113b9033e	553929093ce33207f032fbca4505f155448a2e8e68f2b6ffacd1fa8c8acaa875	81d4d9c4b7db35190014b4617315a01bc151c1ddba973dcb34ae38eaacc4d6a5	64	32
c5efd408408c3b1420b9c37545027a49acb825aab817366391202ad18a3db220	d64700b3583001ee31767d861eba2a606a05b0a5e08b8c86e8662d0773fa1dfd	aae21f0b938ea1d6861e77aa2bb61897a9212f872a01e362e42579608f2950d0	64	64
c607c8b33d7eabd25c9b8987cd9aeab1988c271eed113d9c81383eae1bbc04c3	a1281d7938036b8273d0676383bc720600195f03b29cdc596f3ac0dac03e38af	20821d0b0634a51e9db73296dd87cd77f0e7585cfee65c46771b639b646bdbca	32	32
c636bb91a7c6e283ac712bd3e1508bb5caee7b4330786c585ec434be01362fa6	ae440452d8fac9ea9c5de77fb6a66c95787be4de3597575e21a9c651f683131f	19273d342b475bcf57fb0cf6f207d21f959e56666932ff989305db0b53ea09a9	64	64
c63e9ed258b37b09dcf510eee4b66b67e6a48281355f46af300951d8af4155a7	aaeff969d678efcdb1b0a9802e66ab3db8765da94257ebe7092279f6d98eedb6	770e65cd69233ff29844f2e7dfbfdbb404bf02304f21ba7424bed5e4a0816825	64	64
c652bcf7652a6f0c7342b1df32ac577cf5753eb67abe999793e60c0ad206804f	fa01fb1a58a6fa297183a07a1ca30dbab9e0eef1b69bfd73cfde0ab4101679d3	36bd9dd33e90d9d2f42b6951f9d9be8e14ae53ba8c10d3cf8450ce5f3692dfc6	64	64
c68f0b4afdda6650c8a070d1e4507c72603ffccd4cfc7166dd8e9dcacfde560f	0b4996d956fcf81187bdb3bd6df08755619a1c5fa601fd6c29d6ff359a39e246	3c3e465d9a87f8ba0d88fc436e76bb5468142aebd397128130ab62bc5ae19f03	32	64
c6924ceb77d7fa407f9ac7d33fa4eba0cac89c404c0870ac4bce44b7dfdab48a	847350f0c2d759dedd501d4dd21c4f9fa0f4a0696c20c51a7d991ad585de56f1	44fe00023ff1f822b6eaea2cfca06ef3fa86bd2fbbd517aa4b67067ae527e3df	48	36
c69c08403900919fa34106ff076dfb9e1c49b54f682ccb73395b7214fdada64f	654338e6b04935e685576e2c5572b7f81e07741fec8dcfdddabb3d1c53abb439	3f03b51b4d0024d9a2c7a4ad1fee129d0c6229f7754cb2b44a9f848589f58b1b	64	64
c6ab11b757ae7864cb784097a2eb901b401fb67a953f276a79a8e9727787aaa7	8e6b252d8d86a0a7dce7ca8b7b9ed49d212657295add78cd156b6647c19c9422	eae532eeb9ab3d1505d5031616437177b10d9c385fd567b64cb94d4bb01ccf52	64	64
c6ac08df1744341413cb0f72f897cf2623e4c66bdc0b65b376a7cc9398c15a22	d3356759b5a87dbc68545d154b80b30cf6ba17fc5c28411a9920fb2ede90c500	3ae45645836ae995439f700ad999e6b4d0ffda3029478f376deac971c3fd5e37	64	64
c6ac1fd7e6978d07dd90bd0cdc0dc9800156f8461e2efc1fbaa14398138616b6	6b7ab7ff5fe7944351a0d40be0d84ab4c643ab274ef569c6f63dd5b8c5b885e1	b10408fb2a3633febc5ca74cbbd14182aae6e6e4bf10f65c5052092df441c5a8	64	64
c6d38d94510b5ce2662af8fb0fc070d9f11a072269ff6d0e6885fa7d02aaaffe	47ac58069ed58aa373a713fe5d43340a487b93a7d6e52ae97bd468a7995bd613	6fd60c0101c131416b5af82b6d36b54ae8497f09a7fe7795e70b1425d640ffa3	64	64
c6d9d26af7092564d729da9d8fa82f270060f3ad6b66ab98f008e64a6a72ab1b	67fc6bc19c770a89bee748a113aa1adac6ae33515a363ae056747cbde9ba3552	4993e6afc1cd4a683d1b75f5348308da3815b401c64778bdebeeb800b7461eed	64	64
c6df71a5a6851e57cafc1fd77a27f3a5200aa09f3cfe5ee09f56ae408afd362c	33bf0152e2ecb0e3cd178b9303d92c33e56d265d5cc73585641acbf289d7f4f4	1645e099d3928226127eed54d001b242a4cb57465081f08efdd288ae050f9db1	64	64
c6e0160319246c67c25cda2894f7c98aac875263066087de8c30a5df430de9e2	d13b871e7a2d3dcf25b7ff77557d88fee47e2637f8473536fbff4122048ba2b0	389789c5abb2b1d2a20d0d5ff27f348a5a31eda12b65b51db1976a872818c93e	64	64
c6e901d37b471c109ffbdc3385f708d01d254e83044bd6f6f9f4df2275a02d46	cca4a229a858240839e7ee8d4a52c43b87639b44cbc091ff9d982db9266cb0e5	29e1cf470218c1583b0d557eefd71539fad984d8759474163dba431b623f846f	64	64
c6fd667855f01c47caa6b74bf094a05e22875e556ff719e94b8563c00ed14f78	2c53639f2b4b4ffe7bdae903abda6416f0586d1d2d28e7e11019495e46e5a15f	acf548744b89fc028affe4fe678220433c8731f9eff0d741012d6f1391f8786a	64	64
c6fd6c97fb58a672fae06fd36c2825bfcd0257adced31db7743573725ed2dbe5	ad5c519cf443b06e74cc87e0002e5ce1d9c135fe475b583998f6dfce587611c8	2c838ed530cf54225f499ba3b94b3bbb1ce9406e5931ec25caa8b07eae7bbb8d	64	64
c6ff7f252b19a0cd274e257d2c71e76830a274f3a3937e5fe87576223c43c09a	acf9fa8b9c7322af7446efd11c8cb035a044b849ed8a3a5454a8540fdb3701d8	effd3ebcec913557a544b7f5da5c9f2939fd2247425d837f529b1ac1aa248ea3	64	64
c6ffa393b4753ed523a3e6ac298bbd191dce6d86f7ad6c844e39ef344087b0dc	b7f1bcee34199b6e85f4e7208be79d081d2dead8e4b8e51f06fedd1ea2568acb	ec8ccbce58552b35fbe31e09430c683f1b474dc54d5bb8894f3ae09793791a49	32	64
c70c7ce369a3c8c1e285c1f6e0f2babd6b2070bcf9ff1a314330f657eb4a893a	263c748c17f80dda1570413bf012703ca68d95411da6f37ffec2db187b104a2e	ca98ca6f86dd5169b2cbdcead25261e3c5bf1523c45a17975460dfe6b8f55e4a	64	64
c70eb42b167ba1ed35462ba13d08084fb0931a5484ba8ff4e17de31eed69ffcc	17e10919319258484d14b43f86c4b01449abeb3754ebdaf062631a1804ada777	f212cf983cb73b2adb80467fa2f2efc631e632105b8c34cb52a1bcbb20224337	64	64
c71260d1c5d38c9d51ab0bc210a068ef632a8aea310057838c6ac9e2734a1a36	0f16eb72bf64fcf0fa0f865f04921f2f612ea59c611ff2374fa7dedef4654bec	58c8acd8baccb0497c49ab41d4c419d69fac345e98999bea491bff73173eee02	64	64
c7225be16e89d7795931504842a20217a021c82240317c976602b15410e2ca51	16caf1261575258b27535502b05652c86c5e86af81c4e83d80f8971157ddd4d7	b64e560697a5935c69baa07b3b6ee62ff3df588b6a015cf949b4cc9e05c97cf7	64	64
c72773f4a94361e37f092114bc689714fa85dd993a5bafeeeb8f023da2eb8016	63ddec32cc440a4a5727aedb1845b36686cc6097f10318f1e7c0dd17183b6381	40f627a11f9459eed0e5afc83067a23f932c0bfcd476e99b1d6e6c8533fa2c34	64	64
c7297f15368009cf65421e94c41fb18da72b8ea65075490c7b712d8eebd8d8fa	6a12f5d272785d04da606b4be3561069abc783fe175daf92c3ddea5facb227e8	2bb539172d4a7c6728188b32366c9f0f0e7c83a8068613f052f516ebd6faba8e	64	64
c72aac3cc72ee79f0fd67deb81ec0884ca3e1963e1a3025b650b3b9abb889fb1	76a84122d56d6cfc242450452582d015c263d19841b4d0586181dd569d199ac9	9139f6ff995c9d43cebcea2a0d5a3b3fa9e9c66d202c17b8b99e8273b7a98263	56	24
c733eb634566f49a1efc72348d375bc99441217f659ab70d8b29ed8b0ccc2b3d	160b024380f1dc56838680d82f33eb2195b75bde4c386531f94f9346ab24c221	20a86baf5432813003cb80c28de16ee90949e853c7442a083c3f424a89876868	64	64
c73e01ec7001e24c5e1c6931cac2530aef4388d30dea50809ba1a825d3bfa201	18e4ed055d227f0c95562fb8cc42fa33f1f438525038a189a71252410b8b59a7	fcd0f84f2007974806727665b1891bc78b561629e8aa23c43e7629261b24b387	64	64
c7472deb4592e7d715a6100a5e5ab881377bac86d729de29e3113e61fd9f020f	c7327dab1366b85a033c38d2ab726eff28c7373d23da90fe7693f46474ce53ee	3d0ff75e8f4721029174ba04d0bd2473ba3928a5ad370500026e2304a4e3dfa1	64	64
c76493c5c07c793acc2661452a9f16b4c38c48525815c62d7d8a0b3fa38ac2a4	9f39e7177dc193052583fc8018c226f3e7de2f9d74a5125620d5999d8629123a	dee7046264f33ff3c045c75639e08b685d00f51b018afff734c6147c5e702b8e	64	64
c78ac8bee1ab5195d0b43dcf83ef21bd88e911c83f6a1cd323b0131ca57e6781	63c6b800eeba57d6e9d18b6a9bbe53541da2aec4b5bfe8f77b5f21fbdd4c0112	868e74244ecd5ed571808d3b7a7ba8107ecadecd295e5906c4287bb3be91d33f	64	64
c78d405952830e48138377fd0140f2eb9c75354d551e194c53c7068510a885b8	be6f5bf23b3c91d0acb9d1e0dfc29d91ee5564b1e149a72beb32479d21e908a6	919a0652aa1e90cfa924fa4b6f366c96ae50d932e728c296c37d9b90d058f4f3	64	64
c793fdd1400f4059e2ea0b05bd4397f183e3a250ba3dd61d4756b159cf9ba01d	9276b3baccbcfd41f4d7079e73c03d1d76265f56a025f8f35adf235bdeae8380	5aed830c5e96e68840cb534d523bbcc3feb4f82062ebdc5b9e707d29eb33d582	32	32
c7b016348d7fac99e1e09b792f2b0a0ccdbe4f3949b8f0614b7b76e68f946f2b	f3aedb73d27c2a727edfac2f924f857c33dd6a3b156d9193c7858d758f45d386	3253823ba5cc8a590494218b7d638d4b26146f507091671ccb726ebc582aac4a	32	32
c7eecf52594846f87b76d0649d76865a1da1cf60c975a33df8fb94c0e68b847a	76652453e74ca985dfdc2fbe1d6701d10ccc976aab69ed5f3e1daab5a17f541c	1bff54df705ff02b2674282a7eeddce9a7f2db92a4fb2d3febd6a2c72a6c71e7	64	64
c7f36b67a3c522ee03940ab708a707d891f96868c64dc6bb945c24c3b586db41	7ff813fa05eb4d93ff3c97442d49621840bef906f431e850a6569466e219d7fa	6e7695e8a3f506b22d1ec6a207e94c07b703f48ab9e5c7d37fec29b8ea88598a	64	64
c7f5c3a4994dea18496ed8248bb2a9f6487642b655a28b5ba5e0ae99f533fd38	d6043a08986d062d2a64370d1ee2300288bbb9b6e438e6a8989d4267c77ad07b	d43beb60e4f9e5459e959860b8fb4bd650c5751d09109188308c7c0b7b932574	64	64
c81308c2874c10dafd727b56672ad63dcd1ea2fe6151345e6b8ef9e6150997e5	7bc38470e438313c823e768a76625650f5dbb9529811cba627d986d337df3d25	e2db022f98c7839815fdddd9bdbb9dd7c56046cc7ffaae042bd24191230f1c05	64	64
c82dfcba3f48b2a07ecafa3dd714de040c15ceb69be8d830544fe7533c9fc112	75b6db26997073e809e4e43e10fbc75213d1841a979236678b383ebad6c867d2	5467822fc4d953620d4a04b7e30493d9e5f12356d6328a77ee540f4ca5ba76fc	64	64
c82e9c062029dbedc76e17deacd63406f9f58664e589d73ee5012c03f2596aec	9f13f3c22f9e85f6a4e54caefa3f3f0001e26b00fcd3edf5de37b1a768f58dcc	cb2a134b1d9438c314330776cd782eec408539cd3205a31682c7d2341a544ad0	64	64
c84c5a9da43050dbb49742710867c008c05b7e022fadc515588aa79e593b5e54	7f8f87bad3ef0a520f87151d186e265d04d32d443be4bbdab54143e0eb101491	91eb56deb6765f7b84e86da525fa5323bee44fb0390c0ec2653c2c7368d064b7	40	40
c86526e7687a6b6ee2bd2ea81f5a837f31da7e3ccf35eb23d0949cae14a3b009	f074436786115e7687ebb8beed9091e1b9b2a0388ce38736873525f1674e4148	1bff54df705ff02b2674282a7eeddce9a7f2db92a4fb2d3febd6a2c72a6c71e7	64	64
c86b9befa264e39337640ae0d049d53464ad89f1c1552223b6ec942614500352	64e46f0b57a697b5dce9adbc14d4c4398ce9ef507911d3f2a1a5a48bf8538d3a	ef6d5add8c5707f1c9dc454aa63a7aa8c5bc4306e03ea15779d2d8b29e39f4c7	64	64
c86d2b2152c32ac8ba5f5cac4e33628de718b7eeb53ec2d6643cec27452f761e	82bc7705bd48033e63769e97f479e1fb6892d8ec5942608a66ee4230da6b115c	fdd472edd465bb3b0b2bf2e32063bdbdddd05858ec396d86e01f96c4ebc41477	64	64
c89a7d3be6d8728c7888ae582e0026c1ab1169be28fec7c28195e0687f8fd62e	c6f7a5677ced81acc9d64f1cb2082391c639d640c9d852eeba1d4c059b8f1465	4f62923b9da9c3ab88a6ae75736ee128cd9ab5cfdf73de8aca3cc2f0561877e4	64	64
c8a083d63a8fc5df5fc0b2e405a20f5cddcec2a1de9ada86fcd7970d32477827	5f5d0e790e13ee4f8244cb457bdbb45f0678ed8734a19bf5b3d706ab70cb3e86	45393b05074442fb4dec17a57414f2ca872fcaa87af9c5a49faeb4f6024202f1	64	64
c8c30577cc550accd2b0d3cece32f8a590e4e446c808ef98fff233d2c0ef119e	b590b5a2f77e66db6c8aba732d1796d4ae929ac6b45223fae1cc839007990ca8	7074e981771ed2b58ea046fbb52471c80ed99ca498288977f3b6b67bb1f5b2ff	64	64
c8c4a352b6546b906b992d0288b2f75d7cefa6b4ac750d867f05c750d5342eb4	8d4f0b6cc26b10506e8e5e9918feb954fcf6cbad6e382e8f258612a7df54ca26	4c7f2afa3aca6f05e5865ba40af68105edd573bd734c2f33a7754081cf568a46	64	64
c8cedbf1f37375454e6f07c14538a6f8f7ef67b647a43c10052a9864a9602022	dc552f6aa724931cfe55c7ce292b5f04d4a911a01f4f8ab537528b7318293ef9	3b2037f70999293a435bf1eba43550da4c7f39baa823d324bfa9e7016ca83e77	64	64
c8dc2131d8d41ccbe672539b54a832ff16ae3f32c702fdc8bb9e90a201369a86	363d70047fd9297db01b170ee9f2e79b803a9f0f6d5e1b999797a7a6f4232948	05be916f345bb0d264954ab42ef6007d0ce07bc0947aba39313017be4e707c31	64	64
c8eebffab2026c2a236d88fd83dde9ace288fdfea2db2d355b4baa05d3d119fd	73e6eddd95adc9f45a442af03b69c500f5bf90bc1d94fe1d8b9356c8cfd25d50	bbc004d24c329f2f54c2231777721fa7cc7cadaa74cdee834a0c3dba8285a8cf	64	64
c8f81cb165da6093170d63df7d16a26b985295058b3fb4123f466ef7ce2df8ce	8cf3e4870314aaf256e5c24e9a7b5a4f05194e4504e1e97d371775f14db6634d	731dd18f5c5e2f8b99b85320476aa209894bebec266f31af478710a99c51fc1e	48	48
c8fde154e0814b62045445123fa7de15e1867db68cbf766e2ec0b2824c4221ea	25306a60e5e276317ce5224cd483fdf59e364cd7316633375be23b638829c09e	48bdc580931d566574ae361f098eddf261be9354bce6298be8fe535fda838d06	64	64
c90146687850a59730af382c0016e6e134665573c8cbfe9583c4074f1bfe3a64	9af5eca13f416d7f88eff06c33615c05b8246777842c222c5c75872ebd5c75c8	5431f46e2d0ede8bb9856735fdbc40b2704972ff816919c89d6a0f8f16694262	64	48
c933d973a9f855dc969ac03732d9160506698a627a56ca745a2483296418004a	ae279e3a930523ef4e5091329e551c48c560f97812a5620061c8d54e1c6a4654	b4ee76148af8b62bd59494199fad920d988fab3c0049d3837c3b40698352d3da	64	64
c935ffb146bb204f0ebbd7e9d7d95594bdced1388f6fac5106a4619a892514bb	b793b7592c5cea1c5109062843e657a536329bb8f2953828ece8a218f8de0eed	41a1dd55bcfdb738d045f3d2e1aa3a2e92b0abb1db3d06b2ef5d55d2fb9c15a9	64	64
c9398cbeb0ea8607d3e8f92853f29fba075991c50c44f0cd42610b62ee375d08	b324a5a22df237f4722edda5dcdbcd54dfe5a3694727cfaec92ede8fcc31743c	e73a97a23b92b2395b85ad766de2882f93db7725bd68c210b7d6d9c2c3f1a543	32	32
c975e33c433be506bd7e315382ed5d1b594a6212ba2b9aa749e62b0fab69b4ac	b67c4bfe784b4b72542886340bf5674a6f0cb3ce3a738d1d4130529383c1672e	ea56092552676d6af589072d0d0628b4ca213a0e232f36890086d926d517b62c	64	24
c97e201dde4c6d36a8bcd6c39ec0f9966f23e23d46466dac11b69feb85191063	294ec6e72c2cdadb38efa5f225f56ec16de8187ceca65df423d3b576a99c76d3	d913cda74a5876931acbef1a2a1e0971870cd6a2171550926e97a2497e038ce7	64	16
c981c98a2bda0005f1f357a0396bd06b05c6f50d338a97a2897ddcdfe238940f	6ff37e7a227257a789e8368cdaffd31df927847e8a340214261de383d9ff66be	4c5d65bebbe8c21b10a3fb55f65d61e5d59be9fbb7ef49db5d3b7a6d7f6cea1f	64	64
c98f080843722f805b01233610fea1fa42066f271e5dce417cdc3ae81edf95a5	75b1e26736c5b90af8e1e943f3f5dfffee3e530bbf84d4fafb35a615591d142a	1239e2356110038492bcfcb2e1fae36de69c9f2c6496ebe378058bb8d1689f66	64	64
c99400bb343ae65f80a2417b7aa514c4d72773db5faa696d61617413f7c23d72	c0c553422cda2d4041891fdcc4713a8bbf53400a39b4cb3fe375f882eec6e125	a2b6edca8fe6c3f335ae6c55add8ab977d31afa87b73df11a4f700d6f87ea255	32	64
c994be9f91e06cfef347500c780ac4ca34c3368e6a09e4a47ec2e23816b61ed3	26f49f85831cac4cd05cdfb0f1f3ced696ec1c2f8c7451de000de94458d105ff	b066c7aeae5a0b1fc7f6b302c7185229eadb741af1e762efd5e905170f68cc7e	64	32
c9c0ff7af65a7fa9ffc2533bd1d08b4c9403d5a4088b29014d63aefbb1902e04	bd86fc35d44a28fef7e9d86ab2bcf1debd70ed8de85adfc62d5fdfa346549367	781b9982f9c2be335a4af2ccdc3ac6cbcbff9c68ef382a08764c35cc9c2329cd	256	256
c9d223a4e7b9110823fbc2f0bbdf36213446688632675d299dc1e97715b76101	099fab290748cdc4fb7d134dd91a936ec21aca8554dba632e137cb6eae0d14a1	b1644cab16a7d4e8388f4df516b8ab04fb92621ae890c7eda8adfc25169bd485	64	64
c9dd6f768d13db70def51ad3a4d8dcfbdf25137e93001e18d30765b7c18badef	e6c309216d88cc09ff4bab9aa804a44a61680f11a0e36b7143a7579961570a80	eafce16ad3ceb4176f4de271375bccd304be6c4906f9ff43d7acbea4fbd90fe0	64	64
c9dea855765314c31ee9caba6cd7107a48c40172dde5fa9462ebe2addfabff1b	34090edc081e72358d03c702003fbaadadf7acfd68bc38c764e7eca020599166	b284f81426a3ded5b7b15ee2f943e33a4acbb86ae6cb9cb6c823aca083fe5a34	64	64
c9f519d21f795a5848ccbf9680ae332b6e0c83a87430a4d9a91b657595f6d003	f0ed82470229bba7d6373782ac1ce233abab5816a3b36c9bffd07554f4767a88	89bda9099e43c1aa8f8de29a058ccdb123dec474cba440513ff95745d988b896	64	64
c9f8820dd22c52580bb4c0a550498a12f65367b78dc344b95bfb46fe9fbbb52b	f2af664d75683ca0780f0dd4f0689bbf62ce9ef5bf4fcd3cd21388bc7523a9ef	228a0a6721b882003f70d27e3b8061989e14deee6fde2e4989dd610d238e70de	64	64
ca04598f0865369684523b5bd668573603dbc5a5a909d397a2773c5c381df4f1	3bb4a957df0a674d6f7388e003bbd72482c0d2f39669b9a82a6027d67b036532	e25ed8227c7231a95e10a40784c02e8c85d4e59591fa9aeada0518f76083a2d1	64	64
ca0bf1c355d145ab17a7ef9f3561e8fe578eedc30fef48d646dc4b328b03d2cb	6ff37e7a227257a789e8368cdaffd31df927847e8a340214261de383d9ff66be	4c5d65bebbe8c21b10a3fb55f65d61e5d59be9fbb7ef49db5d3b7a6d7f6cea1f	64	64
ca0e6306d75cc83a444ac4d12715ec8ef9977fd5cdead0d647156383dab163ff	b10b5d47455d895dcb917a9b7e75a221c072105a6073579d2270884c52753160	83790c7f58e213d5952282e5a24c9b62155868379f9a3e620a4fccdb90e36db0	32	64
ca2ff3e469eb94a1a8dbb5059179a2894b1aaad0a337b059c7882e0aa6505da5	a91bd93aa6114212c012545f9631923219fe9dae96f71b16de7f9e1ff68294da	d4e0f6252c2c7fa013961c0772ff20cc614dbbf507b4b4db7446ab9560f19a64	64	64
ca325f00c4ae4cb8eeef865415bf13c9d033544c03241bfca099495571a6746d	418615543fcd49ac4d0e8d2c5f8c9234a5cd3fdf5fbd67efea4dd7eeb3fc0ad6	807eb26e2bb6346c93cfc1064a0cca1b45263946d0a56b25d2e9814a2f3234a3	64	64
ca35062fdf32b48685a0a30d56f6cbb20fa1556e0fece04d665d1082621f4427	a088299c5113c4e982c94b313ed3d774af887e0c1f69356fdb99f9e4364f62d6	8ea530d041f20ab76c6b52fdab8785f3d2e4206cc8791b68530b980a028bf6d9	64	64
ca3a908bcc9832f45d062c6f2b65c88a1f7bd184dbcdff721aaa45545bbad5ef	81434b050cfb8d7943c3335b230c1eaea39dce806307efce0846f864532e6cde	cedc257c1b1452effd3c18510660d1bb6d7ae7df7cf381cd6f49aecce0620719	64	64
ca41028c314d2be55087b3ff25d06ad490ce05308076e2fabbff218112d2140e	6ac94c6fc21f893c22680dc9c9d34b177ac7f087d1ae3ef855fe22f5620e63de	95c98a59609d8d06382460b4b2ecf7e15f97a8ec0a0e5130f643e70badab00cc	64	64
ca4662060a6da0577211bfaa06a453e04e51066f527f64e24a4a96e29977e901	e71e9abf4cb83a05f4ce938b20c5ad912e2c42b75dccca52c9fc7f4102743091	da5d4ab98e645ec4876d7298e6c5acfa5136d442b0c1105dd837fd7603fb83d7	64	64
ca55b687878afac8faf55b530ad3913f96264b8fb3bdae9476cfa622a7215789	25e0b77ab90592cc99bc33af0ed62bb7b3eb7e128c9520bc99cd6cd52f3225fa	2780fad731db4d56316b7ff6a62c492bbe5a13caabfddc07df765f66155021d9	64	64
ca670701433f98021595644d99e620f19b48f14d477c31e528913b468ec850ae	4d08e4fec4c8891064ef1317c89ae744fc33d58f95373059683ce27030713784	18ebd9243f5b17cf82ca26f4a24d41e55960d449a4b9a91df5882bdeb9b347e5	32	32
ca71773934284379798c8ec1518fbd1e67a1b2b3184bbdf6237d20e00640c717	91ad68f1aded1cafc8e7ddbece0c54b7c4cafe4f0b6430e242a76837701faf86	e9ea20f3aa1e3f145a0d43028b18236defcd148cedb2f8710ff69bb3f4b139e0	32	64
ca7963e5ae3c0ce63dd0303f1ef60cb632e56ddec192ab9f61c7b12691ba2f36	62c263e0dbe713e17b80438272890737ba7315475531a42b94ee9ff72e0f2287	8a6fdcc85431052163fa35ded5323ffc789b7a365ec79b84e0127d483fc01358	64	64
ca8af47dc4da330cc757608d91300474c6bca9eb468745567fe3888ce03e0399	fd60e72c233fb0348a938da93fc7e49f89efac89aafecebdd3159b4c83c2f5e2	5a15fdfdcb1d64e5ac4924e848954e6a66c9883280b7a14063209e2cbdbe616c	32	32
ca9327e08065c9efea5ff3bc85b9e03fada2f4f4c9b11e795175d617bbf53a73	efa4921ec9c55a3923feded78c607a52f0e81340aa7bfafb344ece5e8f51d30f	6916dc50e36c3711451a41e7e01bb98f0c1ea253cdd033154fba8468c0583dbf	64	64
ca9aa930422bc75665babbe5bc29732f14236bd584bad57d9fb89bd1b737593e	6bae5580037885ec1d08d023fe40c870df02a79dde6ee95a9e61b0efda8c0df2	efe4d408232aa5360d06221a9cb6a10ed208dd4b51ce85d91d849bfff82b3fad	64	64
ca9ee660d2a2ab3bd2705ab5f18f81478cc087c5e08d347936ec2794c4acf0ab	ff55ad3ec9a9c14be6993b7d6dbaa5b7e7c6a34ecb16e4103234e56640008e8d	344ec6a6b505586c3f8ec46f0d954f90b745822195f9a37526ce1d530eee3caa	64	64
caa2a32b8bfbbc3c803b87faf1198df4f8a78b0b1ee5c16b2e323c79402a8f87	886c1c229beeace51ea05560aecfc7ec8bef070a1d6cee1e5df687b410527751	8d3bd51a7535a82285f2c7b8897720f0542df844d5f209553eaced82f38f1d77	64	64
cac263d709df5d1f25c269cc45a330af5ae8e1d3d11b8fc85601061fbbc48d3b	359f82184b7f7bedc401c3fbc91b79d03570bee7b3e55b309aec6c9b78151dd8	e6e708139068a4f39a826641d57044b08089ac2b20bba836f41670bc6e3bcece	64	64
cae72ac0637080dd375373533551df321f33e9b8967d6c646aa5b6e01ad81430	fbe42e351eb878e1318759bdb32dcaffeecf63674e4440fbecce9211b22d273f	338f927c3ec0ef7490ea3203a2be95aa42e71ec96fd42d326896469f42c56d72	64	64
caeb499cb0bb412eff5fafa5a8bfe5fd5e7c2e3b7b71c706564134e103c0299a	6005904d0787626279dee2a36daf548974343f804f0aa78e50484e2bafa9d6fb	0ddc5b388828e738f0c498a604ee45f817d394921f0a072ede7ef6374d6089bb	64	64
cb06b867164e204c6f2746846b447d149698b78f474cacb3308a5783e8fd8e9b	07138e8c11d19fd9a0fcb5593025db2035200e6bf61577b84bc683408001d6f4	8f20d514d2dbb2cd39a0b595e704f66ac54061353110140fc3fe3651a1c84250	64	64
cb08dcf35af0cdff0a7ac166c12fc6eac1fb53aeb01659d8d23fc88af6c8073b	e3f8265fb9f38636c12e72ae9a22aacfb15f461e9398fc02a534c74954d86ef1	b730a94e0d49b24428374dfa571fc3bafe010457f6e7a7d98714152f8805fa02	32	64
cb0e8ba3a15c1e84a376a646d28152426f8170892a10d5ecfb32d0f2bbcafaa4	ea26d38f233c3e122b9dc493bb912c3c33d32877de917f475cdf5ce6aee045dd	97209d1dbe069422318807283aa7a5e4d848d80c8c83f866277c2f7850bf6fad	64	64
cb0fa9dfaf3ffecb2e9980969003d6d38a07523f49c1a750f2e4b6fc1a6c58b4	c855f93b99919d69d4d8cd0c9345fae7c2b18fdfd9ddf526fd7f28d2acde849a	103363af1c6c75fb2da1aad339fc4683be476966c74d21718d8539591d5c230c	64	64
cb1c2f36642de92a4f62e8dd572ddf273bc98368e80bac6efba5cfd0aed9c2fb	b96dbfb9bda0f5074c127fca1efe7fb7c1db4b68738a6c25783546db34f01100	b5fde607162fdf76192e8654ee65f4d4232ff5056b53b5322a00ff0170c414c7	64	64
cb2d36279a7a1ce1420ce4938d484d0e3757e9b379cfee3c7295c888614c6a84	ad70a01b7207980e42c455acb0b0c6f979309851639a0ae9fde6afd36bcaee97	964657c187ad6599e6004a0e06e083093ef8352905b1f2d1ddaca8c4b0f4337a	64	64
cb4dc2289142e2281b06d613668b2edf93ef11bcd6f08290493e62865e98b1b9	0a8d6b0b66748364f5dc064f89fdac3fa1f503dc928902dc5a0b4579f278d130	99c429b4b2579f360e7eeb50a9ebd50e06b91e40c9c9eb0f28afd03ad608329d	64	32
cb503825b11ce28c0ce009d38579c9c05a4056fe6a191c0660dc11e73c7ebedc	69eb59fb430ac0f20b3c3ba6dd2dd5b0f50d76ad4a2e17d1ebe36b7b74b286a7	0188a0ee0f28226a8fe624c27130d524613d3fc6536ae56f25ec89dd4357dd5a	64	64
cb635766adffe243ad59280a8cdce425fed4445fd97d8f38b66e926a858c73d9	c4f7064374ea378f8a51ec853cc9a7b142f7b7db86853c3c614f38376292bb26	da346419cff69a730171d7be8b0eab8d8bb0f44fd4d3c18b4281280f0c1742a7	64	64
cb69c5ef37441a05098613a72daddb0baf76067755186067ab3d268f542d315e	ace2cacfe5b13823a39917a712a8d3af27cfd905f65fccaecc56991e9d0c522a	7464111c9fb338b2221f6ae636168fda2935e5b7b822f3936bf2f7ba0356efd0	64	64
cb6e779f568b9a2e515068881323c9444d3a9a421ed5dd7545df4aa27a43b344	64e5ba88401c138a37abf0330189d4a5f5e7e9543e7ae7f8156e228d3f8b5483	7eb4425084bd36f48e77d213e4889bd1ca85ce1d28fa7856c1082f6936e12912	32	64
cb7a82c237a7b9e6a001e4769d17920a88a989577992c5ea2fb04747948151d5	9276b3baccbcfd41f4d7079e73c03d1d76265f56a025f8f35adf235bdeae8380	5aed830c5e96e68840cb534d523bbcc3feb4f82062ebdc5b9e707d29eb33d582	32	32
cb83a643087ecefaa4031f30dc3232e24e0b2354d5d5e578abaa9bbecbb41c9e	e7d3fb55d51465e55c4e7bcf422e915e227bd0aaa772decd672b2851b05a338d	3dddcf3685beeaa2ea71339f8bbd74603bcf8dfa07ab24a3e140f6ff6006c8d1	64	64
cb8ab5cb48cb7f71edda3ea30804b514cad3313527f647fd37cca1c2d036cae1	2d1d7cb83c3387891236bdaae65bc81c86da618c70a7d2049e8086c06e84b5bd	9fa2128371ef9bc21509e0203d19a2701005871e0595b548289e676f385a73e5	32	32
cb96068b87c8be33819513222327f0492dd45a81b6c92adb4e26112f7b1acdc9	a6fde3b2ac20a7c2c0b60041518cf3b45ac402b7a83a8dfdec80b30abaab8662	def7b3a73c5deaa04cc08d9d53c62eeb338b8d0f299aceaeb7f0301a6ead10ac	60	60
cb9c6c58bf670775f84eea3020d360361e8a8795e3f27ff17eb3e73777726e87	6d356b2fcce367ad51f9520cbc1c17d3dbb59609704686dede630b04a3316de4	abaa59e7b300649394d11ff87679d1e9d883bb2a9b8a2bff7816d48e0cdf67c7	256	256
cba0e3bc1f02fa379b12b560d195111750c16be1963b5cd97ff5a2b44eb68b69	9fc046fa0f84b27bbdfe98be60af6a9c2c8e5595edcbec9795ab4084a73264ba	1e000d3bc0864c48e025f5bcd49adba4846076ae1f985bdffe9e399e627780f6	48	48
cbbc514c04c9402be1a87780ff4c9f9d7e3ae950419bc3963afcb934075fba56	9893ca4503563f313121033a519a3f90e0e4199377ab1d5c66bdedaf67cb0c2e	fa4886c556a0c37c5f477696c9df424ed7ed9e8d2021425f640d5f9d43776ace	64	64
cbd444755abf26c61750862b8e0372a781ea9d9218fb5302779f0c72265d6672	adfc1702ed2da2f4008745e5139d77aac9567298aa567d967b87ec598efe6bd7	2fa153742d51b373d8e194d7194c9a066ff5e63ed58ac0e394ba545c10ca2830	32	32
cbd93179015c1c3dd29c3b8e26e25bca472789f275acdd71bf4e953ebc459a52	fbe42e351eb878e1318759bdb32dcaffeecf63674e4440fbecce9211b22d273f	338f927c3ec0ef7490ea3203a2be95aa42e71ec96fd42d326896469f42c56d72	64	64
cbd9e405c36f3c6aa1dcf9a90086abc17dfb7eb607970c79dbf386d91da768d2	03dd8e55fc10d7d12399ebc47a4bb8450ebb0b17cccd36cc1b9ff7b0ae25c6d0	6ad2a579fd890e13901d0c389fe9a6ed9fc1a6344d91a86cd361a207a8f31b89	64	64
cbf1c7b143ed72fb93d7fbccb270fed0f8263287feaec22ee79f69f827928775	b89e663159b0fe252e2082a59c190b91c7473b861fd9e5207809a76b63324d49	bd731f1a07dd4a11b6242db57355670a593addeb5e3bb5de06c761c317186bd2	32	64
cc077cb8ebc61f0fd8077b0d4cf2123e5226153523dc9a62ae701368d6d5b3dc	e9db7d0cd29f1313ae447a3bce11bbb2e662656dc94b87aaba6d1bee6c40b6fe	20260d0fe17969b0612adc0c62717e4a438eaeb88ea6d02ad872ff44da9f774d	64	64
cc13f95ceccb7b9fef735d7335ea6adae1fd07847c48c0ddce075e7f148ac61f	62c263e0dbe713e17b80438272890737ba7315475531a42b94ee9ff72e0f2287	8a6fdcc85431052163fa35ded5323ffc789b7a365ec79b84e0127d483fc01358	64	64
cc14962b5258b3a5b93b8a6d121151112f9a13a0e2cc713d3732105caabbd08f	5c5e8b831eda70bb13203662c86835c5bc7bea2d9f200da595d3929ce08d2949	5fc884e72c16bb97f3692baafad16ed9724476661babfa628c9c3a53cff342da	64	64
cc16d06a2850794874c5fcdce237bb671b6f07c436d7a375dd6163f72db8327a	ec4f687b8584d076793830ebf205c2b21c0631f2d50fade2bc7b5e27fafb5424	e44e152c131b771daa2792b8a3ee41c51864905772c4a496ffce971df1ec7dd6	64	64
cc1e3342868dd22b88c5f6dd1842481c88e3bff1cae77b8644f5c90a8acb215a	1f66bfcea8278dc660d0694035db37b9b4a729c6dafffce13d36beff2dbfb472	262c51754746b91ce781224c2d9f7d630532f96e5fa0c9394b5fffe3b1ca273f	32	32
cc1ed11e5e0c179a7b6166b0e4079f22871155bc62d65a98813205916d1ce431	24d63f8142519656e877c84fdd39b8327391c203d00f77b7ebb097128c2369e0	834758a225657176736e1c7ec4743dedb5312d787a63d8def2ded70fd85dacae	64	64
cc2628b425d6fa0c528c7683692d9f00b0b5e884f340a583df79321e71dc4e35	ff502bf8d43db6e9e99256aa77de4df06039512bcb375fa89d12cb793d606900	1c02da18f7bb4921416305130625edc23509ad9d8dabddb61e4f42fb49e20d31	32	64
cc2d059a113fd46f7467d4b4666e71afd2d808eeb6fc64882f2b6a6fd8b94eb8	22dbc22ee1d111eab9f8ef2f2642e138de2e5608db41edfbc34f9a80977a092d	a8957ef259872cdef937445ebf4a6edcaa26bfce3e63f6b736f649b93cfde047	64	64
cc4231cccc6dc8d3afbae56f47f344bef4fecbe3d6f7232cfc9eeec74b61e632	a1281d7938036b8273d0676383bc720600195f03b29cdc596f3ac0dac03e38af	20821d0b0634a51e9db73296dd87cd77f0e7585cfee65c46771b639b646bdbca	32	32
cc458c92a75de549da22e3cefaaef7dfe16479f32e796251be7238f4d4cd1100	17abaf98f0877ec052d7b402ebc0aeb174c9af96f8c6babf73a2df51cbc4a916	7561efc4eeef4fc33cfa16567f102600fab5501a3c4c1f11f69325632a4447bc	64	64
cc45909b54f153b99668bdebee9c5733e9acb2eb41f0384f0cfe7249e9ce49c8	f0ed82470229bba7d6373782ac1ce233abab5816a3b36c9bffd07554f4767a88	89bda9099e43c1aa8f8de29a058ccdb123dec474cba440513ff95745d988b896	64	64
cc5b25cc7faa1a16d273416733ebb5761847237a9a91cdcbc4e834457e7d07e8	0cc4c41d52cadd772012d943dbfeefb1f398737cd00107bc57e25819d73797c5	b4eefa1dd63be6577023af86bbdf33276c68971081c754087608f2c6384f1bdb	24	24
cc6e53aed3f1123bf1a86f9c430839a511eacaec91595eb3ebbfa099db4d890c	f0ed82470229bba7d6373782ac1ce233abab5816a3b36c9bffd07554f4767a88	89bda9099e43c1aa8f8de29a058ccdb123dec474cba440513ff95745d988b896	64	64
cc6e805db475859c5086419cbee3309458893c4da7edb7f4673b5017e91a218b	0c00cf97f17ae271167ae7c3f1134c850ca0af82cc00ba0f10b84f15ee85bfff	40739e3af0f6b6c8e681a84fd0eab1ae9d7a33f68a999d030ded1e6873a9437f	32	64
cc745c4a06aa1ddce3b19bdf3059baf640722badbfe14dfbd862c6a46828940a	871bc96309cd6e31ee4fe412f00c45448bd65c3081459bcbb30f617dda26c88c	36cb690857bb4ef7223919e8e3461b427872d00a219e670c62505a2c1160ca64	64	64
cc76b85fe9acf7a4d1d240d0a15cff281f3d34de4c3ea1186b50d98637aaf4a3	f8a7e01b45af4acbb1557fa7c13ae8a20b73f16d001ede2985d9c84dc564f0ec	6dcd092e80b895fdfc216c45a6e55b276ac448a9e2ed7b40f5252536e4fc1851	64	32
cc7c83f4381aaf6b193b4bf1f4bfe4414a774effc61217198b1980218c4d6b8e	58e469297504636691790d01d35cf69148a6ca3bd0a432be93bc1d1c5baa63db	136939673aacd6fe964fd6eceaff086c4510fcf4ba6428d1b6a04d825da30b48	64	64
cc8e183db974450fc3de1e7a8e8026fe2372fc1a92a60e69bcebaa3cb547f174	fe09d93135a0cdfb540a73ed6bb6a285cc106843265e05a86b2f8dc4abc3b85d	e1f83f50daf6a5e86f3a4a0e6505b3de28abfc1730aebdca51b5417c5c734f49	64	64
ccbc14b046c9cb8298139da15aff70774581b95bf81d8ea1cc0a28c8884cb277	1e74d637fa7a2926c17a7251fa95bfb617cede8958c349cf3e31f9e1768160b0	93d522bfad3556f77e97118971e6a6b741bf25cc5e98562e30fd5308fd9b569e	64	64
ccd7c2d51b21bd1f0e7ba222d4b18dfb255b43d3c768a3024e425bcf357ccd80	8bdfad50ab4da3e572de5660a741c9207e7734cdd20b1c351b68025b6816a212	913aff83f1a2c09f3aa050feebb71cce45594b1025f00f41935410d6d8383883	32	64
cce5e85f9639e7b4f6a9a7facc322fc99bedc072c323e9f758ee338ad11e61b0	a9dd33e182960dea8712fd1e0deaf0b7a7da3b952d032014fc767e3d317f39db	dbb3f36eaf53ef28aaeb525859d018c34e9d4b440e6658192e1b0e9467ffb76f	64	64
ccee2179d3d4bbc78cbe694bfaaafdd9863c743e72dc326d28ea8179f003f532	8ac88889ca2c83f8e55e0cc8b17097b1d8c68d36bd88cc0bd8e8bfe0cd6e4c06	b6600763298a1be2a7fa1aba6b3264d0930404934e3ce8098afb9091871e47cb	64	64
cd0765143c0d4c7f885e86c19b1022a48b2e944ec4edbfff2b0defbacadf0195	346ba6b35232d38a86689eb073406d01a5e5bcc6ec4138476d8bc7c3bf8f5017	acf4dbc34a042ee82d5f785be599f6f8f27911079eaed6c5822b9f702bf78e15	64	64
cd0bdddf2abeea0d1243e36ee020dba0293481903664dc0b811889b31eee42f9	9ec9eb5e21416d9f53408bd5439c14dae2592b3c1d34d384cfb19c17638f066b	e058d95fc81ac0d03c4d129a368787414288a233f7acaf1c2579d06acc609177	64	64
cd2fcb2f43afcb17462a423d330404c5a7e1f1702bd9abcb6170961fda32d651	9276b3baccbcfd41f4d7079e73c03d1d76265f56a025f8f35adf235bdeae8380	5aed830c5e96e68840cb534d523bbcc3feb4f82062ebdc5b9e707d29eb33d582	32	32
cd33a81f150c732f6823b80accbf6624cc8da9f1a8c9c8d572ce6835b587330c	4b1aaa79d52a2f5196ac82af0177b0cc033d5b3d798a78b99b0bf36826fae035	5957f2b4e8313d09352aabf9ec4706bf21ac7e9518cc7736cb813508827abdf8	64	64
cd571ddf3238a76eaf0243d6fc75157bde81897161f7e7157f21e79ebc7bab5e	25e535d3c53530bb278c8c8f77d2f43c44a57e267240e0d665752e248a607a19	2115f564f3bc6c69497eda5bbfe969f77963a97765b2ea076d1dc0783e7f5f46	64	64
cd6c8e159655b9abe5f78f49b04b27e09e79c0e7530a18b68e4f81b246b9ec64	9c94ab481244ff3400b98a36aec77b8f8d9429de2e32513b55e72d39b5595da7	cd7431abb211be398b78fccded3770604b7f2f4753d54b347459209649bd5c70	64	64
cd78bc872e71da67311df433f2fc561ba8565d78c08de4965a31cc2be4d26e9a	b793b7592c5cea1c5109062843e657a536329bb8f2953828ece8a218f8de0eed	41a1dd55bcfdb738d045f3d2e1aa3a2e92b0abb1db3d06b2ef5d55d2fb9c15a9	64	64
cd7e8d58daadce304df0000763cdaaa167c1f242d906195f1e752dc231c2261c	b23a341c1593873982d1bb72fadbe373bfa54ead296900a172f527002fb71dc0	5aafb70504cf79aa1e83179069b37228d21ed1640cc705c77971d151dc2978e3	32	32
cd8145bd4f66d1a5c1fa7af59fd5fd06bd15ba8ce16a9b0575df523cfb1be95f	98aa9697b906cf38bb06b426e578599db0131da1150769df082120af41d3a556	e91650cb09eab4e9ec0122ab665d405599b70c4e6d35033a7c01c01f5de91b20	64	64
cd9c77d96147d3bff6abb4710a8d43f9b6d63cd6dcf1da778437178b2190a4e0	c5dc725bf498f3ae327842c205915be3ff93a9d6010201877b6a050b5b2cd88e	96bff752255f8c554daa3cb963d26835f94dd40caaad57107ba1aec2bb459d2b	64	64
cdabc73f9e1bd1a544a423db644f23733079bf86da4fb37c61080bb830b2138b	86352714b58bf4bc9be24e1223bd8f3c4c4e7f8d861b253092cb1cbac4154431	90d719855324aae3da8e1041e3a96e76d7b20c53d0eca2d3c5a92917795f9257	256	64
cdbb15d473d58f1908fd66a60afc2846e7653248ba0c4ab82ecf509f5035e0b8	538e1636d6a3c22dabfa05da24a1ea6bdc7f7b946441f97aff65d2fbc0156ec7	d48a02072d6feb767c341b7598a6bfdadc6f5e7097c5d09e7cb2a4c236de1387	32	32
cddac25d95691073c7e3744c81a6725feed629033accb2f3bc7f061ae5848dbc	160b024380f1dc56838680d82f33eb2195b75bde4c386531f94f9346ab24c221	20a86baf5432813003cb80c28de16ee90949e853c7442a083c3f424a89876868	64	64
cde1212382fc4e8b537d87f2e924267b1cab9b4c344acdec49b0e028d1e78e06	0952ae6a008767758dabd97292ffbc9399e8960fba950519366ce714031d771d	338f927c3ec0ef7490ea3203a2be95aa42e71ec96fd42d326896469f42c56d72	64	64
cde1420278ef67a0cd561325c507f389835b3dad863b6ef8ff671fcf1f86bd88	e0d12aab0f907835e4560f75eb91a516921da79f52b3814ce50c2a9b78aeaa36	74fa9d7654ba0ca294c9e77788eeb484b39a207841d635873435dd85f9d59a4a	64	64
ce019af90f0dbad4dcf5bd5369ced607f10cb196d31dbb03c771fe5dcd8119b0	9c94ab481244ff3400b98a36aec77b8f8d9429de2e32513b55e72d39b5595da7	cd7431abb211be398b78fccded3770604b7f2f4753d54b347459209649bd5c70	64	64
ce14451494f9c770801635d96f22c6e1e16ea79261e6f953d2ecf98020477504	d16c1d0dda17762c9f415ae419f2c9db3d352ade3d64bba11b3301ca2599355d	a14a4b21f602c12b8d61cccd0740cc2c1d74bf202564a11bef38e0be00ba0b0c	64	64
ce3a0aa17c9e41795b6d92f8ee9689281cab9cb8fd808c7ff63a775971b68f93	711f0d509f43ee9b589eb4e4a942ab8c3784ee6ecf551f005ce9e0bb07f5127d	b18ea10fd043c62dfe531291261c02998d62ace10a30e2103367bed0f0d7be94	64	64
ce5d2cc9c876fdbe37f060699e61159625dc8520428bfbdab1c34cf87121e262	1187cb176b59a0b0b1399c2c948fac63a8629aed4e0e48d60777ea8e1eb0c647	7148fe2017975d06d25b3624b0d2035b2fadc28b57de5b4136938da543c986f7	32	32
ce700a3f8c1843cbb9cf7b6b3b91c90b2a0dcfc3d98584873ada664fbeaa4b12	a66b6e6d62c7e009821b115034232d352f5c1a4c4469298b80c9f592682f41ff	865b916a5d59139ece674ae71fa74794d21b635ac910b6744feeaccef6bd8203	64	64
cea00a990c741ef9a4dde783719d77e2a29ae104d5b9d85740b91b65128237b4	db94731f8092b28174a60eac0be0492d4bc7480307a4f514c4861ea713582811	19a1d901d5b04932a548cfbe764d78fbecaba9e67424796600590fba1c5aa734	64	64
ceb10d81ee68bd70d410d681b41fb2bade7e61239709e21a485a623e1d56dc66	beb1aa183c78f0f5577e499b69bbe7aff8df9451888aa438048d68e2826c8714	4ae2b1adc1932558a946104ef81ce792283a208666e5afd67a1f58a607f5aba9	64	64
ceef5ef332d0fc663e85265be8217067c50a482c1bf179014849a2883cd1087e	a37e8352920a5a61dce79b440e3a5be76bb7d1af7d44d586a2be66eafbc927d8	f9afe3dab9c0e926c8d404181f51a5d51f05960f742a5d2be84e58a75c049f04	64	64
cef236c487d887005f16ca7974ea5fca14d759da57c5b289e3b6cadc4d3ce595	e71e9abf4cb83a05f4ce938b20c5ad912e2c42b75dccca52c9fc7f4102743091	da5d4ab98e645ec4876d7298e6c5acfa5136d442b0c1105dd837fd7603fb83d7	64	64
cf0e1df94e9e7fe45983b0fd81f2a20e8c23578683f56a91ff46e1dcf9f46dab	e683df884d4f71704b804a9bd7b2718408629704d9d4bd32c6849013922f4f91	ad1159a8105dc92f262470a0e1f24993e213b728210ca2e55395889eadf9cd1f	32	32
cf1df089026f61a53b28082e1d42658e3dca1d91e1b037607d5a0d03f98d9f2a	717fd6f17140cf1b369596a8e229b427e64133710e835a93bf17a71ba338ae3f	53e87992371779d03fd7471fe803e9cb1aa26cc4bee5a8d3cb7dfa466e3c4406	64	64
cf1f752d9b509518049be95b1af9356002c329c8e11056264cf72fdd0fcaca6c	a433773333c812fb0c1a434501da34a224c796142e230fda56fa110d225b9908	c78cd2d1867e59069c470b5e774d7333920023a7997c8fd724786b1df95540e6	32	32
cf2e142ed1cbb6d8a6743eacf17c25435de7e7da5f9658a510f099a2e58a4780	d0a962883ca674ee51e266c22606defba1d9c5df40d86ccfffa97790713b263b	2469e9ad1897695c435248676f32ad07866a25589135da92d050801466e454a7	64	64
cf2e3244c5c426eaccd9e6f0ef9a93b019b96a9a26cf60b500e4969e1c75d8ab	47a3eaef01319c691291443ce79355cfee814a08f4995f293cf1cfbf20426770	3024d3218f7dcea017e876f600bcd3b7cb0794b5a4ae27e79dd19f2e2d079b7e	32	64
cf2f0caf44bd5ea43e4f7deffcb873a5256089b53eb7eb98afb4474a3ae9a635	a53b1b3dac86ef70c6583ed8ac36201da1799bea03356b44fe8378a750635372	01211c2b3e17b63d66241534ff0cb140107930e4f3bb960aeb161ab42e64dbf6	64	64
cf3457a3263e7119074e4e0b87c0e704da7bf70e57cdc66f5dc4a3e41bac1bb1	9b699d40495bcf15bad85562ace8b2b15c5b0086a1975a13afdb3d648f48eacd	a8e191698f5c6fe52ee25beb7191f2fd38257709f869e9ef8ca8e44270739621	64	64
cf71ec4f80306f15e15de0f9e1077cfb4e3e5251d39d15075682d0e596a135d0	2570df8004fab3cae9c10ddaf43bd604e4f4eacd8bd3a04b7540d5b1d17491d0	ed883d86ef4e6ed4bc775f6916118d7f9db9edd47b9809ecf6722f966c6928af	32	48
cf7332e8ee96cf498b5118f5f694bb7a0ad4560690b519bc31315067ad61d82e	e0d12aab0f907835e4560f75eb91a516921da79f52b3814ce50c2a9b78aeaa36	74fa9d7654ba0ca294c9e77788eeb484b39a207841d635873435dd85f9d59a4a	64	64
cf8688cc697c3bfaa4af58b251dc4f36ff24f24d7bd74e69803692575e3f4e3c	6741cb265a248c479a0f6750d1bfc491a9ac385974d577942867ab1f13c53873	58c741a830e0e94e6b284be4cafa6558cf26ca03a56bb64f80f16733315f5fbd	32	32
cf99d6ab1e6d02aed0ab4fd1045251c0f29fbc1b7c3cf6054898e53601a92629	0537f6e059ac8520523db9c3f217f6423dd0099f0cd2b52d2fc4fd765c59a03a	442569a4ba9c1f4ce5bb8ce0c2715ce136a6fcccd164fb9768fb09e8220509bc	64	64
cfa401ec912ea0f80374e6d9f39f54989e3849af1090826e4383fd7856767d4a	f23753e2a3a6c6cc0f2894b1f1b0c367fcae27c823adb5592b0d7f72b39f91ea	fac15dae137a5fbaf5b5ba38690bd7b99cf8e5b0662023bf3573720ec40d0458	64	64
cfae706550045456c5505b3c37d3da4e40eeb5e1a545f58661c510e039408fc2	5ab592f1161f917ffa093467c9c8c2afa7ff9d65b1116a6208f1eaff1bdb4135	bb6a7a87bf90480923addadddf89faaa5e83dfaafb9a1f95fb4513dc1b66a628	64	64
cfbc91bd57c244d30da8bdbc7e969e8ee4e866a59d4b8b057fdce88b11940ac9	bfa767bc177ad475ca9f9f0c64ed0e7b25269ee53559f34a7d7f6a7517e02773	317a5ca91265b805d1ab31da9b179444aac39d52de95e1a032516383c495ed85	64	64
cfc8a8022c6b711b465a0243ad0097e5b1101728cb280b50115e00fa73bbd3cd	090624768930947e78cf24ea982ce5f0a43651fba7ba983243e300375073119a	c8cdac7286306c36256a5fbe5545909463732f4cde459a80c6dc447c5e27a905	64	64
cfd5e8515da4e7c21fada33e05bb810252072db02d34cd05c8e23cae180c29eb	f074436786115e7687ebb8beed9091e1b9b2a0388ce38736873525f1674e4148	1bff54df705ff02b2674282a7eeddce9a7f2db92a4fb2d3febd6a2c72a6c71e7	64	64
cffa14bbee786164027874a5bbba0619d080e0452b5888b1c559d38c15024b7b	58e469297504636691790d01d35cf69148a6ca3bd0a432be93bc1d1c5baa63db	136939673aacd6fe964fd6eceaff086c4510fcf4ba6428d1b6a04d825da30b48	64	64
cffd0f0a6c6c29f214af7f1aecea8bc006022472c0ec1277cf13813e9a9d4675	7311e4f88ca27390d0717d608fdad74f36f6c19cce6cc86444889e4bf28416be	591bab66d2b921f4354f7f07ab2040e5eb3ac93a6521c497fe24a252aca5cd10	64	64
cffd4a06fffb2a92eb4d75dcf8bd95db998332774cf469fd6f471fe58a348f17	b44dadcd62ad1147815f009ac562bb541d4f50017667311b5a1b30c9f2673aa0	b544d4e8c4271aea92882d387ad1a4c51993bb3f30a5d1c5fa41a878f71c8ac1	64	64
d00629237081ec9ff68ed6eb345d81f15a35b0c46792c4d5113aaf0c2d6ada76	e08226865eb2cfb82063307c4cc5adcc3e929aca4a77a41f63d8a2cf258d7f46	a6db5574884f82cdceb47e2ff324717e4ab063e7a6e88e284109d4c34f2db4f1	64	64
d01128139605f0090f79a16b950b50078a318fd8c167462cebebbcc2ecca4b4d	e16489279e1ac0d0104c2f1baea8bf9354f7e9033238885fc69bc44233315334	991442cff2e2ce625cf605f9a61c796e6866905f731607e797df4b11468a5927	64	64
d0189f5ebc65ff8c7f0364322ff7a4ca9c30cef0a07f7bd04b8ff375130bea75	1ae7c3aa1edcf315f2c24cfe441bd228e25b168a695d0d618993c78bb7c9e4c9	1faaed6ade295225bfaa0ceb5167a12ef745cfe7957b97e473d660b78ea49e01	64	64
d02b773520e917549198ce55a12aa56885d1d8a69c38d971686f95c90b1e5986	bda6ea4dba8d75f816a52507529e9ed9ff2e6e0ea451c47899d5aac02447d2ce	2943415925eb88cbc6c3085dbf663ca0a8bfba2d077a586f9f53f6c30ee67556	256	256
d02b80dfbd339bb29cbb1a1bb1979d320880ed10d1a87cdc9614c6a510440c96	0f16eb72bf64fcf0fa0f865f04921f2f612ea59c611ff2374fa7dedef4654bec	58c8acd8baccb0497c49ab41d4c419d69fac345e98999bea491bff73173eee02	64	64
d040b43ca5ef32164477a3d3e639bf6a6595646ca2b65d9a03f72fcbec5e7c04	092774d9bacb0236a78a98bdce20c50537bbcb46793e88b3ef01206a33324f1e	4a8188c3bdb0acaf2c2726ac74c1b1d0b6856e0eb572d11e785e3437cbed95f5	64	64
d05a4b2739148e398505d5dfd0313a4a761d325342386ced026e46ef56da0075	33bf0152e2ecb0e3cd178b9303d92c33e56d265d5cc73585641acbf289d7f4f4	1645e099d3928226127eed54d001b242a4cb57465081f08efdd288ae050f9db1	64	64
d06079868e22207e0a6fbc39680266c0f76251fc0b1584b225d4a25ea3a3b754	876838e81674ab7697de291df0123fba0cf90d098650d26b6027238384ff4f09	d9078d02e0d38df81c534712f1743a6ef1f4717a1028c668b31943fa130c6b1e	64	64
d075cc069ab921e9559fc616dde9ed495aa539462ed8dbf2cfc39ddcc932afdd	f3d4f935fa4a246cec359ce055c4a44361f368a1a1036e8f49faf3f3c0bee628	5eee82edcfe9ef775aa8610cbb988c61b590660257bdcbdf5d6d8373f58f258c	64	64
d07f371f6a4a9eb82bd9f5b679437342355b90265e0ef705096f3eddbce60dc9	0a5fae3ddc4d50de80b76220536a352f42573e52e8b4f840c02412064832106e	c735e203dedbd2802c83c8e3742ab05b388c2ddc4636055b5ce3210a6cdf80a1	64	64
d08d239462fb0aa89cd053a992f6eb35b473757b838ff7b877b55cdc2c37d87b	4ca1533fd44b4d43e9a809547eea308cfbc6d8795ec6a798b76e28ced36874c1	1cc285860599d1cd9fb87aeabf6ded7599269d05faddd8d93bbb8a6bffa9d31d	64	64
d0ae0b1db69d61a5419411437fb92667a28bebdb2dd3496cc271e86b85e9698f	1fcf6390e6fb949dcbfaae3ffe35ca4017ebe53fbb142efd5543af152c1e40c5	c4e8bb5f3a842f83712e481d87c8ce77021263f442b6ab4c85a535b4a5d9156a	64	64
d0bba14b3740063d1484f304e8b4d08691b56a66f3ad6a6c8a4a5cb4711884d9	80d16d89217c883b954cc0a339d401ad4450949687d6196c0bdb2d80d5da166f	b0add9ae74fa11cdd13008979af6a9fe4d9a226262413f13363e740e056ec647	64	64
d0d282020b8926d5c7e97f012db7aeb9916e888fd0871b24a51b9ccbc779f64b	a61c26c51eb2e14854e798c496ab57c76c0b9cdf43a491244dd8065774360591	461bde6be45ffb9de1089d48dc3bf3f501d912613e293ac13e62acb4da5767cd	64	64
d0dd5a856c26cafd02380f62efb21f528eb88869d8103de32e68d0bcc0dce14d	bfd0d65596e9a9ea00a49b1e1fe5bb0485982998a774e6ba1447ee53c8e2f2ba	6c147898ffed24edfeb8b087be5d60d163293d8d2ba442a98a76e0b4912a437c	32	64
d1300993cf95a9143a73cdf9d8f2e39fdf314094001874c083d4ecf6b2a2c240	372480c61364fe9cab5708ebcc25b8b5fad120b765512b1b58fa64fdae0cc29f	7864078010996efffd066e584996e4d36e96a8f44f2bf71dd501d42df16ba023	32	32
d14f61063ecf82d70ef5ac6958a0aef988d83ad6cb281db84361bacda5793c86	4e54a079bec9672c6901e124a898c640d39fc5343c0d5c61ac570ebbcbb90d2f	6852160745fd3f2d72529445c86a1e13a19076dc3bc62c24c63a013bf51de89c	32	32
d15829318700db659e7035d57e1bc3028d7cfa238fc2a0f1e171a1fd90e726f4	822caf6a4617dc6a7647ec4848e01172b67ef1dd486793dfa823301f0f9d3b7f	cebfa3e8ff421aea07ffa3f7878cd340aa3a582c8db30afc7662b963a3502fa7	32	64
d16b05d1f1e7f9f8b9d1bc95be7c627c9fe0e08a84a9950019ea335de5f83905	2b3f446eacebba9d1b94e9de51dd65becf4f44559a24bc224f8b36a6e5b4f523	b5f70569ea0c2bb5ccb890cd765adfd94363834d70da907096cb7dfa3aaae75b	64	64
d170ca378d3db391f33bbd1c0d764175931e60e2660f2956f377c82f6a5bd876	394aedd2a1e2a68f197e6bf8f2cbfc6ac03b57c98c324b3f5d83a2e89846c0f5	57c0d92617a4cf2d0ae3949678eaf2b331f0ec57912bec1ea2fbc0ec1e67782e	64	64
d18fa8777a7f7f5f14a3b544f508ca2e0c11f8d8a3b482b5fef558a864b7716c	6f2f7bc4f2c175306b0e1387da68da44658c6e2169ffad67f6836a9fd5cfbaa6	05e6469414e2ce3496d27a252cebf0c9118525a7bb6a2e8d10fb934cea05bab2	64	64
d198fd52db2c4e3285793c2c071b9fd67742034978030e3c7a9f59dc77e7b7cf	a5f367e019b94a7df1d1d7a2d746ea133972cf9ab60184544c1a8036d0f19b19	57c22d4821ff1c78f9bdc53c3aa2c43d4bdfd8ef3611dba5bc94d4f3500bfb9a	128	64
d1aa2bed30afb63b5c313489c89d6a8839a22a03131f76c151b5ca1a126db480	4f86b3b7610aee0eb57781fed138f874a2abe2c5209670823bc8999333f9110b	5fd0061a2cc704f4e8194c2481baf42c1e4d9a234f310b0dd0e53c86369f3294	32	64
d1aeb787a59cd167bffef08fe661aa1889b9e67c52883ba6a5dd565f8c5ed947	de51f8a460402d3ef08afb066d15f0a424340bb412214bff5e25778023e33080	e9d31a17b7e5c75ac114f9506acff421b4bd3c28bdfd38c2a9a93daf76ee8631	64	64
d1b0eb91606a5bbb932055f522d187d84b6d1a14e3310f9be6da7578c5734330	1f613e5d55b8fc3b4d80f21be54283e97baf3ce19e76b887ae3d0d6d926a0f66	8ba2869fbdff927267509a7fc299c9f19f6ee0d546b718d945bf19a09f37ccc1	8	8
d1ba534e4c2ad4807d73ea37ceed20edba5d310b451063957e644208811545c0	d215eaf6398d5c71eeee0eee13d1e3290c51a6878e4bfce162c0350795ab97fe	4a97cf89ba3462e6004262d096d6d0260412a9cb3b482bf736ba327d08aec53b	60	60
d1bd6cad3d90638068b3ae2f3f74f2e366d79ebe1fde10c472f028e1d71a55de	f3d4f0ff03dae32e0b65cf6408e55d61da64015bd229e2e0f4fdea84962e0e02	da973bd33ecf946c9000b8d67a77c44b39269da59f2eadee828f2607d5e9c8c1	64	40
d1cd4be9a5c1e2698bd8b0af7d15c4ff1ede2636f2b6d945a1d426cd89f0c143	a66b6e6d62c7e009821b115034232d352f5c1a4c4469298b80c9f592682f41ff	865b916a5d59139ece674ae71fa74794d21b635ac910b6744feeaccef6bd8203	64	64
d1cdeedfda71147ba0f209b4f9320066864afd67d167461875eb330e46bb4837	db94731f8092b28174a60eac0be0492d4bc7480307a4f514c4861ea713582811	19a1d901d5b04932a548cfbe764d78fbecaba9e67424796600590fba1c5aa734	64	64
d1e6a1579bfafbbcae1de731bb65f20b978ceeff7f05a40a8657dfd11d75ebe3	1c21f8323620ffd450a4992d660df99184044b6f1945f681fd91c5959f63b6da	25aa9cd2101eda9b6183557e6515a3d48599412e6dedfe5b9631dfb5092a0e95	24	24
d1e7a6240c464ac5b8d69e9f7dca2c569626a1afe024986db2b0a4273ad39de2	1dd8a5101d8f53e072e8a9a1f2310b1302c877317e2e735b3846936bbf1d664f	311bf2a1b276f3babb40f741dfa7764527fc2bf03964153117a7f7434a1914ba	64	32
d1e7f88e5489a53717ba5045d512f277828693b9fe3bf4b1a408567196e4201a	8b539bde44472d08e6c36bf35485d3d0bc87ede20b142e597feb5d3e4d1b4261	3b7de82c07c424339b91bc1b93111e6811bcee1114ff7cb193376cb79cefec6b	64	64
d1ed350f1edefe5fbc6320cdb23dceaa6e6996251f86bac97a588353591e13c2	d7fdab50297e0be98bb6d72e57faf6c79f3e13fb3f8fc87d83bdf13fcda647f8	5d825a46343045f7bc79f7464426b953dc309175bd669b693b58ae1b52a4aa12	64	64
d1ed3b059bba3046d8735bbaedbc8d4c3323d37360f194a80f7dd4043259bd0b	d84b747af369aed5403932fdee1bbef7d6c4fbde80d4fdc5e570f3048ed968de	c2f9b335a41039a3db41951bbba977d8a853513aae12e755519537b290d28daa	64	64
d1f171c1b9b775151156b708234d7153c4f72d748093a655c9cf4aa6ff3fc7cf	df1bbacc271ecb369548b5b67f2600e96b999ee35e8faead545360ef4caa423a	a1978f31fb687206218727fb8d282617d0dff402da3710c31cb4662e8c66e535	64	32
d228d7757899b8289dc42c67dd7dc933ca330ae11378cd1935ac6b92994a8953	8d4f0b6cc26b10506e8e5e9918feb954fcf6cbad6e382e8f258612a7df54ca26	4c7f2afa3aca6f05e5865ba40af68105edd573bd734c2f33a7754081cf568a46	64	64
d235c5b46146aa53d0e10c94f5cdadd7e775cfc320d6ceee3ddd19e65d0f58c1	2710c8fbd74c72a1a71bb2c092e0989ce3426411e0b6b55eb09b571b53a98ce0	026aa18c73bd1b02e84e6c38b6d2e29dcf66661960ddf34d6666f7c7133e6f6b	64	64
d248d09510a75631c5e805173548293aac8dcf0507be3288f63d0c532fa2a097	58860064eed0f4febf927f340d7c582c553f33b24fc4780c411d31c974e51d9e	2afb9af03d20acdba8788d52590289862b194f58f472f75b2f2549ea50c93d86	16	16
d24a67185729bb00c1b1efba39030a9d86d153a756973787665a7215112b0990	38191b4199c52a7cad7ea30b439768f608d70a1ce89a1d58cd94b0a24a34d637	8f2db5a85bd262eeb84d46ee75cb08210bac78dee1cf84094f85d9a3e8fd8627	64	64
d25c795354459ae162af5d5a092c08698a7426b423aec1387fa6852b60f921f0	c1cebbdaf68a021506f7528fb2dbcc5c035eef87dd949d94e76c973e69b55107	c59c92daabab70aaec65935b3c53108c07b62484b0e5c5a7f183325c08580cef	32	32
d26f3ed0e52382ab017ae707053e49f0aee392b604a3456acaf30be7b13aac18	db18c9947679627401b4a20048d816ef07a57f0f3d4904625765ebdbcad260b0	5684978eb5ca9d3206b5ed4a28c61bf918ee1dbfe6a6118601f5e44b6c5ea805	64	64
d274d84bbb3df7d1d45a98197dc771318e9d749b2569bc15d4bd237fbac7e666	4dcceadb2f0072349c11caf7162515f620a5677517a9f9c15eb92262c0ba8622	78302a21498be1f08a828dcd1a3f5f56a4d86bbbaef242b0fc72e011040b49f7	40	40
d275419ba82d39a69a1b0e71a9529313d813fcf8f2572f7ddae51632898ebe4d	68032329861219b6a153a55289f2490dcd095f7c48f6ece07379cffa3bd8ad03	0a4d57add12c33d0136c57474a2994274cd3c0dd9fcb73157f3c7566a2d610c9	64	64
d28f2bfbfcb683696475defb0dfe9c0b7c3324fa7c03bdbd70889953467b12a3	abfb1374c3d4e1fd397d079345bbe844da83037e5eb5183c16c51d74fdd1b3c4	9e5a45436e187420493e0287abf77fdf40bf8f06e8b35a40eac2a22fb1522608	64	64
d296a172966235c09ac8bb29b50a5589ada286469814ecac1030cb3183f708a3	998e5b8b60e2fe83ab330681c2bd619f57b276aecdfe9defdaa9ac56af841292	ed6b9c9043c89d29a4e5d52fcd569d95f47f096c72e67440aa05048ffd45317d	64	64
d2a5538efd8e2baf77d3f8ef87160954b9d91a50ca4e680bb1d1bce720e0c87e	a255590bec513e02b1590fe9f3ffa9b335f7bafcb6d93db603188217274ff9d3	041299f9da0338baaddbb112adc5e12cbd2307cf7f5c19fe9d441e81014b1d64	64	64
d2a84f9bda1e929ccfa9ae723a91cfcbc50101e4de6e3ee8a9a306ebadbef7f7	b0ea99a625e5ab4b5f9cdbf26fa7f6f9f66fdf502c3d83d507b60c8c8d24c8f8	2acaf65ffcd13f3f6375d7af669b0148593903fa2e0c428c87bfd566be713f47	64	64
d2adae6f638d2b0564f1a1e5c58acae3e8575b34f049b2eb1d26fe4d4296d27a	f54bfdf3e758fc0627eadf233a8ffe4b22a193cae4d386f204fd54afa4ee0e4f	3627ca7c449a5f461444b1c092565335bc98c24dc4d9a03d35b6a004650e2110	64	64
d2b0af6a2510e9b89984565ab6ae4344fa25859d35f764fb71aa179ce39cedc9	2eee1833c43badeec7372a72c5dd043c2b66df9f13acc48297b73aabe18fb4c4	e30bac67ae15b1ffc504d861a76f6ba2b53370c512005cb795afc14d047f6e66	64	64
d2d34314ac1594d03ef3edd66d1f6ddb192858c33d7327c508023cbe782b6b2f	ff386e9b8a6c4b2ddda6e10bf05679733f781d791f51ea6c58c7552dc658611f	94e060b88fc04ee2cc2996f36dc5632606b38ef9e1b921e1a5e06e6ae89ede73	8	8
d2e0625589220762d26179b1586e7d68c481bf947747faefbed0ea1e51e2bb8f	a88d6654bf7767a2a6d8b5bf7a50415546bcd78f65474803730d532b408edc7a	fe783092790f7809c608310902f49a0cc11fb8c92b9c01edc5e510138ecb7ff9	96	48
d2e8a9d451402d86a5564cf7e14eb17860bb352fc0bfad9a245862c0641f5a80	0952ae6a008767758dabd97292ffbc9399e8960fba950519366ce714031d771d	338f927c3ec0ef7490ea3203a2be95aa42e71ec96fd42d326896469f42c56d72	64	64
d2ec2f75b1e937d856385b6ae860d599fbd01ccd70baefa670733cbb5ca6b1fb	346ba6b35232d38a86689eb073406d01a5e5bcc6ec4138476d8bc7c3bf8f5017	acf4dbc34a042ee82d5f785be599f6f8f27911079eaed6c5822b9f702bf78e15	64	64
d2f270410bcd7591ac55610327cf8c91e0ee26d32534bc63446cc175ea454603	0f41eddfde210ef200497312300effcfc61c704072c126f78ffc30ca6a7ed866	c18a83c685f3d77a7c78221357eabce1f4f382f6504699c04cc513ef3b0b77e3	64	64
d2f6a8eaa1d58eb25dfdcde225c012b6d93d1fabb28bd340bdad5104d08d9f07	7d6a42dca4b9574a38ff2f5412cebbe49c02efe1da2f468305c11af48cdb62b7	0b28e5f6865834676838bb73b3057b52f208b2a213812ff32a4772592ef7cf79	64	42
d2fcdd74f079873ce350e72817ccf7696619b9c46e2eb2410eac31d7edcf539e	be53e44a8fd622b6d06c9212fce672529658e1f69997a781b3602bb45a3e3b25	a82fb21e32d585b3b63a8348ff2d3ed106729c8bb65af508f9f41b61e6b25c90	32	64
d3141d377c5aa9b96a67a58b79b9564ec7f09139b2a5bd6339e9fea68100d34b	c2eff9f01b9304ee7898f3ddd8957535682f947868a5ae08e8673321f4b5e6bc	d97ae0f491f4020b83b605f8b17da758bbd1799a69ed6a68f4dfb269a2761bd6	64	64
d315bb13d6a1b52121d0a40701ea0af3cdcaec6afeda657cf0e59c0c61148d01	31bc021ef0a87c03f03c3f277bba33a29fd13e486b5e1080a6a472dfe5c6cd3e	190fd4ae3740947f642d6948b067f7f2aef2b6df3fb831c0a9ff9aca04c79e73	32	32
d317018041ed5739e7d708c6a53ba2a89260cf9a563abf62cc9048a5580c114c	4380149addfc0ac1d68d34bdfca62f311d870642c7cd3c4120def21e3bb005f2	1e717fa4f4db3a76668d9d8c9e0863fd4fce9ec91af253d65597fe70b4f464ae	32	32
d324a6552afa9abc118b135b790c8babf6d181be72aca4bfc0d971a2ac86e7d7	3e0192cca7d3549addf95cbeed664d022d6f79a5fa0f5c6147c02c93db1790c5	0b64743ce058e1d609d89636d5eef076246c0b064024da863dade88a4a794e26	64	64
d32e0bff54f56273082862935775db8e864d125eb7bbd7b51aa1a63fab5218fe	363d70047fd9297db01b170ee9f2e79b803a9f0f6d5e1b999797a7a6f4232948	05be916f345bb0d264954ab42ef6007d0ce07bc0947aba39313017be4e707c31	64	64
d331ac4566b715f976aae173682d4789f9f158c2dadf0ab3f765cc590dedb4cf	07138e8c11d19fd9a0fcb5593025db2035200e6bf61577b84bc683408001d6f4	8f20d514d2dbb2cd39a0b595e704f66ac54061353110140fc3fe3651a1c84250	64	64
d34229bf6417eddfb944ccbc45308b0efc119d91fdbcf2a064730078da039809	4a463709185eacee02e352a204e82e0e227453aab2b079138ba5eca46e7a9eb3	1fe6a12fbdcddb85d5e0f47700e4c3aa171011a5cb0fd1b13041d626250b9561	32	64
d34c25570242cdbd0210a9963358cfc09a5535bae95c39c8a606a734a5eb0e1e	654338e6b04935e685576e2c5572b7f81e07741fec8dcfdddabb3d1c53abb439	3f03b51b4d0024d9a2c7a4ad1fee129d0c6229f7754cb2b44a9f848589f58b1b	64	64
d34f3a65ee6da31236a7aa87b031b9f4a1ecf7b4bd3751b2e6ae1d2152ab0024	b4832d2818ac592f6b6a392d32a8f6f2c6e6cd5a422c0c4274c539fac4b92a9f	e9a9b3f0f978aca4ed16dc1ba99076625393902557f3163d853b6f33a91c0279	64	64
d355c21117be2085535fcbd45fb3d9628f715867d589f75a45da87d418c94069	96a9a0cac26a161a0279945c396dfa8ae7287f708f4399485199131a67a97b9a	0eb08f872ebaf9391889891ee6e17878adfa6a5792c56dca7e61a1d28f5f88e3	32	32
d35dc6bed30e2134349c34eeb7424a9d1bb92b16167f08bf81e2075eb92e500a	a6690f81b79c53016a7271bdae5faaff75b7b951ec039ff1e4477fb05a6f6859	1ff58dd5d987de0da406e43a9c75847c35d979b2801d5bbe71990a8be3547888	64	64
d369c7830882721c9bb8c1980365708734325f6425cae474a15ebbe8c8bffc03	9f9e77b16d22aca1ed3504c128e30866aff758cfb670d927390c6057ea1155a9	e897b67baa0a0d0b24aa57491773702c5a5d6a1882e0a25ba52ae432f5b95572	64	64
d374745902392c9f0033c4573a8e3afb677e91921dffc3e602799178f89b872c	c9e352719fc46392d36e99ceca3d76a48074b0e0b3349ff0199c35723cdf3507	b69b1c3ffbc0f7eee1bc07ae1aa244c831701ac21081222c24946a09133f97c9	64	64
d37714a0965ed90b8068c41f67adce765104fb95cce3bc322bb8377c53a29811	58e6401dd5ce5d8c8bcbcb6b753ac293215805828001c7acc6f33909ddc6aa4e	2e89d6e3e321051275cc945b08a67f330386fdf4784bb6b18f37e72e81443242	64	64
d399f1fcbada883874836bdacb4384f923e3c6ad524be4fb32f15406b4c06b17	1512516af9c9a7117a95dfb58d3690c5e3aeb5d088f28c5a576c9e0e64bb8950	403079655e4fc85c3b13448dd0c47859d0d2c9e294fefa7edcf6b615c0da76c9	32	64
d3a7842a2bcb9ba80602b8595f52e405e397168f49fa34d420da611edb069f41	a1281d7938036b8273d0676383bc720600195f03b29cdc596f3ac0dac03e38af	20821d0b0634a51e9db73296dd87cd77f0e7585cfee65c46771b639b646bdbca	32	32
d3a7dfb10a27211e07b4f911847ef5117e47b1ca6b35c1c0d836a61252bb8780	090624768930947e78cf24ea982ce5f0a43651fba7ba983243e300375073119a	c8cdac7286306c36256a5fbe5545909463732f4cde459a80c6dc447c5e27a905	64	64
d3ae49756bed19c5a3c555e1971847196f22d88b6507b21c80170cf17b254701	ea26d38f233c3e122b9dc493bb912c3c33d32877de917f475cdf5ce6aee045dd	97209d1dbe069422318807283aa7a5e4d848d80c8c83f866277c2f7850bf6fad	64	64
d3aebd02f8ea827fd59ab48efc85ac79cbd736f597ec8e3676a9c42e1912bed4	7a08bb1bf281d02eee55554f692832442f843d6888e668b686a78d5082b7b488	b650dd8dc88028c59d65fb4b2de3fe56e0f98f6bec9eda7c04ebeb75bf08f766	64	64
d3be083e2a2e756c571ce3200052d6e7d6cdaf7a6e7def624f96ba89c8c308d0	4017361fcaa332a089c272743c1906f6fe7165982dc65b164f028580ebc216b4	d58feb6dc7b2c25cb555927effeca7c69b75e255f43287cfec97a968b38ca54b	64	64
d3dc681d5f8b353fca103d6f3df2c1f79d8359856f647ad49051965f2d13f937	adfc1702ed2da2f4008745e5139d77aac9567298aa567d967b87ec598efe6bd7	2fa153742d51b373d8e194d7194c9a066ff5e63ed58ac0e394ba545c10ca2830	32	32
d3e72f69bd52ba29f5ff1956bb6792b18c9e4c815ecd4804587d3a43ca18871e	60fec3590bb62a8e82565948e564bfaa8e5dcbe71a892aae2d9cd69f001be494	8705b776284c3af9c0183217b6fa1eda7144e5479560a6e28a6be2f9589160cc	64	32
d3f2964883d3f21f0916be8b8a31412ae2b5738a0b5fa00bfa9947e024b6baa8	fbb8a667d071dc5c7452be6ccd72d2601a38c99c9b82e9ad66c9bfe322fea575	ebc9c661dd89c2b8bb0d77de419d76884d89991bf99985fc166a7ca1cf04f311	40	40
d40559d062da976bc6f46e4fea681ecc36091bd372b23c29c94a09ca58d0d849	9c94ab481244ff3400b98a36aec77b8f8d9429de2e32513b55e72d39b5595da7	cd7431abb211be398b78fccded3770604b7f2f4753d54b347459209649bd5c70	64	64
d41943d91e4a05cfb36ddbc01baa7791138815d3ea29e0f0dbac619aa1230141	e149d012ca9e7e6a2cea7788223d3821fe6c98370e3c3aec28b0698b3e02da9c	29c096b641e147f0749366aa39ed251d458fac70a9922b1a864b5d17e4ea4e55	64	62
d43015223ec0e236e2f28945b0bb3df00b8b3133d7e81d55b8bb509660f69168	440d1fc94efc4dbe75c26e325da31491d67870d4f68b13701d3f605a93f0a90f	c0f8a5741f59e69cecad54877aec0b3b5757b9e75cf31091007c49ba0d220ae0	64	64
d43668a97061fafc9ceee7119f400c684005d015bc39cb66a05864c622d90899	7a63e43a57c2fdc961bddb1eb934011e82db1c67034b0714b4aecae04cc274f0	ad284335300bca0efddf0cca8939e85880e85731af814bb11d47d171cfd06c5f	64	64
d438faf4123c7bddefcc5ac46357f23f2f664650265ca2783d46ece25ec824cd	876838e81674ab7697de291df0123fba0cf90d098650d26b6027238384ff4f09	d9078d02e0d38df81c534712f1743a6ef1f4717a1028c668b31943fa130c6b1e	64	64
d43fe12580b861917ea5b16fc59b56326f81caadf071bf5b2b3fde98617993b6	89f152b1a1ef060a03194a32f2c88a59a3a204a1235b4228c044c09a49aa0d11	b3bf5b09d0876173340b2919526c8bed4eb45a15159c446faf6fd6e65c787bbc	40	44
d443d0ac0a96a75a4bfc441716edfd94951edfafbff5b5ac5ddf8458609342fb	918ea0b606b03d6459e8f75463ee6d35dc283bf3a0690055501d349eaa683e4a	848c26e9a714f0b2b60de48ad051c5dd2bf8b2dabc90a9b115ad12f6e11e7ff9	64	56
d45e763dcf3203372862e6d65194210292879ae2c0bc1e8a2a22cb677787f3d6	d844c3523c978852ba7ac5e9fb7d6648cae6812a2d13ce738b49224170169dec	2a9d487768190f4476c2c7cace0b3d68e13eba507ec341011401a7398ba93123	32	64
d46bc7475c39c2837915965cea9be9bdb1d51da15006a0ff7c30a4cb197e8795	fbe42e351eb878e1318759bdb32dcaffeecf63674e4440fbecce9211b22d273f	338f927c3ec0ef7490ea3203a2be95aa42e71ec96fd42d326896469f42c56d72	64	64
d48732545e46ca96626fa9b2ec264b3dcda12f259ed9ca6b71a3ed1da04b8d6a	13cf4506dd9a6111b143a94be1450f001e15eb95107c7ca2b3f1584dd72d9b41	a258932a68cd8b864545c2b4939ac417756c2889a53703271811826d5dd19848	32	32
d48843f8a92be6df4017aca24d9b30af2167528bf7aaecefe981555e783a07b4	0365e6d14b8a5bb1d492d527608f30c4f41d3bf19714be6f1fa441204aeb7cc0	e339dc202c31c0cf53df106b6890ba6bb65fe74b224f3f2416411c79961ca952	64	64
d48a447df668f5ea4a15ab9f51af723c06cc65f66c63d27d06158d26cfd605c9	7ab49b2b50c808d5285700c9b99f8c74f936fb162f8cc98915181c5d398b8121	ddcc8bcb390224deed1e0d5b6118132a4270171a69adbd0234d02c416517683e	256	64
d4b0a21fb70b9117d5e81b2207714b38e14bfafa4d8da35eac381ecbb7393c1d	68736dcbab0cda0ad89bf522304d9718ef44ff0c46cbd59170d7dee8a8567ba8	10b19b1875001b9f9550864d43e9db24f2a709fb6fd77506e47b239d7e0ea4a5	64	64
d4b79c0ae4cd9812dcfaff5c4023ef915da89b4b24185ba4748bc0a374e704b3	0a19b0e9a4264f18fdab18f70d1563f089363e273b2de7e2e2c8fc61821ab3c0	813a5d3e53e95e0fe65a5a618201521887f52975a53f5d77c9480df1e5b45258	64	64
d4e733e04461ff350a193d91cb5377cfe390817d5ff5a4ef95a8f1e2a299b629	4ca1533fd44b4d43e9a809547eea308cfbc6d8795ec6a798b76e28ced36874c1	1cc285860599d1cd9fb87aeabf6ded7599269d05faddd8d93bbb8a6bffa9d31d	64	64
d4ec9f10c9d670a4947eeec8c43e543eaaf8209aa996b7ef46ed733d44b6363c	bf610813b38e29c53f9b165e050e18e5fc05604cce9ed37be8213bd42608d7e6	61d7b96c2ab10f96fc4b85c9efa67c7298d39a347129eb884efbaf2760fac481	64	64
d4ed730c6a1237bfc8b8b71cfe4ce4a6956328c0e4b2b6eb53b09027b8baa173	76652453e74ca985dfdc2fbe1d6701d10ccc976aab69ed5f3e1daab5a17f541c	1bff54df705ff02b2674282a7eeddce9a7f2db92a4fb2d3febd6a2c72a6c71e7	64	64
d4ef57b38fbe41e63ac41855cdbecb22b537929d0bf5b617ff4290bba5d182c1	c33796531e971c7bb14eb80f92c6aa58c295e1d6149a46c0daace55b616de049	a78ea994146b0f11a0175cfe3b72409be129f07472a4bc64793c482579c07540	32	32
d4f05a19d974f0201079b6316c5ce54e296b5528cfd6da50f81665e241a32f20	ce34eb13308174b71e72dd7df06f858c7330723a96e5c822d27992c2209529e5	0dd0e2f50f18419825b01ff34c2aeff137f6410aefdbab22fa4ce60cddc9c1d4	64	64
d50eedba4d8f110cd230e2698141aa7e1b0e3354684f67be1dd761b791a6bc12	5b49f23e3616dce8aa31219167fc8392231b050d38557a03d064ebb19e9511a6	0df280e9c532c9c5f26aa29863ae32cf6ead9b83fd63d39a426643b1193be0a0	32	32
d53060d13aaa082074299d709b684d435e921da2f59f779aef7e1e794a978535	48bce5c9778815416114677df516b4e1b77b15a26f44a170f06f7212112b089e	6d92cd0cd1ddb4dc29001de44a1aaae27c85cb0f9055ed6854d7108511b6b9d8	64	64
d5461fdd6060ec167cf02fbf81626ac71bf0b7b746e82cf51c447eb55aa3d63b	ff55ad3ec9a9c14be6993b7d6dbaa5b7e7c6a34ecb16e4103234e56640008e8d	344ec6a6b505586c3f8ec46f0d954f90b745822195f9a37526ce1d530eee3caa	64	64
d547568bff688b0a3eadbbbedb599982ead38aa2d430dd476f1854d785aa504c	697cbfda1a3feed4a48c9bffded7d759c504a5bf8d40adc336a1f03279dd793e	e0a600268e4e838cbb2d645ad9b64530a4ccac386ae25907aad6d9f68271b733	32	32
d5592812259613fffe0ff325b720d1ad142e90d0660eb705f2224a0fb738a36a	b8eada978193a88f6544f8116091dc1bd6d8e70c7377772ed40263d2c344afc8	4afe5520c55bca1ff726d8b8edb19930ddfd171ccd03732460268599c5ecdec9	64	64
d571d82868ad662111cb56eb58170713efe5878327a397fb159173798cc5cc8e	48bce5c9778815416114677df516b4e1b77b15a26f44a170f06f7212112b089e	6d92cd0cd1ddb4dc29001de44a1aaae27c85cb0f9055ed6854d7108511b6b9d8	64	64
d57fb5e80126d3c14aa6e7d0a8b6d0741cc7bb5ac4b38de84d0e390670ca75af	52ad795c6e1a58f57e633741bc8da45d6705c9234d394ea29a3638a7e570c8b4	914851999bcf813dde1b79088dab26225cb8f3d54a809b05929d7a869bb76d3c	64	64
d59bf0aa3908e9ffc074db6fdc791d5a268232705cd46cfa8a58882a0e717994	5657a2233deaf6871816f038f15ecae68b02a0762dcfc6695febb8fd37076494	00fbeb8ab8810c56feff586962d39177a8dfe447716fdae2e14c54d02c1285f7	64	64
d5a37719620e6cf422293b914326bb67928e782c8e4decebfe35dfda448ac5d4	c619e4e630feb2cdbb5f20be74d57b902ba9e179c62ce65f05cd3fa04bb69f3d	88d3bfcaff0112a26e890dd307a761d5f83cb4afb2488bf3ae87307e6f0c755e	64	64
d5b0df67ccd6bd5d152d662a8d5013c335968ace2174f15ffbaf0ffd3bee0a10	7bffdb614603a00c8134f187c1857ccef06cea90ade2d62f3243d142317fdb06	91bf980c02d7e0f9675adb4ab5b3a444d60eb356688180c34d4c21f09e0f11c0	256	256
d5b5e41f1d6d10eec0dc72a5aa5d664810424cf69ef4ebca9218ef2e6920653e	797daa1b37b0f19f0112ae1634271bc03bc8125c59843d717ca2e78c27dde9eb	647954acf0575cc0a9906a0b9084974c63e0499200b2a683fbe77680153203a7	32	64
d5d4490611a7ea50f9f6fe66f7a83e8b047f4b4bc50f19c8a57e558f304caaae	55a73d8fc090785fcca497dd10b982263a96284220828f3a865988ac03993655	60ba21fc9ac913dd69fc339fa6ea9d21a88b00cce318670198b4636ca893465e	32	64
d5d8630efa61626283b729662f3c1d64b2a1ae121bddb0172353d93bfdbed560	b18fc65e65ebd388101bd90bb5f48a4f8c99c01f69f25739f04b76be0e351700	e80af6413b2c89a2f43d2dcb56e42d8a3d4f186280af53b9a6bbe02fc62b0fe6	64	64
d5dafa1adfb32060780770bebe9ac6a634cc2a43ff15b1071e935bbdc4c7f5c5	321f1fcbd42caca3c2c54509c9068323da9156b78eb70be59b2a59fa6b6e7d8e	0410d6ff897cb9efa12444bb424a1712bc65565ccff07dbbb3e7b92d75a21044	16	32
d5f17adbccef24580e8cdfc1e2e87f4704d37442e691773a791b449c299f823a	52b4c9b4370c4d32fb59c0e9f8f22a161c34119952f09115975a54b22ef487b9	8b34ab7a0b4caf5190e7dfbccff777a6c6354801f75f8ee51139c4cc133fc35c	32	32
d5f6fd64a1f47655c027859e63270eb4a8628bffb56441f62588711298d92293	a3395eb44f36554adb208b68c35b865afba21843af58e098902484c84eeae4b0	69cabd25a0a3ad488758c3bfe1273aee342bb8fd2bd893a0c3852c63028d741c	32	64
d615053856bab14d163ab8a8736773562d9350b3da33f437c99b528a289893e5	4749b35a2087a3f8c337a741b27dda5718afd8ea1d198bfd46747b34e14362fd	abd717cfa4fdd08e03199763a05615481591b91bda145527d0148a43f109a724	64	64
d6184d1a51d45f8bd27ba9c8fd12f5d3d909c25b84f58ef1f65c16b76eb1ebe5	75fcf3ce8826a00988b1cce91ebfb7ac0a62726765d5913756446f6322ae70f2	2f657488448cc45006dc25d98124c6c41fdfc877439e9e0c17c626a90dc9c9c5	64	64
d61a6795ac34b9256189d57fafee150e7d3f2f0d857a103a8d1f9a172de4f45a	998e5b8b60e2fe83ab330681c2bd619f57b276aecdfe9defdaa9ac56af841292	ed6b9c9043c89d29a4e5d52fcd569d95f47f096c72e67440aa05048ffd45317d	64	64
d628cd01b405f56032fb19bbc1455dc9fb39a089e2fab4613fdbeadcb74d819d	dc19a3360eaac74740e5a06a0f1fb162817756c8f72572fbc0619f3c12f09b52	c7f684132251cbf891513c26a984879f743463c899cfca8e3e15b197f525c90e	48	64
d62c4c8fa1efd737c6d163ff76a0614a83e15cfd6982c59dbb4c5ab1d2a7734c	e71e9abf4cb83a05f4ce938b20c5ad912e2c42b75dccca52c9fc7f4102743091	da5d4ab98e645ec4876d7298e6c5acfa5136d442b0c1105dd837fd7603fb83d7	64	64
d62c7e510918489ee51a79dd8d77917858c5ea7b32759c5fc94722df2f9f07f3	efcb768d4f4cdda419e6cfaf7c00197cd30064d9bfaad32886e99cd30dca02b5	edb6356b885696ca6ecbdeaedc94380ea9dee4a446078734433527bf2c65d175	32	32
d63bdfe1b25d16b0c1e87f278a4597247c4ec49986973ddcafd6d4f3e6bd0b15	6a203a6564712c145806d2feb92f15d73ffc6f77c5693a6ed334b3234843eb64	80c360c8fdd14a3caa045aa4b018190f84be2d062218a96fad7ba979c3cf4a26	64	64
d648fe9ac0a36aee96343fac2473cdc550d49bbbe6b11cb60bed3571528cf4cc	363d70047fd9297db01b170ee9f2e79b803a9f0f6d5e1b999797a7a6f4232948	05be916f345bb0d264954ab42ef6007d0ce07bc0947aba39313017be4e707c31	64	64
d64a1d406435aed2ad2c0e740fb9b87f25bdd14b0b3a51e97679809802fb77b4	8613af9be220fdd21d22c239aad5f8acb0045b0577f21d64c14ba7f9264ec0bc	80ec1c1e454597925c0d64f50da70de65efdca5b0691da74589ab49c384379e0	32	56
d64b7ce7c140d05c26dd8e65b653e331cc3ee9eb5405ca44fe3bda7998df6f91	876967466054f88ed65d787d975802d3acf86b8cab652e94c8cc9d696d716665	cc47967d7207cfef1567462a56254fdbd3f69ab0ae0f65cc41337c7ca41ce445	32	64
d65a36d09bfc341a65e87de173d69f2ac583c1377e302a20c78a0d782e78946a	b8eada978193a88f6544f8116091dc1bd6d8e70c7377772ed40263d2c344afc8	4afe5520c55bca1ff726d8b8edb19930ddfd171ccd03732460268599c5ecdec9	64	64
d65ea88b548b61bf77405ab0acb5c39e7fbed11cd1642ad7fcac224977db8510	fcb00e04a34d655cad0dc5ccab51d5116b9540ad7186984e355ec79772176fc0	471f63aa944a08e496bee3cc2d9025152e19e667592a155e03238a5f93727c66	32	32
d66ccc8a60ab873ebd59566b00149b4beb7be99505f9a2990c9d8335c64c4357	25e535d3c53530bb278c8c8f77d2f43c44a57e267240e0d665752e248a607a19	2115f564f3bc6c69497eda5bbfe969f77963a97765b2ea076d1dc0783e7f5f46	64	64
d676bf33c42dadb0083b471fb9c028d21039e5b39065cc1c894a67c3cca058e4	6f63073460220ab8ca9a467d6149398f49252902b66cf45ca38dfe8fa678c73e	4e9863fa06e5c223e831e2d0a6b4f03a117686fea59f74c83eeb0032cd62059b	64	64
d677bd474777dd36edbee7da8362173b0b819e185b9d49b24596bf78daa074b2	3e0192cca7d3549addf95cbeed664d022d6f79a5fa0f5c6147c02c93db1790c5	0b64743ce058e1d609d89636d5eef076246c0b064024da863dade88a4a794e26	64	64
d6788e7c02c32c64cf3d2f706276b16bc16efe636d9a45e8d6798da36ea8ee40	fdc1dafabf9417d8b63def77e95c14e42971cf46693c91b0a6d3794a54302aa9	ffcda01c7c4806d590eb62c9cfd9001180f5ac3b93c2cdbf9712fe1981d8d35e	64	64
d690517dd265f575dcad0251d6112213a72bb7e26ac8702ff390dedd5526b460	38191b4199c52a7cad7ea30b439768f608d70a1ce89a1d58cd94b0a24a34d637	8f2db5a85bd262eeb84d46ee75cb08210bac78dee1cf84094f85d9a3e8fd8627	64	64
d69ef764f3e4cef13784a1f3f20b926b71b5d76e59b22fa0e4142392c2f2d75f	4b5a11d3dd93c8494279c86d5ff527984e6f240e809caf9391de55d992340a30	beb5d664fa8f00efadbb962b98faf112a9fb091d18d247c87d67ffe72bb850f2	32	64
d6bd0c3991151066bcf642dd5565e047689f2cf87206789eb6d718ae19cbd4d8	20960543f5b19f2c0272d3254af2b2011ce6d03fa79665dfe8ba408266458a00	a47abe1550d4a1177afe23b760e1e0eb63d76f31bf62e14659eec0385966ec6c	64	64
d6d2d5be7dbf369ce0e2228270f837b05c0258bec03b372bedd01ac859669581	6aa53a54cf8bb41aca78468645db6bdb5cd38842d0e2b557153cb459e7d8fc79	3d51450ff49bea259ad022a55fe726b43bb429477769aac695f4b560e1c1b7d2	64	64
d6d59637c2a636d1cdc4806aebd94bf8156be352f11e9db640307da78d3480c6	c855f93b99919d69d4d8cd0c9345fae7c2b18fdfd9ddf526fd7f28d2acde849a	103363af1c6c75fb2da1aad339fc4683be476966c74d21718d8539591d5c230c	64	64
d6f42ef321469825b82070e97bf51cf44353399aa49bf6cd937aae3b175c3e71	5e9084638c58969aac326b3479274b935a9fd0e0609cccdc07c43dd5651cda58	92fe5cbdf46a624a81c1443bf438cce0236b01acf7bc0544240153205d8a15bd	64	64
d716d6d86d35cc25ee32f6f93e020d66b5195291fff4cb35dff21612112c98b6	05661a36bedbe4c8e065f85e3904c42f7cef948eef1b2384ba8e47f6424e374d	d555c27a73cd47513a53dcd96d5038704c4913511e518c6c457f7efbb6e724e6	16	8
d717f09eff1e3dcc74bcd4dc1f3ea520f25cd71b740ef077eaca3696ab5a27a2	9c94ab481244ff3400b98a36aec77b8f8d9429de2e32513b55e72d39b5595da7	cd7431abb211be398b78fccded3770604b7f2f4753d54b347459209649bd5c70	64	64
d72e8e37e074dfdb257e22c9f6c4228fcd6ecd53cb283da0d91ce14897562ad4	a6690f81b79c53016a7271bdae5faaff75b7b951ec039ff1e4477fb05a6f6859	1ff58dd5d987de0da406e43a9c75847c35d979b2801d5bbe71990a8be3547888	64	64
d73fbddb718e9749a0dc15d7cdb75b7e6a99171d7cffbdd7456cc13957639598	a88e96ba35406d10f6149fd5d2990c0e606a2b9189435afd8e7d10620bf27509	f049e1d99b36a17cc2e8f8e5db952bee0b4c2513888e1c2c6bc5fb366dc806bd	32	32
d745ad803d40b8eddf7fdc7ea80130243512d3e646785b25db348529128f1dcc	8089d708ec0f68284a84c7757b58b95c53e3045c993e15c0dad3981ca981ae10	8ff5615c29a8c5e9a070259d224f0cedd3aefef5691dd8ca4e8b45c6708c5f02	16	16
d745ccb29ed92759ba54da62cb3100ff559cda5f52cc55ecc5c1ce139e84f2c2	560fb20b2be7b8502b54eb758b09773f8412c0c0903fa15388aecefe7127a7dd	2901467c403c2488c63fbbb81dd015b801c04a6e6a4dbfca9a8e47b72b6da92d	16	32
d75425d6a868a0960184f309617dfab8dc79c70bdecd0ccb8e54499267dca5c3	3761d6efb92944b515d9def0edb5166e26d9735ededbef75864b37f12dea7055	297ff7dd06ece098a9dce3292b94f5d570e579768d499956a31c81df74e03c1d	64	64
d754c825d5e6bdc3592b75d9cbdabf20ac508c10b05f42d872bbe0afdf1b13c5	4ca1533fd44b4d43e9a809547eea308cfbc6d8795ec6a798b76e28ced36874c1	1cc285860599d1cd9fb87aeabf6ded7599269d05faddd8d93bbb8a6bffa9d31d	64	64
d756d33cd74dce0ea233e6821efed5fc2bb2e7e93c38fe7966f2601194c07866	bfb47c344cf9688af57cc6446debe192c5bbad207326d5efd1f0044e7e3e5df6	bc1d45d264330ba9c427a2d8a9a99d9a495d37b33bfc6e5386bc8a540b075094	64	64
d75eedccdd4cf89cde517ac1ed1b334d9a4cc4878a428e46ec0837a451d4bc65	e630c021f63c248e1aa879db14368664af6b4b605e5c3c0e4924a17a9446ff6b	1bd9fad368deaf44ed40d9453f26919882cf664859b3a6a073d88bf6a2a173fb	64	64
d7708de2ff10b2f3cb3c115721a99a76d6a39c644ca90daa1f995c60161fb657	22dbc22ee1d111eab9f8ef2f2642e138de2e5608db41edfbc34f9a80977a092d	a8957ef259872cdef937445ebf4a6edcaa26bfce3e63f6b736f649b93cfde047	64	64
d7709d22c575e329e6c684f82f4d7504e33fed3414d115df490eb2111442b0df	14bd253d4467a7392df476a30ee615650f3db38c468b1f22fe9336bc51c77e0f	a54a231f8a5742fa7dc6ea4e181a1e42c07213c4f1d068719b9c66c332fd1ee4	64	64
d77cea86ce1347264ddb99f412ab6538d2a63082098a66aea53916bc1781d93a	b68b0015b2fa5b60e910d89c46774b5a8c348a40025f58f813e6ff9334ce8681	107aa6fc39da49224e0aa38445a0c7b096e48f206f71504fd81f65209f61a3a6	64	64
d77e74810813a67df36ad6d61cc55a8d749c87bea1d86c4c9f0179aabd0fe80a	a36e1fea5bb604f159ee94e354e8beb947a06b38143737502d42527d2c82d9a6	78f51b133336ef3eb82c47bb254aa6302441cae83a963fdcb5ada59a05c50878	64	64
d787cef8b2d97b888825682ca7b9a05de8b90f4d6627aeebb869948984f06387	40a1412ac7851e1e476e2dc0756733f1b8bc64cd25fc7f717c261f7361921cec	bbe4e17cf1d3baeeba53e3a733d9d345b7da294fdb8a063c8626d97c0336733c	64	32
d78d8bb42fe202c12c69e8bba8c9f2eea6022a831c3a3767fccf248da403bb9a	e71e9abf4cb83a05f4ce938b20c5ad912e2c42b75dccca52c9fc7f4102743091	da5d4ab98e645ec4876d7298e6c5acfa5136d442b0c1105dd837fd7603fb83d7	64	64
d79bcfb9fef42735c786ad0006a9fac3cafb581c517b3057b2de5eba6699711d	48161c29246f79f9769c055fbcbbe2a031b759b8d2f5bd882d2a80942db9a6e8	dd92036a02e1f8847a8adb9690b046d23358d3b8f2963582fe465cbf5e4e286b	32	48
d79e485cc686f12da389f005d143618c343425bd899a8e02196c2b3375f3d746	59dbe83d8e7f066d215cda295e1e4abdb5ecfd4e0fc137e993b38efce4c6bd0f	f23bd9064ddaf30fcee38c848381afda3aaad53d13c2d620c2c622b7a9f7ee7f	64	64
d7a4ca35b8c3f5ea86c60b15d491115588c3c4bb0bdd545b1c99a704d109a123	758769111086a25658cd8b5cf42945152cff60134c522d1d251ce431c6182544	7d28bed3c2d4554888071dbb8e635b5ecbcd8f0d5f9ebd903f0df03fe3b39da8	64	64
d7a84cec0d03ce6d67c6b992e12aab0cede91ba9b235e48c7268ac4d7a977310	8d275998220086581a6a3bfdc9ac5b285c0985eb693ac24fc4f95e05065d8434	7162af445dc1cd71eb52a0f6bfd4e2c39cbbc292531af15aca120c3ae6157528	64	64
d7be8463317cd042cfccc78a2bd62edca7117f0ed65c2c3a75928cf73cf6f25b	07138e8c11d19fd9a0fcb5593025db2035200e6bf61577b84bc683408001d6f4	8f20d514d2dbb2cd39a0b595e704f66ac54061353110140fc3fe3651a1c84250	64	64
d7e90d8ebb5a0a49258a1aef4eb00ee66a3c654d71118a247b42c25d3d499488	9e35afa9a2188ba7af646dc1d2ef09e0508e5ea5ff5293880f19574ff20c4e3a	b4cfd807feba9aa3e1a6ab9f73dc96db99cbc538e5c72ec30268fe4e040f1861	64	64
d7faccb0e9467f1182e131192f6b6806e5fde205ddd4a1f761ae20094d38ff45	755a3b4c5a7587a03aaa02b23e9406e761b3014ebe7573ecde3393615a163174	fe4d737db1a7a750b2e6fc89c0f438e4101a1c48280e0cf0f1bd143d817ad74c	64	64
d81600dad0169d4229f9d6c31d09266c178efdc09150f8000645c669c2d8121d	4b5a11d3dd93c8494279c86d5ff527984e6f240e809caf9391de55d992340a30	beb5d664fa8f00efadbb962b98faf112a9fb091d18d247c87d67ffe72bb850f2	32	64
d827a884bd3a36246b34ae473db4f64eeb12ebe4f9002bee769f9d7c67bdd959	6f8d8428afcae3adeef67a00776e55e759c41d711483959578c67217efbcf0bf	cd7da6f8e8909cbca5bc4f9d34f6a8a5542a045a9961eabbd544360e8237a8fb	64	64
d85a9cff013c152a7e04dec398e23f0b06896b69bd62b0e6a0c58865d7443925	3d16e6d8160de5b2303035811cb8a3224b603412cc44d6c3aacb40507ffaf478	09508e6ed75237e744138a553a6707434aaa4a88bb4513177f470c539a4d75e5	40	32
d8709f38aa6806ab5419e92cb5f70539080e2b6f71a02b32a867c0fb2069972b	5f5d0e790e13ee4f8244cb457bdbb45f0678ed8734a19bf5b3d706ab70cb3e86	45393b05074442fb4dec17a57414f2ca872fcaa87af9c5a49faeb4f6024202f1	64	64
d870a8ed5d6eae50acf70e460a2c63bfb5c0599b599c786724eca207ddb02d45	1c3fa66d2672b57398cd2c91d02300a34dc22ce8670834e3b151bceb517ed42a	06ffdc2f71a270330f10593be8778054a5b0fb266921d596fc061e8bcb7d0823	32	32
d8838c3232cf61c31c3771825fdccfe6f630b57af655d04b6e93a586d5343c13	d837759fa4b225c9ae8ad16e9f452ecf95787816849c88897dd8ce29755d1772	11bb4b9e6e1f4e7d690dca8e057816f92d6eda171a761f970832021271d62a02	64	64
d89b5b78bcee290e46f1423fa04fc808dc84fccee14ba5127bea644419db7b74	4d08e4fec4c8891064ef1317c89ae744fc33d58f95373059683ce27030713784	18ebd9243f5b17cf82ca26f4a24d41e55960d449a4b9a91df5882bdeb9b347e5	32	32
d8b248727b987e0cc67c9367fa67e8a0d4ed1d59022bf2c9e1608047ae8fd6b7	b5311d924b67207c75ba1825859c09a7b152453563b5870791ddc74db4e52955	acf548744b89fc028affe4fe678220433c8731f9eff0d741012d6f1391f8786a	64	64
d8ddc493b5f30e8441351e1fd6067d3852aa2bea6184663f75904ab796171a64	4a08c21999217cc1644ae0f5378e7b2bf367b0734567d171daabbc45cee0aa50	52b7f84fafa28d343d80286a8b8c923a91a596e99e9582f86624479b6bc49734	16	8
d9026c6907b139edecb0e8fb72516e075197359980a96f76e2e5b18007076ac1	895a3f06b9bac108e387ab27c00a5bc97bbbf4893855bb92a503c0963f625990	3dc7433193b4fd7c5073b0863e8735271785ed0ec54fce6b1018ab9d295bf5a3	64	64
d907ca994995287ac02e4d469eb76a180f94ff15741da6ed10a4ec3c6a15fb89	d5dc793e16cb86b33b92490d1315ccf0671f4dc2d45ab4bfe39ee0a6109f3040	1645e099d3928226127eed54d001b242a4cb57465081f08efdd288ae050f9db1	64	64
d919ecb7b40902f5dd0adec1c1953e7c74ca399c6a2afaa0b90927f2eabfb06e	ff55ad3ec9a9c14be6993b7d6dbaa5b7e7c6a34ecb16e4103234e56640008e8d	344ec6a6b505586c3f8ec46f0d954f90b745822195f9a37526ce1d530eee3caa	64	64
d91e90fcca6912f8571e13f8250333c02a02eee99a7810c0d4a7c12b6b373015	f8a7e01b45af4acbb1557fa7c13ae8a20b73f16d001ede2985d9c84dc564f0ec	6dcd092e80b895fdfc216c45a6e55b276ac448a9e2ed7b40f5252536e4fc1851	64	32
d93002462aae6759ee238476affc17d077ab60a086bb4816a3c596457b9cf51b	e71e9abf4cb83a05f4ce938b20c5ad912e2c42b75dccca52c9fc7f4102743091	da5d4ab98e645ec4876d7298e6c5acfa5136d442b0c1105dd837fd7603fb83d7	64	64
d936df0fe24b3673b96d5d7223fcccf96aa92e5c6c5c15bac7362541581ec2f3	b7d373fa9bbd8e3f1830a6acb16b5d51c620ddd90ca58fe5a0a603e1cea314bc	2ca345fdd5efb47173e0117ac4b6dd22c47c08d096422ac37bdf8e34c6d2b594	16	16
d94caa57413d51339db3a39b8730913ec619b99854f3c0dd88a3d7caaf30fcbf	a420743213d068a3b581b92650a1a23b90649464b76c664fa084d61657d484dd	0c7eea72de7f9b8b15b76b76c8fd35f8bcefefa3a73c31c5886df71cb62cca14	64	64
d95ae84bdad25f8df1543274a7b257bd9c34cb414ef735ef479ec759f68a0a5e	71b84a6a61e83854ef1422504a371053fa2161ce434a770c8b9b3b8604fdb5a7	4777c0efba21d0d27406566b77e56c175b45c013de72998e66d63b5caaf57754	64	32
d95b7e4eb4ead44f893a68e6ffeb3b2c2b0e33291b05cf2ea2738dd3c3dc3704	e78305cd95b8c178705d02c6c78c956474320a7fd3424d23281c0971a9a7e31b	eb2576404113dcabb4b5db5faa509d91f48cba68c5465107f5c82bb3e65f4618	64	64
d9620fde26613ba68a00e17f00dd20ca4533ebe03ca1580f5a3f2d7bceca75eb	0c8f5ac1aaaf6074b143bd64ec26ff806efd4355cf6345e362810368fa04991f	4f54a6c7c9c1e5ad6ba4d31390fd98605f33846ff5950fa16f58f508b14b226a	64	64
d963d922d4f40e4c7dc8172c43aec24f206e4409bbc9f7767972d658f496c844	99d4cdb26dfbd98dfcaf8f38083982b702c0d28c2d7d3605c6cf02d895b5dd7b	15311595e171839a6daaf8583ab703d3c23c26aee5537147539c4123c4c4cb6e	32	64
d967760cb72baa3fb259e442dd0ac5a02f8b7dc0b63f5c3ca559f28a59e7bf84	083c1cee4c662db3e34b9868f6627d603d033d8c24633ab29dbb0ecc569f3b4a	cafdff970ea278f1fa08301a95a56a069dbadf6498a2411b5f5f54ad04961d4e	64	64
d96b4a685ccfd652d2f61859ac93718f90bcb43181a6b1557a355441321c353c	ef4739f02c259d04642aa6719d58488e483c4cdd2e0e03ca58740c8ff6449eab	07649b10043b7b2211a48c23cb0b1e872a97c32526035659eda541206bca3a9c	40	40
d96cd7b9c9357f9f70d22750ed6f544bbb58c9f9a366530c24cbfbdd87634f93	f7deb6e4eddc86068db6f5eaf2f88bd3ff4de304e80593c114974bb7bf9eed34	66e29f4b07f339d5d3b897adabfedbded8190bf88407ebc1e7d68b9b89e2364b	32	64
d97a2e93d677656da715d8c37eb0bf354ba8ce51681debba640002f30eb80b87	da4e6ae67bcc4a57eba6776d31e2f1c481cd7090c81396732ab6e39146b19c64	7ba9ae1df1a16d3e14b6acfcbeb54a108d87126f3e8698623ff0d2d2aa29b7a8	64	64
d98282bb4df250ca35cb6046eb69962753c7eec514db7e7970af0f849010c1dc	2c5614bd57c67a2fd90f157d8f620179c5fdbd48c480a2dc2d654207d95ede93	333a6e9e7798fde1b5b8d8b26d23fd68f70da39fad0b4b5bcc043e8326302573	64	64
d9856d5a04004516e6fb774d8f63a0f1f100b87765fbc8fd8a733e8f9b8aece9	93d1206dadddceba1ed21492219af3d07ebe0bb6596139dc424310b868cc9c4a	266d0d435f507554c0de899fc2069ebf65ff671da531192e22ba99eba1a21332	64	64
d994d222e091a2c4ba904338f42e74dbd133824bb36f5c8d7cd6c4e0bb431713	e9e0a3297b045c9d248f4bccd45ef4ddc6a24ce157f349ff465177775efe28c4	de721bef72009af7f77beed1d882aa7c7753d95a52a57bcd9740c43b587fb1e5	32	32
d9a64d495b6f5550413ec1177a983c8d776bec1f0ebdfaebf43b0959f6a7054f	dc12a3d3ecf1a209931bcd470d3ee1f28e30854c61967157d8b05687b6384ae1	e0a600268e4e838cbb2d645ad9b64530a4ccac386ae25907aad6d9f68271b733	32	32
d9c4ecf84feaadfecb0539fcd888c9b46ce79148f65cf32fd2c16d3d098a7017	0367bc25746d77830bdcd21e0d8e829c4dbea0139f3eab00f709394a367a44c9	0839009f645969284fa6744ea32bb08113bd17e8e430238c7dc08a2992db1bef	64	64
d9c61c7e6ae4b309c18fcd4c52244ec371ebb6531525db131da658fb2c1601cf	6157ef48d0121493fa4b1f8c0fd7efa08e3daab6d6abc4d9050effdd60633cae	e6513969c3f5c2480fc1c414b3f6af6649da60242c22135d81c8137ce469ea18	64	64
d9da24f5017df724a0a2037dd998d14686d4ab9d89897bacd52d8b04a9481b8e	a420743213d068a3b581b92650a1a23b90649464b76c664fa084d61657d484dd	0c7eea72de7f9b8b15b76b76c8fd35f8bcefefa3a73c31c5886df71cb62cca14	64	64
d9e9f71c84979c94208d38126655ca2a41b357f3c3a6d78ac075af8c41869092	acd5d1b030d1cc9b9cc6e663fd0e20b02c7a30d5b891e90e33ef97f02f22f012	a88564e2b02b24a724c4ecd60303142d8655ddb69045b72b8b4e93c9dcb13338	32	64
d9fb4c971d0717aa365daf0f0dc2745005ed5f6a081a22f8b9c57f96fc5434bd	ca8858bbcee410354f11357348d229ccb308bad129b0bb2658a3778b9f17250a	43ad6c3a7e95b6febf2a33bc473cf746356bbd4c709aa2c006b515b08cdb3215	32	32
da02e12bbb8b6384d3b382c6ecad105e78b71f11e30a97342cbc8edfbc20807f	6d275e094488d1e7d6d25564bab567c7fd85e56222f2f7114c2b900cafc0d022	9f8339d956873097a0dc5867fb656df12ae4dad7c8f590ed08d7f666fc277964	32	16
da0cae5884b3b0c2fa203832ff2bca67f799ba86c82b04ff9a89487d2827410e	8d4c4a4b791b8664a9b7cf32090e3d41f09267c77c578440264f482e97203cb4	ecf51e8f098ef4e6fba93cbda1fc19043c96e24671d91f3a8cecd57ba1ab9edd	48	24
da2cbe62c62bcdccffa89069d53df5a9b55fa9b73058ca3de1e94bbf9ae16c8a	69c91f694add996f7868fcde0733542720b3947f62b01401ab5a9cf72cd7a009	da5d4ab98e645ec4876d7298e6c5acfa5136d442b0c1105dd837fd7603fb83d7	64	64
da4e89cfe2384da2bf12991126228c25e7171ad493d54c9f5d2b50c78c285c18	fd3a88b1a49db34aa9a848f8d0733991f03fdfd9274712d3b8439a4c06500644	48f91d214ae4e071298e215ae2bbb1a3f1241e17ffdf0c4214af9406aad965ba	64	64
da7869660adb42b01ffd219f0101e3b5071a15dee6d8be1e47b8576b1bbaaab0	ec0cbec2d63b1b8df4008148647a87f707566edfbd7051bba2f68210b59d4a76	df1fdfac4e9ac671fad70624f1439832661affec0fdf4cd26c3255d118aca4a6	64	64
da864b56964cbb74fcbec5e92966a4d32de7ba1fd59bc6e9d22f01836bfa79fe	1b3135de70373b2aa3629b7c46b692816cff898df9f879841fcfe586e59ac435	f76abfb2653da215bacb8b44a4d28529b9509b4517632c98cb0685fb893198e2	64	32
da89a1378918b59c58f2ebc12edb4fea29895ab9db2fbcd08c66eceb81189fb5	1b87ab5b7afe5f0b1b6c5c814b9d0b65753d0adb8d6003e610ec740c1af6f67d	ca209bc7bd99184ed96b949c65e814fdeb9dee620d6682afad86a7780aff59b6	64	64
dab6396a43ec180d57d951e0786bf748ff5b7ea6d5377d4814b78096ef9913a8	6cd4741a023e87d55c1794e6f337f4a136636fc65e47633bf3bba9bba8d33d14	cc49063ab93f56be292c7f4bf3ba7d48454b3a2274bdc3c89be89cc7b04e6637	64	64
dab9de3cacdf96ffd80fd970181e22e61a4bb9aef209be93b17d53446f5d4f7a	75990189dfb0c09b31ba70bbd92d708ffed35e14e61b4168c87fcd845b1ff7b5	7b505d6fc55c8768a2dbdc5b0aa8158882409efc0d58eb0ba1a68936f101eb37	32	32
dac35b6be25e4d65ec074758e88ac04549b5d478d2dfe840e6ce408ba37fcefb	947aff56d9d19241185a969e1e52a0c57a4365e1e86727d51a781d343d7fbbdd	86c6be4aa2a6830c00b5f29d06964aeac440ece72252e9bf5ebcb7237e6a255d	64	64
dad9aaf9ea1b9f0388f8281024ca98cd771583fef975b2e92dc6a4acfffe5d5a	a4ee60869bd4d68a3e80ae846abb9efbead596428070e9be752e32650fdf7a3e	515326911be34346967f4cddc3667e31b50481a418a297d24ed821b4625f4721	64	64
daf08cbed7bafebc877b4339d33c09f38b0314cdf7255986adb2ad7668cb9eaa	e9e22c71700ca2aadddefb2afcc063ff729dd5d17360ae3656578b072e8f1ecc	90418d4cd2cfa3ab81cd8b33d36686394dda3a6e19450b838577ab9d669c035c	64	64
db6310d1c205841a911130a6c5757680b16e3e4e5605da87de46d575e307bae5	cc1abd81246ac8b2231b0d789cb60e985a1b4a9644a8fb8b791d9bbdb470a542	0bcf9ea66cd29db66da6248f2b9c3df0477f01d42030a95de1c0b437d565a604	64	64
db7c89eb4b46bb2ad96f705c7d4e60d17f426cc4943d1372e748e111413daf95	c6f7a5677ced81acc9d64f1cb2082391c639d640c9d852eeba1d4c059b8f1465	4f62923b9da9c3ab88a6ae75736ee128cd9ab5cfdf73de8aca3cc2f0561877e4	64	64
db7d6377b45129afe3fa71e0fc45a909fc13d9bad2fa3c46c8593d86e38ff2d8	9f9e77b16d22aca1ed3504c128e30866aff758cfb670d927390c6057ea1155a9	e897b67baa0a0d0b24aa57491773702c5a5d6a1882e0a25ba52ae432f5b95572	64	64
db8d7044bfc0a4899f5faca1332d9113c5e09308a90b2308923f01231cd731b9	538e1636d6a3c22dabfa05da24a1ea6bdc7f7b946441f97aff65d2fbc0156ec7	d48a02072d6feb767c341b7598a6bfdadc6f5e7097c5d09e7cb2a4c236de1387	32	32
dba286f6e7f91980643440fb65a2449bc4c79e0531c8ef008dca376fc4f0a960	36f8151f637c56fefef4c13aad478ca998b35c32e1856fb10139b42a0990fcb4	4b8f3597fca85706b11bc54a7b48e24961b53eb7f19939eb511725b70d0c57f8	40	32
dbad8bbd10340be96f37751f5e98868ee1acf582ecb51afb9d1710321659fb76	038afd502dfc834b409d35d7df8bc5d546c4d81fd2848b21d2e72f1405b360f8	c44d03d40471707fbfd02225d577ee57c5eff26064286f658ad471cf5c577b8c	64	64
dbae6ee49f2cd35929f5f2c130c20f7e8c2f5cb1bc114239a48bd7b920d3a473	a1281d7938036b8273d0676383bc720600195f03b29cdc596f3ac0dac03e38af	20821d0b0634a51e9db73296dd87cd77f0e7585cfee65c46771b639b646bdbca	32	32
dbb421d6479c1a150f72b7cdb6eb143113570d7d436be5b44adef0b9fe2676b5	2780dcec0df57dfad832809249c90355df036046c0ecb55eea9415a50ddc3626	6852f07b48786ecbcf90a42a607dce5272657d8e48a8b5c8350b0da3082db295	32	64
dbb5dbd94c6101284dffd1f773864b6aa3cc57a4cf88a3f4532a4bc6b77f277a	900093b9f8c2371b46aafaaeb8fe37084bfc0a8ea17abc83bbd7cd773372f930	570a586b41216fbde901834d0ec3d655e7fa1a8a0912d27eb4a8f33291587138	64	64
dbc6b80fd56a2bc4701bd6a22bfb009c29235dcc3d5ea53ee07e8d3b03ececd0	92bbb934e7401d124445914ea22e685c2c335c5f4991209c962d3c1cafc0500a	876e13ba45db4bed89111a9b36c0ba1e01263934bb4ee9747a90a47740f8972a	64	64
dbca3cf4849b6a5935835abf5657ceca95616fe02ce6196aaad553e273573aba	b96dbfb9bda0f5074c127fca1efe7fb7c1db4b68738a6c25783546db34f01100	b5fde607162fdf76192e8654ee65f4d4232ff5056b53b5322a00ff0170c414c7	64	64
dbcdd3284913e2cbe0c830cbce4b8bc294ff2d5dad8331366949eadc4e1a28ee	e6718a28c2dc358c55891360dd8ba34962522c14936f4c8824c1d58ddd7a991f	8a19cc3bec43caabb18c98902df7a63c955260682102aca09614569a596a32e0	32	64
dbd6495c49f3821fba179e31a054bd8d400ff14c62c9f58cf76acc79280afdae	a6690f81b79c53016a7271bdae5faaff75b7b951ec039ff1e4477fb05a6f6859	1ff58dd5d987de0da406e43a9c75847c35d979b2801d5bbe71990a8be3547888	64	64
dbe26fb181304a07eb9d3ea3dbd9dae62051bbb0df905bcd86179e4bf710abe2	0a8d6b0b66748364f5dc064f89fdac3fa1f503dc928902dc5a0b4579f278d130	99c429b4b2579f360e7eeb50a9ebd50e06b91e40c9c9eb0f28afd03ad608329d	64	32
dbe45c19eb414063f9a0b97228621465c637e696f1f214cf8b14d7d6f0a94485	b10b5d47455d895dcb917a9b7e75a221c072105a6073579d2270884c52753160	83790c7f58e213d5952282e5a24c9b62155868379f9a3e620a4fccdb90e36db0	32	64
dc10c8d49751a298f4680da9a53de57059da53da0da73dfc4d6c7be5e8d331bc	d2f765f3f9b855900a30cc67a70b3741b42c8bb4a14783dde033945c846a0bc3	cba5ace3fe6e079a805ac03e88cf120ac39fdfb3b51803230dda8ee67cb30e59	32	32
dc18cb202f010d5e95014c1cad7e198e4c6e5184684b35dbfc45e5308984bdf9	7cd9dffcda21a7ee1297272880a0e36c9282f776b67f419ab3a441a8fd459c76	f066c25c8c59f82da058b83316394c6d40c4bd36042ddef6688b4c6b78e1d632	64	64
dc22b81e7722ac29361b2e6cc33ad2b1e411ffb63123101a3a0d699944e83c70	703f72c79a97e21e2272b11335d7add9df3fe8b59d5977d4f06a10ca829cf6fd	539803305904dd5a18cc66370b1d99ff20b0c06fd562e9cecba6fe4cb2434e6d	64	64
dc318053cb36487b914fa0bf851b8e44f7b17fe183cc799471433b8303391c4e	f0023680c28ce7d6faed2e2030d53cc796de65c9675f1dac9c8eac29bddd853f	b25d556235af94a6d6a50fb56bff9300dbbc7a17c391d9768ac9323caebeaf04	64	64
dc3a42d0f447d5e596f03f562859c46a1f16936dd1dca573c3c6e6f7937bcc5d	97ae05e1a0c987238da8826d06b2fbc77a7b0e19812503fa1db9a317c2d8bcb6	99348cf6c4bfdb47ad66252ecf3810a60c481bb9b2e2e39e8a3a36ca981c7f53	64	64
dc4e5671619804ef76df62bf518fbce67b946762e0e37636a9a75c04806ae94d	58096cd966ddc19c7a27cfa8f3d45fa8d5e8e45fbfd1f69b89e324b4b6732695	da38997e78eeb2c25eb415a2904d56a9fb8063105fb4a6f0b73a0aaa68488933	32	64
dc4fd10c894cc540a1f5e7a2667ebdef33a4d62be45c2424534ce77fab1a9a7d	e9e22c71700ca2aadddefb2afcc063ff729dd5d17360ae3656578b072e8f1ecc	90418d4cd2cfa3ab81cd8b33d36686394dda3a6e19450b838577ab9d669c035c	64	64
dc571ec99e5837868d274bbaf3477782d71ffa606e94a3c1b210780bf53861ab	66e6299dd14ec4c3a46672bad24babb7dafaa31042398fac50f5c9357c186a0a	4312dcbc6d25f1c3864abba31b70d7ebfcf1cd3ec48caa07694185e9b42b9d55	68	64
dc608621c27956cf62c07b660a488c562acc00b78395b3b38ea0ddeb1f714db7	1ae7c3aa1edcf315f2c24cfe441bd228e25b168a695d0d618993c78bb7c9e4c9	1faaed6ade295225bfaa0ceb5167a12ef745cfe7957b97e473d660b78ea49e01	64	64
dc626f9520345b582f0224ce6a447187fef84cc1258a1dd5a782be127116bf19	478494458c244e6166788fcb2d745164b0ffee67454c5fac7624ab0ed68c60eb	c2507cb3960e254a744cb7ca4102b2b68c6670088d2845acc4dc9b7ba5028d40	16	8
dc631e0514240561d9170b44128e59b352dffdeec8b6244b65695f9a7459b48d	f07d3a8379071732be6632237c15d1cda8755e10f91c63013734da4977b0cc19	f053593d7cd53ddfc836c1ab8ea58471985a1f0a17156d69895978230fe9aefd	32	32
dc8b11e06771b822751a88652fc4680c404d196b11719ec56e15698dc49348e8	c54bb46c92dcd37a2c14df21a59bec7aea23a60ba72cf07d6d8c9de497f61613	083746aa3da4caea89df89505399575eb63ffb1af64a141e5e96208baf455f69	64	64
dc9b8322137e1bf4a7c536350f8a2185e96a9db21544d23f91f5412477290870	e32e26131fe665100507553c888122a8929595d32f48af196beeb3ed8f3a0941	0886bc6844155e2ac9c74f59a25c484540ab9ecafc6a72d2e9a69a78101ba696	64	64
dc9d463efba324bf75304cd4161874f71ce4d0ab7e072d5f8a0646df96f6b5bc	5f5b89334ce4c287d8d3a9aef198d8084f5b0177ce6b23d22fc4108fcefdfdae	8eec031ba6e5f47152bd8610c660074359f1bb79646ca2858b3f4393a7e7e513	32	64
dcc7731af6580e23af9e51dd63e23535ba890071f24cda405f9cbca8703c2708	22dbc22ee1d111eab9f8ef2f2642e138de2e5608db41edfbc34f9a80977a092d	a8957ef259872cdef937445ebf4a6edcaa26bfce3e63f6b736f649b93cfde047	64	64
dcca5accc83a8b5e2c77dfb7e36c0bba61437dbe0c9d1bc1e2fb115a4de2f3c2	3e88de9c5c7e551daf88dbc1ee21e81967c067fb420dedca5e732ee174a228b5	7c3566441749993921bcb913ce5016685e198b7420d321b31b63c9e578b77eb2	32	64
dccfebd05f5c9cc7252a1c69dce3b8caed051ef99c5fc4a9aeed74ce70830636	69312e9b7a0fe24c6477e8987199dfbc4e75a8f73120854dc5be058617f3738f	bec5bafbc0f189be326109db49e5eb978ee5bc972e095a74844ae3700b0c559c	64	64
dcd0647986726f2e6c15ca07102af8c71dec7cf83b2fa512063febfc9aa71ea7	a913e312b726c4aaab11c3b3126f0ca76a9234eddc76ee0dc9ab06ae39940eb5	5bcf02a13bd224d892ef7d1302d6ac549f18312356590b295bb3482ead61c425	64	64
dcf0eac451b85c5bddb1162b858545e998589050610eab42814fe7437be9c2d4	2780dcec0df57dfad832809249c90355df036046c0ecb55eea9415a50ddc3626	6852f07b48786ecbcf90a42a607dce5272657d8e48a8b5c8350b0da3082db295	32	64
dcf238df4f17b7c34a697b45f95fbc6c43eb4cc26594a1df0537aaed839c97a1	f025b6f9bc40d3ab6b3dd2b8a64c25628cb984b476f486f2cab663da7a124ff8	b05c48e0bc81ed219fd387946bc03c764b2f82ef7d5563dc54ea7234cfdfa4b8	64	64
dcf60e75b77ba7906d91c59df0eeb05b895680886bcc743e3e2d02b5e46ced32	1849649a8f3f8c1c6667a28bb377dd091abd2b817d70d33a1144ef27e681100f	c0da1ab1f2ebd05694b313858f51f0cb1d03399f1917463210d2ae1d5747670f	32	32
dd02731247a7cccd062ff6662f18f9d06b08bc0e526da390969e16920a32122e	b3c133e21be06144e9f65f4053f2b19b97a71869142607b94f251f6063e78b8f	52b0654abd9aaeb36acd8a52e06b44d9664378708a1e9a586ee86e0cbc20fcc3	64	64
dd1a401ca227f2c60ebadf948215f9137fda4800740479ef973642b0ba567ffc	418615543fcd49ac4d0e8d2c5f8c9234a5cd3fdf5fbd67efea4dd7eeb3fc0ad6	807eb26e2bb6346c93cfc1064a0cca1b45263946d0a56b25d2e9814a2f3234a3	64	64
dd1db05d5f007a64c457d566da248b4f9f99895006c22b5331015c4b7b5b19d5	f5522cf81f4b18eba72a662b06ba8126071e9e51ecee4e952169667fb13d85d0	4a58f69062e108247ff47b1b8fb0b9e430626c6121cd641be696ad6bc7e4721c	64	64
dd312e3c7862bbf7397796f8977d449011ca988b79479ab152e88fccf943a38b	560fb20b2be7b8502b54eb758b09773f8412c0c0903fa15388aecefe7127a7dd	2901467c403c2488c63fbbb81dd015b801c04a6e6a4dbfca9a8e47b72b6da92d	16	32
dd36e5923bb4c579a0cef9f1ef4909523ea8d9e42a3edc97c569a75effd7586f	e9db7d0cd29f1313ae447a3bce11bbb2e662656dc94b87aaba6d1bee6c40b6fe	20260d0fe17969b0612adc0c62717e4a438eaeb88ea6d02ad872ff44da9f774d	64	64
dd3ea4bc21ae3349e6daf5045e8c1e1b1e9da10fbe9a237412054a1d4198204f	1eeadc276c980aeb13905d7c700419b09fecb544423b0b7dc5e9bb54da90d9cf	116a920e38d2e74f05774643f4e74ae9e9f99ec85e57cde41f177a2398170340	8	24
dd4583271fc17baa67bb7b23fb20c89b6651a7c0454d1ad7b2a8d2441683643b	64e46f0b57a697b5dce9adbc14d4c4398ce9ef507911d3f2a1a5a48bf8538d3a	ef6d5add8c5707f1c9dc454aa63a7aa8c5bc4306e03ea15779d2d8b29e39f4c7	64	64
dd4e036e2e6b10e8cde92483e1f9e5db830d203107490c2b7ca460c3316721a2	7a08bb1bf281d02eee55554f692832442f843d6888e668b686a78d5082b7b488	b650dd8dc88028c59d65fb4b2de3fe56e0f98f6bec9eda7c04ebeb75bf08f766	64	64
dd5c3f4a7ef77bf9a16182988ed42448bf13330611b9e889e1a5b633800df499	3bb4a957df0a674d6f7388e003bbd72482c0d2f39669b9a82a6027d67b036532	e25ed8227c7231a95e10a40784c02e8c85d4e59591fa9aeada0518f76083a2d1	64	64
dd6f8f1e34a87dcacce20cc74235e57ddc4728a663a6153b5b54e680bfceeac1	474984bef0122b5bb5a7ff094e499a1ffeffe27b1ff5e12b47d5d87f1863da21	bdc6959a8cbffbdb3d96a542196b4c05aa145c5793ceba2d66b204a1f34f8aa5	64	64
dd773fdb7bc76a412d90b8c50e2863734ac31c3d2c8ca0084ce7700ba8c00bea	1d08039295dbac3d53c83069b313ef15224b25580ae7b95b53dacfe9d040076d	e1f97936fd54327c4e4ff45f0866415eeb1656cba5791d7c6b4f975ff0f33df9	32	32
dd79134646a423ce4c7484408b4ecdf2938d698e04e58d8b727619ffc4f32f1b	7724246671037470b2dcb115780cd41aa3f4ecf5e01e91b93bb9f4b833b0ea53	9f411037480d605faceb94f6f5827956bd7b3ce2241bacac007eeca7d92e7d59	64	64
dd7bfac04523dd796cbb2e198d9863bd611def9571240ee14d3c5d1743e176bb	743770cce56b7c10ce0214a694ff0335db9f624fc83956450dd577306a4dd8c3	1464f303eba39b4cc24a4023398dabd6d11ff12515b39c579d007bed7b686817	64	64
dd7c9508cfe9b40a7bb4dfb328ea9b361fcb458a3acc0089d9f76fb0eeaab971	41b10d438bf8b29b01f92492506ed7a88f5323e558c6c2cbf4e22e8448171cce	8e8084cb948dbcc0d54d6580df310c40e0828a8b263d839520d31f481159ff1a	64	24
dd8679f4a18b91cad7c614d3f6adf54ba0349b5382716ed6a05c45c88c6ba20c	e9b091bb37751ea8b4090d1be27aa89f40242af6b4f8a8b83f65363c75238af4	437bd43927c4fa9ecb93989a296d1806e42405ed49fa9775a95b5d2a5150d6c3	256	256
dd8bb8ce816e5aac4f449992bbcfa47f62bb65198b2a4a0b9ffee5de4c98e49a	c42fd9d8984c371ce01c97400fe41e78f191230eb2ee68be334735336cf567a3	30a5faf4033e50a90a2878943dfcf4cc66c8feff3fe92c17dc8c7e7a30e9e845	16	16
dd8d6df42dede7ff012f29e3bf59c902ba682b8b21d66e1ee80fe1eecfc9e188	76652453e74ca985dfdc2fbe1d6701d10ccc976aab69ed5f3e1daab5a17f541c	1bff54df705ff02b2674282a7eeddce9a7f2db92a4fb2d3febd6a2c72a6c71e7	64	64
dd90903c5b9f7de685af8851395e020ae208db70b01f589af1af58bedc8aa222	222839dc6f836d210986708f0989b733865fca75501cd3ca30ac5c0a70dd2ebf	cb17ae4f320033412c34814c79d755fcbf0141254737229bafbe029d57966f61	64	64
dd90e6fda49462547e950f709eed2628a424cac6303cff56ec86c475ceb729c1	14bc762fbb80944007f83fcd4162b56a3e3aebf338ed19e0d0058b4bc30deb13	dc5d8fda01cb66176c0b7621ea2aacbf110e6a2c578da21fd4b5886c8e43091f	64	64
dd9d06a6bc9a524a3ce11800b462a59fc7a5671c3d3b321593adeaa448253c55	767098b5773961328dc1e1d2a61b3ef20a4d34a39f2321683e4c9636c164bccc	d21d834c9159b93ce24c81784402be38b93ea125f95a264c8583bdb1ff9fac98	16	40
ddae61b87a14ab82f2062728a84a72f2997727750c22a76b1b243493051bff97	184e12d2fd35477f5a7183e4c03de13c0524ffff1da4acbb11d8f48fde6c116e	60e6b5a80ec1d0efbe17e44e5144fe7f14fb66ec10a85aa5f35ffd888f7a320b	60	60
ddb0f63516a0360035a6f2d9af95641bbabe0bf8bb05264d0f1c4df6add1348c	c9bc1bf17c5b2d2f0a82557dbd384df06e30fff341f1d83996e6d33624b5b117	640f7219dcacaeaaceebf0b2e6e35bfa7d802cd1521a5930e396349aa94e64e5	64	64
ddbbc108b6193e9ac647acbb6000d536fb744367d22c006b2e0dbdc19b243f18	8f50f0ac71b2637872f3d6aad2346c765a88ff2dd96bb5e5a6eca67112b76d6a	b29384fbc31e10d70e71fcc45285ad3e10135a44d8857bc996220cee844beb27	64	64
ddca69d20a570924ddb7d4fd057ae4519450621c8cf5f67d18ae83eb8c50cb58	f0ed82470229bba7d6373782ac1ce233abab5816a3b36c9bffd07554f4767a88	89bda9099e43c1aa8f8de29a058ccdb123dec474cba440513ff95745d988b896	64	64
dde0251138e695926390ac906ac2c5777c27849c5d0bca55e6b149936398eb9c	d5dc793e16cb86b33b92490d1315ccf0671f4dc2d45ab4bfe39ee0a6109f3040	1645e099d3928226127eed54d001b242a4cb57465081f08efdd288ae050f9db1	64	64
dde0589b6687258cdf1cd3a39e4628f2d3160cd9348c4a437fed748c7f8710d7	eed7456143d6ce87635430e921d7fa8b10dc6f0251821e16703d519454d456ef	c25499eb85b29e041fbc6dc9f83643058ae12c140e9834282f15b45299fad3cb	64	64
dde584de3b905e91c0694af423c3fdef81de70ab14944107bdd5c5bcdcaded06	ea26d38f233c3e122b9dc493bb912c3c33d32877de917f475cdf5ce6aee045dd	97209d1dbe069422318807283aa7a5e4d848d80c8c83f866277c2f7850bf6fad	64	64
ddf1af54c571e37949742596da375a89665de103350d8bed3c8efac66e192e03	f8b6daf31a8089431ef48454228764254da2b783ec0c8efd0609012f61cb90ad	4d9cc05b778427ed76823fe214dbe772f0f7154f322ea010788ba67448bd9c12	64	48
ddf5ae204743341329994c740c8ea8c5467f56bbeca0fd319cd05276c375be6d	0e9bde8e2190e4041dbda850963bcb44c63dddd8672990fab40321dbcd283308	0eab62f6427f55ec3535e1f5d4b3a350a9da835c1815d3cd6f8ad29598f95c25	64	64
de0e9a966a3f7168ec70c1453263aa07ba0c0b4ee892af10d9e76c0be9b5bbe0	22dbc22ee1d111eab9f8ef2f2642e138de2e5608db41edfbc34f9a80977a092d	a8957ef259872cdef937445ebf4a6edcaa26bfce3e63f6b736f649b93cfde047	64	64
de1ca73d774f5f02acf11286076bf475faab38bf27cdf441a9939d067b74c394	a5c5c2f2b135543fb90e292971eb4d5b965ab960dbcf6198b8460b895499b174	de7b4e250ca4ecb90995ace6012601fd37048c7faf15b9a00b3799fd82671815	64	64
de1f35563e64e6a8d030a4d7d8d45b189bce01a396f23a528ea41dcbd485770f	ea620c9ee47bc03021ec1a548a82cd9c9c9ccdf4375901f47d465fc802313a2f	174887aad435f8b58da8a658ff00a995cf30a39e9bc16f920913cafe949e2f04	64	64
de377ea4df0333a37bd56b694e9873a45c5af8112107deffef3d7fa8fa2ff2fc	b644607b2a50041adfe438673aab65405a5b21786d3e679da5c3e85c5818dd8f	f5f14e811ca7530d1c33c6c178393f7f07922c8b2e4ac16ec97650aaad4628e0	64	64
de5d1bb0ad2557b5854f2d093b09739c76b2bd7e059426d1f2547c4a94263888	a3891f850032440a2b75bb9653f8f164d3b2b661e72ab164fc63161bc9e34987	9033fadef67a07b8d2937ca4ad9dc9045180d8d17bad9eb6bc047cf0596c86ba	64	64
dec66f20088d7b27d68f989ae459e16187ec5b5e155628531721d0edda239ec0	8cf3e4870314aaf256e5c24e9a7b5a4f05194e4504e1e97d371775f14db6634d	731dd18f5c5e2f8b99b85320476aa209894bebec266f31af478710a99c51fc1e	48	48
decd00cd51ada14fa57088955db6305df4e3d7e426780ae85b2d4a1c39447d6e	f6a78189d9f329985515e143f2db6245722a0ea6ac485ec1f6ba7d0f41f9e012	31bf7715747a02d729818ce057a9d94dafbb243116a8be94dd03358fac9ff7be	64	64
decd7d688b4f617fc5c303d207f43d33aec2ae78ffcc2f8b166dcb8057cc3161	5dfc95b5b239e287935c4c013faa3ac520c9a0790e86e8c241b6e6d7080c3f62	d4489d2892fde17ede54744987780065d153e697ebad3a4010b2080ee4d0a137	32	64
ded2faa74ac433767df0f5860fa5ecdf837849ba15206c8395485794b163df8f	a76e4b4a11758ffc33c516347d6c64f7c014b3e63ae4a7c7c8b2181dfaa0c75d	d4ce918d8ce132439476b5cfee38c4ea9109c126f35843303f203ceeab880b92	64	64
ded517d7d59306212e25d6f305ef474a60c9f9f91637839f4268655a3acb1c46	536915d3070b1ea1d63e11c47ff73bdad5cc581716d87cd1901e5f08c2b5da5d	edacf656976c00a95d8a97e30c0ab5f669b240a36e70d5ed0f6d2be94c464aca	64	40
ded97fc0040e4ac338aaef5bedb45023218e9a251ae9530269fe7e36a5be2699	363a49f982be0a3977286b96edbaee7ee591738fd355ae81fbbbae678f15b636	297ef80cd8bc34b48fef49b9a4aaec5a15db3e3759c7067a8a1d0eb92f961558	64	64
dee56e85e7b3fec7e25543a17f2282b9be31769654e29bb7bd0efd86499d8cba	c2f6c1489adb1da8c527e1436ddc1f4344092e1f4f89da8d4949598a824e4f71	3fb76e8401e1493798fedf6cac9eb7ecdf61249625e803c4bf74898cf6729a4a	64	64
deef07f631f0bff4fb744da5e10302ccf3bea428409afcc3594ee95844cdbddb	ff502bf8d43db6e9e99256aa77de4df06039512bcb375fa89d12cb793d606900	1c02da18f7bb4921416305130625edc23509ad9d8dabddb61e4f42fb49e20d31	32	64
def52c875dd187f10dd82578db02fcdfdc90d276906013bb3281004c8fc9ba11	7e5d46616cbaefb1c50b1e77222c2deae0a49b8e02869a1a63cbb37b8fa65f43	6e255f765a7df1615e00bc8b31a405079e6dc0490340de355786a461abc6b7a7	64	64
defd92f7540b1424c31ca4ea5cd6a4a5dec707984dbe5f2e19ff0a651bd402a3	07138e8c11d19fd9a0fcb5593025db2035200e6bf61577b84bc683408001d6f4	8f20d514d2dbb2cd39a0b595e704f66ac54061353110140fc3fe3651a1c84250	64	64
df0c8533e1ef732160a343b6f09b3eb4857c930b4066385e1329350d7fedef42	746727005187d4f8d80f39302a7c5df7e275ae086a66fdefcb0c4ffc203354c9	061537b36f491e1bf1fc2a8fc04a2df855b93cbed60e84b0f4edd93af8458045	64	64
df1088ac6541d74591518fc2ac00b3f83317770ddc716f6bb441771ecea09665	cdc656904dfbce43bccc197e57b8163f6f6162f5ea6fe5fd1133306b3a8e2dd1	e487a66b4a088c98e92b09c4441c64ba16d228d3116423680944db2b917299dc	64	64
df1d595e7e1231bda03226b31b77270277c89d72f4a6b0d9fd3ad7f10442dfe8	fa2aa7fa2dbe8ced8b4886a1559a1b8e43deba62614b09fb80dea66a82f7afcb	0157959531dcbadaae8a808aabae0b24a7fb15daa90a499c943ce78f94041166	64	64
df40eb4d436872c87098e1415226e65e924743707eebbee1fb3a9cd78725262c	a7b4a3aa650d3180e55ac9f9f5808a17cef83b19b0ae9fa84313da261979c47a	904ddb871b012b5a4ff85862fee4c4fc255f2dc025b804f568248a4c2005766f	64	64
df5b42e426fb49bc8a4db16a77cc76eadbcfab951dd176e65b827bc04dd8f73d	133f74ebf3bf8a7557f7d204fb06a2485837a964238cd7762742b4856cc05d78	70c3970f9503787be377f61320e861ca0131a6d00c61907942201beda3c0342e	64	64
df66fa7efa576989bf666aff472f49953d7f2a45449d788cb9f51248eb6fc8ab	ac8ed41f35da795097352c7b45c70049dc959c8820a233ab2824a920856ba780	151bfcd45c93363766f8952eef328fe1d0a239cf0a86fabc49d7d586649d587e	64	64
df9915de46d666a8adb31474a6dc9101257a629694063cacad1e09b73b2b2f6b	f81bc005ff2293a24fe6438632cd4621d155d4e4007edf97505be3698f58df2f	f6e68cd7389e82eff2520b362b82ede764be8e99df1e6662fdd8bd1a269623d7	64	64
dfa7b780b9bb8c5ca21f767753b66a33bcee5af55c06b5e80ccb52da3a337596	372480c61364fe9cab5708ebcc25b8b5fad120b765512b1b58fa64fdae0cc29f	7864078010996efffd066e584996e4d36e96a8f44f2bf71dd501d42df16ba023	32	32
dfa939a9189b9a9a97c857dbca81173552a1a2ac9b532d7d85c42d9e1d800a71	ab79f9275f14b9454c6ae693e560f94158a7a2ccb497a1b49920ddf28c8da99f	36cec0354cb383e6b2d8abd564221c1e0a9e12fcd2789ab10d49151da47f995d	48	64
dfc14b11771d6aa2609de18fb795f9604702c87b1bc97c8c346105667fffb2f8	22d25a986f0e82e6d7832547d0793faa2d59dd3075e59cc71895000a2337f2ba	8c0ab6ddf1ec3c70095e58a9f97633f35ec100623496bf97b226c17f475c4d58	64	64
dfc80e948d969d5bc5751c3c0e7b8af80fc33522b72262254c3c76b7ac1a05ea	d058044a853dff119bae38ab3437823c098745bffb8e559d42683a7cb098d980	67c0368b7f26cca1b9a5815fbbad43a9aef5b1e4c46a1b60405484cd6f323490	64	64
dfcda440ceede42808dc2b4a540804bb17b91c548b1e8b13965cd89e25cce70c	615b631f9a6cdf0b21d927125da6c77d53eca00d1d216d2a07419f805c85a52d	e8b4e5a59fbafdefd8c621d8e670b165b8ad79f4963395248b24de402b780bca	64	64
dfe0ff35b5eac9c6bf60ce63848bec946ee5fbad464f0b9458f4ffe78b6cf6a8	b1da528c9908d112cd1d3248990c0dabe11b14f0aade2d969fa96dc721c7f155	6d48f3c07f7f100537f5ed2da70db0130ad9f38f8f1955a3627e6d990ed0c3a9	40	44
dfe57cfbe8b4876d6a7ccce6585c2ffde05e03608a3f795d0b361c251aa97acc	64089e046580d2196e4b53cbea1ebe3b062f52933ceb5a0377188c704ec49119	e45217729eee18e640d717d1cd4275fef0f991b679e50a509bcdd8bdb26edb75	64	64
dfefec486b535e013f0971353bcd092e6b06dfe32c7fd30e4318d525f3bf7984	eb34fea9ad9b36636d3c91325ad2bce2d543c0f6517d501a1e257a31e9dca248	1a9f922c9ab08f084b2deadd21c4dd215db8c615f256aa8d5c1e8a025421fbbe	64	64
dff03078f1e562bf25d816ed83aefc8e83020e19a06bab0913aed9f7e3162fbd	33c0cf496ca88f903a011cfadeb3d811cf5ee978d5a082f0b2cacb65a8840eb0	1477f9445c53e12360c67ce63f21da8d1b57f5d2c7ebec10cad1ef7314621835	64	64
dff70b7883757f8def4718fd699e9e6a3500d2ff9ab953a8c8698709a30e20c9	d777c2475d5b258496f68d05eaaf02c21da9b1f69b5b398ccfa2fdd0b14f2094	42606cfdaf81a5b0b540c2f21723fee1e3dee8564cb6e5f17c1349cb2928863d	64	64
dffe7af1fcedda99d9c5eedf2bbb3cb8d351f1eddb648cd87a07d69759c914b7	dd2ebe86d17ff72732f0b378da71a1c308c1cc0277197521f1193a3e52e2ae1d	ea29c55d5e1ac690dd87e34a4cd4d78226e99e0fb9be85e28c3451b8f584f072	64	64
e0171769dcb3fd659ecef88e020b8324a10557a95bdc0f36ec45ad300b5da0d0	5759567f199729a5d8112eaebf622b09164b5d8b94e6a8a15e082bdb0f39409e	ef3eecc931548b0423bf920e04fcb6eb67b8e26ca1e29b69ee16ed37e4427500	40	48
e04da785c306a3a5cf8f5210b42a921f72868b8dcbaeb932408dbdfcb7b813c7	56fa7ea6709102c5f2698d125b56fa7191f5191398bdf5f9813799b562676724	8a06adeb10e28b0c5beb3a5b1f8ccafc05c8da4ed38a46a81d21e32edeabec7e	32	32
e059d1161986d37b483d85820d297a2644c44187c78adf7304ea7378a913434f	1647093abd40432070598ce68828faa1b815ecce30fcef23ba48583bfd777f3f	dd2e30db1d97b439481f5bc8e017817771edc81a02e5df4350326db7ed49989c	64	64
e078dd9c36ac01503d4b022be9fa6da97b1522977e3d33dbbbf25237de67b637	4ba0a477add1cbc21d463c6d24b9c7c1b1e48a2fd506aefc9e3c3dc3e97b0a92	b96a50455eb60d72b748fbe06ecc985d89114a893c879b1f82e89414457317eb	64	64
e0847b1209fd171d8cd8511ab5fe4eec01eee116bde94c67abf8d29d2cc518d1	22295ac41194efad7931d6daa0319fd92e0d24d967ba06abd5518491fa2828e3	0af6adf8b069b6d2c2ea44d32a97840441549bac9f34ce10248c21a185154354	64	64
e08e80dc032ec2c29ed951d4d042e71b733516d499f03da8546d0bdb64aafe71	07138e8c11d19fd9a0fcb5593025db2035200e6bf61577b84bc683408001d6f4	8f20d514d2dbb2cd39a0b595e704f66ac54061353110140fc3fe3651a1c84250	64	64
e0944852e5b721c65c66dad8b8b825f47bd1695521b68005b94530e8d696e20f	1a684fe2b1ddc4d2655d234107152d507ca3f78da3c2c2cd13ad155aa6e56c1e	733634b0d68887a1d6a976b19101a0373704849e97e7544204297046d1e904f2	64	64
e0b95df5dc75d7e45a40d11483d9cd31900488a536d985880bb876cb01de4657	659dcda215f71f1febd60d74ed8c53ea3642a2dd95d96e8db1decb0804c1eeaf	10b9a84e6b4e6fa6bdf2841670ca5b5b79358c59ef60a7ed0f9e45dc17c47f88	64	64
e0e38357d3b24f28a50f355dfba1031bf42701dd7f04163173e63ac31d224b71	07138e8c11d19fd9a0fcb5593025db2035200e6bf61577b84bc683408001d6f4	8f20d514d2dbb2cd39a0b595e704f66ac54061353110140fc3fe3651a1c84250	64	64
e0f3ef99eba3acf52baf2ea1717d32b3c143dd49551b42b7a8360d4e3aecf21f	6fab14326d3ab696ced7676855e4d04dd84adff608b9f46e3b495b55b2e7b469	a30462f2e88515360a84faef089f917cbefe4b81c7bd813dc57c1b97433c85df	64	64
e102cf958a986b1ce6de2dce6e6e7705c0158c4df27c8074e823e6f3d83e9346	7d278f5a2a50e437e70f408b126763540b1414c0700d48bf767c20a921c3228b	efb21db831f91cc3698a3c511ed29360c781eb1c13c27c2c8623c5aa51f01369	64	64
e1058fa4b167ab06d17f08ad456e0b613423ac9003b2e9bd8c35e4213cb5353a	e7d3fb55d51465e55c4e7bcf422e915e227bd0aaa772decd672b2851b05a338d	3dddcf3685beeaa2ea71339f8bbd74603bcf8dfa07ab24a3e140f6ff6006c8d1	64	64
e1368462141c460c622d909b82a2cd36e6703b562e7a2b8757ba41828a50b7b6	a1281d7938036b8273d0676383bc720600195f03b29cdc596f3ac0dac03e38af	20821d0b0634a51e9db73296dd87cd77f0e7585cfee65c46771b639b646bdbca	32	32
e13892bc362a25c21d1e197e3743bb074d31d850bcd7e39354d1c218d072ecbe	fe09d93135a0cdfb540a73ed6bb6a285cc106843265e05a86b2f8dc4abc3b85d	e1f83f50daf6a5e86f3a4a0e6505b3de28abfc1730aebdca51b5417c5c734f49	64	64
e159fa81aefc7da6d4a64e0493940657e91965227a8e9ee19f884822b1baf00a	96a9a0cac26a161a0279945c396dfa8ae7287f708f4399485199131a67a97b9a	0eb08f872ebaf9391889891ee6e17878adfa6a5792c56dca7e61a1d28f5f88e3	32	32
e16c29d87933331b1641ef1305a534c12cc30b045cf4bf4728831bc71346c21f	858cd1ea14b9e92baa350097d96258b25c9a5457c082789bba09ca089edcf9b9	4508da5bac3c55da2230a36620ed3826fffd8fe283736ab03dbd1fed6c7499ad	256	256
e16d26abc87ca39d9a73f13c9610f7238901519285faf0627428e59a23a470df	9c709447c78d1b787ebb01c5de52a02d442216cb6116f4d5a947d6a30e4da602	ea0db0e428d71bdf725d9ec0d278bf255911b9534e46b9e8f6a371a9babb2b44	64	64
e172af25133754c255081f82e6ec4d6df4d851b23392621c5ec7b4321da116aa	18e4ed055d227f0c95562fb8cc42fa33f1f438525038a189a71252410b8b59a7	fcd0f84f2007974806727665b1891bc78b561629e8aa23c43e7629261b24b387	64	64
e19dce4815f8b90fd168fdd6109fb91462263bf584511135da71ab27c5a59208	c0c553422cda2d4041891fdcc4713a8bbf53400a39b4cb3fe375f882eec6e125	a2b6edca8fe6c3f335ae6c55add8ab977d31afa87b73df11a4f700d6f87ea255	32	64
e1a6c2ad91c159c89110036758c1551256336efeff5087509320aa3b957c2963	a209425befc24f9753ce07b33308687e7b07c9253b57f06b1e8b12feb985e588	7a45b082dd0b55a33affdaeca833a8e9e7adae1b2769d730dbc7f6d58e225d2d	64	64
e1a8dcc722253c80939639b3806bbfc2410e40a6a52735b3c6e72325d8c001ec	77c5fe187e95e6e0ee3acae324aacb7189da9a262d690ededf88d3915a068719	30036c2d1d297af7b2ddbb96131a72a94e5ddb8f5bfc55668857d92be1a3e9c2	64	16
e1b6031dc421ceb136e9950068353d77b729eaea5ab69ab573217bf403352990	451ea47a24027f5af88618113edb68d4f9c86ab948e948702375b711afbbc41a	fc6007e687c2d12fe0afa6d12f7739c7b62da2082e84e76f505ea787e3d9cf1c	64	48
e1b90b985233676dd536b7213901d1b2713290b330edb5ccac43dd36324062d3	c51937331ed8410087ff808c7a3b0f863cb2901d1cd82efc6c3be6f9599239c5	10c825ca112859e2cd39a850f3fdf1c96a1c681a058c159c249fef5f44b4f2b6	64	64
e1c9be9bc35210de8a1161c2482243587e68e32b429e787884515617fecd55f1	76652453e74ca985dfdc2fbe1d6701d10ccc976aab69ed5f3e1daab5a17f541c	1bff54df705ff02b2674282a7eeddce9a7f2db92a4fb2d3febd6a2c72a6c71e7	64	64
e1cd41761a41ef9882e9c5d0a892dbdc56383aafca1676be0c49a587db4f65d8	a799834d1a02620857948d9b94fceed1d0ed85cb9164c1fbda45f4c7fe78b7d8	a4637729d14aa71a2c16e96da64228094562dd30eb438164ebc27069dd062599	64	32
e1d50be2ba5ec458807987eb1ca4dc0cec505b901b8d97adee7e1304855bcb1c	327d0bf5598635c5bc9b336439e563770fb5c718ed7911a0561613dd69182e56	cedf7002b45979eb74c29de063e3705c5b5a2149df10ab3a5b36cb092ab24216	64	64
e1dba9821b6e8f16ec75d16245991ede410546a87280e67e9088e0eafec49cd9	b793b7592c5cea1c5109062843e657a536329bb8f2953828ece8a218f8de0eed	41a1dd55bcfdb738d045f3d2e1aa3a2e92b0abb1db3d06b2ef5d55d2fb9c15a9	64	64
e1dcc88b6c78c0bfa79f91e9403839def31e35ea9a83f351f91d38495b6856d9	b27f1d4416b5f2e825d96f30ff074311befae814b95765b90b889cf4d9818495	525757cf7ada310262e1aa34da264562310aea1300bb2766fd44c5fb94640865	64	64
e1e346e58e9fc8af16d2a70b792a74b1c6abb9ae4ab49f25d15c1505d696729d	f6a78189d9f329985515e143f2db6245722a0ea6ac485ec1f6ba7d0f41f9e012	31bf7715747a02d729818ce057a9d94dafbb243116a8be94dd03358fac9ff7be	64	64
e1e3f9f94ee1ab60ff3d329d53fb711097872854ae65583268d8022bd309cd02	2e951daaa9b01c29f620f1e2349b76f9bf1c1e857e3a5d42bba01ed5ba1e30ae	834758a225657176736e1c7ec4743dedb5312d787a63d8def2ded70fd85dacae	64	64
e1e7b91298ba23c5b9208516f5490720f3e575aaba58b074094047e532162225	4d08e4fec4c8891064ef1317c89ae744fc33d58f95373059683ce27030713784	18ebd9243f5b17cf82ca26f4a24d41e55960d449a4b9a91df5882bdeb9b347e5	32	32
e1fd3ad681bfdeb5c59cdbcb55c15e07e0d4e0a94ded7d66c16506463f4228a6	1dd6a55787ee6c80202bb8edc3f42e001ef065ffff86c8cedf55fc671eaeaaab	21e9e7021fb6ad47b699e9381fd8406ea993e7767c9f0409d19d2e202789ca1d	64	64
e216e190e8f2aa56ed2d8528aa1ec7a85878fbd21318f647fe89de11128f4285	94c9865bcc4d29c0edf915da59d8c5c106cbca184e210e724663d18463aba3be	caa434775a79128fdf971201280e5f028dda6a78fc207bb2c57de279d656b0c3	64	64
e2208e3b283f71d752b231fd00672ab26c8654bc15f125ec3f0a7bbad9c32e5b	ec0cbec2d63b1b8df4008148647a87f707566edfbd7051bba2f68210b59d4a76	df1fdfac4e9ac671fad70624f1439832661affec0fdf4cd26c3255d118aca4a6	64	64
e22ed20d33b907c151681370de3a7a8ff2f0b55f8bcfa657c97563835086add4	a6690f81b79c53016a7271bdae5faaff75b7b951ec039ff1e4477fb05a6f6859	1ff58dd5d987de0da406e43a9c75847c35d979b2801d5bbe71990a8be3547888	64	64
e23c86081952701b4f8ee11d442eeb371bfbdc50eecb8cf0305cdd168ca1c4a4	474984bef0122b5bb5a7ff094e499a1ffeffe27b1ff5e12b47d5d87f1863da21	bdc6959a8cbffbdb3d96a542196b4c05aa145c5793ceba2d66b204a1f34f8aa5	64	64
e2685fbc44462043fc50d5df736d7e278ce18388dc6d4974d261ed1ae3ee6b01	a53b1b3dac86ef70c6583ed8ac36201da1799bea03356b44fe8378a750635372	01211c2b3e17b63d66241534ff0cb140107930e4f3bb960aeb161ab42e64dbf6	64	64
e29f726c72361e18355d8ab9592a494dfb23a490d005dd06cc1ebbccbf86ce79	781a35ddc0acc2774abcfed16c506b181ff86d326751fb294f59803f4d94bec9	0c52ae715b1d5ded8eb71168c2021ab4440a8598d9f31f71ea1e03adeece5784	64	64
e2b4aba8c1c8a0cef13e939686be00b4721f4994c1c0b98a18ff023baf4751cc	f0ed82470229bba7d6373782ac1ce233abab5816a3b36c9bffd07554f4767a88	89bda9099e43c1aa8f8de29a058ccdb123dec474cba440513ff95745d988b896	64	64
e2c8ef1a4d1d265d109571dff6d722f54db54e8cff66cfd83259e5c34a5dac53	3f96e296fa8ca6d1d54cd7ba7c42ceb131ab7a2d9af4e45a0ce507200f33e180	789c0393511726dad23cd984ce3f31932eefa821235e9643ee335dd9dc8bc1bf	64	64
e2ddab90764580b8351cf62fcea498b68af094a6aacd3066e2ddf9bd8ae17e78	743770cce56b7c10ce0214a694ff0335db9f624fc83956450dd577306a4dd8c3	1464f303eba39b4cc24a4023398dabd6d11ff12515b39c579d007bed7b686817	64	64
e2e02ad158044d03f5afbea10ff24923056f8a183c9ac5bd58fbc6dbb5f92193	a2bb2b60b4c7e8caf85d8766ed8fb0a650e39f05347630a3f52c6757027f5141	a93b705f9af0f69946e34db22150cb515e29f999e1eba5e1b7103d890d2923bf	64	64
e2f73e948261402cdc42ead689e45ab744e49e206c5d766ffb7d2f24f2b5d81d	87ae0ab6bef9f305a5daa37e5ce4967d73ba693104c6362bef85eb99160b7ba1	5388188d397fcdf9a36b94e3ac0b73ac4d88cde53921338d59aa5404fe7d0147	64	32
e302ee0b0a602b7f04234caffca48862089ac3bd00c5bfa78fb9fee4da61dfe6	694ec804553b6db5f91856217043f817813cf412b1efe2416919713f6e3357d2	4c8bfbccefa47956125051fc44557d6d16a50667b87bc183f524eb70cde83293	64	32
e30dd65252cfe5abcd2b2c1fa42aa17a2d30ca5ae9e67016b0362efe739e5d77	84bb0948b4a49050ace8131fac92a4b947812bf2c2dae328a379a0d78e0fcb42	38b0ffcad70b43aa333751a3bc653c593603cba21acfbc60aca24da3618743e6	64	64
e31a753f2167b72a3f523d7b4bd89ffa8040ffdf56c58f9b1ebc756ab63976ad	b8020dcc00f15d7bdd2093af65078b26ab93f69bd31ac9c0b603b59bd282db0f	13a6a37dc16c5c3f019670c5e89280bfc1f8c1d8c78a8b45064f613d4cc6df69	64	64
e3324c3ec789bc6ec31d8d1c3857b1706854e84783b98dcd752c0b63feee77fe	46ba4c2d1e94010129435ea4e7ac907f081dea4f119c145d3e0034dcd7cb14e5	84172ff8d918e357d6de31f9bd64df60848c02db206f489e2b466c2cc459989d	64	64
e33353123f8f57d044c475608796fccaa06903992a219b925d9fdeca26f55014	ad7d158d5b41ee9af8163bf15095962e0866a794b6e56cfa7b1ee5c6fca76e5f	bb4f56c875c7b20e22f6d073642c3345b570b0a56a5d5608abce5e08bd04b93b	24	24
e33b15bbf97710e3fc8a61c18bb616bdf1ffb8769ce742a30756a02068108cfb	6a203a6564712c145806d2feb92f15d73ffc6f77c5693a6ed334b3234843eb64	80c360c8fdd14a3caa045aa4b018190f84be2d062218a96fad7ba979c3cf4a26	64	64
e340919e401eb49104d51960bb8dbc3bfde1f79fc669468cfbb7f2a5cf44ca6d	76de8a9b160df17da6344b11bbd2172e85a6c1d6578c7f83c84046d18eb71dd8	882a77ea943fed56e9b73966801f31b523772be1ac4ac33a2b391faf31f0d3ec	64	64
e34147c9c94f22b21dc6756f886ac23029bd3a9875efd5cb5017ab26e01a9ec7	33bf0152e2ecb0e3cd178b9303d92c33e56d265d5cc73585641acbf289d7f4f4	1645e099d3928226127eed54d001b242a4cb57465081f08efdd288ae050f9db1	64	64
e348f358e94892d145772e32a854ba34ffab02f92a8392a48caaf70313c6e7ce	0a5fae3ddc4d50de80b76220536a352f42573e52e8b4f840c02412064832106e	c735e203dedbd2802c83c8e3742ab05b388c2ddc4636055b5ce3210a6cdf80a1	64	64
e35bdea61f357f4f90c605c869cca41788295c8120a77dc6e5b59f4d3f2cccd6	5f5b89334ce4c287d8d3a9aef198d8084f5b0177ce6b23d22fc4108fcefdfdae	8eec031ba6e5f47152bd8610c660074359f1bb79646ca2858b3f4393a7e7e513	32	64
e380bda7283c7b1ccb5eb42f70dbf2495ad801e98b65bd115742139c6834a0bf	cc2f2629e3c078979b3c502b1b68201e90c771fbc3cda40a63306d2fcaadb513	17011fd87d13223902df5c465b54c7da3892b77ce4c8b8f65cafc1e15bca6f75	40	40
e38f3cff6b9e271120a2217437338e689978dcfeea1de001dba35903e2db1c0e	5d9386026af807954a0e39179fd6183410210cdf0f1bdb62db6e4494ad3f4f1a	a6b9469e0fb2e7b83df126dbfefd492cc5d60228bb4e38cca99056d6d6a92215	48	48
e3a2493826620257f041454f9608beb11e02c4853fde99c6747858250dea967b	8aec3c1e2161c1dcaf222103586a5233da9356e7a71f524d2c4deb57e0697dbb	24b9686377fafde3483cab9b500477aebd8d85df820c45aae0c1d698a8d18b33	64	64
e3a2c99579f7dfc7ee5fc0e60b04a1b4fe1030cff4647e9ade49f13853221726	b8eada978193a88f6544f8116091dc1bd6d8e70c7377772ed40263d2c344afc8	4afe5520c55bca1ff726d8b8edb19930ddfd171ccd03732460268599c5ecdec9	64	64
e3c272201cf28463e66b8b8fa1a8e887d6eda967ed52f40424d132dde769e0e3	0a5fae3ddc4d50de80b76220536a352f42573e52e8b4f840c02412064832106e	c735e203dedbd2802c83c8e3742ab05b388c2ddc4636055b5ce3210a6cdf80a1	64	64
e3ca795566e02eb512c0f5eda0e9b135c6db76b0074ac43299dc80b4c2a55326	48142f2f2778a91b500afececa78c4cd79dd8b14964cfc095761b1424b81cb2b	5a983913605bb1bf19cf7f53fb599c02349fdc4c269b09a2a65c942c02829c6d	32	64
e3cc0b6c3b4e878a82373dd8cdf77d0194b698fa2ab0163d3f641f1c9922a60d	354428a726959238a420de98a40c1433ca7c309585fe3478d39aa2d92cf2c039	d95b4e2a72f3e6c900e1d28443e98e3184e937b533b5253e072fe265c6c5c28e	32	64
e3d157994011ad71c80b5411cd4bb4aaa26e9fd0fc2016f8c37d56ce24d1dace	4bd8591082d310d94cef538eb93c0091d74fc3ba041847d53349d1eca50880db	1fdadaff9e7549c47a50040eea58f131c98be6819249c86c4ae0bcb4e9cab7bc	32	32
e3d27b6aa11311f340ec1dc4654a746d0e592c97937a7d1989a6ce17e974523d	e02de9b858b4db57ff74b2b274a6f7cad3d66b29359f406684b23b3891692f4f	24592b4809e068752f5b5632b0055e7468be57188203aabe7536f03d665bdd0a	64	64
e3e537f8df46bd3cc42d693d8cf03b11aa956a85ffb3012acbc85d7f65d6d54a	dae027d6979c152c7f970d3e8bfa632ab1c4f8f1c135ef0602a4e46e8c02846a	43e7485095e2e7afc32bcdcfcedebb9dda3b45012ea9444b05c7fe2cdb7cee42	64	48
e3fd1df69b67522bc3872852e65fa8ff02bdcb6692658dab43222e5d8b668b00	98372d6f7fd8c3989d08553524ce4dbe861d9f413cce07739901f1f950b07fd6	2f0cc5d1a1bf96d95c695d307706d05267979e58fe2f916573ed657bb8b094cf	32	32
e402871114d7fc3ce9dbc8c4dc8aa39c26b683dff05316d237b2125020a49481	cc9a10e00bded984388f0b2082ef375b63b6355116b60f2a00abbbd17bc94ea8	2e6942e609be85e65a89a7befb2b764c1ed509e939d2d5bfca38e6f99f0b52e7	64	64
e41306c27287647a747a01355f4b340960a537bbfcec6e9aeb5e3bd74220ed59	f42fe8a441552e7d4db95bdef522109bde82e102cda83708bcc71b73e637de76	66ab4aa4d34408179253ae7756631c855c2935897175b1bf44bd7e08d0bbb849	64	64
e415906e405387c02642e4fd23187156228b225fd47bf1bb58faf17116c0d9b2	4238b3e97c63cf39f99dd5c2fa3310eb34a3b41c6f1f03f8854abba4297e7651	e0a600268e4e838cbb2d645ad9b64530a4ccac386ae25907aad6d9f68271b733	32	32
e418c38dcc9c111ec09c1deb6c7833170d4bb67a11f2b1ad703b586e16a15e7d	47a3eaef01319c691291443ce79355cfee814a08f4995f293cf1cfbf20426770	3024d3218f7dcea017e876f600bcd3b7cb0794b5a4ae27e79dd19f2e2d079b7e	32	64
e4292d7c0181efa12abe4e011a5ef727df3d7215bf12f64f20e825e874c787b9	f26cecdbe863cad804d676eb51c4732029001f1860b6268bcac581cdd6c09111	9e0aa56f81e800dc09c2999e19fb60a0a4154e8b7fcb937810e568505c117d1d	8	8
e4313fbae57309580c6ebdb380d233992d0ccb2f5d8b4c6f12fdc3099c0878e4	e7b9c475fab3c5fda5c75a871338f7e55ca43ac4a306d37005edf1439f58b834	90a10dde4070b477d4e76e3210817b8a24f96a660337462d969403554dadcc56	64	64
e445114d39d7f194acad83634ef5e0bd84e8b9e22f119940972460c2f63da66e	e78305cd95b8c178705d02c6c78c956474320a7fd3424d23281c0971a9a7e31b	eb2576404113dcabb4b5db5faa509d91f48cba68c5465107f5c82bb3e65f4618	64	64
e44ca4243a5227aca9c0908ae5e05b9d7f5e3489c08e942b4cb7c644f5f9fda5	a1281d7938036b8273d0676383bc720600195f03b29cdc596f3ac0dac03e38af	20821d0b0634a51e9db73296dd87cd77f0e7585cfee65c46771b639b646bdbca	32	32
e45bd411d470d47b0584cb501def0024c0ed698a3ec1e750c36095decf7f4118	bf610813b38e29c53f9b165e050e18e5fc05604cce9ed37be8213bd42608d7e6	61d7b96c2ab10f96fc4b85c9efa67c7298d39a347129eb884efbaf2760fac481	64	64
e45bfe2d5cbc38648d74f71502c90c3cd18ab461cb9713658eb53ec639099eb4	df5b4c04604b131d305595f683c366757a9868975bdd720772bf0cd5aa0ac881	56bff4413f71a536f0c806cc29424ad2cbc5b4bad19fe5c35487a46359c60c87	64	64
e48100f3fc0ca9da9ff59c5548a0e07f0a96c51fc4393f2bb2116e8ebeb61299	3d8bd10d179ad127541d51ad554f0866cd6701e762ec0bc675e589c5e61f627c	7805878c4f7838be215b38cdb09a98db4297a598a4fc07949778b11512db7bf8	64	64
e482f0a675f2ee79da55df2aa9af6f89019e53001c20703a78547ce4e934870d	99b4cf601249b4d31a6878123501806bde1f5a9b11ea16a5e395bd32fd06d6ce	2964127f26451cefa9825a45811c376773ffeb16d925463243cb1d427ac5e725	64	64
e483d4986f13dff75e3227d5e4ba2a6c421e04a6021f1e31f2f44c90d45ca9c3	2b38991575ead02a67a4ddb93b75f912e1ae8f48a6c3386d0c518790e22d0e0a	8a273d2d4c056e55e5884041d9ecf216778e938c99ff415c81f0e38ed121cb5d	32	32
e490012eb6c87eae3fccee95a93de2896fe31e479a93273313e90083c7099a1a	feb92b792004437a2eda5b13233cdb64db06fc529a4103edce529dcc138e7c36	06a1be97b7fda0e64fd76cb962d1e9d5de295a2a6aa802002abd9b65dc82cf83	64	64
e4972b03de07278f7db4e24370b5ead011124b2edcbd4f0065fd4ade4dcbe933	14bd253d4467a7392df476a30ee615650f3db38c468b1f22fe9336bc51c77e0f	a54a231f8a5742fa7dc6ea4e181a1e42c07213c4f1d068719b9c66c332fd1ee4	64	64
e4ab394ee98208fcabcf90f965710d05fbff3adc2c52294e1d5d8a8b68d0bc5d	f074436786115e7687ebb8beed9091e1b9b2a0388ce38736873525f1674e4148	1bff54df705ff02b2674282a7eeddce9a7f2db92a4fb2d3febd6a2c72a6c71e7	64	64
e4bc4a9428468f2376853ccce6e13242db16f9d601c479f0d814ae5516cf7bcb	2b38991575ead02a67a4ddb93b75f912e1ae8f48a6c3386d0c518790e22d0e0a	8a273d2d4c056e55e5884041d9ecf216778e938c99ff415c81f0e38ed121cb5d	32	32
e4d8178b1f95929136775c880c5d1d1ae55e6208500a8b0f6f370a1f6651a785	d5dc793e16cb86b33b92490d1315ccf0671f4dc2d45ab4bfe39ee0a6109f3040	1645e099d3928226127eed54d001b242a4cb57465081f08efdd288ae050f9db1	64	64
e4fb7ed1f8307167c586157addc32a183993b2069c67ef4c2578e53d82280e07	bfa767bc177ad475ca9f9f0c64ed0e7b25269ee53559f34a7d7f6a7517e02773	317a5ca91265b805d1ab31da9b179444aac39d52de95e1a032516383c495ed85	64	64
e502ee4c0e5aed1e80eb29288067a8ca2ab65cfe39fe127ccd3c698a55215f29	a66b6e6d62c7e009821b115034232d352f5c1a4c4469298b80c9f592682f41ff	865b916a5d59139ece674ae71fa74794d21b635ac910b6744feeaccef6bd8203	64	64
e50a4f9172bff6539279ae473db88dac29f89a40761f1dd5144facc7e41f3b92	53c6000fa0cd839b718d176a8a35e2f2e767c1620349e3d08ae1e7ed57ff3bd2	b8227c2f0ef9ea54d7355aeea2992bbe2f113664a982fa2524e0a2de50028965	64	64
e51bba8b4c123a55be6056ffd5a11046dfaa2eb3155ed681153a9fc52ec76cb3	fe09d93135a0cdfb540a73ed6bb6a285cc106843265e05a86b2f8dc4abc3b85d	e1f83f50daf6a5e86f3a4a0e6505b3de28abfc1730aebdca51b5417c5c734f49	64	64
e52ff68dcc27fb69d088f0f6805acce124045114df0b91893be71ae808c256b4	697563397e5f67d62f8b4968f1592416edcbc1f54609f05940bd7595c4773aa9	830903edbb40e6082c8369b311283c9bc6663c5d669bdf4184772b52c1f8eecb	32	16
e53f19d1cd242538cf6b8359c5b6f2a38100a57f4a9bb1438ef15521bad69d58	5679380b0fc28cb95e999bf7c52125bcbb45ddb6c9b3724711c8517589feca8c	aef45e7080e1f017c5062353f45d5e180c8aab389bb10fcc513f2186f920b949	64	64
e5499e97b478917823c01ec362a096b407ffec08a675dcef6e5e1bddace6919f	198af4ca98d2c838cb9c82261d8f5be6aa74dfe85682a642ce58fdc42cbce315	16d6d5950f00e8e4e6f521f91e0a9b0ebc29045a33722bfcb236da16f24d980c	16	32
e55fdfc061f1e8c415d8fafd16345299b1b6c936dbb0e9addea5f9731628b399	e0d12aab0f907835e4560f75eb91a516921da79f52b3814ce50c2a9b78aeaa36	74fa9d7654ba0ca294c9e77788eeb484b39a207841d635873435dd85f9d59a4a	64	64
e5615aa774efe2c977a9fa363dd6dc179d392df37e09c51b5b65ba1b58b98ca4	a6ced6b285b20deb40197521923192eb6bc11039de9b1e92f746f3cde2217c1e	5c2162337bdfd99df0ff24eadfc6a99388ed3336f143791e1ee78576c952f2ad	128	128
e5651e62b3365ae291f8af2a6df019dbd6b7a8cf0614ee8160f95192088458ab	a8a003fed18cec88bb4689d81db9d38d7b1aa2c6e1dccccfc9fa1f2a05dfc81c	97c8cfb9e65f4ab835824369192ed014729e4a488f145108a2d710bfbe0d4fdd	64	64
e56e5186be2ac6e952c71c09de8d9675b38cc75f989d386b15fcef0f7db3a457	ff55ad3ec9a9c14be6993b7d6dbaa5b7e7c6a34ecb16e4103234e56640008e8d	344ec6a6b505586c3f8ec46f0d954f90b745822195f9a37526ce1d530eee3caa	64	64
e57c121a93f765a674806131a3473c351bd5e49060e8f8e4d8b9875f260a7062	569fc9cfd7156ab815ce41355127e15287f3e35d856bca93ac7412a7b3d5e272	dc8bcebff73efe60c827e8db7940c707bc0c8dd628f7fd49c775a314edf80784	16	64
e58c223fda618ae1791b52b2b532eecb7f827b018ede5fe9f9614d82f930eb8a	a6690f81b79c53016a7271bdae5faaff75b7b951ec039ff1e4477fb05a6f6859	1ff58dd5d987de0da406e43a9c75847c35d979b2801d5bbe71990a8be3547888	64	64
e58da8ee363778b2f5439d5bca297aabb920ffe05393fbad39e054c4e14c93b6	0c8f5ac1aaaf6074b143bd64ec26ff806efd4355cf6345e362810368fa04991f	4f54a6c7c9c1e5ad6ba4d31390fd98605f33846ff5950fa16f58f508b14b226a	64	64
e5933f33106be0ba9f3bd77edde118615796425a655241e9b84e2eb07e0a4fec	968d82d289a1827a6c98b011f314aad5717c84d7042a154ad057035aa57d4241	52e9bfb8537e91a3b4e7172681cc8019ea60ab1b2077f7cefebfd75c4b0f322b	64	64
e599db7e7c076278f3346d9c918cfa6ff5841d9b79634925cdb727ada04d3878	3c206ebb407ffdb525f883dea3722bb42bf641daefc166697ce88bced9b9e686	417d4471f2629117c337244ca6599ac7cb8c3d0841081594e139503e4045bb55	64	64
e5bad9618628a2a3f84a3f4079b5347b6271754263b98ac90db6aa2f167adbfb	953959dd00e411f8b3512b5376735bca589fa9cd230dd61a686d115946bfeafc	63e2dcbdfa5a4bb37cc46d4e01ea3736743c53b4a7a2a775c9147aa1dc034a55	64	64
e5bf2443adbc04ac0e1701661586ff32422a4c5604172261833f23d203bf5a8d	a1281d7938036b8273d0676383bc720600195f03b29cdc596f3ac0dac03e38af	20821d0b0634a51e9db73296dd87cd77f0e7585cfee65c46771b639b646bdbca	32	32
e5c2bc65e6d099fb01d5f19d555085c8a439f983912c43abdf98588b2ed0253e	5a6047dfb2309e51e986a49d04c4c4e63cf083ac7209070e8194e679e20c5d03	6ef67d2020148d9794132bcef1817dc1857afa8c803419ed2bbe58f502ccd8f2	64	64
e5ca56d9f138367861f15077b1b6a7e309d3152173139b1f05703af505590f4d	96b7a79c58a72bf4e165f90633a24f8af804d8735707387f36361308a352125f	0fc1a61be11bbaa97b3decd8a5305cd1a4e5ffb8367fd1c577f14cc9d67e3e00	64	64
e5f9786017b7b9093d9db8388baf7265ac6ece610675d68d66a8a4f31402b98c	abfb1374c3d4e1fd397d079345bbe844da83037e5eb5183c16c51d74fdd1b3c4	9e5a45436e187420493e0287abf77fdf40bf8f06e8b35a40eac2a22fb1522608	64	64
e6144a512a66669d6200660a2a046ffac49033e6b78cf92cffcc1db6b32ff1b1	1783079b1f4369cb9a72cfab12c032d739c49080e80194904f9c513252e5ab60	1a3a6de86b2541defd29c37dd8737374672cd65f6d03f0ada519f26138ca3738	64	64
e62a19d260a3a9bcee83a51a1ec6a4c5c28cd9a861343eac4aeb511641156664	a5c5c2f2b135543fb90e292971eb4d5b965ab960dbcf6198b8460b895499b174	de7b4e250ca4ecb90995ace6012601fd37048c7faf15b9a00b3799fd82671815	64	64
e635d876a92aadf46dc22ba9603b4f5d69847d2e9ccd42ce3d51d5b191b8d944	2fce7151e74c71956e2a04aeff82476db41df3f727180cbceff038085e91d555	d0536592b466a030a03eeaef76838b032bba3e41594ade5fe2d8f312227b75bd	64	64
e6473043d4d11375e5a8b5840dc6129f260817b4af39179e89d615de1df7d072	d7b649e96d604785f2aa39618452ddd4b08982017dc1cac83e83b835e8a0f274	11c8a4d238ebd35ed88f152f6a551dc7b0b11d2223d46ae5bf9dfa6f5bd7d648	64	64
e64f4607e3aaad7f4e726ff4d45ae510357d1d275efc4cdd38b6489767ba7186	88717a3af59c8696dbe6903135e904e291d7a1b75607928b551d59eecb9a0aba	e65a05346baec1a898275d34363608b17bc7a707e5a5252590034fcf93c57767	64	64
e64ff694ff892444c648484e3bb5d00052017d6c9ccb3d4e06ba8a8e87016a44	67169b6ef62bf9c8eacaa4f0029d547bfd28f4fa214f784e223df0ea27fc2434	474f44515675a9a5cbf092142ea81f162b67d4ed63144d1ffdd81d261535c18e	32	32
e6515125669aecd77f6b409268dd5c128981a037d53cb4e99c0ef0de56fab741	0bad945707cc83d04a8b08d7f3c4189cfb01948b83feea1d87d41f5de70448d3	5cfc38b34b05e8b7ef673671e16f3f8f811745d9b525065b4dd34c2e1b2d2da2	64	64
e65a41cfb2b0f1265327b2bc626da64b2661b956c37a53271b447f0444bcad90	e2f50a7d6568211a988797c2ad47363350e9ab170db4ff8dec67b383fc80af0e	8ba0b60ba1ef3c2945adce3928370e2c0d0eaebb1fc81d79b4e5cbb685b869bc	64	38
e669fe1a5c53558bb96a9d0a9d0d76b08547e94bd6503ac4f3f9435c751072a0	d76925a2fa7b863f602ce13eaeb7c64dbaa5884329358d934b69470b90a13a9f	fea19a6335070e8d0e85f201b6db592de6f0454f252eeeda442c90f534ec438a	64	64
e6700264045c6b835e20d438cc3f2fb9dc9f92673e7e56a7d9128054fe5bb486	1dfb88ad828b47094a34782f16b3018dc1bed0aaabdc905b49858e45205d1fbf	952efd41f486b166eca1b791ec27c1462f4a5f4a85bd9fd4b4c85aec205cb287	16	32
e670381e07e283fe78424d2cb6e9201e7b7687ce9a598affbd3d75df6df24319	2780dcec0df57dfad832809249c90355df036046c0ecb55eea9415a50ddc3626	6852f07b48786ecbcf90a42a607dce5272657d8e48a8b5c8350b0da3082db295	32	64
e6780fd5dbcaaa4db14fa5ec40195e2a5f59b27afb170134888e1f71f292aec4	db94731f8092b28174a60eac0be0492d4bc7480307a4f514c4861ea713582811	19a1d901d5b04932a548cfbe764d78fbecaba9e67424796600590fba1c5aa734	64	64
e6864a5937c50d06dd470989ea1fdc584d4606776983e516e106a63f7b734d17	eaff06c50b299ea32a9dcf1da91f87bd563708e92e82558027db7dfedb8dd117	f93a4b999c912fe10f40c79ba2db3cf8f04318346e2fbff8ba58084c671237d4	32	64
e6993d710f9b9eb403b70e07e4de938c03a678fd0a8971103940a469c570d2fe	98372d6f7fd8c3989d08553524ce4dbe861d9f413cce07739901f1f950b07fd6	2f0cc5d1a1bf96d95c695d307706d05267979e58fe2f916573ed657bb8b094cf	32	32
e6996fa2a6bf6bb5d11f6764b59b6672a664ea9a99796eee0de70a27f01117e8	0ff3385540fab0674276e650f87e46e091902e6b1832c75f1e7ac9a31b589d38	0ebb71865f6f4060f0e1a594c6143fdf1dfeceaaa1fd71a77df5e80badd2787e	64	64
e6af7267ae89b6ebc5e32ad847b2068c3f6eac931a003588680a6b3a9813c293	a433773333c812fb0c1a434501da34a224c796142e230fda56fa110d225b9908	c78cd2d1867e59069c470b5e774d7333920023a7997c8fd724786b1df95540e6	32	32
e6b2ce6cb2ee5036099d6390287404d27e402ebfefa275f784b57064fb01c75d	db94731f8092b28174a60eac0be0492d4bc7480307a4f514c4861ea713582811	19a1d901d5b04932a548cfbe764d78fbecaba9e67424796600590fba1c5aa734	64	64
e6c8d420ee259874a0e878fe07bb4a92e862abddba444041f1db71cee0b549ce	b8eada978193a88f6544f8116091dc1bd6d8e70c7377772ed40263d2c344afc8	4afe5520c55bca1ff726d8b8edb19930ddfd171ccd03732460268599c5ecdec9	64	64
e6cb4061ce57fc76c56f489a4050087e8280176ce5e2c873798248255333608a	39accddbccf212a1b7a60340bb515ca8ee7ace737a780fece633ca23a283edf2	940ad0c956cb753662d6c439892d7bb8117bebf09e7d519ab6a0f391762bb5c0	16	64
e6db536153cd97b16dbfa94a952beb5257312128fe4a3b1207ee9ac4899f9298	090b5f5bdadb71ecb1fea1a7547d7fc98ff08cf7ccf80c2f161e60c4c847122c	134ac9cd62910ceddbd31d6b3f7fb5e30dbdb25ec278b04d821a8e010559ddba	32	32
e6e34477c1d1b521a3cc1635f04a4cc92361dc743d602ef4265acb96f26afba7	03ada4f3af68543d1f11b1f88ca7061570e1935dc6b63d6ca00ac5dc52a124ef	a0ec0a647d0173e5227c1b877938e27a7d7780639ac290831aebfe56bdaf25d0	64	64
e6e809229b01314cc3ca15fc59f2ebbb53ad12e69586dd9e6ff333ed44cfbee4	1e74d637fa7a2926c17a7251fa95bfb617cede8958c349cf3e31f9e1768160b0	93d522bfad3556f77e97118971e6a6b741bf25cc5e98562e30fd5308fd9b569e	64	64
e712a71213ba9ccf607dd550d102dc43c3756d8b9e8c6c0cbc1e1cc8d5948f3d	998e5b8b60e2fe83ab330681c2bd619f57b276aecdfe9defdaa9ac56af841292	ed6b9c9043c89d29a4e5d52fcd569d95f47f096c72e67440aa05048ffd45317d	64	64
e71cdb69c828abe61b1e3dad7031e784ab16aaf063ad6c675a0162acf3cb4596	18e4ed055d227f0c95562fb8cc42fa33f1f438525038a189a71252410b8b59a7	fcd0f84f2007974806727665b1891bc78b561629e8aa23c43e7629261b24b387	64	64
e7261567764142ec8cca45e533b00d9f29b54ad078781e62ec9acd801f4dcb04	82f1c3953a499ad16efa0535ad994397c426cc76eb5a7a59a2e522c40e96d91d	eb9894bcabe7f3da25ec6da8ab88a60baff68c991b931c98a6c8e175d179c2d7	64	64
e72736b7862470398bfed95ca6d9b237347eed2137fdb82a8440b084d855e681	cd2c45c548a0f205201127aae4fc848eaa7954e3203731f3af67397986356fcb	3e55887d8da15f3baa22fcb7746f1941b41791555b09b3542d11c246b21a7d28	32	16
e732620dbaa155147d5ad8374b189b5aba6360667bba3c91cb29fbaf12fa1bad	178600b1bb680073b7d1e96ae114467e04e6b7d1e714eccb0ef670bab1e22f76	9fa05274f00b11206cd26cac3f98999b93b46d442bdee1b60cea004a841ce0c1	64	64
e73a7bb5f0623288acec23e2d42b8894e77aa7a7d479045d66eaece605a2fd3c	3f9bf2ce0120c1c74ba436f8a9c75872cfdcab7afe7f4c4118e1880c020b68b7	d1eb5b09a4332a3340bb925b120d7840b3336ad3590774f2da540e8c34a6a2fc	40	40
e73d94b1998e804746faade77d96fd82ea83155ecde9c41e24e309d7609a39e9	62c263e0dbe713e17b80438272890737ba7315475531a42b94ee9ff72e0f2287	8a6fdcc85431052163fa35ded5323ffc789b7a365ec79b84e0127d483fc01358	64	64
e74d6350b36a9a423d1f90519a9af7be2808706eb71c826e1ca28d96d2fc4dfe	f1d3f08d8fab892136986ee0a8d735db0ef616a1ab45cbd99a99293bfa2e2b7c	40c32df2e60bfc84d47ee6206c276d7848c54f02a88a90596a418e402a3c2289	48	48
e7535dc25f28a155161ebb49ce5a03545e4450d369323dd52bf0decf09c82270	14bd253d4467a7392df476a30ee615650f3db38c468b1f22fe9336bc51c77e0f	a54a231f8a5742fa7dc6ea4e181a1e42c07213c4f1d068719b9c66c332fd1ee4	64	64
e7669cbca2a8f1cad01ae61685fcda81b607c0003a0631a83b767001dd7b692c	69312e9b7a0fe24c6477e8987199dfbc4e75a8f73120854dc5be058617f3738f	bec5bafbc0f189be326109db49e5eb978ee5bc972e095a74844ae3700b0c559c	64	64
e76a42ddd955be4294af55e7fbfbf94c245b9ef6de3a7ae22562bd1473f4b70f	2e3b1dd55a60c73cdb5dfb73c85be2e588b45c5f819e082dbd735452330acd27	6b164ea50f4ba16b56a3e3e249fa794fd8bf61ab096998ba71e0976881eaa79e	64	64
e77ebdf111ea75b4f7a9b346bc822d622063ec014bdfba7eb226867e9d2006cd	84fb7b05d5ae05cf3d3f2b68eff9dd47573d3de6d2dc307a67e889ba2ce2f017	1ac2b956e8dd268d4e6f865eef90b479a0c14f7e764b1189cce91a10e42a6c50	64	64
e787556fbfa1fff215ba93142e8e116fde31dc38d8ddbabbc5c96eb7b0768f5c	9497dcb92e8e3b8fe5abf1a74c610ac6d4001e3b3255c68237e093d4af39ff14	b0a925480cc9a2aa4dd3d0ba58c7306a2bc5cb1581b3fa655f310e8af6d1d756	128	48
e787acd78000b6261a1e4882286004e76e77acac65f9def4717205a0bf005189	d01bba3bb13998b40329b9e402db40c2554b8bd827b16b6e8dda1acef22c6634	b67397486d887cf28ca12349ef72e21b6bf55b4136a8c6c995a833b969de32f3	64	64
e793e5e73aa39ceea524ec5733b978fca9f71ae37bcb6052698c1daf5c10b6c8	3ddfd8d1756f994f7e6f354411cc4955bcfe5787b60bd58df21b7dbaaef63233	eaaf74c2033db59c6fd9700eb3cab0a1340963fb6e30a19cae59a4488828d9b5	64	64
e7a0cb1545ec5e7b7fdaf33bb6758f74611ca1fb5f076a14dd7d7de2e5b56f93	2cbaea2737bcd9d33f95a5ae80ff328bec0d74253506d61bfb15d08a69f7b523	614017efa5958c69a22f473c8400850d5847774094e9a6801bfb9afe02d1f17c	64	64
e7a30a7b3acca739fdc5da6e35a991de41ed908b61e0de13c11d8e7f58c0e385	a1281d7938036b8273d0676383bc720600195f03b29cdc596f3ac0dac03e38af	20821d0b0634a51e9db73296dd87cd77f0e7585cfee65c46771b639b646bdbca	32	32
e7a8d3e519d7545391fc54d9c046aed7116c4c920c8c4d8d74dc1a4303c0d37d	fd3a88b1a49db34aa9a848f8d0733991f03fdfd9274712d3b8439a4c06500644	48f91d214ae4e071298e215ae2bbb1a3f1241e17ffdf0c4214af9406aad965ba	64	64
e7b8c05f140ad97775a79bf0e7cfaefb013897904e361a0074e21749f70cfc58	a25940ee618aabbbbb721e9a7993a65494e068ebeb7e9051f01c30c326b42c06	96f0c0462c2552d51496c0ffbcba5a1f12612d8f2fc675c130906fb82612699b	16	8
e7d443784ee275063b22e4749ff6c2e6980f63e26fa77239437e4ea35979e755	bdd44743309785c2a8011c89974535e3df5dfedd528b01dda1eb82f4ad0be71a	d08c0144544cbf89b2503620c8729040e422bfbbd3c4725d9bdb214a6ac14c1d	32	32
e7f1736109fa509d94eccabb72081e1f9859928386b55cb5222117a936ccea61	ec7d692ffa062905cd9be579aa56265dce7271295f878d25953d52c10d2b5245	077fb7b74ed09dc808c3b5aa5ebe0bcd79e2aa2e55d7e00a5c0923ea5c495a49	64	56
e7f963aa5932408b0d3d1f650745d630a9166170f5706aa25841a8c68f826e93	9c7ebeee2ec9adc731d7696f29381f7e376704a4219fe28a686f5d33a73014b9	18de03f23562ea2a714fca36fffd6b473ace4e45f09105563880cf85e07f923a	64	64
e7fb4b37c5a74d12c3f6243ae3a52655b20ed4c21c2001a4c824e35b5917ff79	44dc2e84febc6c2e4133fb373c811419cbfccb821e04d9d6b7c082f4f6a28af0	c91a1e87566de0b0b61d007e6e8ba7a264b847f4f0b1a3414c244a932ff0999b	56	32
e8061106f6d242ab40c3f39f9ad9910d3616e8016f4f654a5a94a725f112b768	c42fd9d8984c371ce01c97400fe41e78f191230eb2ee68be334735336cf567a3	30a5faf4033e50a90a2878943dfcf4cc66c8feff3fe92c17dc8c7e7a30e9e845	16	16
e814b3e3fff5f263fba1dd2a7a834acc0a80554d653b7d1a16c56fed57ceebbd	544fec67eb094c81e79d1eb15eaeecdaf2d7aa48b02c8a171f71f8bafa2e60c2	76abc403d00d970177656c07ecb94581bebdf0dcf7ca98ba09dfc927d4133fde	32	32
e832328e9083ca9720e40350f3ad7488d4bfe0c82ab5239aebddd24ffc99cfbb	96a9a0cac26a161a0279945c396dfa8ae7287f708f4399485199131a67a97b9a	0eb08f872ebaf9391889891ee6e17878adfa6a5792c56dca7e61a1d28f5f88e3	32	32
e838af459ce61005d7695794c2f67d1e5c47ebf3adaf1799364b566d7ad9a227	4b6d2dbabb1d33e7a5922e86d570d4f540999cb41a6ffd0b40dbbcc85ef476e6	3e87f21fd8b844623f5cb9bd83642395e437bcee97399b151c03815287cea15f	64	64
e857caa747e7d7313644501215e53ecfa412cd85c3e08f707889494c1d2965b8	4558dc03bf71c2bc1186020079f2249236cab525c4578e70c7cb62a58a83315b	b6b099f4622396eeb3e17fc4a7484a99ce1fe7a80ded1991bc0879132ab84268	64	64
e85b29ecdfa92b2d02f6fef1320ff64eae1c5fc6b5ad3661131b8d6111c7a43c	d1bde5f797004b6faf1ffef3771e6fd0619130d81030bbc7d302938606ff21bb	c5ca30aae2ba851d04c7bf9d71a2a9d183845efc5f7d2968b140126bca57b8e8	64	64
e87c9d15bd3a375d92b86d54602d485085e8e3148218f3b9e1fe718df26bc179	5849324cd7616d58c6137cf5b1ce61215251793e1cd873593e995441a423710d	236de0bedb7c07c416366b130ac757bf7a4d4af4a1761dcebc7445c3d168fab1	40	64
e87cb4c561f00321784f2677974c3fd5150302e6093bb58cfd47e841cdc778cc	7777ba55e340c072102b7e6a5331bc5de0db20585912f6f81a85056d10d37c10	41a66e3ee04941c875bb9f22bb956fb67bd9ebed3b77763925e3b7b44b72aaa6	32	32
e89cfe5a2ef5b09f1e6456f137b087a42d281bcfd8c8014b61209144a7c2f587	4558dc03bf71c2bc1186020079f2249236cab525c4578e70c7cb62a58a83315b	b6b099f4622396eeb3e17fc4a7484a99ce1fe7a80ded1991bc0879132ab84268	64	64
e89f8254cd62f42f9624076056fea91e478709970ab2409c255e6c56de7b2f1e	69afa68a7692b7f6a89949c52ab422e3740eb18b39719c4a45865cd93a1c0d71	401cc803fe144956d48380b82689a4b7f01a5ed09f54e60a52c9210c265a4088	32	64
e8a146a0f36184312ed0f14f58b1a8e8a6ec8695e970181fc87a43014435d31c	ff502bf8d43db6e9e99256aa77de4df06039512bcb375fa89d12cb793d606900	1c02da18f7bb4921416305130625edc23509ad9d8dabddb61e4f42fb49e20d31	32	64
e8a20a7a16bfe2618a315a4b75961a58214cbc8f4ddaa2939b01ab9b8296e522	76de8a9b160df17da6344b11bbd2172e85a6c1d6578c7f83c84046d18eb71dd8	882a77ea943fed56e9b73966801f31b523772be1ac4ac33a2b391faf31f0d3ec	64	64
e8c8039649973cd7bba0b976a5a7115c14fb0af80a973f9bff93081254104b76	7c6efee672351921a45a2c2ec59d308eb843f6ce43356de66c367d82662e28c2	fe85a7c059975705bce87778256eb80744b107b17c3da8a307db78e9462e372e	32	32
e8e511851159e149c73844988b473b65283cb2bcabcd656dff12ff5dc6ac7a07	348dbeb1d93502bee8d64861b951a0c40d06930358ea13f1224389da80203c7f	f0ee073a01eae34eae89dbd423c3be756f152adaa69fa02a1c6fb527fe07db98	64	64
e8ec30bd8819dff66e3a377672a6a5563a600db2d2951cf308e37d91d12e0b22	3042062a72fea59ee1079db8eacc9d57e95b85970b894f477148669338eebe22	8dc7b4628ef35edee2c46542a3bc9345166a8b814dc78f43cfd5a9d19c4373ba	64	64
e8f880a122c0186d318599507683fd8db9dc70009b8bc1d6c40bc3912c11cc7a	c51937331ed8410087ff808c7a3b0f863cb2901d1cd82efc6c3be6f9599239c5	10c825ca112859e2cd39a850f3fdf1c96a1c681a058c159c249fef5f44b4f2b6	64	64
e904a5e5a79db62dacb1791ba2e25d04488ad6208c9c95d891d1d38fdaba30fa	187589a0ae86e3e18868b1b908203101acea2bcdbc0f6483efa672bb405441c8	519b4aa3a70f29dc2ca9639d38c1eafe8f7324ac08a37fdcdf226704b155dae2	64	64
e911d1ec78d95bec24b14223ce2a06f8fb89466b9a0c3c02669e11f1a44b10c2	94c9865bcc4d29c0edf915da59d8c5c106cbca184e210e724663d18463aba3be	caa434775a79128fdf971201280e5f028dda6a78fc207bb2c57de279d656b0c3	64	64
e919d3ebaa5adc56927548c9dc527ff43143aecba9d1c501486b4216d291dcf1	48ef06b93594b10fbecde059522f48c2e77997c9a598135820cce4fbf9b5ce04	fe3f15edbc64b6060dda11c7ebe2cd350f06355539caf3c50045dbde977814d2	64	64
e92da1b985a14e7291c05fc681b6c40ef0e3c747bbdb08d9d347e211ceb1d2c8	a66b6e6d62c7e009821b115034232d352f5c1a4c4469298b80c9f592682f41ff	865b916a5d59139ece674ae71fa74794d21b635ac910b6744feeaccef6bd8203	64	64
e93b979a2aec821fef1d7f1fc2039e70447fd190100bb19e481fda60391e0ce4	b24176a83266ea6adb8167549aca00892a2997be2e2dc4ac6a47ce487cb2f7e8	1b71e646eaf682a9bd5d03ca11cc3536ad640ca55988e22b96491c6083d1407f	64	64
e946fc0e4fa0562f6cdf78a4f7c93dc3bdf87d3f7e3bb320f6ebf21141a888cf	3f961d52c47987c74d838d38bef2582ba772f063cc0c33bd74f22d21b795b10c	484e1a65c588ee3e827c09ea0b8e0ebf18725ab212495a51163fb5b0dcf64e5b	64	64
e9587640ce96c6768a4eb23e3699eeeb0d4c8a82753e4ac5844d29bc9377a1a5	56fa7ea6709102c5f2698d125b56fa7191f5191398bdf5f9813799b562676724	8a06adeb10e28b0c5beb3a5b1f8ccafc05c8da4ed38a46a81d21e32edeabec7e	32	32
e9612e9b7e0e7bbc860144aba1f74a66fab72586cdc08415062dac2ca1b257ef	a37e8352920a5a61dce79b440e3a5be76bb7d1af7d44d586a2be66eafbc927d8	f9afe3dab9c0e926c8d404181f51a5d51f05960f742a5d2be84e58a75c049f04	64	64
e9696568bc91ecf3c3560002573504cf4a4c413536c1a16a88924d889f08db4d	2cb75b140cccb54cd8fbf60e8ac33184bacae4fbaeb492c54532a64df39a7e02	8ec6cf7fd3d77737613689e520f4f1e9d301a520c3cbce9e3dbfbc909a3ca0a9	64	64
e96af203cbd5d35027b89b761277a0944563a149228bc2177d1b8e24ad64afad	6aa53a54cf8bb41aca78468645db6bdb5cd38842d0e2b557153cb459e7d8fc79	3d51450ff49bea259ad022a55fe726b43bb429477769aac695f4b560e1c1b7d2	64	64
e981603f3940085f0094b2e09b4fd619c9af0c164ca2b6407c823853b49ba5fe	e6b39adf69e499b34e37c48724fed6459bef11d7e5d2af0f2d6fc48cae0382d1	9a801cb9fb5341a477e93c365f3f4d1f3069b8eb07ee1132e7a57d2a1c616b80	64	64
e9a39a181a3d9d1062615b2894c3212592c8c78269dc5c7a13ee5845a006ba5b	bcb5f8e040865fccfed99d52282fe790f8943f87460c50587fc82883d1927d7c	17d6e887e8f6ea543e280772f128754312ff352bd8f7d200efa5b33e39787035	32	32
e9aa27c4cc9ba0504db58b3949fb2cd5aef1391470acdd10ad05a6fe1a7867b7	8add65133a45965815c0655a71134511d7cdf5294422b4e18f7aad0897aa9241	7fb85796089a4166aa0487d99a2e1024f41957e9320f763014e7c78ae7bd33c2	64	64
e9ef9506272c838d564096672f336b08ff04eaf0a4364450d2c763844f8da272	b18fc65e65ebd388101bd90bb5f48a4f8c99c01f69f25739f04b76be0e351700	e80af6413b2c89a2f43d2dcb56e42d8a3d4f186280af53b9a6bbe02fc62b0fe6	64	64
ea01d6ae26dc60a1a4331ea53c8ea85fb3a287eafb226afa28eb36461481143d	e71e9abf4cb83a05f4ce938b20c5ad912e2c42b75dccca52c9fc7f4102743091	da5d4ab98e645ec4876d7298e6c5acfa5136d442b0c1105dd837fd7603fb83d7	64	64
ea05f8d8944b1862165d952aa1c2d3c9ee8f2cde7d462de836cb7f441b6493de	eda246c9bf53eae977a47977a754214e85ae9ac816677d70d3f77656b91a06bd	46d4aa23e5ad28656760dec0139d0df239601f464db15a79ef203cb9beaa7cf8	64	64
ea1d272b03b526ba4128537221e5fc07b9a1dcc1c7d558c8b5da7f0a992613fd	4eabc3ed9450bf68dac8f2320d7d276055808e404e6e9f876afb0d183efebe05	862b75136167b32daf3cb893bd0e56f41be975ec30c91ffe8e7cd5df3da344a9	64	64
ea1d3e61dd5550077468deee8bcbe1255aa60fed836ea6996145d98cc7aee929	023ff760177da8518802fc1683e756448fc77e6041b213fc63b9b28bb19233f4	9491855ac2c92195a03424115312b1769ef51618be8c25c4e9ae2d442333ae40	32	16
ea20296169d66be38f5769822456ae354ee2aa2de830de322964c83face5a79f	b287c16b5d9471066866e2b640b00da8b5caf19fe1bd2f6a505a91db15f253c0	a72188c2669c9889452d60eeed5070915e7ca0d8ad547cb605c69e0887cb7db2	64	64
ea2527dd2d3ba795fb151537b5117e8626bec2809c00287c673946fd2b154b5b	2e3b1dd55a60c73cdb5dfb73c85be2e588b45c5f819e082dbd735452330acd27	6b164ea50f4ba16b56a3e3e249fa794fd8bf61ab096998ba71e0976881eaa79e	64	64
ea406caaf490248a656a5e83e91b33d28a22d708255f8e3584dadf3845581dc8	263c748c17f80dda1570413bf012703ca68d95411da6f37ffec2db187b104a2e	ca98ca6f86dd5169b2cbdcead25261e3c5bf1523c45a17975460dfe6b8f55e4a	64	64
ea53b6746b96f523dc21ced0e47bb95ff403c4dbb38d2f2cc7eb6b6e54d5a46b	ff01923528bba1eed71808fb15763e9428441c890c06275e7c5e9a6af52edb1b	32fae3fa7c283c056ac80a1ef6c9c6bad07e41a4e404063f1b47edac51eb7108	64	32
ea6614f47eee9f63d5666521f7ad5c7abe0e3a411004d6f66ce0b299cf11bb40	53690c5dcb674ae356f8116a09f66a41439bfcceb79ae34c5b722b1ad7eb3d7f	2aa28733deaaa23a47770edb83b5003918b4e208227e6425b68d292597ca918d	64	64
ea6735d3c5a1a420933a907f11202c7fff9584eed16e5338df2b157e14c1d197	dc21c1a7ad15b00723742c7e264f2bd83eb6955fc5b0e83319d01437ed932cf2	603ae2c72294e1026fb5f4cd95e19d1f7459331cef70d5ff47e7f6d1d485749e	64	64
ea6a132cae1226fd101de2544474b20cec9b2a64ba585ac8e613fad7acb22f3e	e6033e8b83c95b907f4c50c8118ed23114932d43e5ee19e917572eea23124671	efc858e291abe1a344947de359ad8e71fb74aa72f022cffaaf0fed3e2e2ac6c7	64	64
ea6b2ff90184c7808e7fe7d7f68919e3628e42680acb0dda64bd9b1ce91298a3	13cf4506dd9a6111b143a94be1450f001e15eb95107c7ca2b3f1584dd72d9b41	a258932a68cd8b864545c2b4939ac417756c2889a53703271811826d5dd19848	32	32
ea86e88a2f9c6357ea4d30735e5e1dfd118863f5bc35515fd88b57214f63fe29	f0ed82470229bba7d6373782ac1ce233abab5816a3b36c9bffd07554f4767a88	89bda9099e43c1aa8f8de29a058ccdb123dec474cba440513ff95745d988b896	64	64
ea9b637f530d69edcc76ac8b00cc8d28fe764bc63d98312b4a4188bbb109e622	cb6f02b12040596df4d2776d01197b796d58948de11f519c4a00bc537aaa8d86	60d2ee292057821c33f599b605f60d2aa1485ad7002f0dca02130d181202e2e6	256	64
eaa1ab58ecf9ab43b110e42aa7d9325052a52eb05bb9035027609de68160aa11	4ca1533fd44b4d43e9a809547eea308cfbc6d8795ec6a798b76e28ced36874c1	1cc285860599d1cd9fb87aeabf6ded7599269d05faddd8d93bbb8a6bffa9d31d	64	64
eaa8f3c3c5fb083d7ede33f6fcfd05218f16ecbcce597ec86e5be3fd94808655	8bb274f1641a945e0d90e357d3deb167e0a23fa9265aa69fdac1be460ad5e76f	fac1a5f5b372219816070f65db3d52588d121ed4117d29496a3ec714c925133f	64	56
eaaca6b5638f1be07a1c24409dc760a682a184e8477cedaaed767270b0c2a2fe	41b10d438bf8b29b01f92492506ed7a88f5323e558c6c2cbf4e22e8448171cce	8e8084cb948dbcc0d54d6580df310c40e0828a8b263d839520d31f481159ff1a	64	24
eab20266e2784a70cf12fa829da6ad51ee483d604adc546b904c207bec2454de	74a921b189a08ab9ebdd619864d23bd56d9ab7aef78b5fb50f1d6d9c9de6d1ba	63a19381382905eb79387622fb236a8e1d20469edd1f83d1c3a3d4c7b86cbf3b	64	64
eab8f3ef6840b07e7ea74125c6b3cfa1e6310275e556309af88c32b0165c5220	b7ce7ef7dc9d35ce1bfa159aac034245a7af7b08c22f3244bd091ed0ee837b62	68236db54ff82fbd90e642c4ac6be6cc033b6007e2132f3e6863b473e7568a0d	64	64
eabd8cb77113c70c2fabf64a1205fa95e006845c0c4a387113ad31e2150ebea2	c8e325bdfa30449798cb00526f9caa09a129bd5ee46b633637a512dc84cab122	be4bf18624ed21dc894b327d9641f11e355efc1b8694f4b71b152422b712a960	32	44
eac6d43f0684a7482664013e1c88766513096b86e6aeb28696034032ccfb6f5e	2ef17fab74acff12e706db79be43cc5badf564e64b2a79f50b13de2846d2c3c0	9ee9e62212027d0b42bc5150def956c8efb941729aebb32d08ee188fb2206899	64	64
ead5e2298a760d67c40ae49170a231aec384f64e67399d2af11cbefc2baf3509	43a36f61203f958238a7cb807dd2791da02629d18c0e294e606be7c758cd53be	e03152280075bc8a647bba32d9f8dc3bd9a1d8a88bea189f4e55ad0e22318d6d	64	64
ead61075163c47c4abb4604589e1dce95c01d78b8b85c610d50bb81b070a6e0a	5f92cc2169b4e1d6156e459ea89152233a003b9587d1473453c3a5aec85995b6	6bd72b2f2f8c70f5f0f6fb36e3400212cb48a96470b1f37a5bfa32ea8f5bc7cd	64	64
eb1522059d222c984f3ca981df2b09e1060d91e47d4ec85d83dfd67e918fa3ee	321c6cddfd05a4e6dd169a6b867bc03a615ca07c45d5f98cc6095704a06df22c	efc858e291abe1a344947de359ad8e71fb74aa72f022cffaaf0fed3e2e2ac6c7	64	64
eb16190b4c1ebacd3e65bea9f1444b618b862137b0786842e9893703c40c1cd8	56fa7ea6709102c5f2698d125b56fa7191f5191398bdf5f9813799b562676724	8a06adeb10e28b0c5beb3a5b1f8ccafc05c8da4ed38a46a81d21e32edeabec7e	32	32
eb17681f6b9df368a2a46355795ed5cc60c00f94609f8134177eb6dc8edab35d	d539407f9e8a2967840d4119268aa0209d8bd75833cfce956508d42d51e4bb2b	0b19382126e99ea232a06556834c0121aebd88c56dfe6f50eb74e2fa313bdf6c	64	64
eb1a9fe45b3b250e831677ddcd8dfb8e9f5bb2af4abedb0b7a235a49251dbc95	c7410c7cc8df3d7fac9368dc091673fab8e3782f44bc21f0d7f08593cf1f985f	2ddc351b542a4e538c4857181ab15afcc7276bd0dce028cb33a8bf4e8458b40d	64	64
eb243538d3d2bfddae366dd4c1e33549c19741a0f984a3f4545eee7bf78bb216	55e1900674b2a74859aa717a5362897614d241b490281527869355d6e473ad75	b1b0c10cbdfaaa7c83573c7465ddc1abb65d6d09de75e29271d85f66b354aaf8	64	64
eb27d1db94096269fca7234470a2edefe5cf68ecf58ff98b69ffb4f76ecc3692	f7d659208462ee43e8365433275c3b693821eebf41079a5b749bdc13786925da	04e7a387a7c5dcc60075fcd1a06979c0dc82c53ff69357002fe6bb157e0a52a0	64	64
eb2a0d134ceb24fde251e72c7e464133666b59d6adad13e6caca337290f2e554	3505572501625601366c4746a5efe5bfe99b5e7911950d7cf8d6b143dd419ede	063b1840b30d74f7db59b71dc8f547c913ab0217b64612f0b99b4118642a75e8	64	64
eb2a43a8f713afa43249f7c1fa7bd2ab3e09016caef9cb6fe0a4cdaec0124eff	2bf5f3c700d43fb38562a25631bafab37bd9cd3bad965a4c2d71e83f341336b0	90468bd23d4670d10cb6edfd3a4277265eb43c17da00053a7a03a82bb58ba4fb	64	24
eb4b4de104aaabf56c528059a9c57925a368f42589cff30d32ab54295f98252a	9f0714b68dea7f66dd5f01a5369264a1b091a50bbaf72f2a51b36ece111dca97	ee3b3cdac610a1c4628337f5ce5a2138404697b9d561d0ed4181c415d658600e	64	16
eb4b8af5031654cc41592b3c79f8fee035189f56567506b8a3599a2e70790ee7	31ba95ac723c3361690d9d320ed1657dfd2443b4579e8f10310284a696a631cf	0c2d3f225188f793a19ac76118094c41bfed322e4befadc9fb9af3d75435d3db	32	64
eb5269a8279ac15d6a171eb6f02e2d376828b46aac82c2774f2037f99f933c17	a6690f81b79c53016a7271bdae5faaff75b7b951ec039ff1e4477fb05a6f6859	1ff58dd5d987de0da406e43a9c75847c35d979b2801d5bbe71990a8be3547888	64	64
eb5a5108ab00811818e8a5660f162920e75985bcbf9c4984e8763962a9e5d227	29cd563f5fdc2522a4ab2c8b10de7ade84f2b3a5f41479f8305ec0c5800ce048	9e0976b01267924fe0b72ad5e9a3f64199c35c763a04fd2949e8cf0070543c5e	64	64
eb6ba9b68ae45bb73967c50be8f883a7ae83db35d814de7f0b3aff4271b29f81	7fb6b5108231670549f2684007b4feba0cab680e266907e5c05388ae4465c5dd	56d6b6328337bf7c86ee40b4c592d1928b7cd87790151ff4d2ad52442c448d6a	32	32
eb969f06a1b92968c1b238dfc57f2f80828c938050e1e32bf5274702bae62b24	9c5ccf98cc84da382b42c605b85eb475233a79b4c30d7d177199275c9c87abea	c047a4e219a580ee19298b817442ac3cb7fe93861c404bafa9d4c2d245d770f6	32	64
ebad03099248200531f5c1f6dabe3cbb01da924ac04e4f631ff5c4b19d2a40d4	0c00cf97f17ae271167ae7c3f1134c850ca0af82cc00ba0f10b84f15ee85bfff	40739e3af0f6b6c8e681a84fd0eab1ae9d7a33f68a999d030ded1e6873a9437f	32	64
ebb6adcb3b56785e3245ea12989c29f7e4d7ecddf949ceec36f1756b5a2387dc	d9060d9f0b1e0ee4db9c637384606040dfceea5d7784668d6711f898d6e3cb44	d7c9efd9a08308208fa7ad89b4cdff82ad8764f13fa2cb5d8a5624b779a5e7e8	32	64
ebd577bde853e0940676f671828064373b6129aa41de2e397682754c5e35f33f	ea26d38f233c3e122b9dc493bb912c3c33d32877de917f475cdf5ce6aee045dd	97209d1dbe069422318807283aa7a5e4d848d80c8c83f866277c2f7850bf6fad	64	64
ebdb88aed3853f65e56306d08f72d5c4fa7279a36dc96f22397d4ae4323c8c71	38058cc27d1ca080eaff15f4c79f34a10e3cfca719a1d4154d6b1a687c10df44	76222bf631bacb3170928a25abfe03629363ee4132c4b9d972afb04ab6a03c61	32	64
ebdc201cc53e2b04f43765f5f290457bf4930a88ab46f47fc8b2f95ccb110c75	3c1601fd6853058b8b24e4ce2efa16733cc92c5c77d168df678441c8dd270430	4a37ccbb29702bf291be4d2212da2abe9aec2fde9ddf1d1f11cc209a5f2c6e6a	256	256
ebde808657d5f01609ca9d63f20d349747e9b15fff0018dfc375a39b8f2a2bce	dbbbcffc0649756a1b985198182ad8a497451c903a2313b332d2964ed818ed5b	3b05f7256a1fdd7ccc6f21f5f9caf0b8755ea6e15f89581863f8f8d1179b5274	64	64
ebdf971c2210cb1133eb54aa51302f6d736565fb808116cede5f31a4b3d57a93	f399343ac8d0105fe32d143ed821dbb5c32135f64ee0da66cf5e4b1e7d38e9b0	dfadf6c4b1cc34efa6075fa7f1a5b638bac7445d833f147d7594e844a3a3fc09	64	64
ebe7fd6fdd0bdd579b833f25b4bf6a25287a746f238697bfce601991058cf6ba	6fea0b208ba2a0be0f7fc9c4a06aa8b0af3aefe6f2c2fae099af23b01548a41d	ae77af989bf240f28ffa4a8b7d457eee3af8dbb899b7a56b8a0267c4c4d53bb3	64	64
ebf13412dc6a4c297e247bd77ff2749fc63e1f0769226eec25bb45e747dc1ff4	3874c5851a214aed6b43fedf0befe870fc03ef9c5372937f3a588fe6f528b61d	83a114aab9394c036440029d8f343d52689fd4dcbe2852d172010aca9793a513	64	64
ec0ac3e1d9f91d9dac3d55d0998f6920d94c7c54d779b97325c44659f2142c8f	c6f7a5677ced81acc9d64f1cb2082391c639d640c9d852eeba1d4c059b8f1465	4f62923b9da9c3ab88a6ae75736ee128cd9ab5cfdf73de8aca3cc2f0561877e4	64	64
ec0d041f51997a6a54c72768ce5d6bc699d1cfa80103759072fd77bb20a31691	18e2acd5493ce59e8f6c0fb2ff23123abb2b634f717f73616500fb52111fc96b	e8090f4b7a37be22d9ecbff88e8068097a8b21c5b40a8a06d1159f189535aa05	64	32
ec2342f52174542b2eacc0e920612783d227930f110b7eddec5bec9a311b282b	1a3d7e1eea1905c9ac05939ccf05724506d833151ec4e6a32b931b32b4c7e71a	0f8436a8a301f1e14ebfe635a9e74bf95d17a3291dc68f1754938d979655b5ff	64	64
ec2cfa007e80790190b26fb8f640d84b947ac181b529403057e268d629efddaf	b177ae8d39e0d0a2bf0d84fa77ade1fc1d84397c0d760c37e362cb270a87e2ac	d747c736c150b97b533d47ad77dfe860917e63cd72adc383d8dedaad49d3e90a	16	24
ec43f8029db8cd5ae30a61399755ccbccf9c4e647be28b75bcd21833252e6453	f81bc005ff2293a24fe6438632cd4621d155d4e4007edf97505be3698f58df2f	f6e68cd7389e82eff2520b362b82ede764be8e99df1e6662fdd8bd1a269623d7	64	64
ec509b48cae9aa4b3944fe6b3736fef87b6e492f66b5100f9fbb9a2cdd63ac3a	3be112385c816ceaef1da1764e472f736fac976388b9975b675cc21072af5324	ed7a0851c3da6fa4333289ed8395ab9c111f865819ec35a442acc2a646ef4a6e	64	64
ec5ab0f44bbae04049826c6ccc891ac0275595f1c810ea9d49d7cad747dbbc06	aacf06f6d33991d0edac5630d8d76e73e9a58161e434a2621671c1b191231090	3477d9c41176c476cdff40ddbf3dbe90dcb8a28b8f0cbe39534708236ae79c3d	64	64
ec69a66b89a3306bc93403f048db3e371cdf30836dba4ba218d6abd195973ca4	7518110f1762640669a9a377cb6bbd23ab175086ea60d1a8644a8f730b22c7e2	41d16815330da1aa4c8a38ac0549c556e6275ff87fd76f3fa75199d0357d790a	64	64
ec69aa1dc24bb1012de7494312e0a4003bdfea4d0cf63232513d148cf436d911	e6c309216d88cc09ff4bab9aa804a44a61680f11a0e36b7143a7579961570a80	eafce16ad3ceb4176f4de271375bccd304be6c4906f9ff43d7acbea4fbd90fe0	64	64
ec849788975c1d5c4bd2220110b40f3ae8925aa165f1e11141d3dc1ff3412f66	4ca1533fd44b4d43e9a809547eea308cfbc6d8795ec6a798b76e28ced36874c1	1cc285860599d1cd9fb87aeabf6ded7599269d05faddd8d93bbb8a6bffa9d31d	64	64
ec92e3b3c60f8e262d06c235191126623151d6fb02418ff2f749aa2289e08f04	f074436786115e7687ebb8beed9091e1b9b2a0388ce38736873525f1674e4148	1bff54df705ff02b2674282a7eeddce9a7f2db92a4fb2d3febd6a2c72a6c71e7	64	64
ec9470c677b873ea3c1c0e61387691587c2e7a95641dc2f3d108bb1653dd9b2d	cb221ca41518c3111854dae9678a5bc230c4fe84b0ebbf860165f2739b82db11	74b974f4a697b39d8c194faa1160c571e7f9bb4eaa611b25d1d8a4a5c0ef4c20	64	64
ec9756cb99c88a558ab9577ff71158390772cf9c4d31f6901535575e2591e55a	2965a2b67d00243a32badd5b93bb2d3b4b516fee4bcf19048789e776e87e824b	66f05ffb29e64c32bf101d90ed168c85ec5030e2cef9f49418238fb0ba36715e	64	64
eca994d096cfacba21c7f70ba1b75d0c43a9b869ee947ecc892c705903cdab05	04f6e34b69c9ded7d91715910a2648115a3f9ec82963224c8c03b2c88bd1ae0d	78d3c5975fafd114f1d9860d3d3a5bb0f51c496c1bb7f7e557c10f8b09f8d6b6	60	60
ecb1373c9d3af8a1d0ce353098eda78ec6d99409da92a466022c20c1819db5a5	69312e9b7a0fe24c6477e8987199dfbc4e75a8f73120854dc5be058617f3738f	bec5bafbc0f189be326109db49e5eb978ee5bc972e095a74844ae3700b0c559c	64	64
ecb9dc7fd34cd56ded83e58986970933c9f04155d810ad45f567b487299d934d	7a08bb1bf281d02eee55554f692832442f843d6888e668b686a78d5082b7b488	b650dd8dc88028c59d65fb4b2de3fe56e0f98f6bec9eda7c04ebeb75bf08f766	64	64
ece6453affdcb1fcb688e3006586ddae21cc25082dc4ac42e03f4ebd0f3524e3	1770ce78b30dee4343bdbe3dc3e8c42849d339b22568f9ce81be29bf8428a8b5	187973ed358a15e7a738d4bf38ac5a565319e244c8b2afc4fef6a879f32cf3e1	48	48
ecf51aff326a3130aebf6187e95a754bc9e2207f9e0ffaac47f6382558f8933c	372480c61364fe9cab5708ebcc25b8b5fad120b765512b1b58fa64fdae0cc29f	7864078010996efffd066e584996e4d36e96a8f44f2bf71dd501d42df16ba023	32	32
ecf557b81ac87e938cf1b2a7605f9e8075343c1020cfd23ec05245e0690041a5	fc4c2d9fea5a766c68eec290b19621ab81f660d16875fcb1a46a4b0383af8f09	b6796c12a9f6318b38d788e1d7b3cf537f2f2551eac3ced1f158f498cc66abd4	64	64
ecf578f515612c6f2c8cffc6c77517c5549e62d3e8049467c9a01e1ab79215cd	3c5fdabfc8a6e5241f8130aca524bb9375069e2581b36496e26ae81b885e07ef	157c4bf834adc37ece083b1426c9a4a740d2f01f181c3b32b7a642a438091076	32	64
ed094d98e7ce9bb27444bae91bd8915e5f3bcaa1390ffeecb767ce103f486c74	3c6d19bd6267c4b84faf36e48a6012afe02c920ae3037ff6d19783070e568661	da033ea04a36eb614a80d8400f0a39479bf06ddc6de59e739e1f169bb659eaed	64	64
ed211b37feb7e899244c086278aafd7d8c1400aef29c821835eaa2be25fe2d93	db94731f8092b28174a60eac0be0492d4bc7480307a4f514c4861ea713582811	19a1d901d5b04932a548cfbe764d78fbecaba9e67424796600590fba1c5aa734	64	64
ed464d7fad9d7a7894759a34d5f644a277f558b6d0ff382497c23573efda7f07	fc62caf4a9c7baeb650419658e02e8ccc8b827ca6d67242f5d08fc02e3709fa1	95380e537c1026925fc7ddb6befb4aafce523fe61af21adfed2341620c6a9759	64	64
ed4a704e12a46eff161f3103ea1628bb41f96ebd02dcc404e23252fb6615c258	1dcf885ad8443622980d20364af9bb9ce9f9f0379bffc1dd10f7368ec7bdb819	54a246b1e1962395ae53eb059908a5b9dddbfecc994dcea8e6b38864e774c38d	48	24
ed681d0da3e1528f58e4b2a2cc8af69fe46cd3d6294249004f022b15191c87df	fbe42e351eb878e1318759bdb32dcaffeecf63674e4440fbecce9211b22d273f	338f927c3ec0ef7490ea3203a2be95aa42e71ec96fd42d326896469f42c56d72	64	64
ed71fa8803da417696373785c95bf49f0ed47971e36d42e7cd114b6f38996552	c42fd9d8984c371ce01c97400fe41e78f191230eb2ee68be334735336cf567a3	30a5faf4033e50a90a2878943dfcf4cc66c8feff3fe92c17dc8c7e7a30e9e845	16	16
ed808d9ff31f7e99092ab145b5521d549f1eac3db8a98aad94b97ceefed4c9ec	6d25d740775ba56b8da9f8191a17133294f1af8bb3ab76d525b34dd61dca9ffe	15aa0caee22c3eb6bafda98e5e33eac17d3313184f1df80d16e1e94f6434bf22	256	256
ed951fd8aa2764d506aea07ba2e73d6b0e442857f5d2384abdd08809977ba80b	c384f02cf80c60de9ac9fdae0b1ee1c7752c4e5d7e12dbcfee1d652d8985ddd8	faf57255bf5b8fb7157aa89b187fbc5fb93e4c33f7726d07580d284e1170265b	64	64
eda76928ce77e18db9dc2e524d8ec797ebddff245c05b5b7a5379efe485f3fdc	68736dcbab0cda0ad89bf522304d9718ef44ff0c46cbd59170d7dee8a8567ba8	10b19b1875001b9f9550864d43e9db24f2a709fb6fd77506e47b239d7e0ea4a5	64	64
edabfcb7fdff5e3201ddc2825504cb70c5fed49db1e90eb299c7c0014f39180a	0c4219bacc697ce779d28b5aee787400b36db0b976c263357b6420cd22b34ee3	0b6026552d0b3571addb3102d11525c43577317332c2c2c8e597fe41bc37648d	40	64
edbac9dca5ded0b71ef2eb56a0ddebc365a75ccbaeab12525e46df8b65862694	d592504b1a731012c6a87b3eecced2dd43dc591b7bea53eb7df765e6f1b07160	b0e72c5bfa1e585ca55097f556331ed08cfd406ac2d40a0b877d2b3c1ae5433c	64	64
edc62afef902db1b58894f72eb5c213301941151495bd1379836ad92cc20f0c3	3a14590c9aaaaae44d300434c0c7dad449da8e0701aeef35fb5965e43cf0492a	4dcadbd588e28f312220d8d6eb42a15a0ead8eebed61daf433fd885a16b80f0c	64	64
edd31b0259b2dd6ea2b2d2f158e615363747cef1f8d032a6ab9eb4d979766091	543b68cdc9a376cc1b3c0f99742a2696288c78efe1e6aaeae5064707ea03bcfd	e25ed8227c7231a95e10a40784c02e8c85d4e59591fa9aeada0518f76083a2d1	64	64
edddbba9503a9a7e0a3896a48578959531d1d0ec8f71aeb06b4dee668da63c2e	87d03cab20709eeedaef3fd3b3300851ac44b89474520ba2d10e552141612f5d	36e2e1a9d48dd7ad3384c95a87743209072ff1591ffc0591bc599afb1cd741fe	64	24
edf4c94d39a91ee151d4d4a06c95109c3f4ed67b346cf680e2a9c1d009cc168b	33bf0152e2ecb0e3cd178b9303d92c33e56d265d5cc73585641acbf289d7f4f4	1645e099d3928226127eed54d001b242a4cb57465081f08efdd288ae050f9db1	64	64
edfc71c3c51b4245d0fd29f95f787d7163cf7c48e73ecbafca3c3f4103567409	7cb4ba820ea92620aae5569c529c518a11628856d9aabdc45a181a0afadf141f	9a89fea14acfc875b2de1fdc8c5a3ca33fd338ab3bfdadc249f4f226e28d90da	64	64
ee1bfc55d08665c749f9ee337e764901bb461a7a515665cfb736e69b2bf68eab	2c118a8326e7c808d1fb267e7cb5d8662a88cb1ddbaa594041e9d3956f2cc023	5217feb34c53bb4d5cbd7216cda251732957bf15e5a9a9b970b9ece1ec0e3c63	64	64
ee245f0484b9a4cf602b302899a7cc31c5888a5a09e22c0d4fcd1c4975ea54ba	75b1e26736c5b90af8e1e943f3f5dfffee3e530bbf84d4fafb35a615591d142a	1239e2356110038492bcfcb2e1fae36de69c9f2c6496ebe378058bb8d1689f66	64	64
ee2ce758c9659665c41a06c326efdf6772ebc06192b3aa4d4d95f4e5b5273d70	039fd6aa931bb958d2266aa767f50d6e0a8d4f2f3e851704e4357b2d9bd0e6da	b5208186761ce6462653befdf26b79088f09ac1afdd958553572387097c0a648	64	64
ee81b746149741fa3995a46b949749e678b4bc620ce743c1102d7adcc00929e3	76652453e74ca985dfdc2fbe1d6701d10ccc976aab69ed5f3e1daab5a17f541c	1bff54df705ff02b2674282a7eeddce9a7f2db92a4fb2d3febd6a2c72a6c71e7	64	64
ee9e88a62dece28ed69b605541f76994c6c99b75199396608355fdbeb93f2302	d84b747af369aed5403932fdee1bbef7d6c4fbde80d4fdc5e570f3048ed968de	c2f9b335a41039a3db41951bbba977d8a853513aae12e755519537b290d28daa	64	64
eea4f77bf473c3d4e53ae5b3798bd0d637f5be3f1bdc6bc039a8d6b3505908d5	7ff813fa05eb4d93ff3c97442d49621840bef906f431e850a6569466e219d7fa	6e7695e8a3f506b22d1ec6a207e94c07b703f48ab9e5c7d37fec29b8ea88598a	64	64
eea89d35989a045b9c5ba57a9d8f5dfff677e275eed9bd615a5781755c349f36	19df3078ba43e53b30185aaf2d2138f0a5c98a2f67942b638359ef43f5b73acb	8992c6d62c2e2b534738dec075b1b0f05e94616f78e64d25c51c9e881a8cd1a7	64	24
eeb28b7bf21f8edba758e366127bd637276e4ccf5afe30cb120f3fc1cb2bfd66	c36d6850723db5384072807bd6d2789ea608f27be4736822fa6f801f9ed48188	e73d8f0512661af3a3984a7bc150632d76700cab561e510b34840b4ae0944e76	64	64
eec54bf666af09b3aa0962482910808a2f9d81d492600e7edc90450c5638b732	5e6d49dc06703136ca3ad29bf1faf812d0c61a138168e967655ce497156137e9	7c697014d8233be24f5084b026a789044c9c8542e08a0e331afea6e7805941e7	64	64
eec8aa832b317c244ce5213c90b6305e8f154e4f13b7fce3840ae1439c868854	624b9392878f83014c598b4a1967ac84c832a73f32765056489a7f72adde31b4	2e15a9decb328ab0f7a18adf5dca2cc8c4fc8ce78b3015370535a1121dccb63e	64	54
eeec12d73000e35e0709a872313098aaa3b7166dc307694ee67362ca320edb2c	9bcf22e3739eab7c817914eb9cc9b1f7c4e52b8d049244e59a8237aa37a13e7d	86abf3f61c7ff1c10711a273b58c98d64a5590ee684732e47108d9eaef622f33	64	64
eef2374ad266b22332ac2d80ef664765aff8556e6d6d8c71bb3c35a9b7a4acac	1fcf6390e6fb949dcbfaae3ffe35ca4017ebe53fbb142efd5543af152c1e40c5	c4e8bb5f3a842f83712e481d87c8ce77021263f442b6ab4c85a535b4a5d9156a	64	64
eef510f8ac9db4dc74d59b2b6f03ba1553bb172c2302ac26a990ab63ba6061e5	b6e0f24dc1fd652f71ed3265716e1cfed4024d7383b7b24b4ede8179258acd9f	f79c0cb01138ea80821811bb3e170c3948ae29f2fb367f5c20789da4a1441132	64	64
ef00895830c6db05d244d75977a919f475fca53f5753751b2ca38629098ebef5	eeecf74e680ede7873b4ca88d1ca774b7a6714f578000f30b389304ba19ebbec	28253b62836d4df862937f26d4a73c4ae5f45ca22c669cbe13595442cf6bf778	64	64
ef0c94b5d6d3253ce092912ce04e11c90303d0c143a78bc98ba28e223e217f5f	920ba5bb83a87f172ac738add493f99262cb582adf8b8c587a13c64232f4efc1	e38123000f0588c26ebecd88455ea9efbe13860c89993177cafa8270bf3af60d	64	64
ef1ff5c5717c37a6de6518a4fb0f85b3743c5a24c4e140a56fa0cdd721ead520	743770cce56b7c10ce0214a694ff0335db9f624fc83956450dd577306a4dd8c3	1464f303eba39b4cc24a4023398dabd6d11ff12515b39c579d007bed7b686817	64	64
ef21ac2c510317f3163083190e46f9dd9edb2e2ca48d4a02c68ca87f1393e0b7	3f4cc5c8c4a736c1289ee4fd51e9bdcb104f265a482e448a7ebed998ce34cdf1	f8dd0fe9f846c0b5f6900d26d48a206c1c908f347fee1ff9e40dad182fb9801d	64	64
ef371d5057011b040d3f4cb42108feaaa25dcbfde34c38c20a234bea98bb31b3	2199877b601264922832553debf1462cd2fe9d7402cb682760c9204dae21be4d	0dd0e2f50f18419825b01ff34c2aeff137f6410aefdbab22fa4ce60cddc9c1d4	64	64
ef3c2161f3181a743629a7b6ca356a3809515e69106e7b0e12c3dd569831840b	cf7d0c6596086359a8e251df62386b33a37c52c1d7292aa1b63813e966882f26	b4c559c0ac6625ff90010188108c027457e62976c207f26d6406b8f076862892	32	16
ef3ec64c8805c959d910e0e463d1eca30a00b72a3e55993a89af84b7f93216ec	521522c5f736a5415416c185fade1e941c197e64a729e40abeae3148f3eabb91	7adf2c6d801c47a6eaa3dee7d2b0129cba16d894931ad04a09573364f7b791b1	8	16
ef408d3947d44f148fb5b73e8a08a1dec64b6a809cf2c8d7f246e08ddafa1576	133f74ebf3bf8a7557f7d204fb06a2485837a964238cd7762742b4856cc05d78	70c3970f9503787be377f61320e861ca0131a6d00c61907942201beda3c0342e	64	64
ef46274cfa56612fa3caabad13ca16a43825b2f1b50e323197fbe8d8a1089929	6b22a087de4fb21b5711808c0c204cc8f4c787324dfb77f1ac946d3c22e2993a	7fa5ee28cfcb3c76f3d74b9302b87db12f1c17ec40eeecf138667c8b8a45d4e5	64	64
ef50a078a322c229e1180a990a34483fec24933478cfcc053aadc3ee5119d01e	dcbf94103623bc6b7fd07b6eb80fddb64413a20b18d8a95b15ac5341d0499ae3	aadc260d30c5f01a04f7f7c056269b46b28f88df51a3ef75325adc01e1d36b26	64	64
ef589982d10c71adc610dac92d089f2268ca042e1dc616670d1a3d411f1a4dd4	141883594db5dbb0f63085bca44c7e95a7df1e614ce1a0288981960fcef4d0ae	d8a9ee9750d22325a1bf3167e5f38d9130e7673d2d440ea5cce6817d7f5f6449	64	64
ef596291535436ef5cf28b0c69d75598c8ec2f4dc09c420df3c5db68fe485c7c	8cf3e4870314aaf256e5c24e9a7b5a4f05194e4504e1e97d371775f14db6634d	731dd18f5c5e2f8b99b85320476aa209894bebec266f31af478710a99c51fc1e	48	48
ef782b924326b4eba97f37f0285ff3d4f7b0da819b11749bdb8f17e3e4f19aeb	83c1d5bc7837ddc2aa1ebeeedaaa28139ddb17fbd1eee0212e58e1db08645ec2	db5c7bb895af72fda1576fce0d652ccc1dff0eaf285cdd8048d5486a9dd56eef	32	32
ef7a8be5c8fc64b1eaf48ae90287914187e4dc80911ab71f55ed869630561e69	618cb693a89ea577ed67cc88c40b365e9ac5f2ab925ef2f7134c895f3d028095	f73c64914174070c87c374dc03b440eba1cac81cc17998200c06437352339459	256	256
ef8e8d287361fc5f3938d5516732617c3557aff97ec73cb011ec456d5da95fe3	d3ca91461b3c4409e16a27afa949295437b8a7bea1b86ddc8eae5e5e33a04a83	e9db54272f8c6e249e2723cb75fa560c0e51a1adba60db91b8d98d47abeee2d7	64	64
ef9164c7a995c5608a28adc102dc390bc6fb6dede8d33bb0dfbdc8f67f04b020	8a7b026e6434c79a850df57d720aabac58e9f6b5396dfbcea67e33d16566f214	e0a600268e4e838cbb2d645ad9b64530a4ccac386ae25907aad6d9f68271b733	32	32
ef9ac3c7870980127b39cfdcfc16fa41488100050f1559efdf95dfc9b0bdd709	bb409f010ca9f725ce52ad08ae55d40c9bb2ec44f15d47e638f7780d11c80b04	97e153f277e0b26f4b690e695077d94f04c380fdcbecfe7e771f300d7f780314	64	64
efbc3fc6788c971da0e70b5dafb3c11bf83c3189334094497910792697b8de8e	69c91f694add996f7868fcde0733542720b3947f62b01401ab5a9cf72cd7a009	da5d4ab98e645ec4876d7298e6c5acfa5136d442b0c1105dd837fd7603fb83d7	64	64
efd997518fae07aa7189e347d79db2d3bde3926791e56c524c6e9ae83d9284c7	e19b8cf06fd1fec1844b3909abec8ed2553f76d37f86befe4059351fe07cad38	169d6a9703699f0f2c2a163ab8951e578912c9ed4c19dbe7924ee29d6c64a0cc	64	32
efe851df3d95002d87118b160a454d94747cd8ccfe1a52210fe89b688f3661e2	22dbc22ee1d111eab9f8ef2f2642e138de2e5608db41edfbc34f9a80977a092d	a8957ef259872cdef937445ebf4a6edcaa26bfce3e63f6b736f649b93cfde047	64	64
efebaa328854f154a95f9bc4d538f9ed5c59cc441197909c495acc0584e60991	78ec240880193b2abbb1796d5e0678edf5e2ea8c6879209514e5b3393653e873	59eb32fe5181903bf8d91043ad3950382871d79c54f01ab1233519ff805b8c2b	32	32
f02d07de41e93fe5c5da248977be1351f15b281013854cb3d56049c4e79fd1d8	0091b31bab8c0b7a18b79ccaa7dd5f4bf5c0dbf144184e2f31b21d05cadffe9e	c88e645667fd4e682e6a6a119a8b1524c09d9fdb65e201facfda00545b269be0	64	64
f031ff3f91736b022870dcfba53a724c8cce99ef37ba4b706ac0c1da597983e3	33bf0152e2ecb0e3cd178b9303d92c33e56d265d5cc73585641acbf289d7f4f4	1645e099d3928226127eed54d001b242a4cb57465081f08efdd288ae050f9db1	64	64
f076bcd0928eaffa33abcb50aaf9d61c689f33188246387faea75c099c902398	f074436786115e7687ebb8beed9091e1b9b2a0388ce38736873525f1674e4148	1bff54df705ff02b2674282a7eeddce9a7f2db92a4fb2d3febd6a2c72a6c71e7	64	64
f07eb153496d9432df7906ecc5e20a79868a937c163fc5363279ce449759fb65	aebef7e859df369572b1e2b27e0c30c9e0e7c849de8888e331fc6d6ece9d9151	14d4e2a4c9fe4a23d4255f5b90c14a8ad1d860373b702550cb84a872a88e6c99	64	64
f0acfefdf5b12fc54175961b394f6a1f8e7a2e50c09a6d2b9d19404f296c3223	fd3a88b1a49db34aa9a848f8d0733991f03fdfd9274712d3b8439a4c06500644	48f91d214ae4e071298e215ae2bbb1a3f1241e17ffdf0c4214af9406aad965ba	64	64
f0ada49e9d08ef7af9466940c02e30b2d53ab66afc6061524406a6cad8f93a32	fc0644fc3ff0a45344b2c7df825cb324934a88d164a47d9cb06bb6b36c27234e	d2073d818a329d1c13bc419b9b81e30e20925c844a4d56c6d372ea46f25a1f14	16	16
f0af6e5c8d3ec97fecc0a841fc2e69b7d4edd4bdfe304b469229911ecbead4c7	9339b0dec59291519e45d0158a783c247fb4e1727baaeb8655cc6c143ef7c489	fa807d08bdcbd2ab0bd8a73a944afe87ee0ea464b6150e8f6643d96218fecb4e	64	64
f0c3e16963dbde9a697871b31c023ca73297813f7d68f76ebf4156c0ad43edd3	97cccf9abc5fae2390fcdc3e18aaeaf3b5cce01db8ffdef370eb4cd29045cf52	7609158f9e4758722a4cd356cc2a9f8084499e0ae169a220be74f6ee38642f91	256	256
f0cd4c0b8f9da6c4462a77b8f2316819b3ea6cc22803b81280955db7be911dff	a745c9a9b42bba96aeddf33ad339f4e32724befa0ad0269d2686ba0045defa5c	ae8637bef02f25422f316afcd1977edd364d3355e367cd68984c4e5ccc3d5bdb	64	64
f0e190e5168e9a6ed0bc0e978563544eefa9cfe189a463e791e8e2d0dc9ddea1	ae653f159a817d7a4dd63136bd2b44a6cc7ff78dd73488551f6d6410f0643f5c	9b4111dffcdf2d99f7ee00efe3aba72078247cb82a357bec2fe4da7cbccbc319	64	64
f0f33a9fd60a89ca553047264c78f7de1ffa3da833e677f51befea2725aac880	8cf3e4870314aaf256e5c24e9a7b5a4f05194e4504e1e97d371775f14db6634d	731dd18f5c5e2f8b99b85320476aa209894bebec266f31af478710a99c51fc1e	48	48
f0ff5e2d611775243ead1c3f4269f7aba3cde00abcd532615f4bb8c885376fda	ac8ed41f35da795097352c7b45c70049dc959c8820a233ab2824a920856ba780	151bfcd45c93363766f8952eef328fe1d0a239cf0a86fabc49d7d586649d587e	64	64
f109094de85594e00208dcf2b40670fc2e919a4909bae5b04e68513647bed4e4	99b4cf601249b4d31a6878123501806bde1f5a9b11ea16a5e395bd32fd06d6ce	2964127f26451cefa9825a45811c376773ffeb16d925463243cb1d427ac5e725	64	64
f1173a97b429c1be97c3e0c97a48e30daae7a045503dc9571b508d5cd7d73c41	fcb00e04a34d655cad0dc5ccab51d5116b9540ad7186984e355ec79772176fc0	471f63aa944a08e496bee3cc2d9025152e19e667592a155e03238a5f93727c66	32	32
f125ae7ee534fa3847458e7958ac6292ee95b8d16926eeafe5b230ee236d15ca	4e0661f3799a03cc83da3949e351ef199732d7923daa0267b1be011f90419b04	be1fb38edf5c410d6d5759c329daab78803be6cb77eda8fd4af1b646bcd9de0f	64	64
f1315e40af5b5757ebe98d7cc23dcb7306cc0678d4ceedf3b87c049218e7faab	bdb7ababd2dc1d038471fe9c563e092f57903f27dcba11ebdbab6e356fa716ad	050d53e407c55e015dfc908b39edaf69b4165ecf04ab493e8c01f9a61c4603bc	60	60
f13b1c35363b0371633e23231693b687d082eab348eed5d12be6f27001ac26da	538e1636d6a3c22dabfa05da24a1ea6bdc7f7b946441f97aff65d2fbc0156ec7	d48a02072d6feb767c341b7598a6bfdadc6f5e7097c5d09e7cb2a4c236de1387	32	32
f14793d84e8ada6a24494a086b8f1f22be3eb7a5e3f40c740becbf9ed1336371	ee120366a07cf63b1a03dc075b88015d0c04e7f364f919e82eb2270d7aada4e4	8e8fb06dc7826b74cf4ea4ee6ccc347c5d82014d521a9bf7e74120a613071252	64	32
f15a6a1828cc70c0eb1965458b4042f1fd32acc065eeabefc77c02a9e4869595	cca4a229a858240839e7ee8d4a52c43b87639b44cbc091ff9d982db9266cb0e5	29e1cf470218c1583b0d557eefd71539fad984d8759474163dba431b623f846f	64	64
f16a7a18878c907243869671843630a53fa388732936c90a729754be3a2c2fa0	738314368552b0997a381e35b68e2c81b1719c60124f43475a90a90d33f6d1de	f261ab2a5d2b6e6c1e3a39e6c48137d2bf247d86e59c71d3b82bed8f73d1a3ab	64	64
f16f090cc7326e0831307a99935c3801d07e21584935e0b5f614c2f7c01d05c7	0e0069ba8f3f525fb0795accb64f90f54543088698b685204cdc88e18a7cb51e	88c4baeb8edfcf682281250b57076fde286592286b4a510a48d75d7b3c1f7236	64	64
f17941080e2ba81dd778f626109d4f759e8d2baed39f7eddaccd4f4164fd862a	78ec240880193b2abbb1796d5e0678edf5e2ea8c6879209514e5b3393653e873	59eb32fe5181903bf8d91043ad3950382871d79c54f01ab1233519ff805b8c2b	32	32
f1a16fb5b49948bed8de6cb831faa20e5d1b30ba44f50da366fbbc9fb9706674	a741821eb297f9286bf2a734736dfb5cc4236f210e944805dcc3c7f7e7e63f3a	ae7c9d052106a86b9e9dd6ba6a8e91aa369d8221abd5fb6dc9501f0726e55a84	64	64
f1b8c42ceba6edffc2265c2cb5f92eaa0dd8723823e9c235050b10f43bf25bef	e0827bc2940e0c2e0a8cd9fb12f9f191052cf507e1e158a01d6d8504f5237991	076eb3cb60b346f6fbfd238cc7aeb445ddd77b386aa0d2dad56230879e1e939a	64	64
f1c65f2f86b83cd1e8742d271b986cdb8700f4342944441bf6a1afd1da91e33b	1342ba510db05baed59155e808e0a11c2e52a75a66ebb774b85a473f730e12e0	c9ff4df0ca9e7eaa2dda672027124b8b6b8f48b4bf995b568e60db575f28a760	64	64
f1c6bd8e939dcb5550337ae2892f9aee9d69910a1572508f67964b6ecb5f11fb	b3be9b032c8c7b9666364c26aa04bc0cc8df135bf1dce4e9b2b6fc154d967431	1644715aa214ebc012b04a2cadfa08a19f1303e957932d2b6589e566a4838597	64	64
f1d7455b29bb2617b5518e3b8386e03c50d4e9995d6623a07553792e43fd6a9d	84bb0948b4a49050ace8131fac92a4b947812bf2c2dae328a379a0d78e0fcb42	38b0ffcad70b43aa333751a3bc653c593603cba21acfbc60aca24da3618743e6	64	64
f1d873304aee2341e9c0bdc61184a8a2cfec0e4139e4e63def56332890464785	db18c9947679627401b4a20048d816ef07a57f0f3d4904625765ebdbcad260b0	5684978eb5ca9d3206b5ed4a28c61bf918ee1dbfe6a6118601f5e44b6c5ea805	64	64
f1e2a110e602ccfca65b764dc1e22675438f56ae8b731b8037cefc387e92b832	6382a161fc366bae9e94f129bc463b7651394e40abcae01d06f1204ca1da13b5	a3b98b399301a37373d2527fc03027e86c9b0156268382ca68abf640e2bef416	32	64
f1f2b6f84e644af28e092d63325bfb54cedca3c8f11b1fb42e50009ffe853ebf	63630050fbc63e957897d57b3fd5c900df5ba5029d17bfb13464b27631aaabb8	4b25c85837a958a6acf3e4d2ac46f1a61d2a271b64539159c48b85ac34e8cddd	64	64
f2046c46cb2c1892c967aa50096254c02fa9bb667af5d5075bff8b5ff7c184f9	3da28a3a6e78400af2a204047c2a285b423cbb94fe1c60684ab185473b4f2728	0f64ffcc75d1a7b38de8fe1b0175144a6b8f3b6e3fd6e46639e82d8dad4e5a53	64	64
f2051cbec8372e0877fb3b7f75273611c5d98964fedf8fc59eafc2a1d4bb329d	3a95279dd280a594aa084b2b5549d81562756809e4df14692a2ad1c49f817b22	06d03754217b529e3155fe3d9fc2d4661d637c138ca9b935ce1ddfeeaaa2d442	48	64
f216469356d445ce18b68d03737bd11fcc088bd74c76a0f6509b1820ba7d875e	7279a9ebc5f35e5c37afca591e1cc92acee1533f08790ed1082aa001a4680bd4	4b1585eedf6fcf1b025419f98c88bb3366c494ce0cb89f464a222b64624c4c0e	64	48
f265e396e1f69b81a925f12ee38c0849d97cd5f0341fbdc0228fe69a4eb985e3	e33a2f2cae6bcc04f0e6541ea96a1502bc7efd5847688baee8fe16fde43cb831	8ca0f5318b4bae98724247f254e8d437a80c6d861ca3d8ad6d724898f428648d	32	32
f2763e863b6862de50c77d5536e6f00c525e58d162ef104c465e0652a2fef656	fe09d93135a0cdfb540a73ed6bb6a285cc106843265e05a86b2f8dc4abc3b85d	e1f83f50daf6a5e86f3a4a0e6505b3de28abfc1730aebdca51b5417c5c734f49	64	64
f278c7fb4fcf1d544acbb4dfed0cf917991d67bc8f726f1361fef006db8fc69d	a6fde3b2ac20a7c2c0b60041518cf3b45ac402b7a83a8dfdec80b30abaab8662	def7b3a73c5deaa04cc08d9d53c62eeb338b8d0f299aceaeb7f0301a6ead10ac	60	60
f27f4834149a21fe6713a0eaf9ed29de80a5c7aa1574acfb92e82616fffa3869	53a2ed45b094913e1c33f1bd5ef65982ce29df809a8b11ea77541d3a5f717d2e	a6b6f992fb726781eaaae152b15a6cc18981632b61a319cba8a2ea2a82a20b99	40	40
f286bb1eb69f9e095eb2d25b666b9cb49bddb010bfa06c65c062f38a38bb2f00	d57a8d2de9d27abe68495a769061f99b001bd6f2be93656fe9bcca285314b3fa	17315527f507cdd84190f21a2fea61ef0f131c2b9c18b1c7eef89dc95b0e3f5d	64	64
f2993efbfcf5b5111dce7bb6c12356badd2222290f1eebfa63460ede912da1bf	024e399ae6ba3863a90014a08ef83d723d372e94a109c33d95cd4ab73f1347bd	65d25349c7bd960ce4215089493f2785dfbab87d6a803245dd8abae7414e02fb	32	64
f2aadf8dfdb05cccca9eaf44e494a801f9cd12240626213ef212209eb192281c	5f5d0e790e13ee4f8244cb457bdbb45f0678ed8734a19bf5b3d706ab70cb3e86	45393b05074442fb4dec17a57414f2ca872fcaa87af9c5a49faeb4f6024202f1	64	64
f2e18f90364d76f262c7e5a3e9de04ecd833443fd11bbb7aab86605416ccf113	74ea2163deef02f8e6280920bab487917dc3af6099eb5fbe6c670da82445b2dc	148ba04008a1c052a260e070dccb2796aa09ca40d1fd586d8021e4ad049dee00	64	64
f2e6574671812a207dce187a2aa0c63caac4717718a2767b96b1c9820c291582	33c0cf496ca88f903a011cfadeb3d811cf5ee978d5a082f0b2cacb65a8840eb0	1477f9445c53e12360c67ce63f21da8d1b57f5d2c7ebec10cad1ef7314621835	64	64
f2fce6bc40dcc9b4cdb6e03268d303e2818c9e327861b7e046a60b77f5d9c20d	2e9d2293c36798c71e8ae30ac6dacfecbbdf43ba1bbcd4f0d83084daab6e5b4d	7e2e748972c032f671ba25f0cbe77463cac180dd6b49124531ad49718993a41d	32	64
f30c53302005bb1e5df4558081c0ca446f829e9abd92625e38619c2cf4c6d163	0fdad7492471c30c067cd23ffe92be728b2dd7e21773da7bd6f29fc9b628280d	31e719eb9eccd9de3d7b74d500bc7ff838736125329f1a2202d7308a4d792154	64	64
f30cea288b394eb4c4750c72fd934265fde29768af5fe4bfc50ce7908052878a	520190e919e322f2e237f12783167212d3a78362671231b134f00e09ab42cbed	ece7fd744047eb4386d1ddfef1896c914319fbab766c65fe75effa9b9b925d66	256	256
f30ffa96e5107b5fd55da00f1ecd903f7879c0be1f354eae748bd30bfa34a5ba	25e0b77ab90592cc99bc33af0ed62bb7b3eb7e128c9520bc99cd6cd52f3225fa	2780fad731db4d56316b7ff6a62c492bbe5a13caabfddc07df765f66155021d9	64	64
f328413987ea243e0f69ddf11c20424d0b23cd161e1147029594635dad0d5469	a6e2e7a58c392a7c721b05560bd9f20904e7af3078b4ecf26044f7a41c98fdf0	2541bcd073a69132749f358409e1e79b3c9a9cd60a22056b15a18f463e6ae2da	24	48
f3285c0245a3e5c2074c0fe5d4ab98c200c3157164b31a7494160e3c411f9a97	62c263e0dbe713e17b80438272890737ba7315475531a42b94ee9ff72e0f2287	8a6fdcc85431052163fa35ded5323ffc789b7a365ec79b84e0127d483fc01358	64	64
f33c7a7fd4c93d5f4b72cebb5796c82a7f91e46b2eb3260565f6c50f5bd84bc9	b0c3aa9157c3f4e2995eeb73ae2ca1a4fc53cd5da5399099f59d1da9f6b89700	7760e421d3d9378b8cb0e9c7ac3295f8a08aec5630e831703d570532eaf97b2f	32	32
f33e953e8da58db2fa64a8762f7c559ff07440629f1f7eddbdd982a161638f4b	de30df2e951c02d039c9bd61d3eb43cfeaaecc028de0c6e649d13714893a90d4	98ae088e21bf59db8dd18a4390eb611686bcac77c640bf8f61c3b69a98238f47	64	48
f355967ab0f464340523226e87e13a60574a9075b649da7d64bcafe2ecc1e839	a209425befc24f9753ce07b33308687e7b07c9253b57f06b1e8b12feb985e588	7a45b082dd0b55a33affdaeca833a8e9e7adae1b2769d730dbc7f6d58e225d2d	64	64
f358aa75ba34b433ce685d0cbc44d7aca98e16c75cea17d9defc2078f4a8fd4a	543b68cdc9a376cc1b3c0f99742a2696288c78efe1e6aaeae5064707ea03bcfd	e25ed8227c7231a95e10a40784c02e8c85d4e59591fa9aeada0518f76083a2d1	64	64
f3605b94edfb34bf3bfc7bf2ef8681b018efc3efcc05e11549698887896b3751	ab85c8a545933aff26030859f136eee4a983725ca8cde72730b3231f297e65e2	6b9b5deb85225d5124a38b94df44d7a2eb44dd1bd1bf712f736c6831da95a73c	64	64
f361662035bf51aba25b351a8e44810880af46e15475b639ac427e692bf7e50f	127c985d633a1be957e10d311495d0e33dfcced5fd46efebc946e8edf16078cd	b3c8eca1e73b0b39f7bed1204cdd5f69586e3807352061f67ae4b239bbd09eaa	64	64
f3785717a87770847b854a55f438b23bd15ee89ac3c34caead8e2bcf57292858	bb409f010ca9f725ce52ad08ae55d40c9bb2ec44f15d47e638f7780d11c80b04	97e153f277e0b26f4b690e695077d94f04c380fdcbecfe7e771f300d7f780314	64	64
f3832d9a054dd765a12f375cfb5bea9ee03af05c82098426c8ea2b9f7fe6c3b1	fe09d93135a0cdfb540a73ed6bb6a285cc106843265e05a86b2f8dc4abc3b85d	e1f83f50daf6a5e86f3a4a0e6505b3de28abfc1730aebdca51b5417c5c734f49	64	64
f393bbd8cd6b7a45fd77cc81f69436c1b2c4530a8138dc3e487f9ed5ad650fd3	a66300d04077512b1d3bd8c45640adc1f8bd44f96eccde0ced809f3b11d3ee9f	c62af369d1c198501bac91c085b634307385f16e49243325f2e819c706791a90	48	32
f3a80b6f359489221e81def3552e11cd7979257e6ed607685ac78677b6cf7876	363d70047fd9297db01b170ee9f2e79b803a9f0f6d5e1b999797a7a6f4232948	05be916f345bb0d264954ab42ef6007d0ce07bc0947aba39313017be4e707c31	64	64
f3a9840129180d5dc27a6bd73544f7cce78e7544149e38cbc93de5564c487a1d	25e0b77ab90592cc99bc33af0ed62bb7b3eb7e128c9520bc99cd6cd52f3225fa	2780fad731db4d56316b7ff6a62c492bbe5a13caabfddc07df765f66155021d9	64	64
f3aa9084d2a0a5ee8eca2f8ea49e6728fccde0ddc8ed189b6bd137fe477d53a8	4490bcbc6e92eb0cf6ca91575ff1c93de2fa1c7eb2e5637b212f9814c2ca4277	9e4bace7907875abfbe176bba96bd1e4a0d24f04eaedb74fcf9e4e642005e25c	64	64
f3ae1cb7c62be0756f68dece353ecdc42dacd4f4d53af4ae328b84fe19da993b	73a391a9ffc63ac6f91df37e91b19169c23ea6d2427cfdb25be4d012446afd07	6fb4f9fc8547f3fe78936e571078f6c56f8172d186e6a7b437e066413684d7b7	64	64
f3ce844ec677b06322665b8fa08a13b141aa636610a890d6249cf96362ec9643	97270daa5ef1cd27a41fb26bedd1412392fcbadeb545b3a869bb4237251afba4	d9978da8c97325279fe50b28200aafd420d4418788a3fbf3e1899a4acf7044b9	32	32
f3d55c5eeac2d5d8694ef0f0e13a330d486f081cf6fb82d86bb998f0cc0f7a3c	5d1da4e4a179fb2ef5f1cff124820cde7ced99e80bc5ac49efbf4c8611f391ed	e2724e48ffbf8ab7be8b47f73d58c6a7577c93050996e878214062c79dc99f16	64	64
f3d6a6142850dcdfbbac96351a2914f5e43856db0315d852b0f472aac55c159f	b7f1bcee34199b6e85f4e7208be79d081d2dead8e4b8e51f06fedd1ea2568acb	ec8ccbce58552b35fbe31e09430c683f1b474dc54d5bb8894f3ae09793791a49	32	64
f3fd2c38f04b5b0c6f099acd1fe3047aa5faa2ac576867c3b65459af612f7327	697cbfda1a3feed4a48c9bffded7d759c504a5bf8d40adc336a1f03279dd793e	e0a600268e4e838cbb2d645ad9b64530a4ccac386ae25907aad6d9f68271b733	32	32
f4028798ee09d5aafd003ae59bf9194926d5823dd3a62ab4802d2247d233b5d8	ea26d38f233c3e122b9dc493bb912c3c33d32877de917f475cdf5ce6aee045dd	97209d1dbe069422318807283aa7a5e4d848d80c8c83f866277c2f7850bf6fad	64	64
f413cdf8bc41f9f1a14a50c8156baad746afab78334972972f4fa6c31c7ef0b5	69312e9b7a0fe24c6477e8987199dfbc4e75a8f73120854dc5be058617f3738f	bec5bafbc0f189be326109db49e5eb978ee5bc972e095a74844ae3700b0c559c	64	64
f4222d6479702a118131c44b35459b0706a626bca7318aa2a216f9324caaab3e	25e535d3c53530bb278c8c8f77d2f43c44a57e267240e0d665752e248a607a19	2115f564f3bc6c69497eda5bbfe969f77963a97765b2ea076d1dc0783e7f5f46	64	64
f4231bb7f30d87441999b55b8063c67795a4ec7f36fcdb6abcf5291ea34a39cf	937ee3586261d4dbf98cd1f78c3e03ed95c06e2b9ff596bde42e1e4351b718ad	25cf313ae754d00a6ed0e3faba97ca51714b84f3d5177eb229aed398822a34e6	40	40
f43084dedc467be2a3dfb36039fa9ace105cd65384e38917c7762db3428e722f	090624768930947e78cf24ea982ce5f0a43651fba7ba983243e300375073119a	c8cdac7286306c36256a5fbe5545909463732f4cde459a80c6dc447c5e27a905	64	64
f4334c3ae9a6ce8a08e2ea07bba9c31ac70764efee860e000e93efb0ae8da4e2	968d82d289a1827a6c98b011f314aad5717c84d7042a154ad057035aa57d4241	52e9bfb8537e91a3b4e7172681cc8019ea60ab1b2077f7cefebfd75c4b0f322b	64	64
f457679d52500be986d954ed0b8193b11c33d2a7f230d5113d95aa45e9515980	98372d6f7fd8c3989d08553524ce4dbe861d9f413cce07739901f1f950b07fd6	2f0cc5d1a1bf96d95c695d307706d05267979e58fe2f916573ed657bb8b094cf	32	32
f4605bf789f43c86efaf2beb6da6d247025b567d9d8baa1f712e8878c109ad5c	d3828a8ce5e76c4beda0428ad8faeaa49663ef5a55660de27df9b52cd42247ef	526dd5427d7042f7adb10fb2716d1e168430400357748c99b2b9c55850b5b75a	64	64
f477b89c6d4ad4cdba899a6fef863b1d702bc7206ca2ebea33830f524b4e94f3	3672ef5b7ffbf826e001b98cba0b8c51299ab86e613b0e952b2f93d671d83be8	49e14b12b288dc776e7242a4b4d401109d13ef999e5dae74ecb8e4fcffa35cf4	64	64
f4826059d1a0d5c8f343b7df2f959666993322e1c369b7c1b856e50c73b305ae	a088299c5113c4e982c94b313ed3d774af887e0c1f69356fdb99f9e4364f62d6	8ea530d041f20ab76c6b52fdab8785f3d2e4206cc8791b68530b980a028bf6d9	64	64
f486a2608f2711f62ee595fc434ff12da4377d13c7a8caa002da8b3c1ed02464	465a43f74535c4665799b9ed8e26a620980f50962689b8715b61864326321f41	78ca3bd670f0e5779e38c029915a7475d018a05fc397996341225e1ca5ddef94	32	32
f494923333129b2043154f0ef364a59fda6f92249473898359b9386862935793	16caf1261575258b27535502b05652c86c5e86af81c4e83d80f8971157ddd4d7	b64e560697a5935c69baa07b3b6ee62ff3df588b6a015cf949b4cc9e05c97cf7	64	64
f49e5d41dd1999c92110758b8d03b5982a9a3a6e7de307454486ebf0156c6b37	ac8ed41f35da795097352c7b45c70049dc959c8820a233ab2824a920856ba780	151bfcd45c93363766f8952eef328fe1d0a239cf0a86fabc49d7d586649d587e	64	64
f4a1a063094439b527682f87a01f320813b0340b08351d4105742a9fadb92d14	0a19b0e9a4264f18fdab18f70d1563f089363e273b2de7e2e2c8fc61821ab3c0	813a5d3e53e95e0fe65a5a618201521887f52975a53f5d77c9480df1e5b45258	64	64
f4aa286f536f5e725cc4294500569d42cfa4d545c3cd9b66c52d2b7a2c647522	5b5d150ef1b09132938bfadc4db7e62bc61f735fd1c811cf28102cb0ab4fdc1d	7563967fbac8362b2204b4184d5f07b9154b6726ce3b89538f20c74e8dd89d22	64	64
f4afa494d9962996ddf7c96267bbae8004439047bcd4fe070d40b3bac2674e5d	f1380c823ef116e04f20d88977e07ec61206102015fd1fb86b6d18c402a4a05b	1426cef57056f7a02fe7f99d102ef40095cdff7e4837dd37043f8703408ab6f5	64	64
f4b33377f0a2a1deb3a050fd5ef72858c5422c3346f34a1ee0b17153bf57bb08	cf6465f6376d1fb15338e0e643848d954d30ab3a30889c022ff59ae85a8bf5e1	c8cfcf9760b49f14a49878b25f44962d589d83b54d60c47bb67b8c90b45cbeba	32	8
f4b770de56de1eed4505b2a33f7ce0a2a92f26be5b524127b480238dc98645e3	40da79d737cd67ae10d789af4f1156bfaa2911382e7c67b780cffaf911162a2f	35ccc7d5453d7e5321335e820a60854b40fb1fc75cc67f23344e9d11b4dc82f3	64	64
f4bf1951f5bc6858707a3fc104982f4e8564c97155649b2ed4d38a4f55ebaa5f	4ca1533fd44b4d43e9a809547eea308cfbc6d8795ec6a798b76e28ced36874c1	1cc285860599d1cd9fb87aeabf6ded7599269d05faddd8d93bbb8a6bffa9d31d	64	64
f4dbc2655b374e386ec36da9c63469aceb1b7ad617f358c7135999303d26392d	03d275acbed15eeb22dae5417051e09b95168374f5c7569e93a93b50d17a2e54	05619b94e234fdfa047821bc6a5e1ffbc44214ca8f4258c6bc73c86c912e7494	64	64
f50227a3321fad3ac60dfbc4e0ceafe9c48b0d0ea63b173b794e8121f241c7a5	0f87dc702e75b39c7c9f96d6986cbf4bff0be9f6903e8ac9318a6e7f336cec5c	2c02130000aa9352e9542cdfe91eb5922d3faad98a826967232bd33c00d8518a	64	64
f51154d20d5d8c609bac69c6ebeb3e5251b72c5e3a91a9734d01affa3666c87b	40da79d737cd67ae10d789af4f1156bfaa2911382e7c67b780cffaf911162a2f	35ccc7d5453d7e5321335e820a60854b40fb1fc75cc67f23344e9d11b4dc82f3	64	64
f533ffb7235792ce2278a3b51dedf669d2d00fc21c5a119675348afc46781e90	695a0252bd4ffe837256044b257b2482b64d1cc1e674a0f8487f812c2af4266d	0f7bb2fbafd11beb1a58a141f97f3c56d84cde13c7a1ab529d49f9ba6fd7858a	64	64
f540fb414a4da5f26989f876f50244a1579e4d0f98b4952590418d0f88de3216	184e12d2fd35477f5a7183e4c03de13c0524ffff1da4acbb11d8f48fde6c116e	60e6b5a80ec1d0efbe17e44e5144fe7f14fb66ec10a85aa5f35ffd888f7a320b	60	60
f55e95e147045458b8e3d4a38cf044bab49263bcb1f088d63b7f2cde1f267650	187589a0ae86e3e18868b1b908203101acea2bcdbc0f6483efa672bb405441c8	519b4aa3a70f29dc2ca9639d38c1eafe8f7324ac08a37fdcdf226704b155dae2	64	64
f55eaf465e817e693ff8d353fd1377f8822968d00e69b7e41a9215b1ac568641	a1281d7938036b8273d0676383bc720600195f03b29cdc596f3ac0dac03e38af	20821d0b0634a51e9db73296dd87cd77f0e7585cfee65c46771b639b646bdbca	32	32
f579e89826ce15de61e75f8c4f44b8e3f4d469f759a44fcfdb720ffa66ae0f32	b27f1d4416b5f2e825d96f30ff074311befae814b95765b90b889cf4d9818495	525757cf7ada310262e1aa34da264562310aea1300bb2766fd44c5fb94640865	64	64
f584ea1a3e1bda8c5e3de113ee3c18b416dfeb5ca6ee8d869cecb8498b2509b3	69c91f694add996f7868fcde0733542720b3947f62b01401ab5a9cf72cd7a009	da5d4ab98e645ec4876d7298e6c5acfa5136d442b0c1105dd837fd7603fb83d7	64	64
f5932f0ed7b3ff36697847f28e0af83c7f49fee62ec0a45bdc6f7765d5f09a94	b0490ed73a6e09cf8651fa5d9092b916128e597ee8b39d713ffbdea84f360d91	92ee81ce380518229dc55f2fbeeee3a4bc970a97471b27d0c43c6d2c61fe0498	64	64
f59f2b92f54cc00e1dfd62e657ddaae094aa444cd72fd2bea5771587446b9f9a	f5cb3eb24181e28491e28da46482762abf1bbf9bc97cfaa749a7b2c4655c4901	acf548744b89fc028affe4fe678220433c8731f9eff0d741012d6f1391f8786a	64	64
f5ab867df9c34dccc68229daff8a6461ebb931c73af787148495c278a5f22cfd	75fcf3ce8826a00988b1cce91ebfb7ac0a62726765d5913756446f6322ae70f2	2f657488448cc45006dc25d98124c6c41fdfc877439e9e0c17c626a90dc9c9c5	64	64
f5cf06e9686aacf3aee13d2e0d13c2ec8f2476d3364f726571a17a6d1b779158	1c8a8ac3c592f233ad9d33e93e39961fd8f4ac4822fdf9b87c6ead8770d36d80	b12a2b465a863c7a8df32d9f3e15ae4e70700194cb3a99f9deaf8c64b583e186	64	64
f5d8f7a6e1e8351d2466c2973a16ed9c03b928fe60162053f6eaf007280c08de	22dbc22ee1d111eab9f8ef2f2642e138de2e5608db41edfbc34f9a80977a092d	a8957ef259872cdef937445ebf4a6edcaa26bfce3e63f6b736f649b93cfde047	64	64
f5e9be69ad312a39baedb4ba2833f046ca6d461a6ee5972c53bcaa22cbde307f	52ad795c6e1a58f57e633741bc8da45d6705c9234d394ea29a3638a7e570c8b4	914851999bcf813dde1b79088dab26225cb8f3d54a809b05929d7a869bb76d3c	64	64
f61bce93acc9cbb982720885a6ee495022157ad68b1e9c190f4564cffd2bd797	cca079602d9853087489220b07bd8b868abaa6e185418a40946a6e648335375d	e108370df95c25908f8c9beda3bd0da3b9635486ce44584112c836ad8247dd09	64	64
f66e23a8665e8806fe9e82802cb232f6436999c42651224a05ff29c2c634c0b8	5494d8ff0a5624465f16e49b8ced30975ba11162abc629c03a7cae27cc1570d6	94b37093e58ade00664f37078d228b5d2c4cd73a4df298bde83b66fccf0a4471	64	64
f677b942e6fa14532c28aadabdc016a8e4b27f17d3204219859ff8a93f825369	c6f7a5677ced81acc9d64f1cb2082391c639d640c9d852eeba1d4c059b8f1465	4f62923b9da9c3ab88a6ae75736ee128cd9ab5cfdf73de8aca3cc2f0561877e4	64	64
f682f97b49903cc186f6b62f31d9f940e60b17c549009f6e80d34fdf4ec0d2fb	47a3eaef01319c691291443ce79355cfee814a08f4995f293cf1cfbf20426770	3024d3218f7dcea017e876f600bcd3b7cb0794b5a4ae27e79dd19f2e2d079b7e	32	64
f6871352d9b28e85479f8fa5436f0a6b43fe428234b4e658e211403946786c3a	b7f1bcee34199b6e85f4e7208be79d081d2dead8e4b8e51f06fedd1ea2568acb	ec8ccbce58552b35fbe31e09430c683f1b474dc54d5bb8894f3ae09793791a49	32	64
f6a7b3f6c17ae80db2cbec4d41c67c164b8cfe01402e8a7516e0e3ed33405e49	1329f0be0a7f176ab57f415454e2c0bc18e31d358b5c4965a5ea523cd9cb7449	ceeab9331bb3b37072a897f64bf43ba2fbe6be7f811115ece4030220f3b6f221	32	64
f6b7494c89bf8fa36618fb516cb98b2ed291fd02effe8a114dc5e56aad5e5a15	48142f2f2778a91b500afececa78c4cd79dd8b14964cfc095761b1424b81cb2b	5a983913605bb1bf19cf7f53fb599c02349fdc4c269b09a2a65c942c02829c6d	32	64
f6c0ff67cb572cc54520d8b19d803997d6e1c519d77ae6f398a96543f5a9993c	090624768930947e78cf24ea982ce5f0a43651fba7ba983243e300375073119a	c8cdac7286306c36256a5fbe5545909463732f4cde459a80c6dc447c5e27a905	64	64
f6c223955f1633e2bd4462a3627bfc3a4bc2af689ca022d721cb5c73115f7866	b41c09d506fcb2dc8feedfcf166b5ccecbaea9c5f29c349f8fdb9a7ffd4f6d56	f509de2973008639366d2aa81fc378392ed61919d69386f5c4168db520ee90de	32	64
f6c4bfb4ca87c0b5abbd3e0a47f98d2ed225f3d1ba8c545863bd96066b909623	4e0c67c0e575574f78498b531ce846d2806bc1563476421e4fbdd37a68e30868	8e515723bd036f19ba3e742165f0df9290a912ef1b281bfe5d4db982cd67b4e5	64	64
f6cc6a1509a3424d529ee2a63bcaed4b419a9c63f59ccafa23633d26df490924	ca6f3e619b897226cd8da3429c84192a0bf67f0cbe1e3e79ed8679edf58ceafd	d4d40faa2e58f63e27efdccb5cd1b96405d6cacceead9255eff84c0146f0b739	64	64
f6d59eed60ebbbe4c490c0209cf068452cdf22fd6e7d9855e3dda8b2d3c6d8e0	d837759fa4b225c9ae8ad16e9f452ecf95787816849c88897dd8ce29755d1772	11bb4b9e6e1f4e7d690dca8e057816f92d6eda171a761f970832021271d62a02	64	64
f6e06e8937a2f891544e733616752a9571ac3e9bf546e187965435b5f1a557d1	2222454e0b8137808b1cb26da9734ed2397fe4f3b3b7b1e464595eefd9757fd9	748a4f20694709cf697931bcccf99a814f3620e110fc448595944c7e4b399865	64	48
f6f0891b8b5fc74a481426ebaf26b68087cba3ae33a5394905b5e8a7aaeb9849	1a1849bd424a9d6961ce8c5871f2392b514e0ce1b195504b13d13d5ccca455fd	6f91202aba840754b6a540e453ce3dd0fa97772abe586e9d592df137c97a778b	64	64
f6fb0883e87f9313ca087117e984475d2ce17e60346f424c83597fb05b02a486	b8eada978193a88f6544f8116091dc1bd6d8e70c7377772ed40263d2c344afc8	4afe5520c55bca1ff726d8b8edb19930ddfd171ccd03732460268599c5ecdec9	64	64
f6fc38122edf5754fac04dac2534b43e07b9c2e293e6659339f889ef7fbfc828	372480c61364fe9cab5708ebcc25b8b5fad120b765512b1b58fa64fdae0cc29f	7864078010996efffd066e584996e4d36e96a8f44f2bf71dd501d42df16ba023	32	32
f708e887a2ad8b55fb63b38b3b4bb627a46850ba503e7022a764715ee5bdcc77	efa4921ec9c55a3923feded78c607a52f0e81340aa7bfafb344ece5e8f51d30f	6916dc50e36c3711451a41e7e01bb98f0c1ea253cdd033154fba8468c0583dbf	64	64
f709db711103353056eda57f5006e55186be46c40d2bff64f4e98192e12cb1cf	872d9fc819cf521ae2519717d5ac2f97df23cfc869a3101db96acef27388b58b	b812a2ffcfd0f2eccf3cb0ded2610e30ee7172d7c751b79350d545cedb6aa0fa	48	64
f710d5e376a0c341b4c541eaf9d8dd543f0e8253cdfcb8ad8d79bff584a56724	f7c539ccf27bf26f981ced80bc55eaed78ddf84be8dbcc568988cd02ffb10caf	474815b5d25fcadf0cbd9d55a9e75d4d0dc3de1b909429d263da6f2e3cbe889e	64	64
f71419ef514eeebdde84d303fa77cc93d841b3564417d44eb1471b0baf268034	416db8e85d010ce236fc00c53c98c214aae7880c1d677e7d50a35010ac43280a	fbaafe7bced3f2938330872d298e720a92a14533f11a45e464f1875e54484354	64	64
f71c21371216141b07bec46dbb42fcb93b116420e7c540fb5e803e826ec1937b	1c414befeac1035908d1833764503fd25ca6cd15128e8870ab1902c3146b3da3	e17c26369f7419054969f6e9bebe75975b94eac2760e07570b215f1e026f05cb	64	64
f727d40f921a52d373ace48613e57c151a43d1f44d664629acc3e3e48a3a4948	c0ed04eb2174ce00a0f76fa23092841d5a26de932d286757a8ff2a731603e936	92fae7ad4faf157a7ad858d53d4073f2e197c82ade3908e0ae476dca3ed14363	32	64
f72fb176918eec7e12ac88e48de9327f351b3cc82176efe9a7c7cd45525eeadd	ff55ad3ec9a9c14be6993b7d6dbaa5b7e7c6a34ecb16e4103234e56640008e8d	344ec6a6b505586c3f8ec46f0d954f90b745822195f9a37526ce1d530eee3caa	64	64
f72fe3c7af654b7e86a43d12b482756494a2f4742b5441e27a10445582bedc43	b590b5a2f77e66db6c8aba732d1796d4ae929ac6b45223fae1cc839007990ca8	7074e981771ed2b58ea046fbb52471c80ed99ca498288977f3b6b67bb1f5b2ff	64	64
f734cfe22159b6a5a60dd5efe83b333bafec01d612d69fc158df0f6dd6e6a426	c05fa6b6ae70d35f5c87820f29056054334348e7602a40281535a3b9291d9c8c	dce923d10d393faea45a240470285917bc577ce7d1b67fb101c8cefba5e89682	64	64
f73c00a3721720f5831471de3802f0f643a121c9331ba3c87f34670579605a89	dadff1191c55d19f23daa9d9dbd82854c354e93ddc49cc168a6ae91ec7648509	7a3108a2ed6e03c3e63e61e3ee4a28f2f8fc59b64e52e7128faf7f8133f17eaa	64	64
f73ec07143b2c600e3de131824436dc9f6bb00168c687bbc947f6ec42aa095be	cddfa0292c099fe884cdc729ec230eb94bd8c1ce868f9fa297ba26de94ea8f77	d01841b4076eba7db4a0d41aee71677e6b5497a717d0a866de5faa0f79d8d07a	64	32
f7419fbbd639523456760ac5798620fd149bd5612f4dcb2ac59e02a7944c4499	49c7e8f111c4a36e2ae6f1d9d158cae80428b47b4a9b636e99b48e14e7812b36	2cbfb1e795d1ffe89dac7e3bc459c56539963694485f0c0366f2564840a9662b	64	64
f755eb8f2a498a51f90cf89df1d79f6b07ba1569002a8fafa8f8fb8172cd792b	f42b9856eaa2a713bf7d0a3d48d63728f9bd83fa6569c541dcbf01f6e9c7eaa7	a07a51a024f638f062e1b47ad68d546ce776a8686b8ded42abfb385401108e25	64	16
f765e28cee45a1391ba94b3f6d6e08947f842b0824aab48d045e06ee850da8d6	d567a878474404b4461628309c656842e4d8ade70a8af0e67d3d8a51dc9bdd0a	01643a5a19a4e3911e5dae7c3f71e5d4c800f8def227966ae2268bd974451733	64	64
f786d33c67a37436f6c1208405245f76224aee56b3d4ddaa6189567c20edc15e	435365491440360f6c381ae090d75b931db9f1a431b7f081393cf195992b70f4	51cf23acd1c989d11776590b867cb990af501026f09dc09406bd0d5e29b3e7fa	32	32
f78f30e08a2263d7b724c229ecad4e96a6aa46f58f0d237acd695064cc0843cf	edca59a2405ab0c4c7537ab669152b5cb480a622cbb600d90137b05c9c9b9be4	ac7511c191249e03dd9a964683374a77e7c82cfa9f34ba91efccddee9b5b8a21	48	64
f799739582b9419d99d918efe80fe8759b334e6934e7f54522ddae2a3ce9046f	b18fc65e65ebd388101bd90bb5f48a4f8c99c01f69f25739f04b76be0e351700	e80af6413b2c89a2f43d2dcb56e42d8a3d4f186280af53b9a6bbe02fc62b0fe6	64	64
f7a01a7c6eece4624fd33686d43f47eec1866304fd4cfba78c11d1920b448d49	6f8d8428afcae3adeef67a00776e55e759c41d711483959578c67217efbcf0bf	cd7da6f8e8909cbca5bc4f9d34f6a8a5542a045a9961eabbd544360e8237a8fb	64	64
f7c2a23e0548a1f16a7ed423b9e2358714e4e35635a5d105271c1d82ea53c940	e71e9abf4cb83a05f4ce938b20c5ad912e2c42b75dccca52c9fc7f4102743091	da5d4ab98e645ec4876d7298e6c5acfa5136d442b0c1105dd837fd7603fb83d7	64	64
f7d20ff07bcc147d1cd90faf253de1f0eec4695e3a703b698059140b122598ff	fcf5f49759a056a6f03e42102c31d3e838560658e3fd25492f0561a01a481518	1ed44df7c49ccf241df0a47ee5e4fa807122da97e18401c9e5d533835ae742b4	128	64
f7d3e184840f6f10d3604cb2bf20fc08152ceeabaf02719a266fcaa0ce002124	e71e9abf4cb83a05f4ce938b20c5ad912e2c42b75dccca52c9fc7f4102743091	da5d4ab98e645ec4876d7298e6c5acfa5136d442b0c1105dd837fd7603fb83d7	64	64
f7df578b7ef888db15c9706bc7f5a27ed18d58feb7407090637acb90c0a28904	0a19b0e9a4264f18fdab18f70d1563f089363e273b2de7e2e2c8fc61821ab3c0	813a5d3e53e95e0fe65a5a618201521887f52975a53f5d77c9480df1e5b45258	64	64
f7e8a36af2db72505c0f69acea2c1eda95ef08f7b290ab32ba1aa61fea7d0f75	e9e22c71700ca2aadddefb2afcc063ff729dd5d17360ae3656578b072e8f1ecc	90418d4cd2cfa3ab81cd8b33d36686394dda3a6e19450b838577ab9d669c035c	64	64
f7ea0f2db9659c672d3211e20c37f40e2c836cb8e048a23ae69b60975244f07b	1becf669e3a8c4e569458492f5c13b9c9a0e27783fdfa8a614069fbaf453126c	770667d5da37718cc37ae18b0d807820a5b821d8b507fc2efb0314581a673521	32	64
f7f24b10e49d1662eac5797237ae52c3d7f686f02933505075f6a19205f7f1b2	c384f02cf80c60de9ac9fdae0b1ee1c7752c4e5d7e12dbcfee1d652d8985ddd8	faf57255bf5b8fb7157aa89b187fbc5fb93e4c33f7726d07580d284e1170265b	64	64
f7f93acb6c877027647c71371ebab7931fc27f7092a4d85294fc4e97d96f659d	69296dcd2ca8924b35c9afe6bedebc7333a923a16ff3ad0216d50b8f8a46fde5	2a729a61f3941278ae94cfb3a83187607d5f211dbe39fd459b4d86fb6e2cd7df	32	32
f81157770dbfa7cb71928d70989afdac30c9f0d8ac1ce426f76ff17bda9f5508	b23a341c1593873982d1bb72fadbe373bfa54ead296900a172f527002fb71dc0	5aafb70504cf79aa1e83179069b37228d21ed1640cc705c77971d151dc2978e3	32	32
f8137fa8f7ee4008eb2c440f573871a0f732b3c729702b0c6299414d1d241ff2	1ca6f78b32f71ed794815e7fae716df8ef00f00d7fb6f8572c254bd9a881dde1	8908ffe7d353dae94e5e00d13c98554d37c274f625c74a0db4432645cda7ff41	64	64
f82126d80ef735e4a0be2d162f6481d32356fd13e7b58b7f50665a9fa3b7083a	fbe42e351eb878e1318759bdb32dcaffeecf63674e4440fbecce9211b22d273f	338f927c3ec0ef7490ea3203a2be95aa42e71ec96fd42d326896469f42c56d72	64	64
f82613c78ce6be68c393371e781984bb557bc961740f5d03cc8d893e402434c3	b8c78abcf289776b51c22a09a9b64f1d0d084566c8dbaea81ea1b6dbaa8361d4	dc7977e38c7e8ac6d868ee6b0230499e3ed3791fee0c6e060f48265d2c68d664	64	64
f83c2902877fb75537dadec7e96d140d051625ef7bc6a64672ba0995658df093	518eebee905d74f0c14b7c35610bb78f70af2776b751f29e013e37687428145f	eba4b6c6dbb60a8192faefde46a3184734fc55c9589b4167ef573adf80e4fe1c	64	64
f84403da848260cd5b72b0a2394c78a738555c75ecebccaae97f68b9c6046e23	4c04beff4a836b8891343de32500938e1a033d7c6f76d9d8ad8f9200b25cef8a	cc0ea718472c63423cd280ff6e0a48efb6fa4693220a4ed53447a00731970d1b	64	64
f845eeaa908778804d0d7f158fa0a20540ac469005c24a5847e57ceb5cb250dd	f2981a5533b81f9a33a79a5b41ccdfcaa613aa2e39b05eb5f5cbebafb3163983	3c8cd3d621411cf0863fe9d9e1c8395010766ccc13231fca7ed5717e9d0d631d	64	64
f84db94c906baf3cf192c4fbb0021ec851ec0a949b7bceba9558c027326cfbd7	ac8ed41f35da795097352c7b45c70049dc959c8820a233ab2824a920856ba780	151bfcd45c93363766f8952eef328fe1d0a239cf0a86fabc49d7d586649d587e	64	64
f85beca67442a15d08198d5cd7ed47e13bbc8494081227f58248a6c665873941	57292347fc94718fcfbbbe201bddab936e2b1cb7414cff681680f47d4f437c9f	acf548744b89fc028affe4fe678220433c8731f9eff0d741012d6f1391f8786a	64	64
f85f9c6d39f7b245e9647862c1efe55f446633e1ab167b9d274f70e0795c91c1	c1d9a48cb40784aea94ae113006f1b3b0ba06dd8cdb4b54fa6a96de608b0b0c9	11250eb48f0afe83787b5ea32337b595ae5ad0dd4304ca29a8407502ce89598c	32	64
f864c1efb1785df01c7d075b6eff16f19a9a5e3c9aa13ec9025a64fc2c52636e	eaa1ac2bad51a0dddb7d33b50432ee1627531e2f4f74a95109276ca861afab85	155d24d2aee375f561649972963761752f0f70cdd54470b1622cad306413d114	64	64
f86905dfdbe258d615d88169155a933a960feecf4ab418c75a1c9c5b26a34224	156b4ba71754ab2396bb08b38b8f38d2edd69a6c2b5498b5d7601b4420a69975	ea3c2b3a232c693b991c05c44b860264484fe744e0656d1abe33016b0b9b7f42	8	8
f86c858a18af04783ad1407c9c4636f78a4a036357f53ab7531aa658f124953f	baebfd2a57fb0f85261f962544341fae56d3c83d2404e5da0804b7201104ae24	2d39124dacc1b9d87c9167f6fbf96994f0e449f439c4e4c722549b6be1454929	64	64
f87a2a2004519fa15ab0965a1532b7360054b78f713f44a640a595d8d47a517f	5a012d373d9b5e352f1ac0020250d8db16459ab9995f45c3bc031e2234dd3709	f7d4f2697a00bd6073820a7735b0a0475379df23e5aff9365bb195ffb1b2f53d	16	44
f88110374538679de9542f5bdac21b7375b203a9398249210dc637138d4b8b25	00c178d208a366084d3e5bdb68d25cf779670c382bba3551f2ad827880dc51d5	9a37c2412d3596cb01e515896a6a7b4a6fdb101764bce00389c1591287b2e458	32	32
f8841d8664b514cd96ae3a508336e55198b322b7864330ee55fe48d6ff4969ea	711f0d509f43ee9b589eb4e4a942ab8c3784ee6ecf551f005ce9e0bb07f5127d	b18ea10fd043c62dfe531291261c02998d62ace10a30e2103367bed0f0d7be94	64	64
f8a91d0c292f9955617a9e5997cc32b8d3115f6615c2275f779182541085b3b9	876838e81674ab7697de291df0123fba0cf90d098650d26b6027238384ff4f09	d9078d02e0d38df81c534712f1743a6ef1f4717a1028c668b31943fa130c6b1e	64	64
f8ab1b7f0f9cafaeb92582f9030a1df16ac2ab65f073102df2e85cf9bbab8e8f	f826ea4b35caa620ac2a62a44bcce09da6dd5af49fbedbc36cffcfe4b470ba09	18207692c9a0fd5f86e2b44b0189ed4078717ee9dfd4c2cf077d60c29a04aa7c	64	64
f8c13d1fe6a8563d15cb86de3ca2f705c4270764237aebb8fa75c8ad850e7739	133f74ebf3bf8a7557f7d204fb06a2485837a964238cd7762742b4856cc05d78	70c3970f9503787be377f61320e861ca0131a6d00c61907942201beda3c0342e	64	64
f8c6bee67c69e4f2a5a327bb0103e45e75c72bed07ac8901500e34965b26968f	3b904878fcca682aff7664886c10daea3edd4ec6f89993a9b86b505a827050ab	ac809e762cdc26f991e6296be93d82219cb03344b25f821645661593b2fed4bd	64	64
f8d0ca06f9eaee8b4bdeab3f0a7313f552f8980dcaf4afd75c805b683f7cce40	9ec9eb5e21416d9f53408bd5439c14dae2592b3c1d34d384cfb19c17638f066b	e058d95fc81ac0d03c4d129a368787414288a233f7acaf1c2579d06acc609177	64	64
f8e4df26e4b189b416b38b9c0eca4da77e355adbcb54e175a00458cd4eace8f7	f42fe8a441552e7d4db95bdef522109bde82e102cda83708bcc71b73e637de76	66ab4aa4d34408179253ae7756631c855c2935897175b1bf44bd7e08d0bbb849	64	64
f8ee27692e69dcb05fe5da858ee30e664de78b7581f51ac1f74eedb4c6474871	d007377e0b9e0ba13b05a1634e8c0570c8fa9cde5cc6312ba36233a13ec9a234	7b76765e4883a7d87b64ac82b6360509697a001efc8e196bb89a12f30b87bc87	256	256
f9242ca24858fb93b604dfba2b54cf7de2c339abf48be14ab0b93c4ff8f5e882	9e35afa9a2188ba7af646dc1d2ef09e0508e5ea5ff5293880f19574ff20c4e3a	b4cfd807feba9aa3e1a6ab9f73dc96db99cbc538e5c72ec30268fe4e040f1861	64	64
f925b8237a35486a9dc4606d58dbec9962c8c37a2eb2673645dae239ae8c216c	7ad7fe702141094d295cebc31dc08c5e60f09851804ad8ca4476f64cac7c9519	66771e8319e70d9b0147626b377fc348b768a0abe904ff0f3a76872271622746	8	8
f92bb4bf618409ad514fa58a26c093a00ea8edde4f28d52505e514e8d405d965	40da79d737cd67ae10d789af4f1156bfaa2911382e7c67b780cffaf911162a2f	35ccc7d5453d7e5321335e820a60854b40fb1fc75cc67f23344e9d11b4dc82f3	64	64
f92dc89c77ea9d9ed4a0e66fb1ed2de6452318dac1a008a534d97e0575166241	1fc9892368e756ff9d4667afd704ad083455a7ad733be180ae30ea835ee704ed	092f9cae61303cf52566535be0aac7aa0705fd88d9eec5b125d91e992ff0faf0	64	64
f9420bbffefbd2f4f1f407ec85002de3887d430024fbb8410232a64f8b6b9d7f	fcb00e04a34d655cad0dc5ccab51d5116b9540ad7186984e355ec79772176fc0	471f63aa944a08e496bee3cc2d9025152e19e667592a155e03238a5f93727c66	32	32
f94a4d9503becb632d599efa1eae0a2d94ade6181ddf5054109b459fb2d32ce0	0f87dc702e75b39c7c9f96d6986cbf4bff0be9f6903e8ac9318a6e7f336cec5c	2c02130000aa9352e9542cdfe91eb5922d3faad98a826967232bd33c00d8518a	64	64
f9601e138f4362b8a8e344b0eefb76ff92034e50081ce8c29ecae1c5a4e402c4	d2bbd082c6f417cb3572bc8f278f2042b118c3f3060800f3f7123c015e8c31e6	6c411e8614f99a6b58f9b3d1ce868ba18a68b27ae88ed6dd4722dd158be7a178	32	32
f976aa3a78dd4e556abfd4509148b266e6b9dd3d09917c8c1055acffeab5e2dd	e71e9abf4cb83a05f4ce938b20c5ad912e2c42b75dccca52c9fc7f4102743091	da5d4ab98e645ec4876d7298e6c5acfa5136d442b0c1105dd837fd7603fb83d7	64	64
f98a9ca2e1d2161b583dc6db5577f6093fb52fd2dde4c33c843bce25aab952cb	ea26d38f233c3e122b9dc493bb912c3c33d32877de917f475cdf5ce6aee045dd	97209d1dbe069422318807283aa7a5e4d848d80c8c83f866277c2f7850bf6fad	64	64
f98c71784c4ad44c8e3942593ec7e1193e9ed54242e2790712f8c4a3ecd29ee1	527971de6e613ffdfe7ffa4bcdcd504a3fe1aee2245d1e4cefe8102eff0b9249	8514aba4e088b691d0770376a9bd4e965411334761f52650792980782a646251	64	64
f997d4849c656da5f6eb99997934c83718f5a6663977e8c480844a0e43a24c15	a5f65c88ad23ac3963cdaa77dc5164c3f32365ac7fcaa65bf65b46f6f0cdb529	8ab7c095289fd7273f7b326a13cd53b00565e9d8b0daa9cd1a7eff12bc25b558	64	64
f9a1eec72514bb174513eec3b7bef1e9443c96c85f97ad7073dab95f1febd1d6	c67a3cf7c9f402db57e8bde858920e260aebf1d9a2808da824c0d94efde129a8	c1c0e855c2caaf7a272d2c83a017553f9ef2b921cda900043bf62113f2faed8b	64	64
f9ac80e4deeeb357046b3517f83aca931a7512cd5a65afc00558efaf5cb33231	a6f4786f75ec9bdb73b52537025c5c057fea528f5f7a18a74d259354bfbfb00a	d75157748f952ea3c510fdfe7b1e92e9124a544cba574780b854cf64b607a21b	64	64
f9af413dc2ba8c2a00ed9998f4fd4198eeb03b014b5c05640f328f6ab530913c	7e583aa1a5887ffa80067ad17faa6041a589a888e206683b6a7721aa202d75d3	bcc60a46445e503056b12fab355dd985f4d65fcf8686ffa4943369b5996b8188	64	64
f9b5051656db9bda36b1214ec264cab89f4b2d27c4d3b3fd6d74c05684d8948f	36b6dd5c33da4766e3fcab518aca08fca1374368c1b612cadb0dc4816a615d49	e19ed026cbfebdf0ca51dbd1f815b2dbc082c0dbdb9561cacde501367db31406	64	48
f9ba94321af7980686bed74c10b37a93a51f5b66bd543f9019370c9600b686cc	2780dcec0df57dfad832809249c90355df036046c0ecb55eea9415a50ddc3626	6852f07b48786ecbcf90a42a607dce5272657d8e48a8b5c8350b0da3082db295	32	64
f9bea820a500253c68a12ee0f3e663fbd3f11f459e2ab593d6f88d2766e1bcb9	c043cde99cb4c325e38434d7dca7fdede73dd6ed35c93cab95279a8e067017bf	7f2a891a717dadb61850938fee7ddcbc2ce4473489161ca8d2ac50fa57d7e06f	64	64
f9c61fcdfb1c3ed84f09791874e6d9f3035b1fb180fd8f675ae8922074a6879a	39c8f5b0dad0fb689cc49242aab044198379ea92f4c95346f112addaa6c8da84	98fca620dbb8ea2ab9c3394ab107d46659d930a429f1eeb6729f89d704146e3f	32	32
f9d5f1496250d42ba8d461f5d3db50c8b9008f6de72c3005fa599f0308ca723c	45b561e6ef517c84f6b27302f2cdf9707677ca48b23e3ae911038a858cb288f1	35ff68291d19ad2eaf111ab9a297f45e8121a414cec7f1437e4e5143afc36877	64	32
f9d63d84ec810eb4a161d3d95cec6ee6039a64f7d22a4245aa06bdeacc56717b	864e6ba962270638f57c567dcbbd8b2c353933cf8768c54929f16ddb6812b326	f2bd2c8dd9882174b599559ea0c0d799135f5b9e5f47bc7a9fdc468ab213f980	64	64
f9e02f12c0a1a77948b4e72d6aaffca81b41eae2a003b423d51692f5f44b4c5b	717fd40c17704fbe6f2991b844dd8079780eeb0c82ca13b3bb4015d4e20048c8	2f74c3704c683ce2f0568e644feece8dcdd0b8dc630b1ffa15ea186bf64fb182	64	64
f9f43586c2ce0ce6c4bbbc53fc0a846267f1a12183b424978100b5bd79dd52e3	cc49f06a1148b34e7f1ea9e570344125840dc652ab111c54670ae357c9423b84	c477901ddff3f083a57ff1a76b11b8a20919f073f87414f86401b5561e4312e0	60	20
f9fdf87c5390dc813bde1ce51bbce2a95546f87ae4eddc11ae2d89ae32d74619	cf4dfbefcc50a48a699eb2a24d4e65b897e2b224cbe0df3fa3c0b4bba164ec8a	844724b8d86c2b8c5fd4978c9cc2860ed2794d94e992290cbac704d76bb827f2	32	32
fa310ff406b73b295e77bcc48e10883c244ea8f620e12de28ca568ca69450727	82d9f21afcb9c2d64d9f523328109e0455e82d168e6cfbeb41c5130400749a2b	cdfcddbfd6b6ad8550f18a153a92b7466ecde5f5b5ba43efde3f7ca161fde03c	64	64
fa385b8cd7d1f5a4fbe0562f3e65af9b90257d4a0e0b32716527a77b1bf6ac4d	830436af3f5d0b7f6f57d3db8761200c0770ef8da3e3c1c02e6ed6050c20c2cf	33953265f7ac85af5c2df19e63090fbc47b68730603b455ef829a96e8c7cf2ef	64	64
fa94f289a284992842819248ae706c9796a46dcf7fc8d8a9a556201434711257	6b22a087de4fb21b5711808c0c204cc8f4c787324dfb77f1ac946d3c22e2993a	7fa5ee28cfcb3c76f3d74b9302b87db12f1c17ec40eeecf138667c8b8a45d4e5	64	64
fa9c14056a1daed86537955f25447e1890f750d40ecce5f7ee5416ae518f1d97	8c518215012e6ef7c0c2d1349f682324bacc86a86d2bb8c08e43e452620e6fff	40c1b393a20c68d1f550b760daaf1196c63520f36dfa4aec705160db246a70c8	64	64
fabec4c7eb7d256509b67dbaed47f722321332427e119792e8f1a70452217e2c	c1d9a48cb40784aea94ae113006f1b3b0ba06dd8cdb4b54fa6a96de608b0b0c9	11250eb48f0afe83787b5ea32337b595ae5ad0dd4304ca29a8407502ce89598c	32	64
fac0289a27d2508f21286f1cab0cea0fd840d82cd84eb587b7f1a629371eb978	8e5a9c8da671dd9a531b6ecdcc9eef5c534bb29fec9897f60a20c0defeb98d2d	ed6d045d7f24a716178bba8e40447c354080439925611d50c74b5c16683d963b	64	64
fad3f6e8c024b3c73196c75f54c472192ca78fedab0ad247e4fc349467a03449	0b2d6ed42e3d9fe7da0d84e2893ba2f02e2c5fec4127dc04f604b4c906ec39b3	453b135ca8568a2a6ffeb584cb5639e8918d23e3b6394986980262e8e06a2bd0	64	64
fadc2f697b539e1f8e02ac3f19a54f2679006a184f68f37fca37efa1b8faf9bb	0e7f892afcec822256220aa47f72dd7fe64b0c035d69ad6fb4469405a2287994	7a5c1c385b9beb2028aac7ecdc3a78dedb44dcd0c2c7eb84896008248acaa6c4	64	64
fae0f250d0ba5e3c005afb3c5be97baaf405241b376ccd06df15a7dc92b08453	5ca9b13a857bb9d0c97ff7f60bf4ad62efb4a9787f2293726c74a02ca10c6121	c1f97be9057d4966202414337aa61c3ffb6940a2561887a78e7715bc8ef8baaf	64	16
faf387d0cfe48b81552ce17baca2ad7431460389f8d3a63fd3db30d359ec5fae	69c91f694add996f7868fcde0733542720b3947f62b01401ab5a9cf72cd7a009	da5d4ab98e645ec4876d7298e6c5acfa5136d442b0c1105dd837fd7603fb83d7	64	64
fb09c26a31923e555abededf5f4569844c985b3fed624daabb95d9797951374b	c14c1b6484acc8b0cafb53d53defc875a1cad7e58ee9c0fee7025d55a8cfec9d	873e2be6e5705bbf4f8cbe5bb8216803d2186fd802b4c3780342a8a8cd3d5097	64	64
fb16b1e155ade0d506fed3d047dc82a430ec8c7879a59da953a7cf654601dc90	f04b3e7f729420315ac756afec2104b80042c41310a473c57c1b6cbea2bb2c80	ebc3f0e87492fc8b9767bfcfe92545a39294779bc938204cef81ef9bdc28b20d	64	64
fb28671fde818b0f01064b1635a74e622b0cbbfcab9a04664a7fc7956d1c94c1	6cff2a37f714afafd8b2a827192bb1fd0089658f50cffff887bbd58de6cc73e6	3a83e70b9cf0c70eba3b5b5a0365219dd972a5b7f1b8067b30407bfdc327dc48	64	64
fb31e397bdf5680c08f053451789b7bd7fc89833530548bafa68094b8c31a7ff	b287c16b5d9471066866e2b640b00da8b5caf19fe1bd2f6a505a91db15f253c0	a72188c2669c9889452d60eeed5070915e7ca0d8ad547cb605c69e0887cb7db2	64	64
fb435fed28c5aee58e9212b5df267751deaee5b70b0c6396b6911c5e4015ac93	5857334edab9448ab6bc7759a63a6236b9e56c2fb7db72dc404b50e17cd5e19e	32e9d94f06f2a29751c1f970dc1be673e6fe7de7f36a0feac49e6816cf26c238	64	64
fb6a27c76c5d1bbf8e9a2d32029556cc317dd582dbc14138a9aff2c9d2f6e230	5e6d49dc06703136ca3ad29bf1faf812d0c61a138168e967655ce497156137e9	7c697014d8233be24f5084b026a789044c9c8542e08a0e331afea6e7805941e7	64	64
fb7ae7025f0a5aebb6b1ed4dd7e6d3d7398c4acab14a11d36fe6e18fb611b728	2b3f446eacebba9d1b94e9de51dd65becf4f44559a24bc224f8b36a6e5b4f523	b5f70569ea0c2bb5ccb890cd765adfd94363834d70da907096cb7dfa3aaae75b	64	64
fb80331a8045ff9c0931f76effd195b2663ce81256e2403d948f529e5b6cd36d	4913ea8827f8f1898cdf047f0a78e4f9dc463b35be757e42cb4e1a5990b86de3	8724cde057ec3c11b9f42252c946ddb1cef8dd77791c4c3b5638542c0928d352	64	64
fb88915f7ef6049916faeeefe981e38598d16e4c426a5b6e4e2de43638ada523	f59c7e9b36557c613cb3559a81f831cb4148ac456ee4cdb462773bf34d9442a3	423f32fb46e2a7417690baf9b5e34391a093a99ab6e72f3102813abd715c4724	64	64
fb8da36f2e504ba20bd1b6c7122c0033f9992ae55e017f1116dbff360637e4e7	822caf6a4617dc6a7647ec4848e01172b67ef1dd486793dfa823301f0f9d3b7f	cebfa3e8ff421aea07ffa3f7878cd340aa3a582c8db30afc7662b963a3502fa7	32	64
fb98a578e8f10db1a9695e486b8f45fa87cda8ceb090bb40dbd03b78b9b54add	2710c8fbd74c72a1a71bb2c092e0989ce3426411e0b6b55eb09b571b53a98ce0	026aa18c73bd1b02e84e6c38b6d2e29dcf66661960ddf34d6666f7c7133e6f6b	64	64
fb9cfedfe51410bc3a551e46c418f385d8ded235b68b101f23bdc3d33aa3cc20	a209425befc24f9753ce07b33308687e7b07c9253b57f06b1e8b12feb985e588	7a45b082dd0b55a33affdaeca833a8e9e7adae1b2769d730dbc7f6d58e225d2d	64	64
fba4dad1872f5057b8b7efe49de6c1fa8bd3bd2605ee436773cd1dd1a478f066	d158bb250f2c56534d1b5fb7f0db69194999ce460837d7eede0e89a1a9e0a1d1	396b889eec646294524fb0f3e09775fcc78009034f934687a5e9a070e27e66da	64	64
fba69b603740a2342463a4ac19a0c311ae4467f97608edd6e58c29665100ae24	45f18a406f6ba444b4c2412b870eed5961b4bc999c09f1c7d38289719fd2e7d2	f17354971743884405bff2487c3ee248f92ebcd4811b8c65a5d6cceba2b4dd00	64	64
fbadf6c906bf5bc3f2a533a5e89d7c6a1893092718c662a0cdf5adc1245993a5	a1281d7938036b8273d0676383bc720600195f03b29cdc596f3ac0dac03e38af	20821d0b0634a51e9db73296dd87cd77f0e7585cfee65c46771b639b646bdbca	32	32
fbbe8188d97c7b4f39c628e57fbceb663348e79708ef1d1c53fd32c21e43df0c	a90ac0fac7c1d1df3a2514a4c92efb351b6ffd583b46b7b604fa51c383457119	e4064b9c9d89b422ec81be081d79cb611f96f7185dce707cdfdda405c35f7240	8	8
fbc39ef4c05ff8abae696209abd649b1b805857592c184eaf02f8d95c54dbc62	1a8d763326057ee32eeebd6eaaab79a73d4451058e92e83279c3582ec75c4eb5	3671cd1f8b62683bcb20e1a85ac0c2fbc05cbd4e459277fca8bbf4dce82d879f	64	64
fbdbc2b8bff322261e4ed23db282220a4cdc42804110310a281ca59310fcf2bb	b287c16b5d9471066866e2b640b00da8b5caf19fe1bd2f6a505a91db15f253c0	a72188c2669c9889452d60eeed5070915e7ca0d8ad547cb605c69e0887cb7db2	64	64
fbe1eb6fd9c0e50f2f65c40e188ec044e754520c480d4f38535ff11c157f7cce	e71e9abf4cb83a05f4ce938b20c5ad912e2c42b75dccca52c9fc7f4102743091	da5d4ab98e645ec4876d7298e6c5acfa5136d442b0c1105dd837fd7603fb83d7	64	64
fbf777d5d4830efc59b9f05e4b0f24b8297f468b5c36623b09b8dced56318710	2cc18ea01e21e1f54c9fe20e79a10b61e0f344ed15021c091852f9c642520764	92e515d68ddbb7dd717ece4d55dc332741c2043657f2f8993afb2d6f7ca26bfd	64	64
fc006a3cd0dc501ed0c58a4586d16ce95a6f300d958633a863eedaa04c97c7b5	b8eada978193a88f6544f8116091dc1bd6d8e70c7377772ed40263d2c344afc8	4afe5520c55bca1ff726d8b8edb19930ddfd171ccd03732460268599c5ecdec9	64	64
fc00ef5ed1d864ff525ec1081675e452401b2ad1d172681eda09e25ac4d51a16	0c2291934d3f08af7c4a181692795a55dff61dc369cb274ec2a85541fc511e63	47501f18695e65e512a3303e10472dda93c87ea978c94afd1515c5e03fda634b	64	64
fc24433f7b98b86aac824f808d750735c7823a79eba6e5af8d05454c5c765ae7	bd10e939c86b93b747039e39f3c75c82f444de0dd924d65ea0e5f200a98bc606	99bda36932e190698dde95c1416b95f382eb2c101e4f9d91f7fae37bb47a4fce	64	64
fc44cffa4ab8608b2342f59204a9cce7b80b4ba6e4b0a5a7515b363f21bb7994	f2af664d75683ca0780f0dd4f0689bbf62ce9ef5bf4fcd3cd21388bc7523a9ef	228a0a6721b882003f70d27e3b8061989e14deee6fde2e4989dd610d238e70de	64	64
fc541f1b2c10299fb013246c15303bca722aaab514e6d3c170d026c17538e8ad	267e2549e4898934b7849fa5717adf0dc28933ec5b84ac78eee2872cee51050c	f8e940b40bb0e20e935937f09ccc516609cb0e8babe2725cb1c64646f6abc506	64	64
fc627ade8ce757cc4eb5136f5555b77b321fc2eee91ce6fe4c1bd416e9f8945a	9106f710b3b4190e9aabf80895d7842ec4cf364c2802788e1555120988ccb354	366da6be093ec14800fa900fa2492cfbe5e375d1b4d0302a92c04d560a72fee5	64	64
fc65a0ced8e2b12c8638ed98e8c074dcb4634586206ed3b1224d6f80bdf85d62	b96dbfb9bda0f5074c127fca1efe7fb7c1db4b68738a6c25783546db34f01100	b5fde607162fdf76192e8654ee65f4d4232ff5056b53b5322a00ff0170c414c7	64	64
fc73d22038ebf766c7412a280662f945df58304ae41e07cf74f1e52342229ba8	e71e9abf4cb83a05f4ce938b20c5ad912e2c42b75dccca52c9fc7f4102743091	da5d4ab98e645ec4876d7298e6c5acfa5136d442b0c1105dd837fd7603fb83d7	64	64
fc7cc9ff8fbd8170803e1921d866eb3e7537dae2f31824a836835852f9609243	374cb5a6073bda2bf16212e36d5157fe3422ef7d5f8a66ea474eadeabe104251	86c0e9fa489d4bc759475d5d496ab5e8662dd44852635b71df9410c1852893d6	64	64
fc82ed8bb1cc910534d4429a7b3129a1a264b130b3621dc56574c3f5d3d7bbf8	bf610813b38e29c53f9b165e050e18e5fc05604cce9ed37be8213bd42608d7e6	61d7b96c2ab10f96fc4b85c9efa67c7298d39a347129eb884efbaf2760fac481	64	64
fc889f4d08708ac57f20d28cbe5c1341dcfa4e001f66a759ac2cdc4fe78edd78	ca8858bbcee410354f11357348d229ccb308bad129b0bb2658a3778b9f17250a	43ad6c3a7e95b6febf2a33bc473cf746356bbd4c709aa2c006b515b08cdb3215	32	32
fc899f120fc63e7f625259f5c3ead07597c9a249eefc9fe06413efae47a4a7e7	5f5d0e790e13ee4f8244cb457bdbb45f0678ed8734a19bf5b3d706ab70cb3e86	45393b05074442fb4dec17a57414f2ca872fcaa87af9c5a49faeb4f6024202f1	64	64
fc8de0718e8fa93f5ae4edd3832bf64a8499fdd4b8b9a9728f4ee64ec9b815ec	c62c0c3d4e528505748a4eb740065bf981bbab94908e4b3c039df432a2fc5bdd	872f401cd9fdcf1c43ac61434cc631db9b1dcc0e6e6e2d42de648260f8c260f0	24	24
fc924e5f2ed34dbfe8f0e1977f9495b2194e3d83cf0b9a1bdce0c1f89fe6a06e	3ddfd8d1756f994f7e6f354411cc4955bcfe5787b60bd58df21b7dbaaef63233	eaaf74c2033db59c6fd9700eb3cab0a1340963fb6e30a19cae59a4488828d9b5	64	64
fcb4547dae3167c324e27c57103031d8314658d81d286f71a12fdd33a48b2484	160b024380f1dc56838680d82f33eb2195b75bde4c386531f94f9346ab24c221	20a86baf5432813003cb80c28de16ee90949e853c7442a083c3f424a89876868	64	64
fcb7941f95e5d5c77253d2d6b4e37d42d9939fd1f77a7b01298421864c2c2701	e7520a02289e15e7d4d6c058534e296f39706360af597cc340f55675956cd635	210ef077b00901309ccfa9c374bdd5b15357e078cf056a5f00446327c24b90ba	64	64
fcdf48ce566a846c3c0c16b47a1306e61ccfa69c5cc04e784c65ffc76c3ec10b	8b539bde44472d08e6c36bf35485d3d0bc87ede20b142e597feb5d3e4d1b4261	3b7de82c07c424339b91bc1b93111e6811bcee1114ff7cb193376cb79cefec6b	64	64
fcebe7dca636f3fef612bca31baf3f46c6a4ce9040e3538de910386c0db2ca6d	b8eada978193a88f6544f8116091dc1bd6d8e70c7377772ed40263d2c344afc8	4afe5520c55bca1ff726d8b8edb19930ddfd171ccd03732460268599c5ecdec9	64	64
fcfdecfa3ca1a3f30c689447bd81c4b96fb4ff664ce4daa7dc4543d293194592	899ed2b65c37349f1e0f23aeefeb100d1ffc7bfa287d4af464c83854b0dfb8bb	936689d5ae40f71fed06326279da9b346447a469e6dcb73b5c20eb01af5d70b5	64	64
fd1f137ca64784a5963c40f7997db664c6882f0a04a89fce6cd84bf9ba420379	0cd13024edf3c3d89c6f93ac907ee1b03a212fe2879771591c438da92539d703	7fd88241ac9da9f6982ea55861e44fc324b3b742d22f7fe6074bd0efe6befbb5	32	32
fd204d37e4b863627409fdabb7d9bd8e76bfe790f47cccc70e964bf2e1386407	d13e47b3004ae740588d0d0ac97a63e5a53d7f4fc95dff4f3d0f97a540394a85	228df7159c607b678bff23e76831c8f097567de2f081f2b626902309e9c6a334	32	64
fd2a457fb61f2c19b4e881ae2bc98d7c40cbe73c1e1d712cb0a5e4ce66021ee9	a433773333c812fb0c1a434501da34a224c796142e230fda56fa110d225b9908	c78cd2d1867e59069c470b5e774d7333920023a7997c8fd724786b1df95540e6	32	32
fd32427659a27bf00377ee4486c624d606d1f9233c377f09ab37d57abc566ce0	a6690f81b79c53016a7271bdae5faaff75b7b951ec039ff1e4477fb05a6f6859	1ff58dd5d987de0da406e43a9c75847c35d979b2801d5bbe71990a8be3547888	64	64
fd4a5b922cecc0776df150feec2afffa4c75c588e34c7caa2108d9faeea931cb	69312e9b7a0fe24c6477e8987199dfbc4e75a8f73120854dc5be058617f3738f	bec5bafbc0f189be326109db49e5eb978ee5bc972e095a74844ae3700b0c559c	64	64
fd4d057ec4220e4fcd1b11ccb7b3216e69112e5f69132f4fd6ea97878dc0b745	d777c2475d5b258496f68d05eaaf02c21da9b1f69b5b398ccfa2fdd0b14f2094	42606cfdaf81a5b0b540c2f21723fee1e3dee8564cb6e5f17c1349cb2928863d	64	64
fd6ea1e16029be2742c879eef8e60cfd3550484225bd97c9c7aad82a15f70e06	76652453e74ca985dfdc2fbe1d6701d10ccc976aab69ed5f3e1daab5a17f541c	1bff54df705ff02b2674282a7eeddce9a7f2db92a4fb2d3febd6a2c72a6c71e7	64	64
fd7406b325d7b456d3c174a77508725fcfabd0962440ff1a5150e0abf88c2f8b	6005904d0787626279dee2a36daf548974343f804f0aa78e50484e2bafa9d6fb	0ddc5b388828e738f0c498a604ee45f817d394921f0a072ede7ef6374d6089bb	64	64
fd76934b2e3904bfc78b05668a39c9d60eaf9015fd685ac290cfbd98beba113d	ba42ea9fc6aa8dcabf339b9f497afe0f2731b8ddc07ade5d7e5d2ac389774d2b	c69349ab44bada55520824f233f9543a0d5a3e99b9276e69c68f1afe6fc54b17	16	16
fd8ad53327fb6dd0dfc4de3fa710070964030723758935f35a3c91abdbc8eaac	28ed763f35ded30a703d064a00a041c592074b6e892ad1f19e510a912b6a0296	c919c4d51c76e4fa260c3e1943fe5d51c0c405e39c5c5c007d3001737146566d	64	64
fd9abecc9530283acbe2a7356d58da6e69dbf1a7f06c272f190cd667103213b7	7724246671037470b2dcb115780cd41aa3f4ecf5e01e91b93bb9f4b833b0ea53	9f411037480d605faceb94f6f5827956bd7b3ce2241bacac007eeca7d92e7d59	64	64
fda1f5a0514c2ad53a8465a03c79f64e1f3cfd3a062eab1bd93fcc8082b5c940	134e8068b94dc2f57c9bb15e6f9e83ba20eadaa14a317868a99a6acfc3b09132	a2a458e5f3af30b5100ac9544a973c4bfac7fa50e524952394c8dd31abe92021	60	60
fda600729e78a65a885f7a79cba477870078cd77708b0c6593fd4641d738bb03	d13e47b3004ae740588d0d0ac97a63e5a53d7f4fc95dff4f3d0f97a540394a85	228df7159c607b678bff23e76831c8f097567de2f081f2b626902309e9c6a334	32	64
fda70dd70d44fdd349c833e525fc0c111fb3a6086d714c1af7e4b78dffaff41a	aa27f3cb22a4bffcdb18a6513c71d2ecb68ae2b86e842de860fa67a67d9e696e	468454693ea1350d90a1748f607e01b4457194af5f152a4dbd044fcf45f8e79e	64	64
fdba5bdbc489652be398b1eca33da62cb88e5b8b6d4300306eb18f66523473c1	78925f7211ec4d61543afa9e50e85e244b9efb86e6c6b2e04f1dd790f3df52cf	31380ec9a186f6f423fba83cb3789b951a3aad89769e69f504d12bb92d2ac8b8	32	36
fdd4cbe456635dd0bd2a4b13baaf3b73567994cee3f0f483858ada4467ff2ea3	b0ea99a625e5ab4b5f9cdbf26fa7f6f9f66fdf502c3d83d507b60c8c8d24c8f8	2acaf65ffcd13f3f6375d7af669b0148593903fa2e0c428c87bfd566be713f47	64	64
fdda37de703cbcd56ea0bce92fcfb504f23e939b14aec723d0bf29454feb0004	574c72d3e8c3043210ad18f3f22653419ecc916ec8b36c20813b9ff02fdf0610	2534e84809a5215318716e4a381c1314be7c9542198dcc1e79ed5100f37b2a38	64	16
fddb3a88117ef50513f5846b07fa94e43790d89ec1fd743dde14c6cbb00864f7	ed7b02aafd3a21633e32ef46bb90b021dc48f48447b39cc091b340ecb721fc6f	691aa7832f7e6bb7632c2fcccb742eb1e825664867cc27526981582f00f473f5	64	64
fde880261d618ecf1867926d2303283ca85fc3ba3aa2a213dec6ddee25215965	9181c17e3ffe19f247d39911ff1b281d9887bfda180230b05d45d08aecf39eac	246eec25bb277191f08ebabcb49f530a5f04bfc57c3e5bc40d3bafd66b98cda8	64	64
fdf1a41af7d6e6e8f10eb62facecb611d0f2afe95daf7a71c1e54715d41abcac	51e510632251bf232aa6d5298aefdbb125f844fb6253b4297e9d7623af7a5237	7276b3c1d5d49dd53a63114496e90e94d762a4903630c48fa04dab9058e21662	256	256
fdf60699a5e274713a891580e982b9b549ffd400bdc696e2792a048bf7af8c53	69c91f694add996f7868fcde0733542720b3947f62b01401ab5a9cf72cd7a009	da5d4ab98e645ec4876d7298e6c5acfa5136d442b0c1105dd837fd7603fb83d7	64	64
fdf61b08b84af6528f439133a9560ae3bbb32ad01fa3869f2c38557ff1053a51	ff55ad3ec9a9c14be6993b7d6dbaa5b7e7c6a34ecb16e4103234e56640008e8d	344ec6a6b505586c3f8ec46f0d954f90b745822195f9a37526ce1d530eee3caa	64	64
fe09a7a481d4557570c85162b7bf01a0445987332e344fabcb26aace2548832a	7106841515d8e704f2e4019816d7c8ea28abacc6718ee8a20b02e8f53a7f548a	a0cc4b99f599b59b8bf3b697489f92947d885f4973b2c4c5fef22d51f2c29775	64	64
fe32061e7f0d059278df023421d870c4b1441b30af1add1ed729fa4101253721	778ea9f40d71bc012de7fd1303b762b82b25bfda327735a9dbff220bf1e6b904	cd6f8be594812de9296db6283db028e305126290643729872db4b3cdfe30d841	64	64
fe437df518264f616c3f45342292bd3dddf17145a964f0fd91b29a25ba7772c9	822caf6a4617dc6a7647ec4848e01172b67ef1dd486793dfa823301f0f9d3b7f	cebfa3e8ff421aea07ffa3f7878cd340aa3a582c8db30afc7662b963a3502fa7	32	64
fe477e20a3a85b87c3e69d74c0f7f612e99bf5be6912b66e3092a2b476f5442b	090624768930947e78cf24ea982ce5f0a43651fba7ba983243e300375073119a	c8cdac7286306c36256a5fbe5545909463732f4cde459a80c6dc447c5e27a905	64	64
fe5db85fa2514b01b9b20a50bfead4ac321a3836f4f45c8f09ec6034f4a1965d	5759567f199729a5d8112eaebf622b09164b5d8b94e6a8a15e082bdb0f39409e	ef3eecc931548b0423bf920e04fcb6eb67b8e26ca1e29b69ee16ed37e4427500	40	48
fe687e6e6331a852e21c15b18cde7a2bdee7508033f21429d50f57161020e357	5c84f4c8711b1b5387bd30a7d264c45094d15ad4bf3c34e1f3d0b2e35a50c3c5	57d0b43996323babea8e95bf86ca96a45d59bd427fcc0ca0030ca8fbd1080e45	64	64
fe708be50d2f329f7037a3c0e235d9f515d44fff623639fd5f8c8f156cf0848f	8dd0b9c2810b103ed3465d9c51b2c53f48204bf389351c89040972102431d0f3	8df1e003cc472e7b83e5a98a4f601fd7741ced9f3d2be18381f88d353d6267a2	48	24
fe9d556df1cf5af797b1c4cfc8c1b4c0e41a33e42986fdf059a58a0eced80da2	8b66c2808cd958cc84b4e76f82e9ad1e87255a0eecc85ff29bae970742490789	745263db4f9b5b57ae625772f0f2b7c8a26347c853b750e0e7afdb5f9a6da02b	64	64
fea99cb386e036b76af71dce12ae257d6ea8a82e9b933e95e0bd8d5e0950d4a7	3427611998a99e91b26504f2f36422f2a4de8300c1d04605757791d11c286c6a	1d772b9bafb383cf7421f9d70ce0945fbad8d67beef2bd192f20c4ac97fe2536	56	32
feaef0c7504aa24227ebb0fde95fd3e1b4a3086035ec00813c0eb9d2b922846f	9c7ebeee2ec9adc731d7696f29381f7e376704a4219fe28a686f5d33a73014b9	18de03f23562ea2a714fca36fffd6b473ace4e45f09105563880cf85e07f923a	64	64
feba2ad59b775057e80d5fd4bef1c9baf534b56cde85b9c428c8ddab06106a5f	82bc7705bd48033e63769e97f479e1fb6892d8ec5942608a66ee4230da6b115c	fdd472edd465bb3b0b2bf2e32063bdbdddd05858ec396d86e01f96c4ebc41477	64	64
febafc36a4596772cb2a84cdb1bbd74b1d6bddff6886574bd4fe6985ef2175eb	a1281d7938036b8273d0676383bc720600195f03b29cdc596f3ac0dac03e38af	20821d0b0634a51e9db73296dd87cd77f0e7585cfee65c46771b639b646bdbca	32	32
fec1949df009f2835d368af7c672161c70aea7295a5e8f905bb8f1c41be63e23	9239c18c4ed4b21517306364e222f65ef7acd084e89678605535af932ac29305	4e8cc6a4dafed8a6455738880d6872c6e6ac43a8cdb5d4755dcd478367a60be9	32	32
fec39bfb1af669265164cd69645e8e8613d52468497309cf8985d84adc0759e0	838c76cc5c68a4df96e7e9f684c98103a958d1a0a663ed05dcbf1668e7b0265a	3cd0f41aa1cae479492b033ed6bee5fa24dcc6a9c4decfce7f2c6fe719255bba	64	48
fecbe771f44de72ae9577b714015eb389ce17b52071848dea4aa1a1cbf8f1880	0952ae6a008767758dabd97292ffbc9399e8960fba950519366ce714031d771d	338f927c3ec0ef7490ea3203a2be95aa42e71ec96fd42d326896469f42c56d72	64	64
fecf128cf5fa1b26407f2fb0501998191067459bc58ed94eab3dd71937abc611	0952ae6a008767758dabd97292ffbc9399e8960fba950519366ce714031d771d	338f927c3ec0ef7490ea3203a2be95aa42e71ec96fd42d326896469f42c56d72	64	64
fecfcfc55d87d52dae7456beb9cb59df012ad447cd678d19c53c5df266c7349b	933bbbd70bb23c10eb81dd6c35cff5f936f1732b7b4e7e9e783723853e857f3d	a88d20ce005ade1fb4aa25a59912c35e0bb391f7ec6550039d15a47217ad0faa	64	64
fed75f5a04ef4800ab8898719dc0966f22c3a9194051255eba324abed8ef84de	363d70047fd9297db01b170ee9f2e79b803a9f0f6d5e1b999797a7a6f4232948	05be916f345bb0d264954ab42ef6007d0ce07bc0947aba39313017be4e707c31	64	64
fee476377ed6290640a3710b1adc18ef6a79af570606c5cb397741846511fd29	1e74d637fa7a2926c17a7251fa95bfb617cede8958c349cf3e31f9e1768160b0	93d522bfad3556f77e97118971e6a6b741bf25cc5e98562e30fd5308fd9b569e	64	64
ff08d6f1f2a6a842ddc66bd3fbfc55eb35c50d1424237c9df343c50a0568bfde	20eef7a013c553086a1abda68852d5be5ae6640e1c4ffce744ab6b6ff3366ce0	6b6b0a9f7d7f13c8e5399bcd228f80ea0064ffcad5fae2ad3dbe7ab187747716	64	64
ff0f778408193326502bdcc3b195e6fc27bd8638390cbfe86785e1e18e441d0e	8d4c4a4b791b8664a9b7cf32090e3d41f09267c77c578440264f482e97203cb4	ecf51e8f098ef4e6fba93cbda1fc19043c96e24671d91f3a8cecd57ba1ab9edd	48	24
ff1b954d28e29a88c8f9d41b1a152c7233a302e0835162b5050f51fedac78c14	96ee3e3ce480d0a8dbea866c08a302639cc508ffabf2a81084d085eb04e68fcc	53c8b1f0929aa4c31dd2f275aa997ec881c6e42c13b55ae8c0c43b1b6a4fa3bb	64	64
ff4a7b02892d7225baaee5de959032338909855888b03b7d7a288d43f4fac7f0	e629592ac1d27569b07989697382c6830c6a2751f24855d9832bae8e4d36baf9	d77ff3377a3abc899490f353132a50b3674e1f98c529cebc7b7f87f0e4fa8f59	32	64
ff60329c4198d08086927dda7d07fac503dc4218ed8b8fd34e42036781ece04e	27bcdbd6cdc3c225900050a82fe8fcbab091d1592bb87311db53b7848e54995b	b5d56fc9afc76c951536a5fb4ff0fa9c50340351c8ac0efd73198532de38b6de	64	64
ff8cbd437e41a9aa01fd2d96874c7ecafd26e1faf6613d244c5d2723e8c723e5	d71f1630b5db53d7d5710ab75273c36eef9176c3aa4f566700ec94f52b31f7ca	4e5efc4d3bd50417a9581573c1e8a0bedea8ad77589d61f7349d6b5afe98c632	32	32
ff90857b6e2614296030fcac9ffac4a23195ef04bd89154532a2ea919cc1ded8	f074436786115e7687ebb8beed9091e1b9b2a0388ce38736873525f1674e4148	1bff54df705ff02b2674282a7eeddce9a7f2db92a4fb2d3febd6a2c72a6c71e7	64	64
ff94ebe80177543c4803a415768c727fb8e279d97e4d72287d2caab1a3e096e4	654338e6b04935e685576e2c5572b7f81e07741fec8dcfdddabb3d1c53abb439	3f03b51b4d0024d9a2c7a4ad1fee129d0c6229f7754cb2b44a9f848589f58b1b	64	64
ffa6cab06873c6f78fa8c8f08452c998c1da1ef88e1720be6c132163f4d69a3c	815794d4d8e41afb70b61fd683cdd9dff3ca74f4f69acd30a26dfdeb626a5eb6	3ee3de1046c41e458c0d7f13d54e98addb84bfe03d639fe68ea1c5212559c9f6	64	64
ffb3b13957a0083e751c6e2d5e14aaacbf98a560afd6a2759f2b0fabcfc15271	f6a78189d9f329985515e143f2db6245722a0ea6ac485ec1f6ba7d0f41f9e012	31bf7715747a02d729818ce057a9d94dafbb243116a8be94dd03358fac9ff7be	64	64
ffbd0845f609abcdf375f725d76df240c1cefe37b22a26a070528c673dc71f88	e1943a699b9b509ce1c80874289c90c3bca390ccc141add66405a3606bcfc56c	25c71603e73f74527760805e60c4d206b2ba1d58dc3fd51a16b6b25912e35144	64	32
ffd447b4daa98d6441c73cf762816a793158bd424d53f1265c92ed2d86004c6b	2780dcec0df57dfad832809249c90355df036046c0ecb55eea9415a50ddc3626	6852f07b48786ecbcf90a42a607dce5272657d8e48a8b5c8350b0da3082db295	32	64
ffd5f11a607f8b53e426ddc022e9797aaf7e9dd41acb8ac9ad50a7b7de9a039c	c7c1d8a28c732859a2ce10cc45e7fda842e3404c87074cd6d937484d64c5fba1	b12bbd465d6fe44e6eafa367e8b8c300396f37d9cc0113a3183da21be548e22c	64	32
ffd6d2e2b2792ed2dc3e7eb1c18a6296276eac43a03c42b5535adfb45c0197ab	fa8c3897545e6f4147a68338a3c1bf5f9f9b227fdd44d8142c93ead947759c5b	78ae08422ba10d833c1ec0e697e4b96df3803f2632ff2db578c6be847feae689	64	64
ffe2ad084cb33060948380f24e5e6d449c92411d3f4729a57211be8f03aeaa4c	2caeb0314b0f8812edf40f34101d86f16bb1738a45c998b9221f797baf43c0c6	288c2d7864f4ef89b2d86a8d7dc6d4a973b0a083abd047edd1e5b2e9bed4dad3	64	16
